context,count
claire,33
claire redfield,15
claire is hot,14
i love claire,10
i love claire redfield,6
claire 3,6
s kennedy and college student claire redfield as they try to,4
claire hot,4
i want claire to step on me,3
and a huge complication in claire redfield s search for her,3
claire best girl,2
i love leon kennedy and claire redfield,2
the interactions between leon and claire and the a and b,2
i like claire,2
claire s hot,2
claire gyatt,2
i want to marry claire,2
choose to play as either claire redfield or leon s kennedy,2
leon claire,2
claire is a baddie,2
s kennedy and college student claire redfield as they attempt to,2
damn claire is hot,2
claire ate,2
only one man worthy of claire chris you want my sister,2
s kennedy and college student claire redfield as they navigate the,2
allow to start as leon claire but same scenario 2nd playthrough,2
claire 👍,2
get to play as both claire and leon in the game,2
story campaign leon a b claire a b you can either,2
nick apostolides meets college student claire redfield stephanie panisello who is,2
voice lines from leon and claire however other moments such as,2
claire is the best waifu,2
old tale about how leon claire and sherry managed to escape,2
feel the way about leon claire and ava that weebs do,2
they kinda went lazy with claire replay basically for claire 80,1
i cant wait to play claire s story do the other,1
best leon s kennedy beast claire and ada is love,1
of course getting to see claire bear waifu and leon meet,1
at all the leon and claire scenarios sound cool and they,1
play as leon kennedy or claire redfield depending on how much,1
like looking at claires cake other than that mid,1
i like leon i like claire and yes even ada i,1
adore this game so much claire is an absolute badass and,1
gone through the game with claire yet d but i m,1
lovely game claire s gameplay is amazing,1
great game really love claire and leon the rpd map,1
waste the ammunition leon and claire both have their own stories,1
moooostly the same for both claire and leon the differences in,1
uses his rizz to charm claire it s pretty funny when,1
"plan to return for a claire playthrough in the future ",1
the game with ada while claire protects sherry after your first,1
that s confidence leon and claire are fighting desperately to escape,1
to see both leon and claire s side was a nice,1
had so much fun playing claire s story ♡⸜ ˶˃ ᵕ,1
enjoyed playing as leon and claire leon being a rookie police,1
can t say anything about claire s side of the story,1
played both leon s and claire s campaigns and i loved,1
s kennedy ada wong and claire redfield which we should know,1
peak claire and leon,1
leon left with a badass claire,1
day as a police officer claire redfield arrives looking for her,1
separate campaigns for leon and claire give you great replayability and,1
playing as both leon and claire is amazing their 2nd run,1
would recommend definitely gonna play claire s story,1
into the 2nd run with claire right now the game can,1
evil game than continue with claire a i understand the appeal,1
original i prefer the original claire why did they replace alyson,1
played a quarter of but claire a is fire,1
aspects from the original leon claire meeting often but still remains,1
"tense   leon and claire both have their moments and",1
horror playing both leon and claire actually gives you different experiences,1
my antidepressans love the gameplay claires bad claires campaign is tbh,1
the dynamics between sherry and claire and also between leon and,1
i guess theres ada and claire too i guess,1
claire the woman you are,1
i love that leon and claire not only have different routes,1
getting healing items while with claire i had a hard time,1
evil beat both leon n claire s runs n i feel,1
of horror i played as claire and her emotional response felt,1
love leon and i think claire is my favorite character overall,1
both leon s kennedy and claire redfield i can confidently say,1
" leon stop that  claire my name is claire redfield",1
mascot of the series or claire ada and so many other,1
s run and will do claire s now,1
separate stories for leon and claire while they do cover the,1
im working my way through claires at them moment to see,1
characters leon s kennedy and claire redfield resident evil 2 is,1
did leon a route and claire b route overall great game,1
runs for both leon and claire i love this game requiem,1
playing the 2nd run with claire you are missing out big,1
i like claire so very good,1
giving greater depth to leon claire ada and sherry giving them,1
"all over again leon and claire are both fantastic characters they",1
get 2 playthrough leon and claire 4 if you count their,1
two different playable stories with claire and leon i think this,1
it comes to leon and claire runs a and b but,1
"scenarios for both leon and claire   my suggestion ",1
"to the re characters like claire and obviously leon ada ",1
finished my first playthrough with claire on hardcore this game is,1
in replaying the game as claire because while they are different,1
can t wait to play claire s b scenario the rpd,1
have ever played very replayable claire a leon b is my,1
leon is so cute and claire is just amazing ughh 3,1
great game i am on claire s 2nd run because i,1
the second play through as claire the pacing is really fast,1
bit of this peak played claire a and leon b scenario,1
i eventually also wanna play claires story too poor leon,1
leon kennedy and college student claire redfield have to claw their,1
"sprayer flame thrower   claire  starter 35 pistol multiple",1
im a bum and got claires s rank on my 2nd,1
less interaction between leon and claire compared to og one actually,1
sides of the story as claire and leon even though it,1
b playthrough with leon and claire both exploring the rpd at,1
playstation banger from my childhood claire is alright but leon is,1
i just played all of claire in one go it is,1
en el segundo ya sea claire a leon b o viceversa,1
working on 2nd playthrough claire and enjoying it graphics mechanics,1
leon a claire b claire a leon b,1
mc weskers a gooner and claire cool but jills better i,1
stout of heart and fair claire whose resolve outshineth the stars,1
remake ever both leon and claire s story are worth playing,1
there is enough different between claire and leon s runs that,1
loved it need to play claires side next,1
exploration and tense moments leon claire and ada are introduced really,1
rushed the game and made claire s story not correlate with,1
play as both leon and claire i ended up getting rlly,1
of the story i love claire and the game has a,1
"1 finished hardcore claire a with nowhere safe mod",1
play a 2nd run with claire but on easy baby mode,1
principal jogando com leon ou claire dura entre 8 e 10,1
time i am not playing claires story,1
walkthrough leon a b and claire a looking to play resident,1
claire is actually kinda cool,1
more in the orphanage as claire i was blown away mr,1
leon and claire the cutest duo ever and,1
loved it man so much claire is so hot i love,1
different experience for me playing claire s second run was pretty,1
of leon s kennedy and claire redfield this game set the,1
"find two campaigns leon and claire with different paths add real",1
on leon a b and claire a b on normal and,1
day at the rpd while claire arrives at the police station,1
leon origins and claire,1
play as leon kennedy or claire redfield and see how their,1
hardcore for leon a and claire b other rarer achievements my,1
save file completes game as claire redfield with a c rank,1
the second playthrough playing as claire felt different enough to keep,1
amazing as always the goats claire and leon introduction to the,1
original and no crossbow for claire lol overall i enjoyed the,1
i shipped leon and claire,1
its dna i especially enjoyed claire s run due to her,1
definetiely worth playing leon b claire a on your second run,1
in the story along with claire s since i had no,1
keep both leon s and claire s campaigns engaging from beginning,1
thats done then i did claires story what the ♥♥♥♥ this,1
is so good leon and claire characters are just so good,1
can never see sherry or claire around and as claire you,1
thoroughly enjoyed both leon and claire s stories wish i had,1
amazing playing as leon or claire is different even though essentially,1
of the biggest fans of claire she s so great in,1
the replay both leon and claire have the same puzzles with,1
and read that canon is claire first and leon second all,1
the re franchise i played claire first and then second ran,1
very meh in terms of claires side pretty much the same,1
play as either leon or claire first i chose leon and,1
leon is sexy guy and claire ooohhhh yeah,1
the original narrative leon and claire are both likable protagonists and,1
each other but leon and claire are excellent characters the different,1
i hope claire will be my wife,1
protagonist combo of leon and claire make the game really interesting,1
tqm claire,1
"talking about when you meet claire  ps not even warframe",1
y poner en bolas a claire,1
to play both leon and claire and i love that there,1
playing as both leon and claire was a fun experience i,1
like you re closer to claire or leon going through it,1
plot holes and i wish claire and leon interacted more in,1
as well as leon and claire,1
because if you play as claire first you will have to,1
i really wish leon and claire interacted more which i hear,1
frustrating playing through leon and claire s stories also gives you,1
different sides with leon and claire leon s story is more,1
well as getting to know claire and leon as characters i,1
once i beat leon and claire s story the rest felt,1
the perspectives of leon and claire in the same story and,1
timeline contradictions where leon and claire each solo witness the same,1
you play as leon or claire the emotional weight is heavy,1
if you play leon or claires story its still an amazing,1
i am scared would smash claire,1
can t say eclair without claire,1
peak resident evil claire s a goat leon s,1
absolutely amazing 3 sherry n claire forever 10 10 storyline,1
luv claire my wifi,1
story for both leon and claire,1
count playing as leon or claire offers different perspectives on the,1
playing through both leon and claire s separate campaigns makes it,1
leon kennedy ada wong and claire redfield so in total i,1
mmm claire,1
leon kennedy and claire redfield funny adventure 10 10,1
on replaying the game for claire s campaign but i m,1
claire s route is arguably better,1
claire the goat,1
session immediately after i started claire s campaign it has great,1
it from two different perspectives claire and leon is really cool,1
i still need to finish claire s 2nd run but from,1
flaws i just love leon claire and ada soo much,1
i didn t play the claire story but i played the,1
the journeys of leon and claire begin as two of the,1
leon and claire are great characters playing through,1
i finished both leon and claire s stories on normal resource,1
makes no sense was normally claire a leon b but now,1
wish the gameplay section of claire and leon don t overlap,1
good remake claire is so gorgeous,1
play as ada wong while claire s features the incredibly tense,1
amazing and i absolutely love claire s route especially,1
they did things i played claire a first but both characters,1
with leon and once with claire while the gameplay and locations,1
this game time to do claire s run and then move,1
and i would also giver claire a big big big hug,1
claire route drool,1
whether you play leon a claire b or vice versa almost,1
the story was enjoyable however claire s side has a whole,1
"leon and claire are simply goated  my",1
claire goatfield,1
twice next will go with claire would recommend this game an,1
re characters leon kennedy and claire redfield re2 has two separate,1
high without ever feeling annoying claire redfield is also a big,1
did enjoy the story overall claire i felt had the most,1
other stuff i think with claire s character i had to,1
claire redfield s hot so it,1
of all time leon and claire are some of the best,1
to kill when playing as claire so it feels a bit,1
leon for the 1st run claire for the 2nd i enjoyed,1
the stealth section for sherry claire s scenario and ada s,1
after finally returning to finish claire s story i can confidently,1
anything happens to sherry or claire my day will be ruined,1
a lot more fun on claires due to know what i,1
characters of both leon and claire and now i can definitely,1
into survival horror games and claire,1
i havent even played mommy claires story yet or any 2nd,1
got his handy dandy shotgun claire s guns were always lackluster,1
a great experience as both claire and leon exploring the police,1
though get some deeper pockets claire,1
whole way through leon and claire were both great characters and,1
kennedy is my husband and claire redfield is my wife no,1
on xbox for leon and claire then on pc again when,1
how re playable it is claire s story is for those,1
almost beat the game as claire but i have loved every,1
if claire redfield has a million fans,1
with their lives leon and claire are some of the best,1
"část hry a to za claire kterou mimochodem doporučuju  ",1
after completing both leon and claire s campaigns i can safely,1
just beat a leon a claire b run the story kept,1
leon a and then play claire b if you want a,1
better than re3 will play claire s story and will do,1
"to examine items leons and claire are awesome sauce 100 was",1
each character in remake 2 claire redfield and leon kennedy have,1
more in depth leon and claire each having separate goals arrive,1
claire s story is very fun,1
for environment and gameplay with claire s story i expected to,1
a minor heart attack started claire s 2nd run expecting a,1
as both sides leon and claire being similar in most parts,1
it i love leon and claire s bond good entry to,1
in my boots shoutout to claire redfield mommy 💕,1
is badass as hell and claire s brings tears to the,1
some flaws the movement system claire and leon move like they,1
have played through leons and claires story this game is ♥♥♥♥♥♥♥,1
engaging story line i preferred claire s story progression to leon,1
gejem to po zagraniu fabuły claire szybko to może sie zmienić,1
is the limited interaction between claire and leon i almost forgot,1
and ada as well as claire are all really good characters,1
"for leon but stay for claire   the greatest resident",1
did such a great game claire with all the weapons in,1
stops being tense leon and claire are both great the puzzles,1
good love the ambiance and claire redfield as character but i,1
"  both leon and claire s story were amazing atmosphere",1
survival horror with baddie claire 10 10,1
"game and remake ever  claire my lovely baby ♥ can",1
run through first and then claire s but either way you,1
get introduced to leon and claire who are both such fun,1
this section is specific to claire s section of the story,1
both playthroughs with leon and claire were a lot of fun,1
claire redfield i saw you in,1
it i suggest playing as claire first then as leon don,1
vitamin d outta my d claire is cool too i suppose,1
progression mr x just peak claire best girl,1
did the first pass with claire and then leon and played,1
"claire redfield ada wong",1
wi the jiggle physics on claire and ada btw a detail,1
and great storytelling for both claire and leon,1
playing as both leon and claire story is great and it,1
of all time and man claire is just pure love while,1
with leon s kennedy and claire redfield also x going giving,1
digress the 2nd route with claire was a banger i loved,1
areas like the marshaling yard claire and leon don t share,1
execute more easily leon and claire also play pretty differently this,1
dont hate it havent played claires section yet so i cant,1
i did leon first then claire as i imagine like everyone,1
so fricken good i adore claire so much so many screenshots,1
love leon and claire,1
i wanted to play as claire lol jokes aside its a,1
me love claire,1
its own award leon and claire glide through the station like,1
the campaigns the writing for claire and her campaign is very,1
claire and leon have to be,1
i prefer to play as claire for no particular reason at,1
to add the mods for claire s outfits are crazy good,1
claire looks like nattea,1
interactions that helped connect leon claire sherry and birkins together are,1
i always gravitate more to claire s story than leon s,1
claire redfield is backkk time to,1
the second row starting as claire starts a lil clutterly due,1
play the second scenario with claire to see what changes and,1
with them definitely go with claire but if you are the,1
s story but i enjoyed claire and sherry s story even,1
claire a baddie 10 10,1
first appearance of leon and claire fantastic remake,1
you get decked quickly leon claire are well introduced as the,1
bring back my girl claire great game love the story,1
really appreciate how leon and claire both got alternative areas storylines,1
the second runs for both claire and leon i really truly,1
looking at leon s and claire s asses wobble voluptuously they,1
game finished both leon and claire s playthrough on standard and,1
as either leon kennedy or claire redfield regardless of who you,1
when playing as leon or claire since some events and cutscenes,1
unmatched level navigating leon and claire through this absolute nightmare to,1
hate that guy🤣 leon and claire s campaigns are both engaging,1
rep my baby claire from watching youtubers play it,1
cop leon and sister seeking claire through the blood soaked raccoon,1
start a second run with claire after finishing leon s story,1
a behemoth tyrant who hunts claire or leon throughout the game,1
difference between the leon and claire playthroughs except for a few,1
s on both leon and claire i m never revisiting this,1
did both leon a and claire b,1
playing the 2nd run as claire after beating re3remake this is,1
that i adore even if claire and leon could do with,1
city police department leon and claire s stories — and rebuilt,1
"then the 2nd run with claire in like 2 weeks ",1
beaten the first run as claire then the second run as,1
so replayable it s amazing claire s story and sherry s,1
game so much leon and claire are so cute i cant,1
"everytime   ada and claire also cool",1
findings both leon s and claire s storylines fun as i,1
example the radio communication between claire and leon seriously why cut,1
i ve played through both claire and leon s respective a,1
differences between leon s and claire s storylines and how the,1
franchise 10 10 please bring claire back in the future,1
are fantastic both leon and claire s a and b the,1
i completed leon a and claire b but to be honest,1
locations for both leon and claire i played through both the,1
with leon and once with claire the music and sound are,1
s playthrough yet might do claire s later but not for,1
finishing both leon a and claire b i can easily say,1
leon and claire be like hmmmm residents of,1
attached to rookie leon and claire as they survive the horrors,1
deal with but still doable claire s story being basically just,1
horror though then i played claire s campaign and completely changed,1
"game without a lab  claire and ada are 10 10",1
"the cool outfit mods for claire d my favorites are the",1
el yutu naranja con la claire q esta mid pero la,1
in the same location during claire s playthrough since i did,1
b scenarios leon kennedy and claire redfield each bring a unique,1
i completely disregarded claire redfield s storyline for the,1
twunk era policeman and claire walk em down redfield get,1
claire redfield edit cleon,1
see how everything unfolds for claire and leon throughout the entire,1
claire a baddie,1
only be nitpicking leon and claire s adventure is still brilliant,1
i wish i had claire s courage great characters and,1
claire fofinhaaaaaaaaaaaaaaaaaaaaaaaaaaaaaaaaaaaaaaaaaaaaaaaaaaaaaaaaaaaaaaaaaaaaaaaaaaaaaaaaaaaaaaaaaa,1
story s for leon and claire there both amazing but my,1
"peace   leon and claire campaigns are both good but",1
and second on hardcore as claire enjoyed both of them,1
overcomplicating itself i still have claire s side to get through,1
very good play both claire and leon,1
" my first playthrough as claire redfield took about 9 hours",1
as leon then play as claire it feels very weird because,1
made me end up liking claire s campaign a lot more,1
playing claire compared to leon is night,1
was also surprised by how claire looks both normal but also,1
leon a and now on claire b game is great for,1
may go back and play claire s story but yeah overall,1
ended uprunning through all of claire s section again it s,1
of either leon kennedy or claire redfield trying to solve the,1
final bosses both leon and claire fight birkin x due to,1
present for both leon and claire with the true ending being,1
preferred leon s story over claire s but they re both,1
as in the original and claire s story being bare bones,1
for leon and one for claire unfortunately as i found out,1
every way leon and mainly claire are great in this game,1
momentum they changed ada and claire alot which i am not,1
our main characters leon and claire and ada sherry are fantastic,1
claire s story play through this,1
also incredible both leon and claire and boss battles oh i,1
watch and i prefer how claire s handles annette the boss,1
i liked how claire was searching for her brother,1
boy then look at mommy claire 3,1
claire bini gw,1
una absoluta nenaza y que claire camporrojo es el verdadero padre,1
great story for leon and claire 10 10 game for me,1
experience for me i love claire,1
is amazing love leon and claire and sherry is great love,1
i loved stephanie panisello as claire redfield and i hope she,1
a second character i think claire and leon are both great,1
b leon b claire we can t stay here,1
playing through both leon and claire s campaigns really highlights how,1
claire redfield 10 10 game,1
"main story on both leon claire   has a few",1
like leon s kennedy and claire redfield carry it pretty well,1
playthrough felt fun and satisfying claire s side on the other,1
station and both leon and claire are likeable characters especially claire,1
" the gameplay with leon claire and ada is extremely fun",1
leon had in store also claire redfield is cool,1
and polished i still have claire s scenario left to play,1
spoiler original story remake story claire s character and rewriting in,1
leon s story while experiencing claire s too i finally experienced,1
"and i m working on claire s a run  ",1
was first believed to be claire s route first in the,1
and of course leon and claire and it was engaging from,1
i just finished this game claire side a and leon side,1
likely come back for the claire part after a break there,1
only that but also nerfing claire s beauty too and the,1
managed i did leon a claire b and while initially the,1
leon can t backflip yet claire however is a girlboss with,1
leon is soo hot and claire is soooooo mom,1
why is claire faster than leon i thought,1
pretty fun claire looked a little weird to,1
i ran claire a and then leon b,1
gameplay on both leon and claire s segment,1
either a spark gun for claire and a chemical flamethrower for,1
run as both leon and claire to pickup what i did,1
in re 3 leon and claire both play well and make,1
instead of leon it is claire and instead of ada it,1
you play scenario a with claire and b with leon nothing,1
than that both leon and claire s scenarios are enjoyable,1
campaigns for both leon and claire that offer some bite sized,1
replayability i recommend starting with claire her story feels more impactful,1
story perspective is the way claire and leon meet and navigate,1
is my little meow meow claire 2nd claire s story was,1
headshots especially when playing as claire and they do not always,1
is where both leon and claire begin their journeys made me,1
time not perfect because leon claire scenarios could have been more,1
vibes repeat until leon or claire finally shuts up repeat again,1
far the voice acress for claire is better music 7 10,1
through both leon s and claire s runs as a huge,1
game both leon s and claire s playtrough are great and,1
to every encounter leon and claire s voice acting and character,1
you re panicking leon and claire both bring great moments but,1
myself 10 10 i loooove claire so much mr x bro,1
no sense on how leon claire never meet in the police,1
"cut content  leon and claire never see eachother  the",1
listen to chris and marry claire müsst ihr wissen,1
best story for leon and claire ngl,1
i also did leon and claire both runs as well to,1
quell these evil residents and claire s here,1
new content both leon and claire s campaigns were different enough,1
hardcore s claire is a challenge for people,1
separate stories of leon and claire significantly increase the desire to,1
dam zombie outbreak why is claire never mentioning she needs to,1
also survived on this game claire s gotta be one of,1
"two different stories between leon claire  the differences alone were",1
ever choose leon for playing claire is have better gameplay and,1
leon kennedy and another for claire redfield unfortunately both campaigns are,1
one bit personally i enjoyed claires story more i know leon,1
s an easy 10 10 claire s route though feels like,1
b scenarios between leon and claire are not different and the,1
contradictions between the leon and claire routes,1
10 10 leon ada and claire 3 of the most iconic,1
loved playing as leon and claire and the graphics were so,1
much about this guy then claire was infinitely cooler runs great,1
many rooms interconnected and how claire and leon have their stories,1
i loved both leon and claire s stories and b run,1
things that could be better claire s 1st run has items,1
i still have not done claire s story yet which i,1
dad leon real proud mom claire,1
i still need to clear claire s b story and then,1
claires story scared me more than,1
leon so far will try claire too,1
game played leon s and claire playthrough and enjoyed them really,1
it from the perspective of claire and see a few different,1
have been better if leon claire and sherry had lot more,1
can play as leon and claire mr x is annoyyingggg but,1
have things to say regarding claire redfield in a wifebeater,1
part with one hand skipped claire completely sorry girls nothing personal,1
"started the 2nd run with claire  bought all the games",1
i love leon i love claire,1
second playthrough with leon or claire such as missing a inventory,1
again and the bond between claire and sherry is insanely sweet,1
claire mr x leon w game,1
ever made in their existence claire too ada i cannot consider,1
playing as claire really like the atmosphere and,1
both sides of leon and claire s campaigns,1
evil lore in this game claire s playthrough was elite i,1
seperate weapon for leon and claire was a smart choice intense,1
horror puzzle game ada and claire are very crackable,1
super scary really enjoyable game claire is also really hot and,1
licker to a crisp with claire s grenade launcher every shot,1
and completed both leon and claire playthrough the game is genuinely,1
super well we miss you claire come back to us,1
main story playthroughs leon and claire and when you complete them,1
very good game good story claire can get it,1
um ótimo trabalho amo a claire e adoro o leon ♥,1
resident evil series leon and claire are awesome characters and add,1
different perspectives of leon and claire was a cool touch and,1
played leon s story not claire s and i don t,1
different campaigns for leon and claire back in the day it,1
are minor between leon and claire s campaign except for some,1
very good games leon and claire storyline is fun to have,1
even between how leon and claire talk are portrayed that i,1
i cant punish myself with claire 2nd run after doing leon,1
10 but i also played claire path and i don t,1
s a great introduction both claire s and leon s stories,1
getting to play as both claire and leon would 100 recommend,1
i played both leon then claire both sides of the stories,1
but if you playing as claire it was extremely annoying 2,1
great game and after completed claires story i will play as,1
s kennedy and the tough claire redfield find themselves in the,1
i just love claire and ada,1
de leon y la de claire fuera de eso joyita pura,1
not in the og as claire it skips the entire streets,1
i stared at claire redfield s ass the whole,1
i personally chose leon a claire b for my first run,1
and characters w leon and claire,1
if they just had more claire sherry sequences in leon a,1
you need when u got claire and leon in the game,1
characters were mostly well done claire kind of felt out of,1
downside theres no leon x claire scenes,1
claire and leon the goat 9,1
her hacking tool is annoying claire same as leon but a,1
and my first run with claire took 4 5 hours you,1
still am ive started my claire b portion of it and,1
to mind i prefer the claire route but both claire and,1
it s pretty good claires section is insanely boring but,1
after playing claire for run 1 then leon,1
play leon and dont play claire it sucks ass,1
you chose leon route a claire s route b is identical,1
i miss you claire 3 great game,1
and ada in this game claire also,1
reccomend ♥♥♥♥ myself while playing claires kinda hot tho,1
the difference between leon and claire s run and it was,1
in the original leon and claire felt like they truly shared,1
the stroyline side leon and claire have many puzzle but sycronized,1
in the re series namely claire leon ada and a young,1
ll come back for a claire 1st and leon 2nd run,1
ada wong and claire so bad🥶🥶,1
" p s i love claire and her confidence i hope",1
s ranks in leon and claire standard difficulty mr x being,1
"  have to say claire really got redfield in her",1
claire leon can a game get,1
love we can play both claire and leon again with a,1
"the dark  leon and claire s campaigns both slap hard",1
some point a bug as claire and no matter how much,1
very good claire is so sexy and hot,1
to keep you invested both claire and leon are likable on,1
leon s rookie determination or claire s fierce resolve the narrative,1
very awesome game leon and claire cool,1
after finishing the game as claire redfield i can say the,1
mr x peak leon and claire peak williams survive 4 times,1
run to see how different claire s story is it s,1
after finished leon and claire campaign this is the best,1
story and i m onto claire s now the sherry segement,1
a big one bosses both claire and leon have a few,1
glad we got to see claire redfield in action and she,1
i love leon i love claire i love re2 i have,1
and adds an aspect of claire i would rate it 8,1
lore plus baby leon and claire 8 10,1
pulls you in leon and claire feel more real and the,1
i liked claire,1
"  ps i expected claire s gameplay to reveal more",1
characters leon s kennedy or claire redfield each character has two,1
and having both leon and claire makes it worth playing more,1
levels for both leon and claire are identical absolutely nothing changes,1
claire sandwich,1
game for leon stayed for claire 10 10,1
resident s are evil claire can marry me,1
is hot leon is hot claire is hot and the big,1
are very difficult leon and claire both have great campaigns with,1
where you can play as claire overall it s a fantastic,1
to show both perspectives of claire and leon i d pick,1
" all the love to claire redfield ♥ soon i ll",1
claire do be kinda bad though,1
while the second playthrough as claire retread a lot of ground,1
named leon s kennedy and claire redfield who are trying to,1
starting a second run with claire so i could understand the,1
quite dissapointed to see that claire s story was 90 the,1
the game now i love claire,1
the intro to leon and claires characters in the series also,1
played through about half of claire s story to see cheryl,1
finished on assisted mode with claire would ve done standard but,1
game played fully only the claire route,1
lines for both leon and claire i highly recommend this game,1
feel different like leon and claire runs weren t just copy,1
s short both leon and claire s stories together only took,1
did play 2nd run with claire but now i see i,1
very good claire is mommy and leon is,1
recommend this game i 3 claire,1
ending seeing leon sherry and claire happy together really warmed my,1
must play both leon and claire s story lines it s,1
claire redfield campaign is goated leon,1
and i still gotta finish claire s story can t believe,1
transitions of both leon and claire stories,1
criss cross between leon and claire that the original had and,1
run 1 and 2 for claire leon within like 15 hours,1
areas to progress leon and claire are amazing characters and both,1
horror vibe leon is amazing claire is beautiful and cute sherry,1
these games are peak and claire ada,1
a canon is a crime claire a on top,1
s 1st run followed by claire s 2nd run then dropping,1
be a game based off claire s backstory or atleast a,1
10 would listen to hurt claire noises again,1
story a bit underwhelming but claire and sherry are thoroughly compelling,1
hardcore s rank not bad claire is a pretty hot character,1
m not going to play claire s story any time soon,1
completing the second playthrough as claire shortly after i played as,1
"w game  also claire is a baddie",1
claire 😍 ga nyangka seoptimal itu,1
i wish when starting as claire after leon a bigger chunk,1
i ♥♥♥♥♥♥♥ hate claire i ♥♥♥♥♥♥♥ hate claire i,1
i enjoy both leon and claire story being chase by mr,1
i goon to claire,1
died like 10 times using claire in 10 mins anyways i,1
"story and a bit of claires  graphics amazing gameplay fun",1
it a lot gonna do claire next,1
best game ever love claire sm sob,1
story and then would try claire and hank,1
gotta play both leon and claire to get the cool ending,1
haven t played claire s campaign yet but wow,1
claire obscur and jfk,1
variety of the bosses either claire s campaign had only one,1
swears as his bullets miss claire s gungho cowboy attitude at,1
here with ada wong and claire with sherry birkin its more,1
spoiler stealth section and leon claire sides not being that different,1
re playing as leon or claire this remake is a masterpiece,1
start to finish leon and claire s campaigns are both packed,1
run with either leon or claire you unlock a “2nd run”,1
whole game anyway leon a claire b is done time to,1
mag into them especially in claire s run through since you,1
before playing re requiem played claire a leon b did like,1
i love leon and claire so much,1
different campaigns with leon and claire make it worth jumping back,1
fatal error terus cuh tapi claire boleh lah,1
have completed both leon s claire s story first off i,1
pensava que a campanha da claire b ia ser muito repetitivo,1
run açıldı leon ile oynarken claire neler yapıyor onu görücez sandım,1
and then route b with claire i played this game on,1
s in a hollywood movie claire too determined too brave keeps,1
less interaction between leon and claire unfortunately but the new script,1
2 interactions between leon and claire outside of the beginning cutscene,1
claire plz marry me,1
there are enough differences between claire and leon to warrent 2,1
the depiction of leon and claire as characters compared to the,1
get introduced to leon ada claire umbrella and it s biohazards,1
constantly on you leon and claire are both amazing and the,1
when playing as leon or claire mr x was pretty fun,1
not a big fan of claire and the b scenarios s,1
was gooning to leon and claire decided to pop up in,1
replay the entire game with claire to get the extra story,1
also for both leon and claire their objectives are almost identical,1
in any game leon and claire are both great each with,1
an amazing game leon and claire are my two favourite re,1
with leon and then with claire as intended by the game,1
apocalypse when i played as claire for the first time sadly,1
i finished the game with claire and was supposed to start,1
hey claire it s chris i arranged,1
settings i m using for claire https imgur com a tdnafc4,1
is after completing leon or claire a scenario and either for,1
super fun both leon and claire s playthroughs are super fun,1
"pros good game claire  cons the sewer",1
i hate claires guns,1
10 10 would claire it s the perfect time,1
finishing both leon s and claire s scenarios back in 2025,1
this damn rpd reappears for claire s story yeah it has,1
i liked it i think claire s story is a lil,1
"be mine  leon and claire are both likable protagonists and",1
claire redfield is my girlfriend,1
still i did leon a claire b and from what i,1
fight when playing leon or claire there is one enemy that,1
continue the redfield bloodline with claire 10 10 great game,1
evil franchise period leon and claire are fantastic characters and the,1
even think of playing as claire for two seconds,1
vou jogar a campanha da claire,1
though is that i wish claire and leon s segments didn,1
claire and leon are in this,1
leon ada was cool and claire sherry was adorable,1
course this also applies to claire who has evolved significantly as,1
played both as leon and claire and there s enough of,1
playing as either leon or claire for those who are new,1
leon and claire are braver than me i,1
through both for leon and claire great game,1
had more fun playing as claire than leon is this feminism,1
claire and leon at the beginning,1
shop i didn t play claire s because leon s bored,1
runs i did leon a claire b were thrilling,1
"gonna do run 2 and claire 1 2 mayyybe good game",1
the way both leon and claire,1
playthrough structure with leon and claire adds new context to everything,1
a few years to play claire s edit decided to play,1
but playing both leon and claire s playthrough was worth it,1
" story wise leon and claire are both great leads and",1
– a rookie police officer claire redfield – searching for her,1
was still motivated to play claire s run after i finished,1
mmmmmm claire,1
and requiem in relation to claire and her route b i,1
better they should have made claire s and leon s campaigns,1
original and both leon and claire s campaigns offer unique perspectives,1
day of the job and claire redfield the sister of one,1
top 5 resident evil game claire story was suprisingly way more,1
yet i have heard that claires is alot diffrent so excited,1
with i love leon and claire in this a lot too,1
i m currently playing through claire s i can t lie,1
resources feel scarce especially on claires playthrough enemies feel like bullet,1
i found both leon and claire s storyline perspectives very interesting,1
disfrutarlo más juguen primero con claire 10 10,1
opportunity to make leon and claire s stories feel completely unique,1
capcom bring claire redfield back and my life,1
either leon s kennedy and claire redfield each has their own,1
both leon nick apostolides and claire stephanie panisello was stellar here,1
to complete 2nd run with claire this is the best game,1
am still yet to play claire s b run i heard,1
the same area as leon claire they sound muted and quieter,1
"story diversity between leon and claire  game also has a",1
claire very good edit leon very,1
claire nice,1
good game team claire,1
to the game leon and claire and they are very different,1
through 4 and requiem beat claire s campaign and the story,1
enough did both leon and claire s story and it was,1
always fight mr x and claire will always fight birkin and,1
forgive capcom for making leon claire and jill ugly in the,1
to run it back with claire for full experience,1
and did a bit of claire b s play through as,1
replay ability between leon and claire with the 2nd runs adding,1
starting his first day or claire redfield who arrives in the,1
hot claire,1
leon leon leon 3 claire claire claire 3,1
claire is such a cutie pie,1
didn t disappoint leon and claire both had great stories in,1
it in 1998 leon and claire s campaigns are chock full,1
"graphics replayable two perspectives leon claire  mr x is annoying",1
as leon s kennedy and claire redfield gives you two unique,1
good 10 10 leon hot claire hot but ada hotter,1
not be talking to because claire the other character talked to,1
which is leon kennedy and claire redfield i think leon is,1
the game after playing through claire or leon once you have,1
at work and college student claire redfield who arrives in the,1
you play as leon or claire and try to survive a,1
start as leon and play claire after or vice versa you,1
went back recently to play claire s run i just quit,1
looking for it i think claire does not get the club,1
can play as leon and claire and actually its better to,1
nah i m good if claire is meant to be more,1
claire s story is interesting and,1
stand back claire these residents are becoming evil,1
it its too good and claire dayum,1
guns that both leon and claire get are both super fun,1
playing through both leon and claire s story it was a,1
i just didn t enjoy claire s run her run wasn,1
the 2nd run s pacing claire s concerning how much more,1
and deciding to do the claire story be prepared for iteams,1
finished leon claire story s one helluva ride,1
leon playthrough first and then claire afterwards the game honestly was,1
m going to do a claire b run for a while,1
it after leon runs into claire at the beginning my game,1
completed both leon s and claire s story and i would,1
the gameplay was very good claires route on 2nd run is,1
npcs that are unique to claire and leon s story resulting,1
nexus mods for ada and claire dddd,1
once as leon once as claire,1
fps iconic characters like leon claire ada music creepy atmosphere especially,1
but some parts playing as claire it shows you prerequisites that,1
claire is cool,1
rating of 9 10 would claire again,1
to play as leon or claire with an option to choose,1
10 absolute cinema daddy leon claire gunplay is fun mama ada,1
and both of the characters claire and leon are awesome to,1
supposed i should play as claire and learn her story and,1
of what happened and even claire s story is somewhat interesting,1
i played the other scenarios claire s scenario was so peak,1
review further when i complete claire s run but holy smokes,1
the pressure on leon and claire are both fantastic to play,1
and also getting to know claire for the first time and,1
the first appearance of leon claire ♥ strong story memorable characters,1
next remake we need more claire,1
police department as leon or claire keeps you constantly on edge,1
just finished leon a and claire b i will probably do,1
original re2 the canon route claire a leon b although re2r,1
are my favourite leon ada claire sherry ♡,1
starting arc for leon and claire but the fact that i,1
until now i played through claire s route and i really,1
and the police station backtracking claire s campaign is awesome only,1
"horror game antagonists   claire is also there",1
end finished the story as claire in just over 8 hours,1
in 1999 so wait did claire defeat g or did leon,1
claire having a field day while,1
the plot of the character claire s conflict with irons being,1
did the 2nd run with claire to get the full story,1
of the game before as claire but now im playing as,1
top of that leon and claire could interact with each other,1
cat ears with leon or claire in the main game either,1
different perspectives from leon and claire plus the different endings this,1
ve been missing leon and claire s stories are really unique,1
scenario s with leon and claire its incredibly fun,1
favorite even though i love claire the remake was amazing though,1
as leon my king or claire and then once more as,1
the game twice to run claire s pov on the original,1
is great love leon love claire oh and sherry the game,1
there are slight differences in claire s run but overall much,1
claire zamn moma,1
route runs with leon and claire where both get a few,1
claire beatiful redfield,1
t realize how much better claire s would be i lowkey,1
claire get sherry out of here,1
claire for life,1
as both leon kennedy and claire redfield provides two distinct flavors,1
i played both leon and claire scenarios and experiencing both perspectives,1
do it again but from claire s perspective slightly faster slightly,1
the box art leon and claire are rarely going to be,1
run on hardcore leon 1st claire 2nd have to say the,1
two campaigns as leon and claire keep the game interesting and,1
claire redfield is my goat,1
just really good leon and claire are an absolute banger of,1
"     claire so fine",1
thankyou for making claire hot,1
"home   leon and claire both feel fantastic to play",1
the true ending i started claire s 2nd run and every,1
haven t finished playing with claire or the 2nd runs but,1
just 9 hour i choose claire over ada,1
s kennedy ada wong and claire redfield,1
happens when you play as claire it would be nice if,1
how both leon s and claire s stories don t really,1
the series so far leon claire and their supporting cast are,1
charts character models leon and claire look incredibly lifelike you can,1
is that second run as claire stays 90 the same so,1
remake sooner i started with claire a and died so many,1
of the classics leons introduction claire s story replaying the game,1
opening chapter for leon and claire s story can t wait,1
both leon and claire s campaigns are engaging offering,1
the differences between leon and claire s stories were played up,1
i just beat leon and claires story and man this game,1
"feel any urge to try claire s story   the",1
claire and ada are both baddies,1
even more thrilling leon and claire s stories are both engaging,1
a while before i play claire b,1
claire s smile haunts my nightmares,1
wanna play all the parts claire s part is much easier,1
really wish they would bring claire back into the series already,1
x final boss where leon claire at best lightly jog around,1
infested police station leon and claire both control differently and superbly,1
claire cwekku,1
quick edit after finishing claire s story can say coming,1
finish the game again as claire or do the 2nd run,1
b leon b and b claire b both get meaningful campaigns,1
two routes has to be claires as it felt much more,1
beat claire route first and then leon,1
mmm claire mods,1
goated play both leon and claire s stories,1
and so i did but claire s b playthrough was a,1
replayability to my surprise the claire b scenario was well worth,1
story i mostly enjoyed seeing claire s perspective after she is,1
its actually very good claire s story is way better,1
though i never played through claire s half of the story,1
claire is wifey,1
the game twice playing as claire and leon i liked the,1
woman spoiler ada spoiler or claire and slightly annoying spoiler sherry,1
of leon s kennedy and claire redfield s escape from raccoon,1
are genuinely stressful leon and claire are both well written protagonists,1
i played both leon and claire s stories in one sitting,1
worst onboarding experience ever or claire redfield who is just looking,1
but at least there s claire,1
battles in both leon and claire s stories mr x is,1
it comes to leon and claire s stories in the beginning,1
s weapons much more than claire s though i think leon,1
by a beautiful asian lady claire s story in a nutshell,1
leon s standard campaign and claire s hardcore 2nd run the,1
non re fans alike also claire and ada in one game,1
resident evil 2 s claire run is a tight tense,1
jist finished leon s and claire s campaign and i must,1
" go leon first then claire as a 2nd playthrough it",1
he s so brave saving claire and sheri i love my,1
peak claire best gril,1
playing through this time as claire this is a beast of,1
story in the re universe claire is also a good character,1
can complete leon s or claire s story in about 6,1
more than 2 seconds anyways claire is in there too but,1
great i like how leon claire feel weighty enough to feel,1
synergy between leon s and claire s story campaigns they simply,1
claire baddie leon is just a,1
and that final fight as claire almost made me take a,1
unique difference between leon and claire a b scenarios replacing them,1
leon ile oynadıktan sonra second claire run biraz daha farklı olsaydı,1
leon and claire 🤤🤤🤤,1
years came back to play claire scenario and my god the,1
"bonus content leon b and claire b to complete  ",1
runs feel kind of rushed claire and leon almost never meet,1
be critically aclaimed it cuts claire s campaign making the original,1
pretty scary tight fast gameplay claire rules leon is a dork,1
use more pixels to render claire redfields ass in higher quality,1
i will not go through claire or 2nd scenario just the,1
both leon s story and claire s second run fully completing,1
good voice acting annette birkin claire sherry and irons bad voice,1
corny and cheesy leon and claire are i now understand why,1
the main characters are for claire it s a little annoying,1
more interaction between leon and claire their stories felt too disconnected,1
experiences i ve ever had claire s route was imo the,1
to play both leon and claire except the ada sherry part,1
of leon s kennedy and claire redfield players experience the outbreak,1
replay value with leon and claire and this sits right alongside,1
feel between playing leon or claire i m not even a,1
few minor flaws oh and claire is a certified baddie,1
the mnost resident ebel for claire so hawt chris really picked,1
his very first day or claire redfield the determined sister of,1
the first after playing both claire and leon my only gripe,1
claire redfield and the terrible awful,1
have a fat crush on claire too,1
i love claire 3,1
sure coming back for a claire playthrough,1
"10 10 in here leon claire ada tyrant sherry kendo marvin",1
the limited ammo leon and claire are so goated,1
leon is hot and claire is hot and they are,1
the only bad thing is claire s part the game is,1
a scary stalker also doing claire s 2nd run it s,1
and the second playthrough as claire on normal difficulty and then,1
the scare in his scenario claire on the other hand well,1
to the series leon and claire s campaigns offer variety encouraging,1
really solid and satisfying ending claire s run is still easier,1
replayed leon s story but claire s playthrough was a totally,1
sherry birkin ada wong claire redfield you are saur saur,1
gimmicks tailored towards masochists spoiler claire s story is also pretty,1
anxiety playing as leon and claire you genuinely feel their fear,1
to completion both leon and claire scenario true ending it was,1
leon a and then playing claire b right after made the,1
this game enough leon and claire are such strong and likeable,1
leon s game story than claire s but in that case,1
the game has shown me claire was there too 10 10,1
resident evil games i loved claire s story especially due to,1
claire is baddie tho,1
i just played through the claire side of the game claire,1
and the remake i played claire first and i enjoyed it,1
come home claire the kids miss u,1
pros leon claire beautiful graphics fluid combat fun,1
w leon and claire,1
2019 th difference in both claire and leons scenarios and unlockables,1
better if leon s and claire s campaigns were fully separate,1
is perfect b side with claire didn t like it much,1
run by leon second by claire,1
i hit my playthrough as claire i feel he would ve,1
have enjoyed it more of claire leon s second run was,1
claire my queen,1
the story of the game claire and leon both have a,1
give a second run as claire a shot because i heard,1
both on leon s and claire s scenario are pretty much,1
as leon and once as claire,1
i decided to go with claire a on normal and within,1
leon is the goat and claire is best mom and even,1
leons story and still have claires half all the extras so,1
contextualization once finished i played claire a and leon b as,1
interesting stuff personally i saw claire s history way harder than,1
protagonists leon s kennedy and claire redfield as they navigate the,1
rank shortly after i played claire a finishing in 2 hours,1
lindo gostoso de jogar tem claire tem leon tem ada wong,1
claire run was so fun,1
claire redfield 👍,1
claire pls step on me i,1
scary fun plus leon and claire are hot,1
claire swan leon frog she pretty,1
if you prefer gameplay and claire if you prefer story overall,1
the game twice first with claire and and next with leon,1
me especially while playing as claire its really annoying having him,1
engaging with both leon and claire campaigns adding replay value and,1
is the story leon and claire are both solid characters and,1
and switching between leon and claire offers different perspectives and replay,1
play as either leon or claire both have different sets of,1
badass yes both leon and claire ada too i had a,1
i won t bother finishing claire s story this game is,1
haces la ruta b con claire es la misma mierda que,1
irons was a blast and claire and leon are as beloved,1
didnt like the fact that claire runs the same route as,1
i am eager to begin claire s next 10 10 story,1
know i refuse to play claire s story due to the,1
amazing game plus claires a baddie,1
did the first runs with claire and leon but canceled the,1
"way   leon and claire are both great to play",1
"and unforgettable  leon and claire are written in a grounded",1
have leon 1 and then claire 1 with claire being the,1
play this game without a claire redfield pregnancy mod,1
love love love love claire,1
on my 2nd run with claire has been a blast leon,1
10 10 claire redfield bobbles around like a,1
the adrenaline pumping leon and claire s campaigns each provide unique,1
take a submachine gun in claire a leon b will not,1
quite similar paths leon and claire after completing the first part,1
stories of leon kennedy and claire redfield fighting through the raccoon,1
keycards and backtracking playing as claire people keep calling it the,1
he finds you however the claire story feels like a last,1
was a solid 9 10 claire s campaign was slightly better,1
killed by g william in claire s story after elevator ride,1
separate playthroughs of leon and claire were more different that said,1
got to my playthrough with claire i already knew how the,1
main characters leon kennedy and claire redfield this game is fun,1
save room i played as claire the game eases you in,1
who knows when he meet claire on the other side of,1
" playing as leon and claire feels fantastic and while their",1
prob not replaying this as claire,1
on several occasions leon and claire s characters were given a,1
claire my pookie wookie bear leon,1
leon and the other with claire both story modes are similar,1
decided not to play as claire just yet i don t,1
i love both leons and claire s campaigns i ve played,1
claire would leave ada pregnant,1
have both leon s and claire s campaign and different variations,1
i would die for claire redfield,1
way possible both leon and claire s stories are worth experiencing,1
s story currently working on claire s 2nd run and am,1
fortnite which includes jill chris claire and leon ok now ive,1
"tension   leon and claire are but thin sketches their",1
just about him and that claire has her own section which,1
reddit replaying the game as claire is reportedly not a significantly,1
story while only 37 complete claire s and honestly as much,1
claire is resident evil best girl,1
force playing as leon and claire gives two distinct perspectives on,1
fun playing as leon and claire graphics are good and lore,1
love leon kennedy i love claire redfield and i love ada,1
and love it having a claire and leon plotline must buy,1
"rpd and nest   claire ending to be finished",1
written and both leon and claire s stories come together in,1
padne ako q nabaram taq claire ti kaam tapravo tolkova sha,1
claire better,1
t see the point of claire s company her model is,1
game multiple times as both claire and leon and really enjoyed,1
so slow 2nd playthrough with claire also happens at the police,1
game you could probably skip claire s campaign tho ngl,1
run through scenario a with claire or leon and then you,1
i love you mama claire,1
as leon and once as claire would ve been perfect if,1
but sorry i m team claire all day all night then,1
final bosses too for me claire s part was shorter but,1
playthroughs for leon kennedy and claire redfield chris redfield s sister,1
zajebiste polecam claire the best,1
"story  spoiler i played claire a leon b doesn t",1
do also enjoy leon and claire as protagonist a lot more,1
repeat the whole playthrough as claire to experience the endings aint,1
nostalgia even in me additionally claire s story didn t add,1
section in one day and claire s in the next to,1
i like looking at claire from behind,1
campaign of a b leon claire and a b claire leon,1
2nd run variations and the claire and leon storylines there s,1
every bit of this game claire s story is better than,1
naive confidence and kind nature claire was definitively my favorite one,1
"turned absolute hero iconic  claire — brave sharp unstoppable ",1
the series it s got claire redfield in it,1
from this remake leon and claire barely talk the two main,1
incredible 10 10 playing claire s story is a must,1
i started to play as claire the game decided it doesnt,1
can t wait to play claires path and see what else,1
had to do once on claire s chapter go play another,1
game imo leon ada and claire have well developed appearances the,1
claire and loen shooting zombies in,1
on his first day and claire redfield a college student searching,1
through the whole rpd leon claire and ada characters were pretty,1
and genuine scares leon and claire s stories are both gripping,1
make sure to play as claire first though,1
thank you claire redfield for making me fall,1
a normal human or as claire redfield sister of the boulder,1
me run for my life claire is so cute she was,1
the same when playing with claire and some things that happen,1
the soul leon too cool claire too real and me still,1
7 10 claire is my wife and the,1
but painful then there s claire redfield ah yes… another redfield,1
and next day as a claire the day after this i,1
can play through leon and claire while they each take place,1
i love leon i love claire i love ada i love,1
did the second run with claire and loved this unique storytelling,1
missed when doing leon a claire b the sound design is,1
can leon and claire racoon city as the x,1
got to know leon and claire who were both new to,1
i chose leon instead of claire first i was told to,1
like was that in the claire scenario you couldn t do,1
i played leons run and claires 2nd so far the maps,1
spent about 3 hours on claire s,1
dual campaigns between leon and claire give it enormous replay value,1
good i played leon a claire b and i got the,1
story was amazing and while claire s story may seem the,1
also play as leon and claire for 2 runs each and,1
really ♥♥♥♥♥♥ with leon and claire only downside is the a,1
scarier than the 1st version claire story is better to start,1
this game but leon and claire are too stupid to do,1
definately one of my favourites claire redfield will always be the,1
game is really good somewhat claires part seems more enjoyable and,1
"10  adult mods for claire ada made this game a",1
leon ada claire hunk and tofu all at,1
still got to play through claire s campaign then after i,1
beautiful combat is fluid both claire and leon are fun to,1
never force me to play claire s story and play leon,1
evil it s awesome and claire is the best please capcom,1
campaigns playing as leon and claire offers two unique perspectives on,1
as ever both leon and claire s campaigns are worth playing,1
was much more difficult than claires imo tho still 10 10,1
still absolutely pumped to play claire s campaign maybe the alternative,1
claire and ada was a good,1
"never recover from   claire told me it would be",1
and still plan to do claire as well as the bonus,1
first playthrough as leon and claire and then doing the subsequent,1
as either leon kennedy or claire redfield or you have to,1
on his first day or claire redfield a cool motorcyclist girl,1
claire best mom,1
told from both leon and claire s perspective which makes replaying,1
like the characters at all claire is “okay” leon and ada,1
love leon love ada love claire and love the pure dogcrap,1
claire redfield my beloved ♡,1
bridge is looking real appealing claires parents are literally siblilngs like,1
the same as when leon claire runs from mr x except,1
included the colt saa for claire and early in the game,1
raccoon city both leon and claire s campaigns feel unique and,1
tension alive throughout oh and claire my shayla i love u,1
game playing both as leon claire was a fun experience despite,1
"crisis incoming  leon and claire s stories intersect nicely with",1
i did leon and then claire i got true ending right,1
as leon was really enjoyable claire was a little annoying at,1
quite short leon s and claire s campaigns each last about,1
"obrigatória   nota final claire é fodona demais",1
told through both leon and claire s campaigns makes replaying worthwhile,1
gonna do the same for claire bc it s more time,1
i played both the leon claire stories then the all the,1
attaboy leon attagirl claire,1
after finishing leon a and claire b i must say this,1
second run maalesef çok zayıf claire ile oynuyoruz fakat leon ile,1
especially playing b scenario with claire 10 10 survival horror gotta,1
but brave police rookie and claire a strong girl who is,1
really enjoyed both leon and claire s playthrough even if some,1
also offers intertwine details between claire and leon while the story,1
as my first run with claire going into this i had,1
for the 2nd playthrough with claire,1
experience story being divided into claire and leon s is very,1
game man love leon love claire love ada 10 10 recommend,1
time playing as leon or claire feels different enough to make,1
claire y ada son clave,1
no point in mentioning how claire looks visually or the awkward,1
standard difficulty at least for claire is a bit easy so,1
i love this game especially claire s segment she deserves to,1
3 runs 2 leon 1 claire and fully cleaned out every,1
the duo of leon and claire s introduction the remake is,1
for the first time and claire redfield is a determined girl,1
on his first day or claire redfield searching for her missing,1
wrenching on both leon and claire s different perspectives i love,1
claire i hope you made it,1
terms continuity between leon and claire something that was already filly,1
grow my love for leon claire s cool too i guess,1
"before a scream   claire and leon s campaigns both",1
at first i thought that claire s scenario will be completely,1
dat lil girl leon n claire so cool ada negs all,1
was pretty good but wow claire s run is so fun,1
story i felt that doing claire would have been doing twice,1
the story between leon and claire was great leon was an,1
is perfectly deserved edit beat claire s campaign too now amazing,1
great story with fantastic atmosphere claire and leon routes b side,1
much easier if you remove claire s clothes,1
"hall   leon and claire s campaigns are distinct enough",1
so good love leon and claire xoxo,1
compatible ada wong so hot claire va so match interested gameplay,1
story on both leon and claire at first it took me,1
3 times in a row claire a leon b and claire,1
okay i didn t know claire route was required for the,1
consistent throughout both leon and claire s respective stories and the,1
how i liked so much claire story first i thought leon,1
i love claires story so much so far,1
of frustration second run with claire took half the time because,1
my first leon and second claire run of this game when,1
breath pure panic then came claire s first run it felt,1
best looking zombies ever leon claire and ada are all great,1
claire s story is better tbh,1
new players play claire first leon second,1
to enjoy the game is claire a leon b this tells,1
can play as leon or claire very clever question is if,1
and finished both leon and claire s story even though the,1
locations as either college student claire redfield or rookie cop leon,1
story so far i doubt claire s story will change that,1
it s time for my claire run re7 was my first,1
"come for leon stay for claire   9 10",1
like for playing claire in shoulder camera,1
my first run was with claire the story was nice but,1
playing as leon and then claire and vice versa makes many,1
this atleast once oh also claire modding is peak amazing mods,1
and the characterizations of ada claire and leon were very well,1
1 2 of players complete claire s story with around 10,1
t before and htf is claire riding those lame ass harley,1
station i played leon a claire b and found leon s,1
way play leon a and claire b that s the definitive,1
and i love leon and claire the only thing i found,1
out yourself overall i think claire s story was an 8,1
enjoyed both gameplays as leon claire but i connected more with,1
claire leon 3,1
possibly the hottest jill and claire running around soaking wet wearing,1
"doing some ng things as claire i suppose   awesome",1
i like claire but i don t like,1
make sense that leon and claire are going through rpd and,1
the two characters leon kennedy claire redfield and not to forget,1
two distinct campaigns leon and claire each with their own story,1
risk and reward leon and claire both feel like fully realized,1
babygirl leon and macho man claire,1
i love claire and hate leon twink kennedy,1
otherwise i really enjoyed this claires story is better but play,1
they didn t really give claire much of her own story,1
horrifyingly resilient both leon and claire s campaigns are well paced,1
that lack personality leon and claire both come off like generic,1
duty and disbelief you become claire searching for truth through corridors,1
leon s origin story but claire is honestly way cooler here,1
i mean that leon and claire campaigns are practically identical from,1
all we get is a claire appeareance with some unknown child,1
" 10 10 would bang claire and would knock leon on",1
through the game again for claire s story cut to over,1
only complaint is i wish claire looked like how she does,1
we get to play as claire in another new installment,1
classic franchise i enjoyed playing claire s story now i m,1
my second play through with claire and let me tell you,1
i approve leon and claire with sherry ily tis was,1
i played all bcs of claire redfield and ada wong,1
8 10 claire and leon are slow as,1
the stories featuring leon and claire were equally engaging and interesting,1
game sooo much currently playing claire s segment i used to,1
really got me tearing up claire is also a good voice,1
artistically leon is great but claire really stole the show for,1
go backwards and started with claire instead of leon so it,1
to get moving especially in claire s route 🎭 zero production,1
legend says claire is lara croft s sister,1
two playable campaigns leon and claire offer different perspectives and variations,1
leon and claire awesome,1
claire sucks,1
both leon claire stories are fire also why,1
through leons story first them claires the uniqueness of how this,1
5 h played leon a claire b cleared score 9 10 ,1
both leon s and claire s stories were good and,1
both leon s kennedy and claire redfield—provides fresh perspectives and intertwines,1
playing as both leon and claire gives fresh perspectives on the,1
remake looking forward to play claire s campaign and ghost survivors,1
baby in this game and claire is young naive and f,1
claire aint exist in the real,1
also looked incredible with raytracing claire and ada is hot asf,1
play again and finish as claire,1
out differently with leon and claire leon the rookie cop caught,1
each i only played through claire story and was pretty good,1
2 years to realize that claire had a different campaign from,1
though leon campaing then check claire s scenario and that s,1
leon s story more than claire s but maybe i am,1
game more unique leon and claire are both awesome characters that,1
scenarios feel between leon and claire a bit more differentiation would,1
can choose between leon or claire each with their own story,1
raccoon city through leon and claire s perspectives with everything rebuilt,1
good too btw havent played claire yet,1
the time taking pictures of claire,1
follows leon s kennedy and claire redfield as they arrive in,1
game as leon one time claire i just got top the,1
the second play through with claire which i have not yet,1
flaws the story overlap between claire and leon is hinted at,1
mirror but different playthroughs with claire and leon,1
kick my ass claire,1
like leon first run then claire second run that was weird,1
playing each side of playing claire a b leon a b,1
valentine leon s kennedy ✅ claire redfield ✅ ada wong ✅,1
are likeable especially ada and claire,1
trust in claire,1
have both leon s and claire s a b routes heavily,1
after playing leon a to claire b i found that both,1
leon and claire could punch me in the,1
in both scenerios of leon claire were very bad ass this,1
got my feelings especially in claire s story and yes i,1
the game as leon and claire each with their own unique,1
enjoy it on a hardcore claire run later on but i,1
m already looking forward to claire and of course the other,1
out fantastic experience on both claire and leon campaigns b sides,1
choose two characters leon or claire and the option to play,1
a and the perspective of claire scenario b to get the,1
same campaign with leon and claire but you take different routes,1
— leon s green resolve claire s fiery path with puzzles,1
storylines in leon s and claire s campaigns contradict overlap each,1
leon gostoso ada gostosa claire gostosa mr x gostoso td,1
leon claire best couple 3,1
"in the chaos   claire s path was just as",1
on 3 giorni finito con claire e leon ve lo consiglio,1
playing through both leon and claire s stories felt like a,1
queda jugar la ruta de claire pero de momento super contento,1
sim vol 1 ada to claire san no zombie ka,1
game looking at leon and claire s cakes,1
it s great both claire and leon s stories are,1
on the job” kennedy 🧥 claire “can literally do it all”,1
claire is good,1
go such as the ng claire s gameplay isn t as,1
claire redfield is my wife she,1
"its finest  unfortunately the claire campaign is not completely different",1
1st attempt with leon a claire b 2nd run re2 is,1
finally completed leon and claire and what a masterpiece can,1
i also replayed it for claire s story and leon s,1
can explore i went standard claire a then with hardcore leon,1
easy either also leon and claire are so cute i would,1
for leon and one for claire they are a bit different,1
to make the story of claire leon and ada more clearer,1
to finish both leon and claire s stories are a must,1
i s both leon and claire now	and i think the game,1
t disappoint the story follows claire and leon as they head,1
campaigns featuring leon kennedy and claire redfield offer unique perspectives and,1
good i love leon and claire s story but let s,1
love resident evil leon and claire are so cool,1
claire a leon b,1
what leon was doing while claire was running around rcpd makes,1
leon s 1st scenario and claire s 2nd however the environmental,1
x look fantastic the new claire and ada look off nothing,1
whole being the introduction of claire and leon is tough and,1
to play with ugly jeans claire redfield cause they were scared,1
didn t really care for claire s side and i wasn,1
claire redfield 3,1
both sides of the story claire and leon are basically the,1
things with either leon or claire and except for a few,1
little changes between leon and claire a and b run capcom,1
i want to hug claire redfield,1
love claire,1
more interactions between leon and claire but ultimately they have like,1
with zero survival instincts or claire whose brother is missing both,1
for fans alike leon and claire are iconic and i 100,1
my experience was mixed both claire and leon move very slowly,1
claire ada but not even she,1
but spoiler the leon and claire playthroughs could have been made,1
it for first time with claire i love this game now,1
9 10 1 claire making goofy faces from time,1
issue is that leon and claire s stories aren t really,1
i love claire s boobs,1
two main characters leon and claire are likeable and relatable the,1
"  both leon and claire s campaigns are engaging offering",1
ever nostalgia hit hard and claire in 4k 3,1
ada wong in some part claire s story is the hardest,1
live laugh claire redfield,1
of leon s kennedy and claire redfield each offering different perspectives,1
scary for me but with claire s and leon s cute,1
leon kennedy b and b claire redfield b is presented with,1
when leon told claire the residents of this place,1
claire my beloved,1
at some parts leon and claire s playthroughs get too similar,1
claire has a significantly easier route,1
full experience without playing both claire and leon pretty graphics the,1
tighten the hell up uglyass claire here too like yes i,1
the play especially with the claire mods,1
barely scraping by leon and claire take extremely similar paths however,1
need claire on the next sequence they,1
claire is my wife ❤️❤️❤️,1
is good if you ignore claire being a character that exists,1
it again now i played claire s route it s a,1
for leon stayed playing for claire,1
2nd playthrough and playing as claire and i still enjoy it,1
game is good however leon claire story a and b are,1
focused on making leon and claire s scenarios more different they,1
zapping system with leon and claire having both characters play fairly,1
immersion i only played as claire will probably go back and,1
claire has a schoolgirl vibe so,1
can control either leon or claire in separate yet converging campaigns,1
pasted only leon a and claire b matter but gameplay absolute,1
reimagined story of leon and claire feels both nostalgic and fresh,1
in my opinion claire s strory are better than,1
more differences between leon and claire route,1
soundtrack outfits modded one for claire and in hardcore for the,1
still and the two campaigns claire and leon s are good,1
but only 2 hours on claires story becasue of the puzzles,1
as a naive rookie while claire though slightly lacking in subtlety,1
and play both leon and claire s story hats off to,1
leon skibiddi kennedy and claire rizzfield fight fanumtax in ra,1
s story is better than claire s but i still really,1
hat and gets manhandled violently claire misses a zombie point blank,1
claire my shayla💔,1
pounding encounters both leon and claire s campaigns offer unique perspectives,1
future with both leon and claire,1
the dlc section sorry eduarda claire is that sarah connor kick,1
a few times i had claire and leon stick on the,1
are both leon s and claire s story feel like they,1
scenario a then played as claire in scenario b i enjoyed,1
the playthrough with claire sucks a little because its,1
exactly where to go both claire and leon runs are enjoyable,1
both main characters leon and claire is pretty short almost none,1
claire is sexy,1
between the two storylines leon claire but because of its stunning,1
i played the claire first and leon second run,1
dual campaigns for leon and claire add variety and encourage multiple,1
the original game leon and claire s stories are fleshed out,1
scenario a and then as claire scenario b i liked both,1
it has claire,1
for leon s kennedy and claire redfield who have never felt,1
"x wants to touch me claire hot leon hot leon sexy",1
"extent   played as claire in my first run since",1
but i remember playing as claire i was sitting in the,1
claire is my gff 33,1
difference between leon s and claire s campaign like in the,1
"for leon kennedy stayed for claire redfield   who am",1
complaint is that leon and claire s stories are 90 similar,1
both with leon kennedy and claire redfield i have yet to,1
where leon says hold on claire these residents are getting evil,1
sewer i wish leon and claire s runs were more different,1
claire and leon that is all,1
of my second run with claire after playing leon s story,1
fun i guess i like claire shes hot and has big,1
a side and not done claires campaign so maybe there are,1
so fine and so is claire oh my gyatt the whole,1
playing a 2nd playthrough with claire before moving on hope this,1
the plot was plotting claire s story was so good,1
the story of leon and claire makes you feel for the,1
leon what the ♥♥♥♥ claire where s my brother hunk,1
we had been bumping into claire and her seemingly different story,1
of it start playing thru claire s story put 30 minutes,1
no real interaction between leon claire no replayability what a shame,1
your 1st playthrough as both claire and leon matter most for,1
claire and ada are so pretty,1
leon didn t really like claire that much,1
panic • story leon and claire s campaigns are engaging and,1
at least one side of claire leon story because it makes,1
kennedy a lot i like claire redfield a lot,1
i will continue on to claire s story next and see,1
play as both leon and claire across two different runs each,1
game hay ước capcom cho claire xuất hiện ở các phần,1
a claire é bonita,1
favorite remake i love playing claire and especially love the gas,1
leon is hot claire is my queen,1
best way to play while claire is just boring and the,1
differences between playing leon or claire aren t nearly as big,1
"  10 10 for claire making me focus on her",1
"leon who s this  claire this this is sherry leon",1
pretty amazing—too bad leon and claire don t interact much unlike,1
story for both leon and claire the brevity of it can,1
leon s route first and claire s route b to follow,1
i love claire so much,1
both leon kennedy s and claire redfield s struggles during the,1
begging for his life and claire has a misogynistic character arch,1
straight back in to play claire s and then there s,1
finished his story just finished claire s story and became and,1
serious glow up leon and claire s stories hit different zombies,1
stories both leon s and claire s amazing job for a,1
story stays engaging leon and claire are both great in my,1
that bothered me leon and claire feel incredibly immobile and slow,1
either leon s kennedy or claire redfield you re not just,1
the final bosses leon and claire s campaigns are essentially separate,1
of my favorites leon and claire are incredible,1
definitely revisit to play through claire s at some point,1
recurring characters throughout the series claire redfield sherry birkin ada wong,1
not willing to do the claire run for only some minor,1
i love my wifey claire,1
i played through as claire once and i don t,1
leons scenario a and then claire s b first,1
of both leon kennedy and claire redfield while i haven t,1
you were almost a claire sandwich,1
but its more manageable with claire,1
claire makes me cream,1
scary i ve only played claire s campaign and i m,1
s unluckiest rookie cop or claire redfield a determined college student,1
era of resident evil leon claire and ada and the rest,1
claire my shayla,1
the locations scenes leon and claire are both great routes in,1
leon but when i select claire and try to beat him,1
mode playing both leon and claire s campaigns i even earned,1
forthe story character leon and claire is the good vilain the,1
frustrating is that leon and claire s story is the same,1
absolutely amazing will definitely play claire s story one of the,1
be to be side note claire is hot af,1
on the character leon and claire have different weapons they discover,1
claire and leon should have more,1
to feel like leon and claire who are trying to survive,1
"they re also too easy claire and leon s playthroughs feel",1
scenario and off to do claire as well soon,1
poco melodramática especialmente la de claire pero por lo demás bastante,1
played as claire and honestly good puzzles 3,1
claire leon,1
claire it s like this place,1
thinking of playing again for claire s pov even though i,1
claire is my wife btw,1
both leon 1st run and claire ng 2nd run i really,1
sentido alguma frustração jogando como claire logo em seguida esperava que,1
the original and only finished claire a this remake is so,1
another shot this time with claire and now i have finally,1
i love claire redfield i love claire redfield,1
the 2nd run leon and claire are interesting characters so things,1
rookie leon the capable biker claire the seductive yet fatal ada,1
leon s story first then claire both were great in their,1
am not a women but claire is one badass ♥♥♥♥♥ if,1
terrifying in each one however claire s weapons for the most,1
grenade launcher magnum the usuals claire gets a nifty zap gun,1
just to see leon and claire get smacked around by a,1
leon has trigger discipline and claire did not at least for,1
first day of duty and claire redfield a college student looking,1
"fantasies and wet dreams and claire   10 10",1
of leon s kennedy and claire redfield multiple times never gets,1
will stay for my girl claire,1
special im almost done with claire s story and its been,1
played as leon and then claire,1
leon and claire and ada are hot,1
leon and claire hot,1
with character designs of leon claire ada and mr x looking,1
ooouuuughhhh claire red field,1
first day of duty and claire redfield a young woman searching,1
2 playable characters leon and claire each story shows a bit,1
story of leon kennedy and claire redfield is one to be,1
just finished off leon and claires stories banger ada wong is,1
game i just got through claire s story starting off with,1
f ck chris s sister claire,1
leon s kennedy claire redfield,1
leon and claire s story goes hard everytime,1
well optimized hot leon hot claire,1
play as leon ada and claire after you complete your first,1
after completing the game for claire but i still like leon,1
claire is sexy but leon is,1
whether you play leon or claire no longer affects the other,1
character development of leon and claire is compelling making their journey,1
as leon and once as claire to get the full story,1
choose between two playable characters claire or leon your first playthrough,1
"game   leon and claire 3",1
♥♥♥ claire ♥♥♥,1
control leon s kennedy and claire redfield solving puzzles managing limited,1
é que a parte da claire e do leon não se,1
leon claire ada are fine,1
to characters like leon and claire their arcs are beautifully developed,1
god i have now played claire story line don t get,1
amazing jawline and side profile claire s playthrough very fun way,1
even get me started on claire s boss fights somehow they,1
also choose to play as claire or leon i was told,1
i just love claire idk dood,1
more leon more yummy claire is cool i guess her,1
a lot both leon and claire s campaigns offered a fair,1
"with leon and one with claire   it s definitely",1
2 povs namely leon and claire who of course have different,1
i want ada and claire to spit on me,1
beat leon and close to claire b now,1
is hot and so it claire would rec 😏,1
do that characters detour sections claire with sherry and leon with,1
first game but jill and claire might be some of my,1
content i have done the claire campaign my first play ever,1
w game ada a baddie claire a baddie leon a daddy,1
claire is hot and ada makes,1
claire and sherry the goat,1
" leon s kennedy and claire redfield the game s dual",1
love the story i love claire and ada,1
and most importantly mods for claire,1
are leon and claire the evil residents all along,1
gives off i played through claire s story and i would,1
in love with claire ᓚ₍ ₎,1
game my first gameplay was claire a and leon b i,1
story perspectives of leon and claire a game everyone must play,1
in my ass do both claire and leon scenarios if u,1
with two protagonists leon and claire and after if you finish,1
really good story for claire i was fully invested it,1
our boi leon and girl claire i love the graphics of,1
to the og where leon claire s stories were both completely,1
o leon quanto com a claire cada jornada complementa a outra,1
day to the job and claire redfield she went to search,1
and one sadly i think claires campaign is very similar to,1
scenarios as leon and forget claire ever existed because in the,1
both the leon kennedy and claire redfield halves and can be,1
story is perfection leon and claire are easily my top 2,1
i played leon b and claire b it shook parts of,1
when zombies chomp down on claire or leon s neck this,1
into it and beating both claire and leon s story you,1
item box so leon and claire can t pick up swap,1
played for nostalgia stayed for claire s one liners,1
far so cant comment on claire s story though im def,1
leon police station sewer lab claire orphanage some place near orphanage,1
leon and 2 stories for claire,1
also ada edit 2 also claire edit 3 also tyrant final,1
i love claire this game can be fun,1
la campaña de claire es superior a la de,1
i loved leons story claire s is a bit more,1
i replayed the game from claire s perspective and finished it,1
resident evil storyline leon and claire and other characters all have,1
after two playthroughs leon a claire b but i ve quickly,1
ada then move on to claire then 6 years later re,1
with the game was playing claire a leon b and i,1
finished both leon s and claire s scenarios multiple times my,1
during the game as leon claire would just run in circles,1
play through both leon and claire s stories their separate experiences,1
was pretty good especially with claire mod,1
really felt connected with leon claire in the story the puzzles,1
i like claire claire is hot and ahhhh,1
going through both leon and claire s stories couldn t put,1
"man   i love claire",1
playing through as leon but claire s run has a really,1
character development of leon and claire is top notch and the,1
is how they balanced the claire and leon storylines it is,1
goated game because claire has jiggle physics the guy,1
"leon is too cute claire is awesome  the big",1
gameplay i recommend starting with claire pacing is better with her,1
stand back claire these residents are getting evil,1
claire is a total waifu,1
and even the outfits for claire and leon all feel iconic,1
claire a leon b on ps5,1
four distinct scenarios leon a claire b claire a lean b,1
words i once spoke to claire that we would find sanctuary,1
any other resident evil game claire reminds me of a praying,1
is amazing even if both claire and leon s stories don,1
those claire runs made me insane,1
but so far leon and claire s story are going the,1
i am looking forward playing claire s as well reccomend d,1
i need more claire,1
did the 2nd run with claire the next day td tr,1
i wish claire could adopt me too step,1
i m excited to try claire s side of the story,1
claire looked hotter in the original,1
one timeline of leon and claire does not make sense both,1
fun with both leon and claires paths the game also looks,1
mr x world domination also claire best girl,1
lot of nude ada and claire fan art in the community,1
that i will also play claire s story like resident evil,1
kennedy adn i love you claire redfield,1
i fell in love with claire,1
level 5 badge leon and claire s path both are interesting,1
instead of leon s and claire r this would be so,1
remake for capcom i love claire,1
liked it both leon and claire are interesting characters even though,1
with the same layout as claire in the second playthrough but,1
both stories of leon and claire felt amazing to witness for,1
step into leon kennedy and claire redfield s shoes—you won t,1
liked leons campaign also tried claire s resident evil 2 is,1
peak claire redfield they could never make,1
the environmental puzzles to get claire out of the infested place,1
you have leon s kennedy claire redfield and ada wong in,1
the story of leon and claire navigating a zombie infested raccoon,1
depth devs put in leon claire and ada even playing as,1
have completed the game as claire and intend on revisiting the,1
part is i still have claire s story to play,1
certain chapters playing as leon claire and ada in the main,1
amazing the story of leon claire ada sherry and raccoon city,1
william birkin 3 and claire 3,1
leon is hot claire is alright too i suppose,1
they completly sh t on claires campaing capcom is a lazy,1
good as well i love claire haven t played as leon,1
this game both leon and claires parts are so nice the,1
it first with leon or claire its fun because it is,1
i love claire so she s literally the,1
the stories of leon and claire don t connect at all,1
i love ada wong and claire redfieldn 10 10,1
"up on me in my claire run oh how we laughed",1
feverish state mumbling about how claire should spit on him and,1
beautiful graphics good story although claire s side was vastly superior,1
claire redfield 4 life,1
mostly fun though i played claire first section of rpd was,1
leon and claire go on a trip to,1
i finished leon s and claire s story 10 10 the,1
and the theme of the claire boss also won t spoil,1
claire looks like she eats wasps,1
leon sexy claire sexy what more do you,1
than 4 7 and 8 claire s model is so pretty,1
claire mi diosa,1
game played leons story then claires really enjoyed only complaint is,1
these characters being leon and claire,1
it more personally i liked claire s story more but i,1
whether you choose leon a claire b or claire a leon,1
run on steam and a claire run on ps5 i can,1
seem to have something against claire in my playthrough as leon,1
" obs the leon and claire campaign are almost the same",1
i love claire and leon 3,1
the perspective of leon and claire and finishing one grants you,1
leon s run i played claire s run and expected his,1
damn claire,1
characters like leon kennedy and claire redfield feels like a cinematic,1
original and both leon and claire campaigns are quite similar it,1
asupra lui leon kennedy sau claire redfield și trebuie să supraviețuiască,1
played both leon s and claire s stories and they have,1
kennedy a rookie cop or claire redfield the sister of special,1
i can t play as claire past the introduction this game,1
either leon s story or claire s for both stories you,1
you a heads up because claire s storyline throws you into,1
e g in leon playthrough claire appears 3 times there is,1
date best characters leon and claire 3 hunk,1
claire redfield is hot nuff said,1
about the main story about claire and leon whereas on both,1
ada solos claire,1
"lean konnedy claire redjield",1
why is claire so pookie,1
"the spencer mansion  the claire and leon campaigns have too",1
b scenarios of leon and claire,1
when does claire punch a rock,1
“a” and “b” with both claire and leon routes are not,1
with the nude mod on claire,1
dope game leon and claire cool,1
of leon s kennedy and claire redfield the graphics are stunning,1
that the complete circle of claire a leon b scenario is,1
ada and claire are hot,1
character are iconic leon and claire the game is extremely scary,1
help me i cant see claire bc you all suck and,1
leon claire and ada best characters,1
too i love leon and claire is decent too i wish,1
claire redfield nuff said,1
very minimal between leon and claire s campaign which is quite,1
the two seperate stories leon claire have almost identical stories but,1
iconic characters like leon and claire further enhance the nostalgia factor,1
problem© the main campaigns leon claire a have less than 100,1
i looked into the game claire who i don t know,1
stories you can pick between claire redfield the original games male,1
i still enjoyed it and claire while i wasn t scared,1
interested the entire time although claire s story is much better,1
the ♥♥♥♥♥♥ voice acting for claire and leon,1
i have not played as claire yet where you come to,1
leon a rookie cop and claire who s coming to raccoon,1
can choose between leon and claire you have to play both,1
scenarios for both leon and claire overall if you re a,1
"consider remaking code veronica  claire best girl",1
enough variation between leon and claire s playthroughs to justify playing,1
people to play leon and claire among everyone else as well,1
city as leon kennedy or claire redfield is both tense and,1
locations than the other probably claire s,1
i wont be doing the claire part i am to scared,1
forward to replying it with claire,1
"leon melts my heart college claire melts my heart im a",1
b either as leon or claire they don t make that,1
claire has a lazy eye and,1
playing as leon kennedy or claire redfield each character s journey,1
toes great story line played claire s story looking forward to,1
to play as leon or claire giving two varying stories that,1
game as either leon or claire is a brand new experience,1
claire redfield besttttttttttttttttttttttttttttt,1
was in if you played claire b sherry isn t infected,1
and enemies ada wong and claire red field are hot as,1
still have to play with claire but would still recommend this,1
great play as leon or claire then play the other for,1
of good mods replace default claire and some use the noir,1
i want claire to sit on my face,1
s so clever and engaging claire is definitely my babe she,1
leon chad kennedy mommy ada claire 10 10,1
details it is all good claire s and leon s stories,1
and i m doing the claire story at the moment i,1
the story for leon and claire doesn t line up especially,1
best remake out there also claire ada,1
to play more plus leon claire and ada look hot as,1
just wish that leon and claire s stories were merged into,1
1 leon and claire explore the same rooms solve,1
complaint about this title is claire s story which i think,1
the main characters leon and claire and what can i say,1
played through both leon and claire s playthrough and both are,1
played with either leon or claire the two main characters of,1
made played both leons and claires story immediately after easily worth,1
claire bad as hell leon bad,1
and getting to play both claire and leon with different stories,1
story is very similar to claire which gives very little incentive,1
claire cute,1
claire tho finished like 10 runs,1
intend to go back for claire,1
and now i ve beaten claire a b and im working,1
i would die for claire redfield 10 10 game make,1
i played both leon and claire s story within 2 days,1
in my case was with claire and some aspects didn t,1
made me start looking for claire s porno finishing the story,1
only played the claire run but it was fun,1
leon and claire fight zombies and get followed,1
played on standard difficulty as claire then leon this game nails,1
two playthroughs leon a and claire b and i had fun,1
the narrative between leon and claire s perspectives while interesting might,1
ever happened also love u claire ❤️❤️,1
claire is likeeee really prettyyyyy,1
say great game play overall claire is such a bad botch,1
that the b scenarios and claire s and leon s playtroughs,1
pls leon and claire oiled up and chained thanks,1
storyline as both leon and claire often fight the same bosses,1
two stories between leon and claire feel unique to each other,1
line for both leon and claire graphics are breathtaking i honestly,1
follows leon s kennedy and claire redfield two distinct characters with,1
leons story and now onto claire,1
a cult classic horror game claire s there too i guess,1
was very challenging and the claire part was a bit of,1
did the one run with claire came back to clean everything,1
to fix this for me claire looked like a discount gigi,1
series so much just finished claire s story because i am,1
download fat claire mod so you can watch,1
the game so add in claire s part and you should,1
characters my 1st playthough was claire and i have to admit,1
veronica remake and play with claire again,1
great game claire is hot,1
it s so nice of claire to restock ammo for leon,1
through leon s campaign then claire s and the claire s,1
were numerous memorable side characters claire wasnt the most interesting protagonist,1
the only man worthy of claire chris redfield an agent of,1
to get the full experience claire and leon s stories are,1
damn both claire and ada are hot,1
claire is hotttttttt,1
modding a lewd wet sexy claire redfield,1
at the gas station with claire game freezes at the point,1
all the misc achievements and claire on b for the speedrun,1
the game as leon and claire provides two different perspectives ensuring,1
this because of the fatass claire mod with extra ass cellulite,1
really enjoyed claire s story,1
but is really good and claire and ada is hot asf,1
favorite resident evil police station claire is so cute,1
epik 10 10 i love claire,1
the stupid thing is locked claire redfield,1
but still waiting for claire x leon,1
start still need to beat claire s story though,1
started a normal game as claire and managed about 2 1,1
the vas for leon and claire and the decision to make,1
original ending i got on claire s play through all in,1
ever with leon kennedy and claire redfield s stories beautifully reimagined,1
leon s campaign and then claire s campaign and claire s,1
suck for both leon and claire what went through the dev,1
hate it 10 10 also claire as 2nd run sucks,1
claire s part better than leno,1
husband leon i dont like claire because she tries to hit,1
following leon s kennedy and claire redfield as they navigate the,1
leon s a scenario and claires b scenario and i am,1
picking up an item as claire during scenario a would make,1
wish for with leon and claire you get both a male,1
claires hot in her new outfit,1
exploring leon and one exploring claire s at this time i,1
play this game is leon claire a and then 2nd run,1
9 10 ada 69 10 claire 66 10 ammo not enough,1
the next couple of games claire leon have their capabilities slightly,1
amazing i absolutely love claire,1
raccoon city as leon and claire once again this time with,1
claire is significantly more badass than,1
not a leon kennedy or claire redfield stan by the end,1
game now currently progressing through claire s storyline and im also,1
organically throughout the narrative and claire is much the same i,1
having done the leon a claire b route can say for,1
and distinctive characters leon and claire are true gems each with,1
i m working on finishing claire s the graphics are amazing,1
couple years ago to beat claire 2 really made me appreciate,1
gyatt damn claire makes this game a 10,1
sherry although the timeline between claire and leon can get goofy,1
to replay the game as claire or leon in a second,1
of them poor leon and claire,1
love you leon ada and claire,1
amazing woulda been better if claires story wasnt almost a replica,1
loveee resident evil 2 leon claire love u both,1
not yet been hooked by claire s people who don t,1
but a little disappointing that claire s story is just a,1
do a 2nd run with claire i am not sure how,1
claire and ada bbw mod xposed,1
takes up half the screen claire on the other hand was,1
masterpiece leon is a puppy claire is a sassy kitty cat,1
difference between the scenarios of claire and leon as in the,1
development leon s kennedy and claire redfield are brought to life,1
or involving mental effort when claire s initial intentions were to,1
masterpiece god i love claire redfield and ada wong it,1
claire 🤤 🤤 🤤 🤤 🤤,1
scenarios as both leon and claire offer diverse gameplay experiences providing,1
leon and claire don t meet middle game,1
leon is such daddy material claire is such mommy material mr,1
rahhhhhhhhhhhh claire redfield,1
it s top notch if claire and leon s stories had,1
replayebility amazing graphics leon and claire are well writen and executed,1
sometimes 10 10 would recommend claire run fun too,1
time dealing with zombies and claire has an easier time with,1
raccoon police department or as claire redfield as she searches for,1
the zombies and leon and claire as characters achievements are fairly,1
main campaign both leons and claires and both 2nd run variants,1
chris redfield s missing sister claire redfield during the zombie outbreak,1
protagonists leon s kennedy and claire redfield each offering a distinct,1
s a mockery that said claire is no longer a biker,1
path of both leon and claire give it a try its,1
both stories for leon and claire and i had my fun,1
everyone simping over ada and claire they re mid compared to,1
occasions i love him though claire and leon s story being,1
ada 10 10 claire 10 10,1
to leon ada sherry and claire s story at the rpd,1
justice for my girl claire she went thru the same,1
story and weapon choices throughout claire s were ass my only,1
claire 3 leon,1
the dialogue between leon and claire is somewhat awkward and stilted,1
differences between leon 1st run claire 2nd run that you should,1
leon and 4 hours for claire i played leon for run,1
scenarios for both leon and claire each playthrough offers a fresh,1
capcom always does it great claire ada what i didn t,1
1st run i did choose claire 2nd run will be with,1
game gud claire gid big good big scary,1
two characters leon kennedy and claire redfield of course would highly,1
as a police officer or claire redfield in search of her,1
i save the game when claire makes it back to the,1
watch out claire this resident is getting evil,1
the story between leon and claire,1
and started the second as claire when i started having some,1
mmmm claire redfield,1
mechanics and variety started the claire story and it s so,1
i love claire redfield 🔥💯💯,1
absolutely love this one claire and leon and adas segment,1
unpredictable enemies both leon and claire s campaigns offer unique perspectives,1
best one claire is amazing,1
just finished claire a on my way to,1
to play between leon and claire the writing was a bit,1
jumpscares here and there like claire falling down the wooden floor,1
s kennedy or college student claire redfield both are unique experiences,1
with leon and 2 with claire there are also bonus stories,1
content from the main storyline claire leon both to the extra,1
for leon was pretty fun claire was more of a story,1
the launch photo with leon claire,1
i finished both leon and claire s first run through even,1
kennedy himself as well as claire and ada who also appears,1
the entire cast looks fantastic claire leon sherry and ada speaking,1
i still gotta do the claire campaing but still 2nd fav,1
on peut incarner léon et claire dans leurs campagnes respectives mais,1
mommy ada and claire 3,1
scenario b a shot with claire this time edit finished leon,1
awesome gameeeeeeeeeee i need more claire,1
game 1 ada wong 2 claire redfield in all seriousness though,1
claire is amazing 10 10,1
moddability 10 10 man those claire mods look so stunning overall,1
both characters in leon and claire are great to see modernized,1
as a police officer and claire redfield who is looking for,1
claire made me say ambatukam,1
b claire b b leon b and,1
ily claire,1
suggests that they all ♥♥♥♥ claire since they re there anyway,1
a classic – leon and claire navigating the chaos – but,1
the ending twice leon a claire b 1 leon and claire,1
runs whether you do leon claire or claire leon playing 3,1
game i love leon and claire so much good story,1
spooky also mommy ada and claire,1
currently approaching the end of claire s story and my god,1
5 disparity between leon and claire is noticeable leon s run,1
was not the case for claire s voice actress she did,1
from re1 as leon and claire have very different stories the,1
a bit disappointing leon and claire still have separate stories but,1
2nd run i did with claire was very repetitive puzzles items,1
in my ass and for claires it was easier than killing,1
characters leon s kennedy and claire redfield as they navigate the,1
characters like leon kennedy and claire redfield the intertwining storylines of,1
story and plan to do claire story on the 2nd run,1
i wish the leon and claire story made sense with more,1
nice game claires part is a lot like,1
is leon more thiccc than claire,1
having much better interactions between claire and leon,1
then i decided to play claire her story and finished it,1
me enough leon better than claire change my mind,1
though i think i prefer claire s side of the story,1
on edge both leon and claire s campaigns are strong each,1
follows the story of leon claire in raccoon city after the,1
sexy as does leon and claire 3,1
game both characters leon and claire have a similar campaign but,1
no doubts on also playing claires story i bought it for,1
gpus in some places leon claire s model doesn t cast,1
different routes leon a b claire a b the 4th survivor,1
leon and claire are my babygirls,1
playthrough with leon a to claire b or claire a to,1
the game leon kennedy and claire redfield these two are like,1
very hard to play as claire with just one hand,1
from leon s side or claire s side it s a,1
game ive been stuck on claire s final boss for weeks,1
mr x rizzed up claire 10 10,1
no interaction betwen leon and claire unlike original playing as these,1
for my second playthrough as claire,1
unnerving try some mods for claire s outfits there something soothing,1
narratives of leon kennedy and claire redfield two iconic characters facing,1
graphics are absolutely gorgeous leon claire and ada look damn good,1
the sweat off your forehead claire is hot 🔥 and leon,1
in every hallway and love claire,1
i ve finished leon and claire s stories and both are,1
i played both leon and claire a and honestly it a,1
i loved leon s and claire s story i usually expect,1
i could i would power claire through a wooden table and,1
claire redfield jokes aside it has,1
played as leon a and claire b both story lines had,1
how the story lines between claire and leon intersect and go,1
i played through it with claire first and then with leon,1
re play the story as claire redfield the secondary main character,1
i thought the reunion with claire was a good tie back,1
claire makes my brain happy 100,1
currently near the end of claire 2nd so i have to,1
but got through it as claire so why don t you,1
finished the 2nd run on claire was pretty surprised with how,1
amazing game claire s story is awesome she,1
the characters and their motivations claire redfield and leon kennedy the,1
ketek claire 11 10,1
as one character e g claire a and then you d,1
and b infact leon and claire barely meet and they never,1
claire carried,1
leon but i also like claire,1
i got soft locked as claire in the chief s office,1
it was good claire s part was much better,1
claire redfield rahhhhhhhhh,1
damnnn claire is soo fine,1
more leon more claire more mr sex less birkin,1
mr x i ve played claire s part and like it,1
is just so damn fine claire is hot too i really,1
replays desirable both leon and claire s stories are different enough,1
the characters look so real claire is so cute and i,1
of fun enjoyed playing as claire will have to go back,1
stand back claire this resident is getting evil,1
theme for both leon and claire is also pretty intense the,1
of the protagonists leon and claire and their journey through the,1
im gonna say so is claire but ughhh ada is much,1
those blue beautiful eyes that claire got,1
could play leon a and claire b and vice versa that,1
claires fine,1
game loved seeing ada and claire beautiful ass women oh yeah,1
little unmotivated to play through claire s run as it revisits,1
beaten the leon a and claire b scenarios on standard difficulty,1
same events and locations leon claire each has their own stories,1
are always social justice warriors claire is not a social justice,1
zombie ai rip leon and claire s right shoulder,1
then follow it up with claire saying dinner time when a,1
claire is such a cutie patootie,1
could have been improved is claire s campaign rather than repeating,1
can play as leon or claire about 75 of the game,1
leon is him claire is a baddie overall good,1
as good when you play claire s route d,1
issue i have is that claire redfield isnt naked and there,1
for both leon s and claire s route totaling 12 if,1
doesn t let you smash claire nor mr x 0 1,1
game i ve played through claire s story and will play,1
should probably play through the claire side of the story before,1
perfect haven t even played claire yet but i m positive,1
desired for context i did claire second run the gameplay is,1
jumped right back in with claire the challenges also seem like,1
that has durability the leon claire a b scenarios are also,1
so that i can mod claire n ada,1
leon and claire can both step on my,1
claire jill ada,1
plenty of replay opportunists with claire and leon both having a,1
muy corta y la de claire muy aburrida ya que literalmente,1
after playing both leon and claire i m definitely gonna get,1
with leon and then with claire 2nd run it unlocked the,1
game as leon kennedy or claire redfield leon is on his,1
thing the story line for claire should have been entirely different,1
back to life leon and claire s adventure through racoon city,1
as 2 characters leon and claire so there s no way,1
defined story for leon and claire the gameplay will change based,1
story of both leon and claire in about 18hrs on a,1
through the 2nd play through claire s weapons are trash and,1
2 is that leon and claire have such minuscule differences besides,1
things i wanna mention playing claire is just sad tbh i,1
shots i then tried with claire on easy difficulty and even,1
leon 1st a route and claire 2nd b route i finished,1
i need claire s bath water immediately,1
claire my queeeennn,1
i am going to play claire next to get the true,1
weapons for both leon and claire to use as well as,1
its graphics and mechanics only claire s story could have been,1
story mode so much both claire and leon and i think,1
steam machine podcast leon and claire are incredible protagonists episode will,1
i can only play as claire or leon too which i,1
the duo with leon and claire is such a classic and,1
leon story good claires story uninstalled i got bored,1
play as both leon and claire in either order giving you,1
and am part way through claire s good game challenging at,1
good both stories león and claire are entertaining especially if you,1
for leon against mr x claire throwing sherrys pendant to get,1
both leon 1st run and claire 2nd run in normal mode,1
interactions it s disappointing that claire and leon had no connection,1
game as either leon or claire they have some different story,1
and i will be playing claire s story line at some,1
i like how leon and claire both have their own story,1
story leon s kennedy and claire redfield s intertwined journeys through,1
as leon and once as claire to get the true ending,1
notch leon s kennedy and claire redfield are brought to life,1
ah wait don t shoot claire redfield,1
i ve ever seen and claire is so fine i love,1
bffr claire outsold flopda by a long,1
leon and claire look so good ♥♥♥♥♥♥♥♥♥,1
twink leon claire s aight ada s a,1
of my personal favorites love claire redfield s new look,1
t for leon ada and claire i doubt i would ve,1
just for claire only claire,1
of leon s kennedy and claire redfield two survivors of the,1
detail leon s kennedy and claire redfield are brought to life,1
leon should date claire,1
shuffling than moving leon and claire are moaning so much when,1
particularly the final one of claire s campaign and the final,1
pro but i havent started claires because its literally leons but,1
move the book shelves on claire a hardcore without the tyrant,1
acting and characters leon and claire have become more alive you,1
love it i like claires part of the gameplay more,1
claire mi mami elmosa,1
game the character models of claire and leon in particular are,1
história diferenciada nos 2 cenários claire a e leon b 10,1
top of that paths of claire and leon feel different from,1
whether you choose leon or claire this also results in plot,1
justify this new weird aunt claire being in that game s,1
10 is because leon and claire s campaign needs a bit,1
well played both leon and claire s so enjoyed seeing the,1
characters leon s kennedy and claire redfield who each have their,1
big booty claire,1
claire 3333333,1
a scenarios for leon and claire being almost identical and the,1
4 play as leon or claire both have some unique differences,1
the ♥♥♥♥ claire has seen makes gigachads cry,1
twice first as the chick claire then you get leon the,1
a problem love the new claire look and voice the two,1
and see where leon and claire debuted,1
it more havent fully done claires story yet although i have,1
8 10 i finished both claire and leon s stories in,1
can t wait to do claire s story next this is,1
leon is babygirl and claire is girlboss ૮ ˶ᵔ ᵕ,1
get to play as both claire and leon a remake of,1
of leon s kennedy and claire redfield as they try to,1
died during both leon and claires run,1
my one issue is that claire s story and leon s,1
opinion is that leon and claire s stories are not the,1
been super enjoyable workin through claire s campaign now and there,1
claire a oke,1
claire leon and ada are absolutely,1
leon made me buss and claire made me ♥♥♥ and hunk,1
going to continue on beating claire s campaign and then eventually,1
first playthroughs as leon and claire the remake is fantastic the,1
leon a claire b or leon b claire,1
two main characters leon or claire who get trapped in the,1
are two campaigns and both claire s and leon s are,1
can i say leon and claire different scenerio is really the,1
gud i like leon and claire,1
scared but having fun playing claire s story,1
content here with playthroughs for claire and leon being suitably different,1
a difference between leon and claire s campaigns but in my,1
histórias do leon e da claire não tive paciência de zerar,1
good story follows leon and claire as they go through the,1
the lore itself but imho claire s story is the best,1
shotgun so automatically better than claire,1
completed leon a run and claire b run and still its,1
of leon s kennedy and claire redfield two characters who are,1
of the game leon and claire and don t forget about,1
claire is so naughty 3,1
his part relates ada and claire s part is with sherry,1
there are some inconsistencies between claire and leon s storylines but,1
times i was synced with claire saying ♥♥♥♥♥♥♥♥♥♥♥♥♥♥,1
playing the 2nd part as claire and getting the other side,1
i love it leon and claire are the most cutest main,1
its content the leon and claire breakthroughs are both present with,1
main story of leon and claire plus 2nd runs on both,1
if i ll return for claire s side of the story,1
leon is my superhero and claire is so clean,1
content to separate leon from claire an interesting choice apparently one,1
through leon s route and claire s 2nd run and finished,1
leon and claire my little meow meows,1
i can confirm yours and claire s child will become a,1
experience to be had both claire and leon s stories are,1
of playing with leon or claire and how familiar places feel,1
scary stalker type enemy both claire and leon campagins are also,1
with the a b runs claire leon very good value,1
classic leon s kennedy and claire redfield story during the outbreak,1
to play as leon or claire and after completing your first,1
slightly faster when going after claire 10 10,1
touch it again for the claire story but i m hesitant,1
claire s fine leg,1
leon kennedy or college student claire redfield sister to s t,1
leon who s this claire this is sherry leon ok,1
but re2 persistently unsettled me claire s story was unexpectedly impactful,1
leon ❤ claire ❤ tyrant 😨,1
two campaigns one for leon claire they really do not differ,1
either leon s kennedy or claire redfield who are both in,1
if claire were to step on me,1
cast is beyond lovable with claire being one of my favorite,1
5 playtime 10h 12m leon claire 2nd resident evil 2 remake,1
one time as leon or claire then it is a good,1
design environment and might do claire run now,1
run with leon gonna try claire soon,1
s kennedy and one for claire redfield both of whom are,1
leon and claire protect,1
with both main characters leon claire overall this is a good,1
these residents are so evil claire we gotta get out of,1
sex with claire redfield scene,1
claire nudes was good i reccomend,1
god i wish claire was real,1
started the second run with claire and was delighted by the,1
and replaying it recently with claire on the 2nd run mode,1
horror experience both leons and claires stories are amazing and kept,1
yeah leon and claire are cool but this is,1
through both the leon and claire campaigns which pretty much equals,1
parts of both leon and claire s story this was already,1
to sort list list 5 claire list list 6 katherine ghost,1
those two playthroughs either leon claire or claire leon you ll,1
i feel like side b claire s story was slightly underwhelming,1
i want to kiss claire and leon on the mouth,1
vv nice game claire best,1
of two characters leon or claire and you guys are in,1
story a weapons extra modes claire s voice actor cons story,1
you can also play as claire too and do a special,1
just badly designed everything else claire the ghost stories ect is,1
i started with leon then claire 10 10 game,1
hours per campaign leon or claire keeps you entertained,1
claire kinda bad tho,1
5 and 6 leon and claire are well fleshed out characters,1
to replay the game with claire but that would mean you,1
is the second playthrough as claire while the narrative as told,1
with addictive plot indeed also claire has nice cheekbones,1
good game 10 10 but claires story is just like leons,1
claire babysitter simulator leon complicated love,1
sound effects both leon and claire s campaigns are interesting to,1
claire a is peak,1
got s rank with claire and leon i have tis,1
the main characters leon and claire come with their own set,1
leon tho bro simping over claire like theres no one else,1
10 10 recommend leon and claire should ve been a power,1
best friend named his daughter claire so ya i kinda like,1
separate stories for leon and claire harder difficulties new game plus,1
we see more leon and claire,1
they do it well leon claire and ada are charming protagonists,1
only alright they removed all claire and leon interactions inside of,1
runs between the leon and claire overall i dig it i,1
plan on playing more also claire is bae,1
of the game and play claire s story for more firepower,1
and beat leon a and claire b within about 2 days,1
should download a skin for claire there are plenty of juicy,1
it s leon and claire who wouldn t love them,1
do unspeakable things to me claire is kinda cute i guess,1
playing both leon s and claire s story i can safely,1
natural i really didnt like claire in this her voice was,1
character designs anways leon and claire are back and do everything,1
to see how leon and claire s stories would play out,1
different things between him and claire but that additional side of,1
they are explored on the claire storyline it just didn t,1
boring i ve only played claire but i fully plan on,1
hardened leon in re4 remake claire s story is mostly the,1
city s police department or claire redfield a college student searching,1
repetitive as both leon and claire walk through 90 of the,1
that is both leon and claire s path s are too,1
10 i love ada and claire ass,1
ob man jetzt leon oder claire spielt der einzige extra ort,1
the exact same s as claire s story just the characters,1
time playing leon kennedy and claire redfield such great visuals with,1
me gusta mucho claire le ♥♥♥♥ un mod para,1
ve finished the game as claire,1
were fun too p s claire and ada are hot,1
able to play leon and claire level design is really good,1
porque no game jogando de claire eu acabei tendo um bug,1
re titles i have played claire and leon are both good,1
doing one leon and one claire run and it really didn,1
installs lewd claire redfield mods yep it s,1
to finish both leon and claire and there are a lot,1
there is possible play as claire and 2nd different story,1
and b scenario playing leon claire a is exactly the same,1
cop named leon and adventurous claire on his first day on,1
the two stories leon or claire you can do the other,1
does leon things and when claire does claire things they are,1
of my friend playing as claire which i thought was better,1
follows leon s kennedy and claire redfield as they fight to,1
mainly are between leon and claire s runs,1
it much but wanna kiss claire,1
claire the best,1
with situations will be different claire gets more of the explosive,1
play cool leon 90 play claire with mods,1
walk through ♥♥♥♥ unfazed like claire redfield,1
runs for both leon and claire gotta say capcom did a,1
claire is goofy,1
feels like a zombie himself claire she is no better but,1
variety in characters leon and claire being the main protagonists both,1
it s a shame the claire and leon s stories don,1
storyline dualism between leon and claire the game felt like nothing,1
low effort nude mods of claire and ada though,1
multiple times with both leon claire 1st 2nd run the bonus,1
and intense i love it claire is best girl btw dont,1
ve tried this on both claire s route where most people,1
claire d,1
one leon s kennedy and claire redfield fight to survive their,1
i have ptsd from seeing claire nude 10000 times,1
the story of leon and claire best boss battles with a,1
weirdly campy the relationship between claire and leon feels bizarre given,1
game i recommend playing as claire before doing leons run you,1
10 10 nude mod claire again,1
is memorable both leon and claire s story are great and,1
claire is better than ada thats,1
great game claire scenario is 10 10,1
beat the second time with claire if you count the pause,1
you can play it as claire or leon and both paths,1
wait for the second with claire good story good puzzles easy,1
and acceptable although leon or claire route still the same gameplay,1
a few times from seeing claire and ada but mostly from,1
like me love all those claire christian costume mods,1
xbox i ve done two claire a runs one of which,1
the iconic characters leon kennedy claire redfield and ada wong it,1
problem is that i wish claire and leon didn t do,1
and i haven t finish claire storyline as well as the,1
2 endings for leon and claire and 1 secret ending,1
things but enjoyed it nontheless claires campaign was definitely better in,1
based like this 9 10 claire s story was kinda quick,1
a forever simp for claire,1
with leon rizz kennedy and claire the competitive mum,1
same emotions then i started claire a scenario also on hardcore,1
wish claire and leon s paths were,1
good package edit completed both claire and leon s story about,1
and the 2nd game as claire on normal and the difference,1
element well balanced difficulty beautiful claire at least so far cured,1
your money s worth also claire and leon are both hot,1
claire best waifu,1
least i ❤️ leon and claire,1
i would rather just have claire s and leon s stories,1
and how they fit together claire and leon are my babies,1
holes of charisma leon and claire engage in some truly truly,1
as details with animations when claire radios someone while not in,1
focusing on either leon or claire leon s story was a,1
worth it for claire and my boy marvin,1
horror 10 hours each playthrough claire or leon and more with,1
graphics i ve only played claire s campaign so far but,1
bought it for claire stayed for leon 3,1
i plan to get to claire s path at some point,1
leon s part now for claire s,1
the story between two characters claire redfield and leon s kennedy,1
all time for me also claire is my all time favorite,1
lot of sex mods for claire and im not ashamed,1
the gameplay interesting leon and claires story are connected to eachother,1
everything about this is brilliant claire and leon have to be,1
the canonical storyline just go claire a and leon b you,1
it follows leon kennedy and claire redfield on their quest to,1
the nsfw posts of naked claire ada and mr x who,1
partner have had blast playing claire s run very energetic and,1
i have a big tiddy claire mod,1
jos banget eue claire,1
claire moans alot,1
de terminer la campagne de claire ok j ai pas un,1
claire wangi lah pokoknya,1
another one with leon and claire girl has her priorities straight,1
be replayed and considering both claire s campaign and leons are,1
protagonist is so sexy and claire too i guess,1
m looking forward to starting claire s sometime it took me,1
campaign on xbox one and claire s on pc both were,1
you decide to play as claire or leon are equally compelling,1
get to go to as claire or leon and some area,1
you choose between leon and claire and once you beat one,1
wake you from your sleep claire playthrough is little disappointing with,1
rather than playing as leon claire which to me added to,1
and graphics are absolutely amazing claire lookin pretty fire in the,1
mr x je absolutně boží claire a ada jsou hot pasáž,1
character the 2nd playthrough with claire redfield doesn t have as,1
chilling with a lot of claire and ada mod skin ͡°,1
really makes you love him claire redfield doesn t appear very,1
was much faster to do claires first and second this is,1
i m in love with claire redfield,1
claire do be fine,1
first playthrough as leon or claire there s plenty to do,1
without any specific field training claire redfield she felt more natural,1
my 2 goats leon and claire,1
have is the similarities between claire and leon s stories i,1
to play it again as claire,1
it was nice im playing claires now on the highest difficulty,1
claire motherly vibes,1
a man without playing claire part b is never a,1
kept coming back playing as claire with the military custom made,1
scenarios differ from leon and claire very few differences are apparent,1
is not the case leon claire and ada have never been,1
you play with leon or claire the game is mostly the,1
leon s play first then claire s on the second run,1
the shoes of leon or claire as you investigate what happened,1
your monitor screen hey leon claire can you just run faster,1
leon is very pretty claire is hot mr x could,1
bullet spongy at times and claire s re design seems off,1
please release claire out of her jail and,1
the original where leon or claire ended up taking a different,1
this remake turns leon and claire into scaredy ♥♥♥♥♥♥♥ that run,1
play both leon s and claire s story is pretty cool,1
between leon s playthrough and claire s so i tend to,1
mostly just 1st run as claire less than 8h and 2nd,1
leon and claire are hot,1
play as leon first before claire if you really get stuck,1
also like to add that claire and leon s puzzles are,1
claire is very good if you,1
a glow up and leon claire and ada have never looked,1
is unchanged yes leon and claire to go off in different,1
area of raccoon city leon claire were enjoyable as the other,1
claire is a great mom to,1
i love you claire 3,1
the same game twice with claire leon to get the true,1
if you did leon or claire story first it would have,1
if claire has a million fans then,1
the 1998 classic version in claire s chapter when controlling the,1
like especially that one of claire,1
will pick either leon or claire to play i picked leon,1
notes in a segment of claire s run but that s,1
i can t wait for claire s story,1
once with leon twice with claire i just happened to pick,1
and that leon s and claire s paths crossed more often,1
play with either leon or claire s story and try different,1
the story of two survivors claire and leon no matter which,1
i m going to play claire s too also going to,1
tank top claire,1
to me than most pornography claire and leon are also in,1
halls the gunplay feels fantastic claire and leon are still lovable,1
the same time i like claires story and leons i love,1
so i can move onto claire as well as play through,1
in the classic leon and claire had very different campaigns that,1
claire is the best,1
difficulty amazing voice acting especially claire s lines are delivered to,1
almost blend together leon and claire are pretty foul mouthed which,1
game perfectly reissues leon and claire of their rightful values and,1
kind of people leon and claire truly are leon kennedy is,1
i loved claire s story sm and would,1
played the first run with claire and it was really awesome,1
i love leon and playing claire is really nice too even,1
claire bark bark vark ggggggrrr bark,1
love claire s gameplay leon s story,1
mommy claire,1
on what you did as claire leon it is beautiful scary,1
remake and finishing leon and claire s scenario i can honestly,1
stop playing its my second claire run on hardcore i didnt,1
can choose to play as claire or leons perspective which have,1
enjoy it plus leon and claire kinda hot aha,1
its all about being claire she has a great ass,1
lore and both leon kennedy claire redfield campaigns are fun,1
is excellent with leon and claire even reacting in real time,1
makes a perfect lead and claire is just as great in,1
i bought this game for claire,1
claire is the best waifu 3,1
leon and claire survive evil residents in a,1
original with both leon and claire and even though many areas,1
stories following either leon or claire and both of these characters,1
version of re 2 as claire and i personally am unhappy,1
it funny that leon and claire find time to flirt while,1
even with both leon and claire scenarios but it is great,1
you really should play as claire to get the better part,1
campaigns for both leon and claire and if they had also,1
standard now i gotta do claire s,1
interaction cutscenes between leon and claire those romantic and chill vibes,1
leon 9 10 campaign b claire 10 10 overall 9 5,1
all there are two campaigns claire and leon they are similar,1
play as both leon and claire the dfference is mostly their,1
claire my beloved 3 3 3,1
leon s story but not claire s the story is satisfying,1
at it which is better claire run 1 leon run 2,1
scenarios of other potential survivors claire and leon each have their,1
tons of replability with the claire b run as well as,1
leon and his charismatic charm claire and her fluoride stare,1
but now i still have claire and a few other game,1
leon is daddy claire is mommy thanos is in,1
so the game is awesome claire s run is better than,1
are a very good remake claire leon,1
environments everything looks so good claire and leon are really cute,1
straight 10 10 even if claire s campaign could ve had,1
leon is my king and claire is kinda a complete chad,1
problem concerning leon s and claire s storylines both of their,1
revolves around leon kennedy and claire redfield they have different motives,1
love replaying the stories both claire s and leon s and,1
rank in both leon and claire s a and b scenarios,1
first day police officer and claire redfield searching for her brother,1
i enjoy it no regrets claire is my waifu now sorry,1
played through a scenario with claire once on standard difficulty and,1
claire makes me down bad,1
i had a friend like claire,1
a and b run and claire a im still getting jumped,1
to finish leon a and claire b and still have to,1
wooooo claire redfield,1
enjoyed leons story more than claires because a lot of claires,1
able to play as leon claire and ada again with modern,1
things like the level of claire s affection towards sherry doesn,1
zombies and claire s ass,1
lovers named leon sung and claire chung but claire chung s,1
s for both leon and claire and getting their infinite guns,1
leon sigma male claire wangi,1
pretty red dress lady meanwhile claire has the motherly aspect so,1
bit and also different for claire highly recommend from me,1
nothing really special i prefer claire story tho claire sherry relationship,1
go through leon s and claire s epic journey again fav,1
the two storylines i think claire s storyline is much stronger,1
good i only wish that claire and leons campaigns did not,1
mmmmmmm ada and claire,1
you would be playing with claire but that doesn t seem,1
love the lab section for claire this game can be quite,1
claire redfield is so sexy i,1
claire redfield is my wife,1
s story and halfway through claire s story and both seem,1
the second run through with claire so much i never finish,1
blast with both leon and claire the puzzles are initially challenging,1
leon claire goes pew pew,1
you do leon a and claire b like i did the,1
lieon and claire uwu,1
fun i played leon and claire stories parallel but i cannot,1
very very uhm dedicated to claire nothing wrong with some good,1
of the original and also claire s looks could be better,1
i play leon a and claire b i recommended buy when,1
i finished leon a and claire b in a matter of,1
officer of the force or claire a freelancer trying to find,1
tis good claire leon,1
lazily used this 2nd character claire so that players have a,1
very well done especially on claire s run,1
laughs at new models for claire leon mister x so what,1
between cop leon and civilian claire trying to find one another,1
once as either leon or claire is fine i found claire,1
the world of leon and claire even though it is a,1
that you can play of claire and leon which is also,1
leon and claire would make super cute babies,1
claire is a nice looking girl,1
kid holy shït leon and claire come with a tiny handgun,1
difficulty altho i recommend playing claire first hardcore is absolutely the,1
great on deck play both claire and leon s story for,1
lot just wish leon and claire don t share the same,1
leon is sexy and claire can step on me any,1
see almost no interaction between claire and leon stunning graphics that,1
the main characters leon and claire and then also has an,1
claire is just too hot,1
horror game playing leon and claire s story can kinda be,1
cool mods for ada and claire 10 10,1
i ve completed leon and claire s first playthrough s and,1
playthrough and going to finish claires once the ray tracing patch,1
leon no i want ada claire no ada nani,1
go back and play as claire now that i ve got,1
same and this bound between claire and leon at the end,1
hell yea claire goes sooooooooo hard leons hot,1
ever was very replayable as claire and leon s playthroughs are,1
inter connected to each other claire leon instead they coexist on,1
when i m playing as claire i let mr x catch,1
for the original games was claire a leon b as of,1
10 billion model swaps with claire but under those are ones,1
for this game are just claire redfield with little to no,1
both leon play through and claire play through is really great,1
game i really like when claire is playing in the tanked,1
claire cantik banget woiii,1
story very good claire and leon both pretty much,1
includes the possibility of passing claire redfield including a slightly different,1
noteworthy leon s kennedy and claire redfield have been reimagined with,1
s story is great but claire s story is just ok,1
and b with leon and claire overall this is a solid,1
i didn t even play claire s side of the story,1
day as a cop or claire the sister of the 1st,1
gameplay both leon s and claire s story is great,1
claire redfield was my gay awakening,1
both leon s kennedy and claire redfield each offering a unique,1
line is amazing leon and claire look stunning within this game,1
pee out white stuff when claire ada and leon came on,1
is different but i had claire as my second run and,1
game don t be a claire,1
and health items leon and claire as protagonists of these stories,1
claire redfield hot,1
nice if leon s and claire s runs differed from each,1
just speedrun with leon and claire for those inf weapons,1
made the new ada leon claire i prefer the old one,1
two playable characters leon and claire they both progress through the,1
have thus far only played claire s playthrough 1st time on,1
and cant wait to do claire s story next i say,1
2nd run 1 56 36 claire 2nd run 1 57 33,1
modes besides the second run claire s story part which is,1
best also this version of claire is the single worst version,1
of interactions between leon and claire in this version,1
still have yet to play claire s story and the extra,1
top of that leon and claire are so likable in this,1
to play leon s and claire s story to get to,1
excited to play as spoiler claire spoiler or vice versa you,1
with leon then moving onto claire as it s basically seeing,1
in though i did enjoy claire because while being a piece,1
it as leon instead of claire – leon s hair physics,1
enough interaction with leon and claire 2nd run scenario barely changes,1
i luvv claire,1
i was a zombie and claire would smash my face with,1
consume it has leon and claire playthrough both a bit different,1
it and in love with claire redfield,1
claire redfield is ♥♥♥♥♥♥♥ hot,1
lacking in its side scenarios claire b is the exact same,1
as leon but then as claire came he shot the zombie,1
at some parts of the claire campaing that sometimes feel like,1
claire booty,1
that the story lines between claire and leon differentiated a little,1
except for the butt chin claire s face is just too,1
about every moment i finished claire s first run and followed,1
spooky claire,1
you play either leon or claire instead of giving the players,1
it all i did a claire leon and then claire 2nd,1
to save the day and claire in this reimaging of the,1
believable with notable examples being claire leon and ada the rpd,1
sucks how both leon and claire has to fight the same,1
that i still played through claire s a scenario and leon,1
changes and weapons that both claire and leon basically have the,1
clever thinking in the original claire a run i kept preparing,1
game for both leon and claire but the real deal for,1
for rookie leon and teen claire the game is so incredible,1
nice plots phenomenal character models claire so cute,1
as two characters leon or claire leon is a rookie at,1
only here for claire and her tank top,1
and chris s lil sis claire to learn the truth about,1
game on steam to play claire s and then leon s,1
are slightly different campaigns for claire and leon whichever you play,1
revolves around both leon and claire as they try and venture,1
claire is so hot,1
spoilers ig when you play claire a you kill birkin in,1
emphasis on traditional attractiveness both claire and ada wong look genuinely,1
that it makes sense that claire is faster than leon and,1
dislike the de bikerization of claire they shoulda kept her knife,1
as well with leon and claire and also the added bonus,1
i was a teen when claire was a teen at 42,1
play resident evil 2 leon claire like that,1
can be annoying at times claires vest in her og costume,1
and finished both leon and claire s scenarios and now this,1
a and b routes for claire and leon the originals had,1
and i still have the claire story to play through not,1
leon s ass claire s,1
my first run through as claire this game definitely requires a,1
a particular character leon or claire the second run campaigns also,1
claire redfield is sexy,1
click once i had completed claire s second run once i,1
just wished that leon and claire s stories weaved together better,1
of the cast look okay claire definitely got the rough end,1
my early video game crushes claire redfield but it shall not,1
a 10 10 baddie or claire redfield,1
swooty mr x coming for claire leon booty,1
the future i ll try claire s and update my review,1
part of the story with claire,1
claire smell mod was faithful to,1
too good must continue with claire 11 10,1
yet but already simping for claire i m winning hard dad,1
to play through as both claire and leon was a blast,1
leon s a b and claire s b just in the,1
claire s ass 10 10,1
and its origins then as claire or vice versa whose story,1
get to that leon and claire both function similar to each,1
i loved it i played claire for my first run and,1
claire s side better,1
virtualy identical at the beginning claire s campaign i feel like,1
s story i went for claire story and at first i,1
especially stephanie panisello who does claire and nick apostolides who does,1
to the new area the claire change however is a 20,1
the players fault spoiler b claire portion b u character u,1
play two routes leon or claire the routes kind of intermingle,1
original looks for both heroes claire s voice is not always,1
play as either leon or claire you can also get bonus,1
get two playthroughs as leon claire and you have the option,1
after playing leon and claire s story one time through,1
through as both leon and claire to get the full amazing,1
and tons of unlockables ✅ claire is great ✅ mods ͡°,1
claire is very hot,1
game of the year choice claire x leon shipping forever and,1
the shoes of leon kennedy claire redfield in a suspenseful journey,1
am inclined to say that claire s is the better story,1
on spin off missions and claires story run makes up for,1
like to see more of claire in the newer games,1
story a leon and b claire connecting it would be perfect,1
the regular two endings with claire and leon 1st pt then,1
claire goes pew pew pew,1
and the protagonists leon and claire is as strong as ever,1
sure hope leon gets with claire in this one so that,1
i like claire s face,1
iterations in the game ie claire 1st and 2nd leon the,1
protagonist whoever of leon and claire you did not pick for,1
without guide both leon n claire survival tactics strategy,1
i would let claire do a reverse ♥♥♥♥ into,1
strengths playing as leon and claire gives you enough variation to,1
twunk cop trenchcoat daddy and claire in hd on the stunningly,1
but i hope that the claire and leon stories were set,1
and yes i simp for claire,1
the original game leon and claire scenarios were the same but,1
first playthrough and 2 hours claire second playthrough and was pretty,1
any differences between leon and claire other than different bosses weapons,1
10 game 90 claire mods,1
leon and claire don t bang,1
punch him in the face claire seem so happy living in,1
events of raccoon city through claire and leon however i do,1
hot af and so is claire note shoot the zombies in,1
first introduction to leon and claire i personally enjoy the scavenger,1
there being 2 playable characters claire leon there s a 2nd,1
claire loves leon but leon love,1
of interaction between leon and claire during the game and a,1
cheap to have leon or claire essentially walk towards an enemy,1
good bit better but the claire story isn t bad and,1
protagonist you pick leon or claire you get to witness sort,1
through on hardcore difficulty with claire game play 8 10 graphics,1
you play both leon and claire s stories back to back,1
finished leon and claire stories platform pc steam release,1
play as either leon or claire leon is a police officer,1
remake two great stories and claire is a great character,1
me so happy leon and claire look fantastic and the scene,1
thick claire mod,1
the story of leon and claire was interesting also the monsters,1
stand back claire from the hit 2019 video,1
the scenarios differ very little claire a leon b vs leon,1
series super fun great story claire and leon are super hot,1
in my second playthrough with claire camera bug that prevented me,1
and characters leon 11 10 claire is a qt will likely,1
claire and ada are hot in,1
ever played literally ever omg claires campagin made me sob i,1
this game hit different spoiler claire what tha faaaaaaaaaaaaaaaaaaaaaaaaaaaaaaaaaaack spoiler,1
far as i m aware claire and leon don t have,1
go on the slide in claire s run tho ♥♥♥♥ ♥♥♥♥♥♥,1
enjoying it so far also claire is hot,1
t beat the game as claire the clap of her ss,1
ve played both leon and claire s campaign and i can,1
in dual discs for leon claire i appreciate how the remake,1
still prefer jill sandwich to claire and aida tho,1
ve ever played oh and claire is a hotttttttttttttttie,1
claire and leon are hot best,1
this game has claire redfield in it 5 stars,1
leon kennedy and claire redfield,1
playing leon a again and claire b first i appreciate this,1
two woke cr p in claire storyline and i don t,1
remake my initial playthrough as claire was fantastic however despite my,1
use i mean something for claire or ada,1
put my adulting sauce inside claire s photonic chamber,1
claire leon and ada perfection,1
played through first run on claire and leon both stories are,1
the game with leon or claire but make sure you play,1
thoroughly enjoyed both leon and claire s story just as fun,1
gone play as leon or claire then play again as the,1
and i always play as claire and it s one of,1
play as leon kennedy or claire redfield of course i chose,1
you play 2nd run with claire that black man is hunting,1
to jump straight into playing claire s story turns out that,1
story of leon kennedy and claire redfield leon on his first,1
remakes ever made leon and claire are both great and the,1
claire is waifu,1
funny game leon and claire are pog leon kinda dumb,1
access to these rooms likewise claire will never gain access to,1
i tried to do a claire 2nd run i really did,1
a year later i finish claire s story on assisted mode,1
game ever i played as claire and enjoyed the game a,1
the weird face models of claire and leon boy those are,1
in the side characters though claire has some issues too she,1
run for both leon and claire 4th survivor and tofu mode,1
how damn gorgeous both leon claire look in this game especially,1
than scary or atmospheric however claire s story is really good,1
the main characters leon and claire i just love them as,1
first day at work and claire redfield a college girl looking,1
fourth 1 leon campaign 2 claire 2nd campaign and now 3,1
kennedy and sassy biker chick claire redfield the sister of the,1
effort into making leon and claire s playthroughs unique enough to,1
allows you to play as claire redfield and leon kennedy and,1
já sám jsem měl dohranou claire za 5 a půl hodiny,1
i want claire to run me over with,1
are awesome seeing leon and claire in updated graphics were awesome,1
man black coat hat viruses claire leon police,1
sherry so i could could claire mummy,1
more interesting locations i played claire a leon b and think,1
a university student named b claire redfield b when they reach,1
strong independent character role and claire had more of an independent,1
fact that some levels in claire s and leon s playthroughs,1
mod erect aswell 2 for claire nude mod she didnt have,1
this game disgusting outfits for claire and ada some awesome outfits,1
a 10 10 if leon claire 2 would make sense like,1
s good both leon and claire have their own path that,1
cutscenes that yes leon and claire can indeed run except when,1
hoping re4 beats it also claire is hot af 9 10,1
single run of leon a claire b 1 on the normal,1
can t wait to play claire s campaign i would definitely,1
a currently on leon b claire a and claire b i,1
it felt weird playing as claire but leons was a 10,1
in the series leon and claire are super cutie babies uwu,1
claire got dem boober,1
between 2 girls ada and claire while purging the police station,1
had his own encounters and claire should of had hers like,1
abrupt but i would let claire use my face as a,1
i like leon claire,1
endless cheap jumpscares voice acting claire story connection between claire and,1
pick leon s kennedy or claire redfield spoiler namely weapon availability,1
run of the game as claire and it s amazing cant,1
story starts leon kennedy and claire redfield as they arrive to,1
extra content and the second claire storyline which from what i,1
relive the triumph that forged claire redfield into a legend oh,1
classic skins for leon and claire which are free the game,1
so much about to play claire s side,1
whether you want to play claire or leon s story at,1
only downside is i wish claire s playthrough was a bit,1
thats make game even cooler claire and ada make game more,1
play this game and help claire continue the redfield bloodline,1
they make both leon and claire look like teenagers at first,1
i am hyped to see claires perspective,1
i finished the claire walkthrough enjoyed the game in,1
played through both leon and claire s 1st run and i,1
a fan of this genre claire is just a top 3,1
the changes in leon and claire s stories aren t massive,1
dual stories like leon and claire s actually works well especially,1
raccoon city with leon or claire just keeps this part of,1
is such a fun game claire and ada are 2 of,1
b h1 b leon and claire are back bb b b,1
i like how leon and claire despite having almost the same,1
you in leon s and claire s story and personally i,1
if i wanna play through claire s story and get the,1
claire nk d,1
resident evil 2 nokia claire redfield wallpaper 340 x 560p,1
through leon a route and claire b route,1
awesome game both claire and leon s playthroughs are,1
more information the main protagonists claire and leon are hands down,1
just awesome both leon and claire s campaign are awesome plus,1
claire is my wife,1
10 10 voice acting unfortunately claires and leons heads were missing,1
poggggggggggggggggggggggggggggggggggggggggggggggggggggggggggggggggggggggggggggggggggggggggggggggggggggggggggggggggggggggggggggggggggggggggggggg tho why does claire redfield look like zoey from,1
so solid i immediately started claire s 1st run after beating,1
is good personally i find claires run way more enjoyable than,1
the local police station and claire redfield to look for her,1
kept me hooked leon and claire are extremely likeable characters the,1
second leon should also meet claire inside the police department to,1
second scenarios for leon and claire absolute masterpiece worth it it,1
leon s story is procedural claire is more emotional worth at,1
is either as leon or claire both play through the same,1
in rpd with leon and claire come on inside to see,1
going back and replaying as claire and then playing the second,1
because i have played both claire and leon hardcore and it,1
with leon and once with claire but godamnnnnn this game is,1
claire redfield is thicc,1
the story completely when obviously claire wasn t with leon inside,1
leon and claire sexy,1
top now i am trying claire my 2nd play through,1
the modern day leon and claire are classic characters in the,1
leon claire claire leon,1
after that i played as claire on normal difficulty too not,1
but is untouched when playing claire,1
claires butt,1
of resident evil leon and claire are the most rapidly enjoying,1
s first run going through claire s now and all i,1
raccoon city chris s sister claire redfield is our action girl,1
play first leon kennedy and claire redfield depending on whom you,1
game only proves my sister claire and leon are meant for,1
in your mouth every time claire and leon see each other,1
play as either leon or claire as they have their own,1
aight so did claire run then leon run 2,1
seksual mr x dengan bantuan claire redfield dan ada wong leon,1
layout as before leon a claire b etc with plenty of,1
it and have fun with claire and leon,1
adults and leon s and claire s story s are a,1
best its gory its scary claire and leon are interesting characters,1
using leon s noir and claire s elza walker outfit,1
nanny claire,1
i have is i wish claire and leon had more chemistry,1
i completed as leon then claire and was happy to see,1
will hound both leon and claire as they try to get,1
it both as leon and claire the mods are pretty cool,1
2 scenarios the leon or claire scenario leon s kennedy is,1
a reviewer that leon and claire are the best performed and,1
claire is hot instant 11 10,1
leon s kennedy s and claire redfield s perspective offers some,1
good with two minor examples claire does something really ♥♥♥♥♥♥♥ stupid,1
can take with leon and claires scenarios in the original have,1
i only completed claire s story but i would,1
this game showcases leon and claire and has one hell of,1
few playthroughs for leon and claire nothing quite like ps1 s,1
claire a pawg mr x a,1
love fortnite yeah yeah and claire is like i want to,1
this remake so much especially claire campaign very good work and,1
questionable changes to leon and claire s relationship dynamic their respective,1
run and stupid grin that claire always has the inconsistencies in,1
immediately started second run as claire because it is such a,1
leon is a great character claire is hot ada is hot,1
see a bit less of claire and leon together than we,1
though that dang mr x claire is bae 3 https www,1
playthroughs first with leon then claire i have to say i,1
i came here for claire redfield the game 10 10,1
can choose either leon or claire but in case you are,1
as leon and once as claire its an amazing game hands,1
it s pretty well done claire and ada are bad ass,1
s kennedy and college student claire redfield come into this nightmare,1
is engaging about to start claires story,1
are top notch leon ada claire having become one of my,1
the faces of ada and claire outfit changes etc just get,1
original re2 booklet clearly stated claire was just a girl so,1
short i finished leons and claires stories in 13 hours,1
play leon 1st then do claire s 2nd run then do,1
just finished 1st run with claire and binged woah what a,1
lion atau menjadi pemberani seperti claire yang tidak takut menghadapi monster,1
to do the scernario a claire and b leon and i,1
i played leon s and claire s story back to back,1
leon is she claire kennedy yet,1
cameras barely any differente between claire a b and leon a,1
playthrough i love leon and claire they are as good as,1
game i enjoyed playing the claire s story and watching leon,1
thanks dad also leon and claire are amazing ahhh the lore,1
sexuality if you play as claire your task is to prevent,1
a huge part of that claire and leon feel so unique,1
fun play both leon and claire total win,1
can t wait to see claire s too then there s,1
leon s kennedy and baby claire redfield 10 10 one of,1
for leon s abs and claire s beauty face and x,1
x t 00 i love claire redfield and leon s kennedy,1
be played as leon or claire and although they differ on,1
to finish leon s or claire s part then you have,1
the game and started my claire a playthrough i was absolutely,1
you to ♥♥♥♥ my sister claire if its not wong its,1
the raccoon police department b claire redfield b a teenage woman,1
the adventure of leon and claire in raccoon city i highly,1
10 and plan to complete claire s storeline next,1
creating the characters of leon claire and ada sound music 10,1
your 2 main characters both claire and leon stories are actually,1
claire is very thicc and bussin,1
and younger sister of chris claire redfield where there are thrust,1
it means getting to sniff claire s sweaty armpits after escaping,1
went with leon instead of claire because he is bae and,1
to date i really enjoyed claire s storyline specifically with sherry,1
can play with leon or claire both have different gameplay i,1
rounds soon love ada and claire 3,1
spine will definitely be revisiting claire and leon s story multiple,1
example spoilers mr x in claire s story dies to william,1
claire make me wanna scream and,1
done one playthrough so far claire and have just started another,1
i beat both leon and claire s story s in about,1
i m glad i did claire redfield is my favourite character,1
persepective and the other for claire s perspective you have to,1
the ps4 version 2 words claire mods,1
as i moved on to claire b etc he had more,1
down mama wig snappery and claire the ♥♥♥♥♥♥♥♥ cuty queen slays,1
account offline play as both claire and leon for the full,1
i loved leon s and claire s side of the story,1
non stop i am starting claire s side after i get,1
claire s ass,1
a story about claire and the journey to continue,1
personally completed my first playthrough claire in around 4 5 hours,1
husband leon and the hottie claire the tyrant is a scary,1
a single playthrough leon and claire should bang maybe look up,1
atmosphere the setting leon and claire are put in makes this,1
played as either leon or claire and remains mostly the same,1
either play as leon or claire each story has some variation,1
that i have only finished claire s campaign which i think,1
play as leon kennedy or claire redfield they both got they,1
play through it with both claire and leon to squeeze out,1
of vanilla runs start modding claire tee hee at some point,1
you play as leon and claire 2 survivors of the zombie,1
were what is happening with claire s face shes got some,1
oh and the bowgun for claire got cut too which totally,1
a bit less stressful than claire s but still an exciting,1
paths as both leon and claire with a 2nd run enabled,1
do one play through with claire and then 2nd run for,1
the story of leon and claire struggling to survive in a,1
different characters to leon and claire or hunk even this game,1
classic resident evil leon and claire s parallel journeys through the,1
tense atmosphere a likeable protagonist claire not sure about leon i,1
claire looks like a duck 10,1
game i have olny played claire s story but i am,1
story finds leon kennedy and claire redfield in racoon city following,1
to appreciate it leon and claire are back exploring the bowels,1
year ago leon a and claire b and recently decided to,1
boobs are too big and claire s ass is too small,1
can play as leon and claire and their stories which you,1
level layouts ✔ leon and claire s dual campaigns offer replay,1
s a second playthrough for claire too although the puzzles were,1
allow to start as leon claire but same scenario 🔊 2nd,1
run when you play as claire is very similar and has,1
t completed leon s or claire s storylines however i am,1
leon s side but never claire s which is a little,1
play as claire first,1
playthrough for both leon and claire,1
to be quite sudden for claire s story anyway leon s,1
porém praticamente iguais leon e claire o ambinete de terror é,1
two main characters leon or claire and when you finish main,1
the choice of leon or claire while the first game had,1
s campaign first followed by claire s 2nd run,1
grapfic and the story btw claire soo sexy hahah dont think,1
different stories leon s and claire s both are good and,1
with it leon s and claire s routes intersect in many,1
of the story leon and claire is great overall the game,1
after finishing both claire and leons campaign i have,1
claire thiccfield,1
played through both leon and claire s stories in about 17,1
story arcs with leon a claire b and claire a and,1
gud game leon and claire goud,1
leon plz sexe with claire chris wan be uncle,1
all over again maybe with claire she s hot why didn,1
4 campaigns to play but claire s campaign is 80 identical,1
and tugging it to a claire lewd costume mod,1
example on leon storyline meeting claire outside the gate near the,1
you play as leon and claire as they survive the racoon,1
also as an added bonus claire s redfield va is the,1
the connection between leon and claire in old edition than this,1
getting ready to dive into claire s side of the story,1
and to master speed run claire redfield is waifu and praise,1
nemesis should have been r3make claire s and leon s unique,1
modified and expanded upon a claire sherry only orphanage section has,1
played this i played as claire in my first playthrough and,1
explore the characters look amazing claire is beautiful and well acted,1
great story at least on claire s side good gameplay and,1
overacted story i played the claire campaign first which i liked,1
a great job of making claire and leon feel distinct in,1
2nd playthrough right now with claire and i ve got to,1
games in 1 leon and claire stories only negative for me,1
campaigns featuring either leon or claire as the main character that,1
4th time through s rank claire b on standard and i,1
few 15 minute breaks during claire s campaign,1
imma do my playthrough as claire,1
on 2nd run and on claire to see what changes but,1
a play through with both claire and leon however i just,1
game especially with the nude claire mod,1
i liked leon re4 and claire re2 revelations but here they,1
the first game i sister claire redfield the game begins at,1
playing with either leon or claire all in all it is,1
characters i love leon and claire i enjoyed that they both,1
the 2b outfit mod for claire btw those shiny buttcheeks jiggling,1
a second run game as claire after beating first run on,1
of the story of leon claire and sherry introducing them into,1
playthrough was as third person claire now i am running both,1
in hd with leon and claire the story is faithful to,1
still haven t played through claire s story which is another,1
20 hrs for claire s hardcore really worth it,1
just finished playing through as claire 8 10 replaying this game,1
play 4 different story scenarios claire and leon s first run,1
of 2 characters leon or claire once you complete your 1st,1
sure this same applies to claire s run except with hers,1
than 6 times for both claire and leon in both runs,1
i won t lie the claire mods make this re playable,1
10x the content and has claire redfield in booty shorts,1
game and once i finish claire s story i will be,1
claire hot asf,1
the aforementioned games especially on claire s route but it feels,1
enjoy those water jugs of claire disappointed ▱˘︹˘▱,1
and a really good ending claire,1
i beat claire s and leon s stories,1
barrys magnum as replacer for claire s upgraded sls gun and,1
i loved both characters leo claire are so lovely i wish,1
either play as leon or claire and see what they will,1
with their original portrayal meanwhile claire claire sucks i dislike her,1
claire っ˘ω˘ς,1
it is weird to hear claire and leon swearing during cutscenes,1
to play through again as claire that stomping noise will probably,1
the storys leon s and claire s are really good i,1
fan favourite s leon and claire the gameplay is what you,1
to play as leon or claire and that s 1 path,1
games main protagonists leon and claire are characters that quickly grow,1
is about leon kennedy and claire redfield meeting up at a,1
choose to play leon or claire first i highly recommend playing,1
claire sandwich i am very excite,1
and you can pick either claire redfield or leon kennedy to,1
luego el primer run de claire en 13 hs probé la,1
survival horror i played both claire a and leon b in,1
him fully realizing it to claire the spunky heroine with a,1
you wants to play between claire or leon and you should,1
2nd character either leon or claire is very lazily made except,1
thankfully you can also play claire campaign,1
claire mods,1
biggest differences is that leon claire a route and leon claire,1
mode for both leon and claire on both scenarios all i,1
on leon and twice on claire hardcore once on both and,1
follow leon s kennedy and claire redfield as they meet up,1
get it for the naked claire mod other than that it,1
the graphic definitely beautiful especially claire ͡ ͜ʖ ͡°,1
absolute masterpiece 💖 claire is so cute 💖 best,1
story line where leon and claire story is after carlos when,1
leon s double chin and claire s baby face model so,1
the nostalgia i just finished claire s campaign and passed through,1
some differences in leon and claire s campaign they changed it,1
modes are for leon and claire there is two runs each,1
2 play it leon and claire have way more depth than,1
like the new model of claire redfield,1
perspectives while occasionally bumping to claire leon i was quite excited,1
original release both leon and claire get to have part a,1
both the leon a and claire b scenarios and i have,1
campaign as both leon or claire but there is so much,1
horrors of raccoon city also claire redfield my beloved 3,1
the game as leon or claire first the two have slightly,1
mix of action and horror claire s campaign has one rather,1
i leon i or i claire i and whilst both of,1
am planning to play as claire for my second run i,1
of a challenge play as claire she adds a aspect to,1
with leon next played with claire on standard in 13 hours,1
at least twice one as claire and once as leon any,1
times with both leon and claire including hardcore mode b modes,1
original music besides leon and claire are old friends and see,1
better than re3 remake both claire and leon are adorable unlike,1
that i finished it playing claire and it will take me,1
you play as leon or claire in their journey through raccoon,1
system spent 8 hours on claire a ready to spend another,1
runs for each lean and claire once i completed my play,1
too please i wanna see claire after racoon city incident saya,1
and actually make the leon claire different routes feel connected none,1
had the chance to play claire s side since my leon,1
t love leon and also claire,1
the beginning of leon and claire s story as they arrive,1
hours im trying to finish claire s b scenario this game,1
differ between leons playthrough and claires playthrough i personally love the,1
claire best waify,1
running around as scantily clad claire,1
you get to play as claire and leon on the other,1
claire looks cute edit nude mod,1
claire is hot pepehands,1
that both leon s and claire s story are very similar,1
to keep it fresh play claire leon 2nd run for the,1
finished fairly quickly i think claire has the better story and,1
i prefer leon b and claire b list graphics are amazing,1
story with either leon or claire and alternate gamemodes like 4th,1
s part of life also claire and leon are really cute,1
leon and claire should ♥♥♥♥ hard,1
game and when playing as claire you re treated to a,1
af replayability is great and claire is cute cute cleon 4ever,1
re2 i played both leon claire campaigns and appreciated the differences,1
leon a little girl claire though claire is the og,1
kinda looking cool though love claire too theyre both great,1
accessed by either leon or claire it did not bother me,1
♥♥♥♥♥♥ claire 20 20 wood eat burgar,1
lucky one shot leon and claire had different scenario through my,1
play loen first and then claire i really really really recommend,1
is incredible both leon and claire are great characters great graphics,1
scenarios played out with both claire and leon and their respective,1
my thoughts claire is hawt the end,1
easily hated especially the protagonists claire being one of the best,1
run a as leon or claire then b is the same,1
leon kennedy or college girl claire redfield some noob nobody and,1
different and as intertwined as claire a leon b and leon,1
difficulty characters lack development but claire and leon are still likeable,1
which you can do as claire or leon you can then,1
u will need to play claire a e leon b,1
i recommend using claire katz mod on with more,1
engine play as leon or claire and navigate the rc police,1
only when you play as claire first and leon second other,1
spooked the entire time with claire as i had learned much,1
around stories for leon and claire are different i recommend this,1
and then get back to claire s stroy hats off to,1
vary good game 10 10 claire bad,1
speedrun of the leon and claire b runs on hardcore and,1
day goes to hell meanwhile claire must protect some random child,1
replayed as either leon or claire with new elements of the,1
sorry unpopular opinion i know claire is so much more interesting,1
started a new one with claire to play the game all,1
two different characters leon and claire 	i thought it was a,1
on everything played leon a claire b on normal apparently i,1
all whereas the dynamic between claire and sherry was done really,1
challenging just about to start claire s story as i just,1
opinion update the mods for claire are amazing which makes the,1
the police station leon and claire are both charismatic and full,1
of a remake ada wong claire redfield and the other characters,1
more than 10 times mostly claire s campaign because i am,1
two play through leon or claire a this may sound confusing,1
and 6 month later with claire memorable experience i recommend to,1
any way why doesn t claire just call chris cell phones,1
were good i played through claire s story only i d,1
the leon 1st playthrough into claire 2nd playthrough and experienced the,1
working through my second run claire s b campaign on hardcore,1
choice to play leon or claire your player makes a stop,1
is similar to the original claire redfield and leon kennedy arrive,1
the old games leon and claire are some of the best,1
so you must play both claire and leon to understand everything,1
control of both leon and claire who are tasked with escaping,1
to play are leon and claire but depending on which one,1
whether you opt to play claire or leon the story differs,1
one of my favorites also claire and leon are hot which,1
a tiny bit more than claire s but i feel they,1
back to it but then claire caught my eye her design,1
sister and a fan favorite claire redfield after the uss alpha,1
swish of fabric physics on claire s shorts—or leon s tactical,1
claire redfield is better than leon,1
story of the journey of claire redfield a college student looking,1
see how i will pass claire the story of my life,1
claire the best character,1
would have liked it if claire and leon s playthroughs were,1
when should walk next me claire me take screenshots,1
story but i stopped with claire since it was too similar,1
this case leon s or claire s life oh and anatomically,1
day on the job or claire redfield a sister looking for,1
though the game again with claire but i found out that,1
cop leon s kennedy and claire redfield as they try to,1
2 protagonists leon s kennedy claire redfield who finds themselves in,1
fear and suspense leon and claire s journey through the zombie,1
won t be leon and claire ada s theme and one,1
disconnected feeling between leon and claire story as if both exists,1
the price playing through both claire and leons story line claire,1
single night in raccoon city claire meanwhile slides in as the,1
play in the narrative of claire or leon without the two,1
game where you communicate with claire i understand they re trying,1
my 2nd playthrough first with claire that i hadn t even,1
playing as leon and then claire and vice versa i didn,1
game as lean or as claire each of them have different,1
2000 s leon ada and claire are all very appealingly portrayed,1
claire step on me,1
excellent job making leon and claire sound very natural looks great,1
is pretty forgettable leon and claire barely interact with each other,1
graphics are great i played claire s story second it seemed,1
s story but will start claire s story very soon and,1
between twink leon kennedy and claire redfield really seals the deal,1
đó nhưng tôi nghĩ vú claire nên to hơn tí với,1
either leon s kennedy or claire redfield the famed chris sister,1
of real story pertinence with claire and leon sides i so,1
10 hours but now its claire time and both of them,1
leon is not black and claire s pronouns are not she,1
finished my first playthrough as claire i am really looking forward,1
told and tailored leon and claire are always after something and,1
integrate between leon s and claire s path spoiler then this,1
around the police station both claire and leon are fun protagonists,1
sh t when playing for claire in next time make sure,1
the performance the actress of claire though she is very cute,1
of weak or at least claire s 2nd run did i,1
routes one for leon and claire and both paths are intended,1
perspectives for both leon and claire was a good one but,1
claire is a baddie pppp,1
my only complaint is that claire and leon s scenarios are,1
to jump back in as claire,1
spent with the first playthrough claire s and have nearly completed,1
when on sale finally played claire a and leon b good,1
on your toes leon and claire playthroughs are different in interesting,1
is natural i recommend a claire story on assist easy to,1
different for both leon and claire to at least about 30,1
i finished both leon and claire storylines and going to re,1
playable characters leon kennedy and claire redfield are well written and,1
it s good claire s and leon s story,1
still enough to matter tho claire and leon also fight most,1
kennedy and a college student claire redfield as they attempt to,1
boring boss fights and weird claire face remodeling she looks nothing,1
sexuality over this sexy bastard claire sucks and is stupid i,1
playing from both leon and claire s perspective now capcom please,1
pretty much all about playing claire or leon and have some,1
is fantastic and other than claire s face edging toward the,1
know what you re doing claire and leon s playthroughs are,1
the better selection weapons but claire also get the great weapons,1
played leon scenario a and claire scenario b at the moment,1
the playstation 1 leon and claire are visiting raccoon city and,1
i started the game with claire and just adore the red,1
either play as leon or claire the two protagonists in the,1
claire redfield several hours into the,1
to another play through as claire,1
i m currently playing through claire s 2nd run mode and,1
the zapping system or the claire a b leon a b,1
though and there is still claire s story second run for,1
runs as either leon or claire i prefer leon s run,1
first and then switch to claire the game plays very well,1
a already done by either claire or leon is being done,1
original for both leon and claire as a result a minimum,1
managed the second part was claire s side and this is,1
the connection of leon and claire,1
minute of it will play claire story,1
enjoyed this one played through claire a b and leon a,1
claire is bae,1
10 10 would play naked claire modded campaign again,1
second character in my case claire why because the story missions,1
starting my 2nd run with claire but this is a really,1
s campaign once and started claire s as of this writing,1
game with both leon and claire you can play 2nd run,1
either leon scott kennedy or claire redfield as they try to,1
campaign modes with leon kennedy claire redfield and a slew of,1
didn t write notes to claire because we played a whole,1
campaigns leon 1 and 2 claire 1 and 2 not to,1
look great with some exceptions claires face sometimes becomes uncanny valley,1
m still having fun as claire this run d,1
m about to start playing claire s story amazing graphics first,1
or differentiation between the leon claire story besides a few weapons,1
disliked the x encounters with claire for some reason they always,1
playthroughs you can do with claire and leon is awesome and,1
through both story lines with claire then leon the early games,1
and cannot wait to complete claire s maybe i ll even,1
campaign i went straight into claire s this time with a,1
characters leon s kennedy and claire redfield as both of these,1
a 2nd run i did claire a and leon b the,1
leons first playthrough almost through claires and planning on playing the,1
fantastico começando a campanha da claire aqui xd,1
a classic masterpiece with leon claire raccoon city and all that,1
through leons first run and claires 2nd as of this review,1
two perspectives leon s and claire s each with two variations,1
changed barring their final fights claire and leon fight the exact,1
too few timeline interactions between claire and leon that s it,1
is that the weapons for claire can get annoying with 3,1
disappointed that they made the claire and leon campaigns more homogenous,1
all four scenarios leon a claire b and claire a leon,1
same story from leon and claire a definite grab on sale,1
did was have leon and claire in contact with each other,1
incredible claire is bad,1
complain about one thing okay claire s face is just strange,1
to start with leon or claire they each have a bit,1
2 main stories leon and claire finishing them opens up the,1
an idea of leon a claire b or claire a leon,1
obv reasons but i thought claire was annoying asf and i,1
outs of the game both claire s and leon s stories,1
and the roughness values of claire s iris the facial animations,1
cutscenes are different besides leon claire having their own story specific,1
through both leon s and claire s campaign and starting my,1
to play as leon or claire add replayability to the game,1
the game until i played claire s story and on the,1
idea of giving leon and claire their own individual stories i,1
the very capable leon and claire the replayability is off the,1
i ve done is played claire a had a great time,1
refered as scenario a leon claire this is the full length,1
a campaign for leon and claire an alternate 2nd campaign for,1
the good claire redfield is hot the shooting,1
thought that as i started claires campaign we would experiencia different,1
the game all over as claire now since im uncertain about,1
recycled story for leon and claire would it kill the developers,1
some areas that leon and claire use oh boy the game,1
leon s story is great claire s felt like laziness,1
s in both leon 1st claire 2nd runs better than re3,1
2 main characters leon and claire this determines how your routes,1
version plus ada wong and claire redfield are so sexy but,1
their a counterparts and also claire a leon b ie the,1
for my first run and claire as my second run this,1
justice gotta love leon and claire,1
little bit ago i finished claire s path saw what is,1
amazing game i loved both claire s and leon s normal,1
isn t exactly wide albeit claire and leon have a separate,1
1 thing i didnt like claire and leon story road doesnt,1
runs for both leon and claire and i absolutely had a,1
a hot female lead or claire valentine,1
of playing as leon or claire both of these characters have,1
i still have to finish claire s but i don t,1
from leon s kennedy or claire redfield one detail that you,1
series veterans leon kennedy and claire redfield whilst they embark on,1
like to see leon and claire died with a zombie monster,1
leon and claire xbox playstation where am i,1
ve only played through as claire once but i m looking,1
leon and 2nd run with claire on standard difficulty so far,1
really looking forward on doing claire s campaign next as for,1
while i wish leon and claire s campaigns had a bit,1
just wish leon s and claire s stories were a bit,1
both initial story modes and claire s b run on standard,1
pretty good claire thicc af moaning,1
point that both leon and claire s stories feel very similar,1
enough of it leon and claire s campaigns were both exciting,1
started a new game with claire i just feelt overwhelmed because,1
of continuity between leon and claire s story lines however the,1
to play both leons and claires story is so much fun,1
important beat leon s or claire s run through before you,1
play as iconic resident characters claire redfield the sister to chris,1
leon and second run as claire i felt like i was,1
hell is up with you claire redfield this game is purely,1
you basically get leon a claire a with both doing the,1
play as leon or as claire you ll get to experience,1
fractures the immersion leon and claire prolly crapped and peed themselves,1
hardcore scenarios for leon and claire and to coincide with the,1
the two characters leon and claire are both unique and their,1
i started the campaign as claire and then leon second its,1
play through both leon and claire s campaigns at least once,1
this game imo but whatever claire feels more like a hero,1
gas station where i as claire learned of the outbreak to,1
missed the zapping system where claire and leon story is happening,1
games with idiotic scenarios example claire and leon can t get,1
must pick one ada or claire 10 10,1
make it more enjoyable naked claire anyone,1
was good but the whole claire story being different is pretty,1
to finish it and play claire s,1
leon a rookie cop and claire sister of chris redfield from,1
do feel like leon or claire got there first and took,1
negative opinion for leon and claire s parallel scenario which quite,1
good game but should make claire s story more different than,1
i felt more stress playing claire s than leon s cant,1
play as leon claire sucks,1
so many times leon a claire a and b played with,1
pensando continuar con la de claire,1
it seems that leon and claire act like npc and not,1
first runs as leon then claire and then did a b,1
leon on 2nd run or claire on 2nd run,1
complete my first run with claire the game was awesome many,1
among that fbi agent even claire somehow but it s ridiculous,1
if birkin kills x with claire then how does leon fight,1
well characters being leon and claire that also come with unlockable,1
do to combat the outbreak claire redfield a university student according,1
im about 7 hours into claire s campaign and i cant,1
s story first turns out claire s story is easy as,1
they used for leon and claire nor do i like the,1
play i one i pick claire s it s got the,1
claire never lie to him good,1
for the fact that both claire and leon s progress throughout,1
any intertwining between leon and claire s story ada s segment,1
true ending beat it as claire first and than leon and,1
the most amount of playtime claire redfield s story on the,1
have four main game modes claire a claire b leon a,1
i only did it with claire shooting and horror games are,1
in my first playthrough with claire i was scared annoyed and,1
and i wish leon and claire interacted with each other more,1
with a rocket launcher while claire s strapped with revolvers a,1
but i actually really like claire s design she s only,1
story 8 10 hot af claire 100 0 00001 ps check,1
be that leon s and claire s scenario b is exactly,1
scenario a and b for claire if you ve already played,1
somewhere in the middle of claire s either way the reboot,1
i still have to see claire s side of the story,1
both main characters leon and claire and sub characters ada and,1
h2 story h2 leon and claire arrive in raccoon city on,1
the parts of leon and claire one last thing to tell,1
wrong however the playthroughs for claire leon don t have that,1
wait to hop right into claire s story before re3 comes,1
both playthroughs leon a and claire b or claire a and,1
to similar storylines of leon claire the boss fights are technically,1
this game twice leon a claire a and it was a,1
reins of leon kennedy and claire redfield in the start of,1
cop leon and college student claire sister of chris redfield regardless,1
with leon and one with claire and their second runs however,1
from 2 perspectives leon or claire with their own different features,1
game bonus beat either leon claire s first run through to,1
bad scenario no coherence between claire s and leon s some,1
in the day cleared with claire and leon now working through,1
hype you play as either claire or leon depending on what,1
just cleared the sewers on claire s a scenario has been,1
out you ll see leon claire facial expressions of aching pain,1
are almost identical and even claire and leon s campaign are,1
female characters in this game claire is a great character with,1
campaign but i am sure claire s won t be so,1
one 2 characters leon or claire and sherry or ada but,1
t been fixed for example claire when damaged down to caution,1
campaign including leon s and claire s intertwining a and b,1
in the same sequence as claire except for g4 spoiler but,1
seat playing standard mode on claire s campaign i finished the,1
two main characters leon and claire whom you pick at the,1
remake ever but i wish claire had her original outfit and,1
now i am working on claire s side of the story,1
from both main protagonists leon claire to minor characters such as,1
with the two character modes claire leon you can extend your,1
too similar between leon and claire which is a bit disappointing,1
convincing the models on leon claire and the other humans are,1
leon and rolled right into claire s story both were great,1
during my first playthrough as claire breaking windows getting back up,1
end of both leon and claire that breaks a little continuity,1
game as both leon and claire over a single long weekend,1
from the walking dead and claire looking like a barbie dressed,1
play as either leon or claire both games have a second,1
and i m working on claire s right now the changes,1
i beat the game as claire i didn t have a,1
excels ex 1 leon and claire have communiction on the original,1
protagonists leon s kennedy and claire redfield leon is on his,1
leon is still cool and claire is also still cool really,1
ways or both leon and claire fighting the same bosses and,1
i ve finished my first claire run with an ada head,1
you complete both leon and claire s story the game is,1
plot hole between leon or claire story perspective resident evil 2,1
claire is a bumbling idiot but,1
the main characters themselves leon claire have been changed so much,1
played as claire and loved it everything about,1
that both stories leon and claire aren t in sync like,1
play through play as either claire or leon each character has,1
clues of the outbreak with claire redfield play it with suspense,1
day in raccoon city and claire redfield a determined survivor searching,1
providing mods to fix up claire leon isn t as bad,1
there were more differences between claire and leon s scenarios the,1
by spoiler birkin spoiler in claire s scenario yet showing up,1
of survival horror action zombies claire s ass or all of,1
fascinating story both leon and claire though there are small inconsistencies,1
for both scenarios leon or claire which is the perfect amount,1
to each of the campaigns claire and leon share most of,1
feels weird when leon and claire acts like friends when they,1
race leon s kennedy and claire redfield are back looking better,1
the dialogue between leon and claire i know this big of,1
claire is mega hot,1
raccoon city leon kennedy and claire redfield each with their own,1
it could still chew on claire s sweet supple ankle the,1
claire katz titty,1
hours difficulty normal playthrough 2 claire gameplay time 6 hours difficulty,1
turns playing as leon or claire and eventually we hit the,1
best example of this is claire s two pistols both use,1
in under 6 hours the claire campaign will be anywhere from,1
used to have leon and claire seem to interact with each,1
the 2 leads leon and claire there s really only one,1
ready to jump straight into claire s story,1
mr x smacks claire around like an alcoholic husband,1
hours and my second run claire a took a little over,1
mission after both leon and claire story are completed verdict 9,1
a does not correlated to claire b in original game you,1
finally finished both leon and claire campaigns and all i can,1
with elza walker costume for claire and perhaps the only really,1
second issue characters leon and claire play for the most part,1
my review when i play claire s this game is probably,1
finished leon on first play claire b story next this game,1
side of the story is claire redfield list claire is established,1
cool i have not played claire s yet but i am,1
was that the leon and claire scenarios had way too much,1
all my expectations although both claire and ada redesigns are still,1
at first and then unlock claire redfield at this point i,1
claire is qte,1
accident that separates leon and claire you even get to hear,1
this was also fun wished claires story was more different as,1
story s are good but claires is a lot shorter,1
and over some cons remodeled claire redfield has a sort of,1
♥♥♥♥♥♥♥ claire redfield the survivor of raccoon,1
are number 1 leon and claire have been so well portrayed,1
claire s story is unnecessary,1
played as leon ada and claire too plus bonus storiez how,1
either 1st or 2nd run claire and leon barely have any,1
for leon a b and claire a b then 8 were,1
re 4 but i know claire s missions have escort quests,1
i need to play from claire s pov,1
story look forward to playing claire s story after i finish,1
liked it i played as claire and the scenes with sherry,1
fight atleast another boss before claire s minigun birkin fight on,1
claire dummy thic,1
only minute differences leon and claire also barely interact throughout the,1
after completing both leon and claire s 1st and 2nd runs,1
i have a question for claire a b and leon a,1
through as either leon or claire and experience different perspectives of,1
through as both leon and claire really excellent graphics gameplay and,1
great visuals great stories from claires leon s point of view,1
great game but leon and claire now fight with same william,1
played through both leon and claire s campaign and both are,1
first as either leon or claire your choice the protagonists then,1
of the original re2 and claire s low poly model from,1
campaign give me leon and claire as well as my items,1
different with more interactions between claire and leon the game does,1
and am currently going through claire s now i am enjoy,1
i play as leon and claire it was pretty cool,1
b scenarios of leon and claire i don t mind the,1
but when i played as claire using the ‘2nd run feature,1
opposite right if you choose claire instead of leon on your,1
there was more interaction between claire and leon and the zombies,1
x tips his fedora to claire m lady mr x can,1
you get to control leon claire for the first time it,1
my first play through as claire and i m doing my,1
i have to say that claire s scenario was probably my,1
i love ada i love claire,1
this point i finished with claire and started another play through,1
you play with leon and claire,1
justice i love it and claire redfield was my hero growing,1
anything crazy happens as 2nd claire on a semi unrelated note,1
it its actually why the claire route is probably my favourite,1
more interactions between leon and claire and differentiation between their campaigns,1
vezes no ps4 lado a claire e lado b leon e,1
to go back and do claires story so i can get,1
go through with leon and claire and witness all the story,1
perspective no matter what happens claire and leon have the same,1
there was more interaction between claire and leon but besides that,1
nesse parte 2 com a claire parei de jogar não fazia,1
good • play as either claire redfield or leon kennedy after,1
hardcore player 2nd story both claire leon not complete it not,1
well gameplay you play as claire or leon and solve numerous,1
abrupt but have only done claires and there is a second,1
new face models i felt claire looked a bit jarring at,1
repeat playthroughs of leon and claire and playing both is necessary,1
playing through both leon and claire s campaigns don t feel,1
for leon and 7 for claire but the game is not,1
because when you play as claire you get a different experience,1
replaying for the sake of claire,1
original re 2 leon and claire s story could be more,1
t seem like leon and claire are running around the same,1
bunny playing the game completed claire s run once and itching,1
with the other character leon claire several monsters from re2c do,1
out whether you play as claire or leon don t expect,1
through both leon s and claire s cutscenes put together into,1
is objectively a downgrade leon claire s original alt costumes were,1
they remade the entire thing claire is my all time favorite,1
claire is so hot especially in,1
whether you choose leon or claire for your first playthough will,1
m 8 hours deep in claire s and i m heading,1
the two stories leon and claire runs are nearly the same,1
me were chief irons and claire s i ll get you,1
at cutscenes no difference is claire s or chris s runs,1
claire s face looks more terrifying,1
trembling around both leon and claire has different path and playstyle,1
cool loved both leon and claire s pov weapons are fun,1
good old memories claire looks very pretty ada wong,1
actors the new ones for claire and leon leave a lot,1
to the scenario b of claire the two protagonists and claire,1
as leon and 2 x claire each play through of the,1
after beating leon s and claire s story i must say,1
leon who is she claire she s sherry leon okay,1
the game because i found claire attractive and thought if i,1
so you can 100 everything claire 1st leon 2nd is canon,1
pretty scary zombies pretty scary claire is hot,1
nice as the original also claire has bigger boobas,1
keep you occupied leon and claire additional game mode quite a,1
that both storylines leon and claire are barely different still a,1
scenario a of leon and claire are so well done that,1
naive as he was before claire is more personable and grounded,1
dust or you play as claire redfield the sister of boulder,1
ending the last ending with claire was soooo good and satisfying,1
encounters or lack of between claire leon its just wrong i,1
is very little interaction between claire and leon in this game,1
as leon s kennedy or claire redfield and some extra gameplay,1
thought was fine the alternate claire leon campaigns mean that there,1
optimized i wanted to relive claire s story but after about,1
this time around i chose claire and then leon for my,1
which is fine leon and claire s story don t often,1
character well say goodbye to claire until the end where she,1
to his first job or claire leon s co worker chris,1
claire is so cute รีเมคเกมส์ในตำนานที่ทำออกมาได้ดีมากจริงๆ ทั้งกราฟฟิค,1
game made my cry when claire was chopped off by a,1
just as having leon and claire fight the same bosses all,1
the interactions between leon and claire were more meaningful and prominent,1
visual horror you play as claire redfield trying to find your,1
of the situation leon and claire were in it instead i,1
in extremely excited to play claire s story and all the,1
with this game is that claires and leons campaigns don t,1
do the 2nd run as claire but might play it anyway,1
scenario where you play as claire is exactly the same with,1
fact in this new remake claire and lion intersect twice at,1
reshade fix brightness mod fix claire made more beautiful and fix,1
hardcore first playthrou was with claire on medium or normal mode,1
s story and all of claire s 2nd run the second,1
your ass and the leon claire doesn t match very well,1
medicine and others leon and claire are both extremely cool characters,1
running but not leon or claire sometimes you ll feel like,1
one another leon a affect claire b claire a affect leon,1
limited interaction between leon and claire if you didn t get,1
disappointment b i imagined that claire and leon s story was,1
days i felt leon or claire impacting the world around them,1
tyrant he just dies in claire s story and survives longer,1
with leon a b and claire b a decent replayability and,1
re imagining rejoin leon and claire as they fight to escape,1
year 2019 finally did my claire play through as of 12,1
play a second run as claire you revisit the same buildings,1
noodz mods for ada and claire so i can really love,1
this day i played both claire and leon s storyline and,1
two characters you can play claire and leon it s not,1
why won t you die claire behind this mask there is,1
the original overlapping storylines of claire leon which would also change,1
too two campaign playthroughs with claire and leon plus an additional,1
possible 8 awaits with the claire playthrough and i m looking,1
here the fact that neither claire s nor leon s campaigns,1
leon bien la parte de claire tiene fps drops que llegan,1
story you choose leon or claire as protagonist they start separated,1
pandang cerita dari karakter lainnya claire merasa cukup aneh karena apa,1
both scenarios for example playing claire a leads to mr x,1
to be desired as both claire and leon routes are essentially,1
feeling controls cons leon and claire s stories must both be,1
not awesome because the new claire i hope jill does not,1
i still need to start claire s campaign i give this,1
with chris redfield s sister claire depending on who you end,1
leon and claire or leon and ada,1
the 2nd run mode with claire soon optimized well and good,1
maybe leaving a gun for claire or certain helpful items at,1
me a noble chair pros claire is one of very few,1
two slots for leon and claire and don t forget that,1
should be but limp plumped claire might not stand the test,1
encounters this person but then claire also kills the same boss,1
you play as leon or claire you find yourself in the,1
i have done leon a claire a there are still the,1
so good that i want claire to use my face as,1
naked claire mod dang anyway i m,1
out the ph adaptations of claire riding her motorcycle,1
about to start up the claire side of things would definitely,1
up passing through i meet claire and this fbi agent named,1
played game mode b claire i liked it not an,1
it again i played the claire and leon part i don,1
it features two playable protagonists claire leon on their intersecting quests,1
of the old character leon claire new character model seem not,1
raccon city meanwhile leon and claire were killing zombies and resolving,1
the main story of both claire and leon and i really,1
very easy and the leon claire a b campaigns do not,1
you play as leon or claire in the zombie infected city,1
the right after you meet claire again mr x can be,1
the game is that the claire and leon stories seem to,1
a lack of leon and claire interactions in this game it,1
started with leon but preferred claire s weapons in the second,1
two perspectives leon s and claire s i just finished leon,1
of leon scott kennedy and claire redfield as they escape a,1
i prefer ada wong to claire redfield,1
leon and claire character design is absolutely top,1
b scenarios both leon and claire do same puzzles same bosses,1
but deep down i hear claire and leon say each others,1
the companies for leon and claire are not much different mostly,1
the movement of leon or claire or the use of the,1
it only got it cause claire,1
original leon has nice hair claire has a nice smile birkin,1
a and then play with claire side b there are parts,1
this game is sublime and claire baefield and beon kennedy are,1
terror of t virus leon claire and the hot red dress,1
all of leon s and claire s campaign he was previously,1
graphics bonuses maps are useful claire nude mods clever usb location,1
of replayability with leon and claire having 2 different playthoughs each,1
and b with leon and claire 4th survivor or tofu survivor,1
pretty much every single encounter claire and leon have in the,1
weird is young leon and claire redfield as they look like,1
you get to play as claire redfield and leon s kennedy,1
lack of interaction between leon claire and rushed b scenario this,1
some small inconsistencies between leon claire s campaigns sound design 10,1
still needs to do a claire play though but i highly,1
claire s the most beauty that,1
canon scenarios for leon and claire that fit nicely into each,1
you can do as either claire or leon in addition to,1
the three main characters leon claire and ada we have seen,1
tries to kill leon and claire,1
the remake have 4 campaigns claire a b and leon a,1
you play as leon or claire you are terrified to find,1
the remake and also that claire and leon only met 3,1
for the main character leon claire story seems like it has,1
i really like leon and claire i recommend this to any,1
story took about eight hours claire s was roughly three,1
to the original game ps claire rules leon drools,1
story then move on to claire s but if it s,1
claire has a potty mouth,1
i managed to slog through claire s story but didn t,1
gore playing as leon or claire you ll be as happy,1
from some weird faces from claire are all great looking and,1
od a and b scenario claire and leon story it s,1
game s world leon and claire s design are awesome in,1
just finished both leon and claires story loved both from start,1
the parking garage that only claire can access leon can only,1
rushing back to play as claire with a 10 hour completion,1
the retro skins for both claire and leon i ll admit,1
h1 pros h1 strike hot claire redfield strike strike hot ada,1
one as leon one as claire enjoyable game for sure,1
first experience with leon and claire s stories the game nails,1
learn the game and did claire a and leon b then,1
s story is good and claire s is okay i found,1
atmosphere good puzzles good story claire s story for both scenarios,1
and sherry split up with claire sherry gets adopted somehow went,1
ok just finished claire and starting with leon game,1
can be pretty spooky also claire can get it,1
love love love loveeeeeeeeeee team claire btw,1
definitely fell in love with claire in this game,1
they had differentiated leon and claire s a b scenarios more,1
be experienced with leon or claire,1
zombies are not sexy claire is sexy i get the,1
standard through the retailing of claire and leon s survival of,1
10 there is no way claire would want to fight stage,1
starting with how capcom handled claire leon s scenarios which in,1
after doing leon a and claire b and playing around with,1
in play leon a then claire b or claire a the,1
play as leon kennedy or claire redfield and each have their,1
it beat the game as claire then played through as leon,1
through this game for both claire and leon hundreds of times,1
is good i really enjoy claire s campaign the grenade launcher,1
a comeback albeit downgraded since claire s run is mostly the,1
to get gonna try the claire part now already finished both,1
through as both leon and claire i m addicted and i,1
escape theme unique per character claire s final weapon sherry and,1
leave behind both leon and claire get access to there own,1
run and am working on claires story now heres to hoping,1
haven t done clair b claire a or leon b yet,1
is not linear leon and claire are not just different from,1
just 1 plot starting with claire or with leon claire a,1
leon s a scenario and claire s b scenario list claire,1
is that the weapons in claire s run suck leon s,1
alot in the leon a claire a section of the game,1
and here s the catch claire s campaign is the exact,1
i chose to play as claire very nice that there are,1
once with leon and then claire make sure to also play,1
throughout the lore of re claire is amazing and leon is,1
second scenario also leon and claire would interact multiple times during,1
right atleast mostly oh and claire still looks too much like,1
the classic re2 leon a claire b felt like the b,1
to play as leon and claire as before with their own,1
onde você controla leon ou claire e tenta escapar de raccoon,1
best the only gripe is claire s story could have been,1
a leon 98 injured and claire 98 tank top,1
in this order leon a claire b and i ve just,1
personally grown to like leon claire s and ada s designs,1
except for lieutenant marvin branagh claire tries too leon ada are,1
the good •	play as either claire redfield or leon kennedy after,1
bosses as a special note claire has a big uncanny valley,1
the plot for leon and claire are the same meaning if,1
can play as leon and claire in both the a and,1
why leon no date claire,1
zap system if you played claire a and you took the,1
once each for leon and claire for the complete story experience,1
here we go leon and claire deserve it keep them coming,1
and then about 8 as claire it is actually worth playing,1
boxes that in itself and claire s high cheekbones and ada,1
with leon kennedy first or claire redfield you begin in slightly,1
scenarios for both leon and claire compared to the old re2,1
it twice with leon and claire in order to get the,1
a resulted in you doing claire b which introduced a new,1
normal with leon and then claire and i had hundreds of,1
finished claire a so far and watched,1
cop for the rpd or claire redfield who is venturing to,1
my second game now with claire and i just love it,1
fact that leon s and claire s 2nd acts new game,1
to stay alive and leon claire assumes power walk stance now,1
so damn realistic most notable claire also do not forget to,1
option is to play as claire redfield she travelled to raccoon,1
leon clearly sounding nervous and claire showing a great range of,1
evil game cons leon and claire story isn t feels like,1
leon and go on with claire when you begin again with,1
leon i bang your sister claire it s good to see,1
the original with the leon claire story split for that it,1
will differ between leon and claire on the puzzle side of,1
the main protagonists leon and claire and the antogonists such as,1
claire sin ropa es lo mejor,1
main playable characters leon and claire they play the same but,1
my second run through as claire,1
play as either leon or claire or both multiple times if,1
beginning storied for leon and claire though the first runs felt,1
up the narration leon and claire almost don t interact yet,1
buzzing to get started on claire what a game best purchase,1
it was great to see claire again i had missed her,1
nostalgic characters of leon and claire this is the game for,1
played re 2 leon a claire a and leon b scenario,1
a second play through as claire goty contender for sure now,1
two sides of leon and claire is a source of great,1
1st or 2nd run and claire as the other one which,1
where s claire turtle neck,1
moved by the characters leon claire and by the atmosphere of,1
see the demise of rookies claire and leon this makes taking,1
evil you play as either claire redfield the little sister of,1
the second play through with claire,1
claire s bosoms 8,1
anything like that leon and claire are extremely new to this,1
nice to see leon and claire again 10 10 this my,1
consolidating the canon events of claire scenario a with leon scenario,1
replay ability 2 campaigns for claire 2 for leon and 2,1
old game the leon a claire b and claire a leon,1
list ployblyqeuyw2orruodiqubq3r6gtkf1me with soqquadr0 playing claire at the same time in,1
9 10 com mod da claire pelada fica 10 10,1
boss with a knife as claire redfield,1
come on leon just bang claire already,1
time through round 2 as claire it seemed a lot like,1
four campaigns leon a b claire a b its mostly the,1
in leon a result in claire b having those puzzles solved,1
what happened seemingly overnight and claire redfield the sister to chris,1
playing on both leon and claire storyline i almost died playing,1
clash from both leon and claire s canon route nvidia s,1
time my family friends heard claire s moaning when she s,1
monsters characterization b leon and claire can have a few dumb,1
on his first day and claire is a random civvie i,1
leon a you will unlock claire b while b scenario has,1
a scenarios with leon and claire on hardcore and leon b,1
of difference between leon and claire s campaigns the extra missions,1
that created that mode for claire which replace biker outfit into,1
shaky shaky while he run claire is there too i guess,1
changes are welcome and welcome claire in a hunk costume fighting,1
played replaying the game with claire the second time through felt,1
second run starts is perfect claire and leon are separated and,1
claires hot af,1
each following characters leon and claire each story is mostly similar,1
just as i finished my claire 1st leon 2nd run on,1
and i loved playing as claire and leon in the rpd,1
s personality same goes with claire,1
mainly because both leon and claire s story lines don t,1
time completing leon s and claire s story it definetly was,1
characters of leon kennedy and claire redfield the game is great,1
you can only play as claire or leon both same game,1
for both leon a and claire b each run through took,1
through the chris a and claire b second story route i,1
to play from leon or claire but honestly they are practically,1
him leon first run then claire 2nd run or claire first,1
a patch still 2nd run claire has a part that has,1
look very good except for claire imo she looks weird gameplay,1
and sound design for leon claire ada etc weapons zombies mutants,1
too the leon ada and claire sherri interactions relationships made me,1
finished my first run on claire s side and it was,1
handled this a little better claire s campaign felt a lot,1
what interesting playthroughs on both claire and leon fun extra modes,1
continue to crawling after you claire redfield is my favorite character,1
this game as both leon claire s second playthrough this is,1
main characters leon kennedy and claire redfield if you play scenario,1
its shortcomings the stories of claire and leon are almost identical,1
i also didnt like that claire and leon meet less it,1
chase you make game interesting claire s design is amazing cute,1
i wanna ♥♥♥♥ claire,1
very naisu much spooky also claire mvp,1
second play through now of claire going around with the rocket,1
nice i like claire,1
leon s story and do claire s,1
no interaction between leon and claire through the story in original,1
can play as leon or claire as in the original game,1
die once on a sherry claire s sidekick mission the game,1
now making my way through claire s great fun https www,1
opinion being 4 i played claire and in my short playtime,1
differantiating campaigns of leon and claire along with their a b,1
the drama with this one claire s campaign in particular would,1
two main characters leon and claire and both their stories take,1
station warm up and seeing claire s fine piece of ／ﾌﾌ,1
spooks and can give leon claire good amount of spanking if,1
did mr x die with claire but still chasing leon the,1
events between leon s and claire s scenarios don t quite,1
in the remake especially with claire for some reason they decided,1
could be more meetings from claire leon like s t a,1
feels good to play leon claire again i not once i,1
things play out for both claire and leon not only is,1
cop who is really likeable claire redfield chris redfield s sister,1
you play as leon or claire one thing i didn t,1
still pretty good both the claire and leon playthroughs of a,1
have played through leon and claire s story this will forever,1
complain i really have is claire looks kind of busted but,1
something entirely different leon and claire both have their own a,1
different scenarios of leon and claire s don t add up,1
leon and my second as claire both of the playthroughs played,1
couple of tips • pick claire for your first playthrough her,1
much more difficult than the claire runs but that would be,1
welcomed you still get the claire and leon a and b,1
when i saw the whole claire redfield and leon kennedy together,1
on standard for leon and claire normally i am very worried,1
multiple runs of leon and claire plus a few extras graphic,1
much all story content for claire and leon on multiple difficulties,1
keep interrupting your dates with claire and ada seriously though great,1
still a very enjoyable game claire is 1 re girl,1
officer leon or the student claire features basic re gameplay with,1
great game claire ada and leon are hot,1
s kennedy and college student claire redfield accidentally meets at a,1
have 2 characters leon and claire they have 1 main story,1
leon kennedy and action heroine claire redfield as the two attempt,1
of hardware both leon and claire s campaigns are well designed,1
big con in this game claire s uncanny valley smile when,1
2 playable characters leon and claire who are discovering the police,1
younger sister of chris redfield claire redfield caught in the middle,1
play the second part with claire the beauty of this game,1
hardcore for leon a and claire a had a blast the,1
leon a and just started claire b which is wayyyy more,1
wait for the leon impregnates claire dlc,1
and experiencing both leon and claire s campaigns and there s,1
have completed both leon and claire s a scenarios that being,1
to play through again with claire as i played the first,1
out of touch leon and claire are with each other in,1
original where he runs into claire numerous times the biggest flaw,1
for them also leon and claire don t chat much i,1
game is great i beat claire s story in one sitting,1
about it also leon and claire never meet again or stay,1
join claire on her quest to help,1
it 7 times leon and claire separately installed mods and repeated,1
paths you can follow with claire and leon both characters have,1
leon a and finish with claire b then at the end,1
complexities i didn t like claire at all though she was,1
for my 1st playthrough with claire and then my second playthrough,1
go leon a and then claire b or start off with,1
horror locations to date both claire and leon s character models,1
sure to play leon and claire to get the real ending,1
game you can play as claire or leon however unlike some,1
trip to reenter leon and claire s journey with a new,1
that isn t matched by claire s more generic feel i,1
me the actual leon and claire dynamic is extremely lacking other,1
will continue the redfield bloodline claire is looking for chris who,1
plot points both leon and claire have their own distinct campaigns,1
are four campaigns leon and claire each have their own slightly,1
is the characters leon and claire could ve had more interaction,1
main characters leon kennedy and claire redfield he rookie cop just,1
nexus worth getting for nude claire redfield,1
items are awful compared to claire s or how the a,1
universe re2 cannon route of claire a leon b is not,1
a and b leon and claire s a and b story,1
of poor gaming choices overview claire and leon are about to,1
was barely any interaction between claire and leon unlike the original,1
your playthroughs with leon and claire players who have experienced the,1
gameplay interaction between leon and claire mid game so actions in,1
1 000 000 10 claire scenario was a pure gold,1
after finishing all four claire a b and leon a,1
by living dead after meeting claire redfield we can also play,1
have expressed a distaste for claire s face model but i,1
the sharper combat leon and claire aren t experienced gunslingers for,1
a 10 10 p s claire redfield wore the tank top,1
issues between the leon and claire stories but ultimately these issues,1
and i did it again claire a leon b 10 10,1
awkward like between leon and claire and mainly claire s interactions,1
had interactions between leon and claire claire asked leon to get,1
the observation room only while claire can only get the key,1
zero interaction between leon and claire during the story most importantly,1
final i guess leon and claire enter into parallel dimensions at,1
8hrs you can replay as claire on 2nd run mode with,1
through on both leon and claire a run although i admit,1
diner as the point where claire and leon meet but that,1
of interaction of leon and claire in the game as compare,1
that isn t intrusive sometimes claire and leon s faces look,1
of replayability with leon and claire s a and b stories,1
my only complaint leon and claire don t run into each,1
on hardcore i will try claire a tomorrow this game is,1
the fear in leon and claire as well they talk to,1
and the tone of both claire and leon and someone whom,1
if you play leon or claire first the b story of,1
help that the leo and claire runs are practically the exact,1
in half by william in claire s campaign some vets might,1
can t wait to do claire s story and then the,1
been modernized for full 3d claire s play through is more,1
playable as both leon and claire but there isn t much,1
with leon and then with claire but i didn t expected,1
with the club key while claire has sherry and the heart,1
ve completed both leon and claire s different playthroughs including the,1
that bothers me is that claire and leon campaign are essentially,1
claires azss is thicc 10 10,1
better if they made both claire and leon s path more,1
they had simply fused leon claires story into one bigger shared,1
a few issues tho 1 claire does everything leon does and,1
say they did leon and claire justice this game has little,1
detailed character model leon and claire look good even my hot,1
hair and skin textures for claire and leon this game effectively,1
original i certainly love when claire and leon react to the,1
parallel universes where leon and claire both fight the same monster,1
characters are epic love how claire looks in this part this,1
resident evil 2 leon and claire return as the protagonists along,1
i played both leon and claire on hardcore mode i highly,1
firm butt animations b b claire s facial animation looks a,1
and b and also two claire campaigns claire a and b,1
play through first leon then claire b then claire a the,1
third of the way through claire s i really enjoyed the,1
least on occasions came across claire or leon depending who you,1
than ever with leon and claire having some fantastic interactions that,1
woman you need to give claire your superior seed and continue,1
played through leon a and claire b games so far and,1
campaigns leon a and b claire a and b steam says,1
capcom listen if you played claire and you see mr x,1
no interaction with leon and claire in the story,1
on the job or as claire redfield chris redfield s sister,1
can change how leon and claire s look to your liking,1
of mr x leon and claire have received much better voice,1
sewers nest not enough leon claire interactions as opposed to original,1
i have just finished the claire a scenario and begun leon,1
claire booty 10 10,1
s for both leon and claire were great and the boss,1
i don t know but claire s new design too hot,1
gripe in this game story claire s scenario was undoubtedly the,1
to assume that leon b claire a b are also good,1
characters while both leon and claire are great protagonists the side,1
times on standard leon a claire b and claire a leon,1
the default weapons are that claire can t use 9mm without,1
first with leon second with claire the paid dlc is mostly,1
there is less interaction between claire and leon overlapping plot issues,1
there are plant zombies as claire i geared up with my,1
for the full leon and claire experience by my final run,1
two campaigns for leon and claire both in 1st and 2nd,1
difference to bother playing through claire leon then leon claire other,1
leons and claire s story line is not,1
i jumped several times throughout claire s campaign and found myself,1
study it just finished my claire leon s runs and a,1
claire ada,1
s are back leon a claire b or claire a leon,1
good doing this i enjoyed claires storyline rather than leons but,1
the playstation i played through claire s campaign first then leon,1
you brown pants unpopular opinion claire sounds like a little brat,1
to your weapons cons no claire booty outfit seriously tho you,1
through the leon a and claire a campaigns each campaign offers,1
in an attempt to shred claire to pieces having to make,1
not really first run with claire and enjoying it once again,1
the original as an example claire s crossbow was removed since,1
standard doing leon first and claire second the second run campaigns,1
slowly into a point and claire looks absolutely nothing like her,1
to complete both leon and claire s first run but there,1
of racoon city s population claire redfield travels to racoon city,1
in which you play as claire s perspective you can also,1
the interaction between leon and claire is basically removed from the,1
know who is mr x claire leon etc but resident evil,1
worse is that just doing claire a and leon b or,1
stick with the standard edition claire s costumes are especially lame,1
10 10 but between leon claire it lack of variation aside,1
few interactions between leon and claire maybe you could release a,1
went to go again with claire and i realised just how,1
between playing as leon or claire once through the game each,1
came for claire stayed for the high quality,1
can t wait to experience claire s side i haven t,1
immersion breaking how is leon claire doing a certain task when,1
room that doesn t show claires weight when you stand on,1
are pretty lame compared to claire who at least has some,1
criticism i have is both claire and leon s campains are,1
the edges i notice the claire model seem to have clipping,1
in the classic leons and claires b scenarios arent as diverse,1
well completed leon run a claire run b,1
my first playthrough was with claire and with all the challenges,1
13 hours total for both claire and leon now please remake,1
it my first playthroughs for claire a leon b took 8,1
1st leons story and 2nd claires story i havent touched claires,1
play as leon kennedy and claire redfield unlocking the b scenarios,1
i was growing as leon claire all in all this game,1
charm have a weird redesigned claire instead and these are just,1
n b r kinda same claire n leon both in police,1
kind of tedious finishing leon claire story lines is good enough,1
since re7 was garbage playing claire once again i ll play,1
this series completed leon a claire a and now started leon,1
b scenarios for leon and claire as it is in original,1
be more stories with leon claire now as well,1
of the characters here as claire wins the badass big sister,1
as leon and one as claire where you can play a,1
now leon a x2 and claire b and i think i,1
s pointless you still have claire and leon fighting exactly the,1
easy and the plot between claire and leon are less than,1
the game leon kennedy and claire redfield you can play the,1
♥♥♥♥ you i almost complete claire a hardcore mode but then,1
i still have leon b claire a b to do there,1
longer so that leon and claire have some parts together which,1
many differences between leon and claire s playthroughs better than nothing,1
they 2nd walktrought with either claire or leon was actually parallel,1
requiring limited saves with both claire and leon each character comes,1
breaking especially if you played claire first i enjoyed it just,1
first time from leon and claire s perspective each with their,1
game twice leon a and claire b and i have to,1
through the game again as claire or at least i hope,1
certain enemy gets killed in claire s scenario both 1st and,1
again leon a b and claire a b scenarios however sadly,1
cutscene leon no longer meets claire in the rpd and they,1
at everything over leon or claire s shoulder the attention to,1
you did not know is claire had a night go wrong,1
great graphic and of course claire thank you so much capcom,1
played leon a currently with claire b should be fun spent,1
like 20 more lickers on claire s story and generally made,1
came first before leon and claire do not play re2 yet,1
play as either leon or claire my first start was with,1
i really enjoyed playing both claire and leon on hardcore going,1
an actual threat leon and claire are both fleshed out a,1
return again the police station claire store version must have,1
into the nightmare that is claire leon s reality playing this,1
weapons for both leon and claire as well as their upgrades,1
leon on veteran and started claire on different playthrough ill do,1
level difficulty as leon and claire just unlocked the 4th survivor,1
edgy leon and wife material claire what more can you ask,1
completed two original scenarios for claire and leon by standard level,1
i played through leon and claire s 1st run campaign on,1
to break it again when claire comes i m not sure,1
at one shotting zombies whereas claire s gl can stun lickers,1
a true horror masterpiece on claire s playthrough atm and i,1
leon thicc ada asian thicc claire thicc hunk thicc white thanos,1
a copy and paste from claires s nothing really changed one,1
day in raccoon city or claire a biker girl who s,1
weapons where is that iconinc claire s crossbow or the moth,1
claire is best girl,1
and chris redfield s sister claire each of whom has his,1
negative i can say is claire is a little weird looking,1
playing through both leon and claire s 1st and 2nd run,1
original games and things like claire shouting what the hell is,1
and as a college student claire redfield who is trying to,1
face lift they needed leon claire marvin etc you name it,1
monster then you play as claire who has her own storyline,1
first b campaign especially if claire see if you can not,1
story as either leon or claire are an absolute joke one,1
first and second run and claire a b first and second,1
you first met him with claire she fights the first evolution,1
zombie apocalypse started you find claire and you re heading to,1
needs to full restart game claire a the first time you,1
claire should join the expendables,1
play as leon kennedy or claire redfield both characters stories take,1
but 9 hours to finish claire s story for £45 hmm,1
boring and weak compared to claire s companion perspective where in,1
are completely unique to leon claire it s definitely worth doing,1
awkward cliched dialogue especially between claire and sherry,1
playthrough of both leon and claire taking about 10 15 hours,1
her death in front of claire and sherry if you played,1
right off the bat spoiler claire s hardcore play through is,1
i highly recommend playing as claire first as her narrative arc,1
part of the remake as claire s new model is not,1
and ammo then i played claire route b on hardcore and,1
t know when i choose claire 2nd game suddenly my pc,1
a rookie police officer and claire redfield a college student looking,1
there is something off about claire s facial expressions my biggest,1
im very sad they gave claire an elza walker skin they,1
just finished the leon a claire b campaign it was amazing,1
the faces of leon and claire not only do they look,1
feb 15th story leon a claire b spoiler 4th survivor spoiler,1
case with the acid ammunition claire gets but all they did,1
part b for leon and claire a masterpiece 20 10 even,1
scenario and currently playing through claire s b scenario i played,1
by leon and others by claire to diverge a little their,1
about done with leon and claire s campaigns you have replayability,1
either leon s kennedy or claire redfield as they try to,1
on my 2nd run with claire plus there are a few,1
2 with leon 1 with claire so far and more playthroughs,1
play off stupid gender stereotypes claire gets to be mommy and,1
blown away i played as claire for the a scenario and,1
leon and jumped right into claire s point of view of,1
first playtrough with leon and claire and man i just can,1
played through both leon and claire,1
you have leon kennedy and claire redfield to choose from leon,1
about 20 hours for leon claire run and i will certainly,1
mostly the the same things claire is a better character but,1
of interaction between leon and claire and the section with ada,1
campaign for both leon and claire very good pacing throughout in,1
arc and will be starting claire today all the old jumps,1
i ve only played through claire s a story but this,1
é incrível likers mr x claire leon annette william sherry birkin,1
original resident evil other than claire looking for her brother it,1
pro so i fire up claire s campaign its exactly the,1
playing as leon and then claire for the 2nd run to,1
complaint is that leon and claire s campaign are not unique,1
the story of leon and claire is a mess you do,1
though b 3 costumes for claire 2 costumes for leon dlc,1
h1 i d give claire the same bang this game,1
it twice leon a and claire b and still haven t,1
2 campaigns leon s and claire s both campaign s have,1
saw very little interaction with claire unlike the original for example,1
there where more points that claire and leon meet up like,1
play as either leon or claire and once you beat one,1
horror started the game with claire just like back when i,1
with how little leon and claire actually interact in the story,1
parts of the game as claire to get the true ending,1
all encountered a crimson head claire s lighter woulda really came,1
7 hours looking forward to claires fun puzzles that arent too,1
main campaings of leon and claire like the two extra modes,1
lovably stupid as always and claire s voice acting sounds more,1
great and i really enjoyed claire s character she s hot,1
wanting more and playing the claire 2nd playthrough delivered on a,1
the two characters leon or claire sadly the two character campaigns,1
genre i ve only finished claire a so far and yet,1
so now i ve beaten claire s story and beat all,1
hilarious situations for leon and claire to deal with surviving the,1
with leon and working on claire now then i plan on,1
story i haven t played claire s campaign yet and if,1
on my first playthrough as claire and second as leon i,1
and just about cleared up claire also so far 10 10,1
experience the routes now as claire a leon b from the,1
and i opted to start claire on easy and enjoyed it,1
re2 with either leon or claire and whilst both playthroughs will,1
into leon s kennedy and claire redfield s shoes again felt,1
£15 more if they had claire do unique missions and some,1
have their uses except for claire s default pistol screw that,1
enough interaction between leon and claire mr x ends up being,1
in a affects significally on claire b but hey it s,1
im talking about update beat claire a and b and guess,1
i continue playthrough b with claire and i can t wait,1
fairly well acted characters although claire and leon seem to be,1
raccoon city police dept or claire redfield a student who recently,1
there are already 4 leon claire sherry and ada wong so,1
diverse story between leon and claire in the original and i,1
through the police station as claire i think i did about,1
can not wait to play claire b yes this review is,1
great storyline for leon and claire fantastic instructions for the novices,1
through leons and now starting claires worth every penny,1
stuff you need to clear claire faster then leon in the,1
no zapping system leon and claire dont even interact with each,1
on i ve only finished claire a so far but the,1
was a bit disappointed with claire s story but there are,1
leon kennedy or college student claire redfield whose fates become intertwined,1
a second run through with claire this sounds good at first,1
no spiders or leon and claire having like no interaction other,1
you play as leon and claire in their own campaigns and,1
if you don t like claire s face it s ok,1
the game with leaon and claire with different routes and the,1
pc i liked how diffrent claire and leon s stories are,1
1998 costumes for leon and claire in all their low poly,1
bite claw marks and seeing claire and leon wincing in pain,1
first of all claire is a s n a,1
difficulty and i m playing claire s b campaign now on,1
2nd 2019 i ve completed claire s 2nd run and my,1
game dive into leon and claire s nightmare before it is,1
lot because both leon and claire somewhat behave like trucks on,1
starting the second run of claire s campaign,1
2 charming heroes leon and claire still young and naive are,1
stories were in 1998 by claire and leon and how samey,1
more interaction between leon and claire though,1
back alyson court to voice claire redfield — a character she,1
for 2 protagonists leon and claire all 4 storylines are clearly,1
prelude to his encounter with claire from claire s perspective with,1
story when comparing leon and claire the lack of story difference,1
claire hey leon want to have,1
form was beautifully done when claire was like ill take this,1
are extremely lacking leon and claire interact with each other less,1
i am going to play claire s this weekend aand can,1
finished claire s story going to finish,1
the dual story of leon claire changes locations of enemies weapons,1
i only need to beat claire b scenario and then the,1
outbreak yeah first playthrough was claire on hardcore 8hr49mn first s,1
i have yet to finish claire s campaign and the second,1
the story of leon and claire from the original however this,1
fairly balanced i ve finished claire s a run yesterday at,1
this is when leon and claire were young rookies so you,1
is excellent i just finished claire s part and absolutely loved,1
next i am going try claires mission on hardcore one of,1
dlcs why it s bad claire s dialogues are cringey and,1
characters leon scott kennedy and claire redfield a rookie cop and,1
puzzles i ve played with claire and the story is different,1
feeling con 1 i think claire and leon have more talked,1
this issue is worst in claire scenario because her arsenal barely,1
court back as leon and claire respectively,1
i began the game with claire s run and off the,1
playing as both leon and claire but i found its easier,1
leon gameplay and started the claire story but decided to stop,1
m about done with the claire storyline but let me say,1
i fell in love with claire and ada can i have,1
and b just lion a claire b but so far i,1
on new game 2 for claire its a great game and,1
as leon and second as claire secon playthrough could be more,1
well done looking forward to claire s story,1
also playing the game on claire got half way into the,1
remember these are leon and claire on their first zombie apocalypse,1
want to see leon and claire have more fight together in,1
after a second playthrough as claire i think this game has,1
finished my 2nd run with claire i can honestly say that,1
brilliant i m currently playing claire s story and the graphics,1
writing this and started on claire a and i would say,1
wrong he gave me the claire copy this mistake was awesome,1
with both character leon and claire maybe im gonna edit this,1
a took me 6 hours claire b took me 5 hours,1
finished scenarios for leon and claire on the normal difficulty and,1
leon and 2nd run with claire this is easily my favorite,1
amazing i beat leon and claire in hardcore then played 3rd,1
a lower fps was with claire s hair physics at times,1
roles of leon kennedy and claire redfield two survivors caught in,1
price even if you do claires story a and b and,1
you get leons story and claires story and there are two,1
he s the main protagonist claire b run as the secondary,1
to pay for classic soundtrack claire s classic outfit unlock is,1
if he was killed in claire s a run and the,1
chris s butch jock character claire is a little more despearate,1
next is to play as claire and try hardcore mode runs,1
means leon a b and claire a b stories in a,1
around to sees a girl claire redfield behind her is another,1
input currently unable to continue claire s story for this reason,1
yet and still havent done claires as of 1 28 19,1
s campaign and the rest claire s their campaign is pretty,1
times and had leon or claire saying almost the same thing,1
in the last half of claire s b is going to,1
angles and tank like controls claire with over the shoulder third,1
shorter ones leon a and claire a being the longer ones,1
after completing both scenarios for claire and a for leon plus,1
they changed voice actors for claire however i highly recommend this,1
now onto my second as claire never played the original but,1
a zombie apocalypse leon and claire starts a romantic chat like,1
alot my first run was claire a leon b both on,1
between characters leon sherry ada claire i thought it was cool,1
of meet ups leon and claire have whiles in the classic,1
experince as to how leo claire and ada start on the,1
just finished claire a scenario absolutely loved it,1
finished the scenareo a for claire i have both b scenareos,1
forward to game b and claire s scenario for those of,1
whole weekend completing leon and claire gameplay overall the experience is,1
now this brings us to claire i started with leon and,1
need more dlc please starting claire s run now strike and,1
tired yet and i have claire to go through i played,1
re make the stories giving claire and leon completely seperate missions,1
while avoiding the tyrant and claires story just feels like theres,1
how they did the scenarios claire s story and leon s,1
in particular seeing leon and claire and a few others i,1
in the process of completing claire s campaign as i speak,1
to completeing and than playing claire s story,1
the relationship between leon and claire they just met like 4,1
i beat leon side an claire side that s how long,1
single full playthrough leon a claire b hardcore difficulty now during,1
of control over leon and claire but since turning is rather,1
and the story that made claire and leon into game history,1
i finished the leon a claire b scenario the game will,1
do the second run as claire and then i properly played,1
still need to see the claire story thanks for bring back,1
edited leon a claire b scenarios i wanted to,1
shoots the president kennedy and claire the only other games i,1
is too difficult and that claire s character model isn t,1
to play the story as claire this time a new perspective,1
i still have leon b claire a and claire b to,1
to beating it again with claire,1
way too short currenlty playing claire s 2nd route and it,1
ada wong is thicc and claire also spoiler leon too spoiler,1
playthroughts pov ran leon a claire b very s l o,1
day on the job or claire redfield college student and sister,1
leon and 4 10 as claire the second playthrough is absolutley,1
lot of the game with claire i was stocked up on,1
the moment i ve completed claire s story mode and i,1
true resident evil game both claire and leon are two huge,1
out how fluidly leon and claire control as well as adding,1
on his first day or claire a college student looking for,1
leon s kennedy or as claire redfield who s looking for,1
done normal claire s first run awesome and,1
ass to never get hit claire looks like a typical sjw,1
electric nail gun going to claire my only few gripes with,1
to dive right back into claire s this time with a,1
remake especially the route with claire definetely worth picking this game,1
to other modes leon to claire vice versa this is minor,1
be the secondary storyline for claire secondary storyline meant that most,1
are much more durable and claire leon are far less sturdy,1
its welcome you pick either claire or leon to play as,1
basically 4 storylines leon a claire b claire a leon b,1
and the first half of claire s story so far i,1
hours at 5 51 12 claire a there are 4 main,1
having finished leon a and claire b i ve clocked 20,1
finish all leon a claire b claire a leon b,1
on 1st run and for claire on 2nd run i thought,1
the developers intended leon and claire are very likable main characters,1
is very useless compair to claire s laucher it s only,1
have to do both of claire s parts and also leon,1
and completed both leon and claire 1st run so far it,1
the original with leon a claire b and claire a leon,1
i opted to play as claire first and then did leon,1
from a leon a to claire b perspective and doing it,1
and perspectives with leon and claires separate story then you get,1
a few hours trying the claire playthrough as well as the,1
2nd scenario at least for claire has almost the opposite problems,1
on my 1st walkthrough with claire on the route a gonna,1
sub weapons bosses are jokes claire and leon control like ♥♥♥♥,1
game and chicken tendies sees claire falls in love sees gf,1
the timeline before leon and claire,1
to beat that is playing claire a and leon b second,1
leon is small time but claire is big time remake re4,1
got through both claire and leon s initial story,1
more interaction between leon and claire in their play through if,1
i played leon a and claire b and tried 4th survivor,1
5 hours i still have claire s story left and the,1
beat it on both claire and leon and going through,1
a scenario for leon and claire i can say i had,1
claire s butt in those jeans,1
did both campaigns as claire leon and its safe to,1
i beat leon a ok claire time beat it in 5,1
completed ready to start on claire now buy this isht nao,1
the game a second as claire to get the true ending,1
it is the scenarios between claire and leon are too similar,1
his very first day and claire redfield the equally badass college,1
the first version from 1998 claire and leon are perfect now,1
i love the design of claire and leon they are just,1
more especially between leon and claire somehow they meet up and,1
leon and i just started claire s campaign which i m,1
somewhat tolerable now leon and claire both run at about the,1
say but leon a and claire a follow the same sort,1
look fantastically scary leon and claire both look their age thanks,1
graphics animations immersion scary and claire is thicc af i love,1
an outsider police rookie and claire redfield usual girl searching for,1
in cinematics where leon saves claire with a single headshot to,1
dumb to use it only claire and leon are like yeah,1
leon b and then give claire a b a shot also,1
a pistol you find in claire s story that 100 accuracy,1
game characters look very cool claire and leon are the best,1
alone the way the leon claire reaction to almost everything nails,1
both scenarios whether leon first claire second or vice versa…that s,1
and fun i ve completed claire s story and am probably,1
finished leons story and started claires what can i say it,1
i just finish leon and claire story the game bring me,1
one cutscene where leon and claire meet with a chain link,1
on the second run with claire leon after your first if,1
mine was like 4h30 for claire a and 3h for leon,1
s also a playthrough for claire which i cannot wait to,1
not many similarities in the claire plot line which has its,1
for the original nostalgic experience claire a cute as well eventhough,1
2 kills mr x in claire s scenario a he still,1
30 10 2019 goty ps claire hot a f,1
story the new look of claire and so on but after,1
looks cooler wearing sheriff costume claire looks hot in that racing,1
with leon a b and claire a b you will receive,1
2 remake playing through by claire and leon s campaigns to,1
the door the differences between claire and leon s campaigns can,1
wish they would have kept claire s black undershirt on her,1
with a beautiful girl called claire probably the only person he,1
sequential scenario eg leon a claire b i understand putting some,1
atmosphere gameplay graphics just completed claire s story as my 1st,1
claire isn t as hot as,1
survival horror roots leon and claire s campaigns are both gripping,1
and that s without doing claire s story additionally a secondary,1
physics lighting bugs such as claire s ponytail frequently spazzing out,1
the first run scenario with claire got to the game through,1
in 6 hours now for claire redfields story and again fantastic,1
finished leon s a and claire b routes on hardcore basically,1
the puzzles behave leon and claire seem much more real now,1
better and the part where claire and lean spend even less,1
some new additions spoiler especially claire s campaign spoiler but rather,1
of leon s kennedy and claire redfield the former is a,1
i don t play as claire and play leon s other,1
game on new game with claire to see her side of,1
the time to play through claires story,1
just finished claire first playthrough never playe dthe,1
played leon and claire a so far graphics are,1
safe zones played through as claire as my first playthrough for,1
scenarios for both leon and claire in this game however we,1
learn the map 2nd run claire 5 hours thiis is my,1
lack of proper stealth leon claire are too prideful to lower,1
that leon s a and claire s b aren t that,1
their gamers happy 11 10 claire is so freaking beautiful graphics,1
leon so i can try claire s story this is my,1
short in graphic sequences and claire and leon only met like,1
up until the cutscene showing claire at the door to the,1
my playthrough of leon and claire,1
leon s full campaign and claire s second run which may,1
first zombie and become a claire sandwich 3 get a game,1
claire is not enough of a,1
two parallel stories to play claire s and leon s plenty,1
and the other one is claire redfield a college student who,1
s campaign now to do claires really recommended,1
whether you picked leon or claire and when you went through,1
the first game s chris claire redfield as they both come,1
actors really make leon and claire seem like people instead of,1
claire is my waifu goty 2019,1
10 we have leon and claire scenarios both unlocking 2nd run,1
intial ones leon a and claire a i can totally see,1
short for example leon and claire which are really young aren,1
game though going to finish claire s run tomorrow after my,1
graphics 3rd player shooting story claire and claire buy it support,1
randomly getting me killed in claire s 2nd campaign 3 mr,1
the final birkin fight on claire a for me took 400,1
went for second run with claire leon wasn t very fun,1
ve apprecited capcom involving both claire leon in each others scenarios,1
hope leon ditches ada for claire p edit hardcore campaign beat,1
to a second playthrough with claire easily one of the best,1
good characters and goodplay though claire s reactions are sometimes not,1
just started 2nd run as claire and having a blast thank,1
just finished game with claire and is awesome graphics top,1
volume haven t played as claire yet can t wait but,1
game cant wait to play claire next hardcore mode is def,1
edit now that i finished claires b story i feel confirmed,1
crazy is i still have claire s story to beat as,1
good job capcom claire looks a lot like zoey,1
i played through leon a claire b and i can confidently,1
tack this ♥♥♥♥ on now claire and leon fight the exact,1
finished the second run for claire in around 4 hours there,1
both leon 1st run and claire 1st run and claire 2nd,1
room soundtrack gonna play through claire scenario now,1
leon how you doin claire you know just survivin,1
complete claire s story very good and,1
also in the original playing claire and you had sherry birkin,1
just completed claire a and i love it,1
10 but seeing leon and claire looking so young make me,1
claire redield is hot damn this,1
on in raccoon city or claire a little sister trying to,1
back in now to see claires campaign should be a good,1
scenarios for both leon and claire beyond the main story the,1
linear corridor simulator the leon claire a b campaigns are also,1
28 19 been going through claire s a side after clearing,1
re level design puzzles leon claire come with their original outfits,1
of running through the door claire ran into the wall on,1
is amazing just play as claire and turn the og music,1
was too busy staring at claire in the elza walker costume,1
whether you choose leon or claire first in the original there,1
and look forward to playing claire a and both b sides,1
annoying listen to leon or claire not really batting an eye,1
the new younger leon and claire really fit well and i,1
way of how leon met claire just got annoyed with how,1
a side precursors in fact claire s campaign doesn t vary,1
now is a face of claire redfield for those who is,1
to start off as rather claire or leon both of which,1
continue in a bit for claire part those tyrant footstep and,1
the choice to play as claire redfield or leon s kennedy,1
in the game leon and claire need flashlight everywhere they go,1
t wait to see how claires campaign is,1
10 perfect leon claire hairs out of 10 ok,1
mode my first run through claires campaign took about 4 hours,1
finished my first clear as claire played the original on ps1,1
run scenario both leon and claire s campaign are structured nearly,1
effects are superb from leon claire moaning and groaning in pain,1
please don t change the claire s face because of feminist,1
writing they swapped leon and claire s personalities and because they,1
ammo it s very limited claire s mode is beautiful after,1
dearly leon s kennedy and claire redfield are brought back with,1
fun had to replay for claire b leon b claire a,1
play through it again as claire if you give this game,1
multiple times with both leon claire and was worried i would,1
multiple times as leon lost claire disc and it s a,1
claire is hot 10 10,1
primarily 2 characters leon claire h1 playtime h1 b varies,1
doing the second run of claire i never played the original,1
claire is hot af if you,1
slight differences between leon and claire so the games offers around,1
through the whole game again claires campaign is another story it,1
day in the force or claire redfield the sister of re,1
puzzles 4 20 would bang claire again,1
lore directing pacing leon and claire the two main characters are,1
a certain short section in claire s story involving another character,1
when fan favorites leon and claire briefly reunite an hour into,1
simultaneously while you play as claire you will be like i,1
drawn to the badassery of claire redfield and the stoic determination,1
the hardest difficulty with both claire and leon with s ranks,1
claire milkies,1
version i will be completing claires story too soon cause i,1
as much awesome at first claire and leon came into this,1
scott kennedy i and i claire redfield i though the basic,1
also love the way that claire holds her gun and flashlight,1
with the original outfits for claire leon mr x is wearing,1
very impressive i played using claire s story she looks so,1
