context,count
leon,238
leon is hot,45
leon kennedy,42
leon s kennedy,39
leon 3,24
i love leon,19
leon is so hot,15
leon sex kennedy,13
i love leon kennedy,11
leon sexy kennedy,10
leon hot,10
daddy leon,8
i like leon,7
leon leon leon leon leon leon,6
leon kennedy got damn that boy,6
leon my beloved,6
leon is cool,5
leon made me gay,5
baby leon,5
leons hot,5
leon is so sexy,5
leon is a cutie,5
leon is sexy,4
leon the goat,4
welcome leon bet you had a kickass,4
leon scott kennedy,4
leon sigma kennedy,4
leon s kennedy my beloved,4
leon is so babygirl,4
the force for rookie cop leon kennedy and a huge complication,3
yeah welcome leon bet you had a kickass,3
i love you leon,3
w leon,3
leon kennedy 3,3
leon sexy,3
mmm leon,3
where is leon when i need him,3
leon is such a cutie patootie,3
leon is babygirl,3
leon 👍,3
leon is cute,3
leon kenendy,3
leon is literally me,3
leon s hot,3
help me leon,3
leon d,2
i love leon kennedy and claire redfield,2
i goon to leon,2
leon is daddy,2
leon just like me frl depressed,2
i love leon s kennedy,2
nice leon,2
leon 🤤,2
can t sex leon,2
leon and ada are so hot,2
leon is so cool,2
welcome leon,2
leon 10 10,2
leon that s it that s,2
leon is the goat,2
ever played i just finished leon s story and i m,2
leon goated,2
ok leon s kennedy,2
sexy leon,2
leon is a baddie,2
zaddy leon,2
leon my wife,2
i love leon scott kennedy,2
leon simp kennedy,2
leon skennedy,2
leon cute,2
leon x ada,2
leon claire,2
papi leon,2
love leon,2
is compelling and the characters—especially leon and claire—are beautifully reimagined for,2
leon the sex kennedy,2
i like leon s kennedy,2
leon best boy,2
leon s kennedy 3,2
i have a crush on leon,2
leon daddy,2
oh leon,2
the s in leon s kennedy stands for sex,2
leon kennedy is hot,2
what the leon kennedy,2
leon needs to continue the redfield,2
leon is my daddy,2
this game is so sexy leon made me homosexual i wish,2
leon is a cutie patootie,2
leon s a simp,2
leon is my favorite twink,2
leon kennedy my beloved,2
leon is my little meow meow,2
i wish leon was real,2
take on the roles of leon s kennedy and claire redfield,2
deaf from the sound of leon s empty mag hitting the,2
i love leon 3,2
playthrough allow to start as leon claire but same scenario 2nd,2
leon makes me question my sexuality,2
run leon run,2
play as both claire and leon in the game it can,2
leon is hot af,2
leon can get it,2
remake s main story campaign leon a b claire a b,2
city where rookie police officer leon s kennedy nick apostolides meets,2
must continue the redfield bloodline leon,2
leon you need to preserve the,2
what the leon,2
the cheesy voice lines from leon and claire however other moments,2
still old tale about how leon claire and sherry managed to,2
as either claire redfield or leon kennedy after you complete the,2
to feel the way about leon claire and ava that weebs,2
completed the first story with leon but i think they kinda,1
leon s story first of all,1
"honestly amazing  rookie leon is so sugoi",1
mr x best leon s kennedy beast claire and,1
leon s kennedy girl dinner,1
see claire bear waifu and leon meet for the first time,1
not work at all the leon and claire scenarios sound cool,1
space fantastic you play as leon kennedy or claire redfield depending,1
leon kennedy have your way with,1
love it classic leon kennedy kicking some zombie asses,1
the third hour i like leon i like claire and yes,1
finished both leon and clair 2 run as,1
being low health on leon all game just to hear,1
game really love claire and leon the rpd map is also,1
afford to waste the ammunition leon and claire both have their,1
games ever cause it has leon in it,1
i do actually really like leon is always the standout for,1
same for both claire and leon the differences in certain scenes,1
there are zombies everywhere but leon remains completely calm and uses,1
love how tightly packed the leon segment is the tension bleeds,1
thing that changes is that leon spends part of the game,1
to eat itself beautiful then leon shows up first day on,1
doing the 2nd run as leon to see what s different,1
but its so fkn good leon s run does piss me,1
i 3 leon kennedy,1
orientation simulator b it s leon s very first day as,1
completed leon s story for the first,1
feels getting to see both leon and claire s side was,1
e r t i m leon kennedy,1
i really enjoyed playing as leon and claire leon being a,1
game starting the story of leon kennedy feels like the classic,1
oat very goated game and leon was so young in this,1
i only played leon s campaign so i can,1
i really enjoyed playing as leon especially because of his story,1
"  i played both leon s and claire s campaigns",1
more about the history of leon s kennedy ada wong and,1
peak claire and leon,1
plus you get to hear leon kennedy groaning sensually in your,1
i m glad leon kennedy had a good first,1
came for leon left with a badass claire,1
a nightmare they never expected leon kennedy arrives in raccoon city,1
gaming experience i joined for leon but stayed for the amazing,1
leon what else can i say,1
time two separate campaigns for leon and claire give you great,1
better while playing as both leon and claire is amazing their,1
beat the game with leon on standard not that far,1
it s down to how leon controls maybe it s down,1
last scene between ada and leon was absolute cinema even better,1
"man alive   also leon spends the entire game looking",1
it s so spooky but leon kennedy will protect me,1
best aspects from the original leon claire meeting often but still,1
"much more tense   leon and claire both have their",1
in aaa horror playing both leon and claire actually gives you,1
campaign is tbh better than leons mr x is the best,1
sinal rs a campanha a leon do re2 original re4 hd,1
and claire and also between leon and ada also marvin was,1
awesome and i love that leon and claire not only have,1
in my first playthrough with leon i had a hard time,1
gameplay is just perfect dan leon waktu masih gadis,1
ever resident evil beat both leon n claire s runs n,1
leon kennedy and the terrible horrible,1
was super good i love leon and i think claire is,1
completing the game with both leon s kennedy and claire redfield,1
"farts im so gassy  leon stop that  claire my",1
you simply can t overlook leon scott kennedy the mascot of,1
leon a chad,1
i guess i just completed leon s run and will do,1
liked the separate stories for leon and claire while they do,1
edit 15 hours i beat leon s story and im working,1
leon is hot also the games,1
origin story of legendary characters leon s kennedy and claire redfield,1
did leon a route and claire b,1
ya leon you cant run faster then,1
only launched it for the leon and ada and idk who,1
leon very yung in this game,1
the first runs for both leon and claire i love this,1
characters giving greater depth to leon claire ada and sherry giving,1
"mr x all over again leon and claire are both fantastic",1
plus you get 2 playthrough leon and claire 4 if you,1
20 hours beating it to leon,1
baby leons kills the big guy oh,1
playable stories with claire and leon i think this alone provides,1
differences when it comes to leon and claire runs a and,1
really loved the part when leon,1
"a b scenarios for both leon and claire   my",1
"characters like claire and obviously leon ada   the weapons",1
goon is way too scary leon is hot tho,1
leon apenas,1
liked all of them especially leon and ada if anything it,1
ve beaten the game on leon a scenario and the normal,1
played very replayable claire a leon b is my rec,1
but overall loved it rookie leon is so cute and claire,1
it s great to see leon and ada together again 10,1
and going into sewers as leon i was scared he d,1
because i am doing both leon s and claire s pov,1
leon kennedy thats all,1
love it faster than leon falls for ada,1
leon is baby,1
peak played claire a and leon b scenario for my first,1
in my life my love leon papichulo,1
adivinha e pra melhorar o leon é retardado só anda e,1
play claires story too poor leon,1
dead walk and rookie cop leon kennedy and college student claire,1
peak game leon is the goat and this,1
"the same locations   leon  starter 9mm pistol police",1
game has less interaction between leon and claire compared to og,1
lee leon is the biggest reason on,1
the story as claire and leon even though it was kind,1
spooky and leon s kennedy,1
a and b playthrough with leon and claire both exploring the,1
childhood claire is alright but leon is a stud muffin and,1
its leon s first duty as a,1
kickass first day was had leon don t blame yourself,1
me months to continue playing leon after getting to a certain,1
segundo ya sea claire a leon b o viceversa del resto,1
i did after playing just leon a re2 is awesome,1
leon a claire b claire a,1
than any other game ever leon is best mc weskers a,1
bargained against oblivion itself sir leon green of courage yet stout,1
play this after seeing the leon vids on tiktok i ve,1
apocalypse his name starts with leon and ends with his penis,1
juegazoooo leon me encantas,1
the best remake ever both leon and claire s story are,1
enough different between claire and leon s runs that i highly,1
its leon kennedy buy the game,1
atmosphere exploration and tense moments leon claire and ada are introduced,1
♥♥♥♥♥♥♥♥♥ leon s kennedy im so ♥♥♥♥♥♥♥,1
s story not correlate with leon s story which is kind,1
getting to play as both leon and claire i ended up,1
how you follow the protagonist leon who runs like a 600lb,1
young leon so cute,1
safe mod now on to leon b,1
leon seks kennedy,1
him in fewer words love leon want more leon the residents,1
and woud recomend and also leon is cute,1
play for leon,1
resident evil larper and beat leons segment in 5 hours and,1
a campanha principal jogando com leon ou claire dura entre 8,1
about a dozen times during leons campaign took me a bit,1
i played 3 times walkthrough leon a b and claire a,1
funny leon,1
with one character i did leon first that seems to be,1
one crappy first day for leon,1
the final tyrant fight as leon not bad but the area,1
leon and claire the cutest duo,1
touch me leon please,1
shooty zombie bang bang while leon cusses 12 times,1
thrilling and horrifying beginnings of leon s kennedy and claire redfield,1
calling all leon look alikes,1
"new to find two campaigns leon and claire with different paths",1
you can play on leon a b and claire a,1
introduces us to the legendary leon kennedy it s a remake,1
"  you play as leon and clair which both have",1
naming my son after leon,1
so down astronomically bad for leon i think that says it,1
leon origins and claire,1
being able to play as leon kennedy or claire redfield and,1
s rank on hardcore for leon a and claire b other,1
leon s kennedy john f kennedy,1
x jumpscares after opening doors leon gud,1
always the goats claire and leon introduction to the franchise a,1
i shipped leon and claire,1
a masterpiece definetiely worth playing leon b claire a on your,1
chasing me it was watching leon get emotionally destroyed by a,1
from i really enjoyed seeing leon s beginning in the story,1
enough motivation to keep both leon s and claire s campaigns,1
game was fun played as leon first it was cool at,1
the story is so good leon and claire characters are just,1
this and when playing as leon you can never see sherry,1
great game thoroughly enjoyed both leon and claire s stories wish,1
i m witerally leon kennedy,1
compared to the original re2 leon is now a wannabe cop,1
i hate puzzles but leon is such a baby girl,1
short of amazing playing as leon or claire is different even,1
this remake im not a leon fan but i still played,1
my fingers are numb also leon is pretty 🥹,1
not worth the replay both leon and claire have the same,1
walkthroughs because i started as leon on 1st one and read,1
and then second ran as leon the stories differing events dont,1
leon s training new game plus,1
as a leon fan since childhood re4 og,1
also funny to see when leon is still a bright eyed,1
in there with you for leons side the second half the,1
get to play as either leon or claire first i chose,1
far as the interactions between leon and claire and the a,1
game i like it and leon is sexy guy and claire,1
job modernizing the original narrative leon and claire are both likable,1
different from each other but leon and claire are excellent characters,1
leon wish he was me lowk,1
the dual protagonist combo of leon and claire make the game,1
final tyrant i only played leon a story because why would,1
is great both clair and leon paths are super fun and,1
leon waktu masih gadis v,1
8 10 really liked leon s story clair s was,1
the ability to play both leon and claire and i love,1
racoon good plus leon good,1
good game playing as both leon and claire was a fun,1
re closer to claire or leon going through it all for,1
boner like i thought about leon leg locking me butt ass,1
and i wish claire and leon interacted more in the story,1
are coming to get you leon i they are coming for,1
leon kennedy 🤤🤤🤤,1
videogame industry as well as leon and claire,1
only played leon s story for now but,1
love it and play as leon first because if you play,1
leon kelly my black king,1
do well i really wish leon and claire interacted more which,1
without being frustrating playing through leon and claire s stories also,1
for everyone who came for leon certified action horror classic still,1
through two different sides with leon and claire leon s story,1
getting to know claire and leon as characters i didn t,1
the franchise once i beat leon and claire s story the,1
playing from the perspectives of leon and claire in the same,1
and produce timeline contradictions where leon and claire each solo witness,1
loss whether you play as leon or claire the emotional weight,1
o leon é muito beta nesse jogo,1
fun puzzles aside from the leon desk code no one does,1
no matter if you play leon or claires story its still,1
rookie leon is so cute oh my,1
hell yeah leon kennedy my boy,1
evil claire s a goat leon s a goat more horror,1
10 10 cause leon is goated,1
such a good game and leon kennedy kinda fine 3,1
leon kennedy fine ♥♥♥♥,1
and playing re2 and wathing leon i feel how much he,1
an amazing story for both leon and claire,1
"good el modo hardcore de leon me hizo querer cortarme el",1
this title was to experience leon s story one of the,1
leons a young little boy,1
healing item count playing as leon or claire offers different perspectives,1
replay value playing through both leon and claire s separate campaigns,1
peak game leon has aura,1
its very good leon is genuinely the tuffest video,1
cast of characters such as leon kennedy ada wong and claire,1
leon kennedy and claire redfield funny,1
te amo leon scott kennedy,1
absolutely adore it i finished leon s campaign around this april,1
route is arguably better than leon s and i will die,1
thudding of tyrants boots to leon having to stealthy walk around,1
leon its not looksmaxing here so,1
leon s fu me kennedy,1
two different perspectives claire and leon is really cool that being,1
s 2nd run but from leon s story alone all i,1
no flaws i just love leon claire and ada soo much,1
raccoon city—featuring iconic characters like leon and claire—while combining it with,1
game i am watching you leon s story lastly the additional,1
story but i played the leon story and it was amazing,1
is where the journeys of leon and claire begin as two,1
leon part i played whole clair,1
leon and claire are great characters,1
rewarded exploration i finished both leon and claire s stories on,1
sense was normally claire a leon b but now its the,1
leon my sweet pathetic sopping wet,1
gameplay section of claire and leon don t overlap it doesn,1
end i completed both campaigns—as leon and as claire—and absolutely loved,1
straight forward but yeah since leon is in here i d,1
playing as both clare and leon is part of what makes,1
so peakkkkkkkk leon tuf,1
ada and leon being canon caught me off,1
resources for me to grab leon b i couldn t find,1
only leons story finished at time of,1
finish it twice once with leon and once with claire while,1
leon boss,1
worth the money to see leon,1
good game only played the leon storyline first in this but,1
daddy loves himself some leon recommend,1
leon him,1
i had to get a leon nude mod erect just to,1
i love leon s thighs and body as,1
john leon,1
is pointless whether you play leon a claire b or vice,1
leon s side of the story,1
leon and claire are simply goated,1
iq played on standard as leon in eng,1
i got around to it leon kennedy 4 life,1
start of leon s kennedy saga 💕,1
ada muah muah rookie idol leon peaaakkkk,1
the best remakes ever created leon s journey is incredible highly,1
i love leon kennedy so bad why the,1
epic game 2 baddies 1 leon,1
one was great completed the leon first run twice next will,1
my first playtrought i selected leon kennedy and it was awsome,1
of two iconic re characters leon kennedy and claire redfield re2,1
but here it makes sense leon is a rookie cop walking,1
get bored of this story leon is great but clair steals,1
interactivity with the story over leon s run he is essentially,1
leon kennedy has a big ass,1
cuz this was the daddy leon s 1st duty day the,1
leon is super sexy game is,1
atmospheric games of all time leon and claire are some of,1
i love leon butt,1
leon is hot and mr x,1
the bit when ada kissed leon maybe a little too much,1
things i would do to leon 3,1
leon leon leon,1
finished playing the main game leon for the 1st run claire,1
scenario and ada s hacking leon may be slightly frustrating especially,1
good game cause leon,1
leon ass kenndy,1
10 in my opinion enjoyed leons segment for my first play,1
and the characters of both leon and claire and now i,1
areas or at least until leon got his handy dandy shotgun,1
hit this hard played through leon s campaign in one long,1
experience as both claire and leon exploring the police station while,1
engaged the whole way through leon and claire were both great,1
resident evil 2 i finished leon s story in 6 hours,1
10 10 game leon kennedy is my husband and,1
game through on this title leon path amazing story good scenery,1
come in every single spot leon go what did he want,1
"already  first run of leon on cracked version then both",1
those who like horror but leon s story is great for,1
leon use the pinch and roll,1
and escape with their lives leon and claire are some of,1
first place after completing both leon and claire s campaigns i,1
leon kennedy is bad as hell,1
in my first run as leon and luckily didn t face,1
10 i just beat a leon a claire b run the,1
leon can t run he s,1
t the campaign structure play leon a and then play claire,1
really good horror game play leon s campaign first and then,1
reaaaaaally love to see rookie leon s kennedy come back in,1
" remember to examine items leons and claire are awesome sauce",1
holy sh1t leon is hot,1
leon leoned all over the place,1
remake 2 claire redfield and leon kennedy have their own separate,1
leon and ada nearly brought me,1
this game more in depth leon and claire each having separate,1
got through it on the leon playthrough so imagine my horror,1
finished leon in 5 39 00 with,1
it such as both sides leon and claire being similar in,1
game love it i love leon and claire s bond good,1
experience very tense awesome story leon s route is badass as,1
the movement system claire and leon move like they have cramps,1
and i have played through leons and claires story this game,1
claire s story progression to leon s only thing i didn,1
limited interaction between claire and leon i almost forgot the other,1
i like leon s kennedy the most and,1
leon yes and uhh better than,1
absoulute beast in this game leon and ada as well as,1
i like the lore and leons character the only nitpick i,1
"you come for leon but stay for claire ",1
2nd leon scenario is bad quality,1
i m literally leon s kennedy,1
nearby never stops being tense leon and claire are both great,1
mmmm leon sewerwater kennedy,1
shoutout leon my treacherous twin,1
"re game   both leon and claire s story were",1
pretty sure ada just met leon for a day but i,1
i like leon in this game because hes,1
leon sexy kennedy and redcliff bloodline,1
the resident evil games with leon biased i know lol im,1
says i personally recommend doing leon s run through first and,1
amazing we get introduced to leon and claire who are both,1
franchise and especially fans of leon s character and story and,1
every second both playthroughs with leon and claire were a lot,1
as claire first then as leon don t make the mistakes,1
are genuinely evil and insane leon bro could have paid mr,1
leon can suck me dry till,1
leon kennedy mpreg,1
pass with claire and then leon and played a few bonus,1
is a masterpiece ada and leon 333,1
storytelling for both claire and leon,1
i love playing as both leon and claire story is great,1
mind blowing franchise and turned leon s kennedy into my absolute,1
the game i played only leon s segment,1
with lovely character development with leon s kennedy and claire redfield,1
rest mi a placut de leon cand era tanar 10 10,1
was easy enough i struggled leon,1
game tbh first route with leon was really good and really,1
an incredible reimagining of re2 leon has lost his handsome ♥♥♥♥,1
the marshaling yard claire and leon don t share radios with,1
leon kennedy manyak,1
and can execute more easily leon and claire also play pretty,1
but i honestly think that leon kennedy is mid in writing,1
2nd playthrough is i did leon first then claire as i,1
always locking eyes on baby leon or overlook claire as someone,1
love leon and claire,1
leon slop mr x,1
aint gay but ts mf leon so pretty i cant focus,1
pretty much the same as leon s also i dislike games,1
that deserves its own award leon and claire glide through the,1
very good remake i played leon s story first and that,1
claire and leon have to be a semxy,1
played only leon s story at the moment,1
i ll be the invincible leon like in old re4 but,1
re 2 remake ada and leon start to make sense,1
leon is kool,1
laid shortly thereafter thank you leon s kennedy,1
some interactions that helped connect leon claire sherry and birkins together,1
to claire s story than leon s so now that we,1
this game is good but leon s ass is better,1
review is make only with leon story completed but yes very,1
leon goat,1
of the same beats as leon s story making the supposed,1
re 4 with baby face leon great story and nice horror,1
matter if you start with leon kennedy or claire redfield this,1
leon is spo damn fineee,1
i like leons run but the only bad,1
in 2026 i really enjoyed leon and ada s story but,1
got introduced to silly baby leon s one liners it s,1
"more to play with both leon and clair  also what",1
leon great much hot,1
resi and first appearance of leon and claire fantastic remake,1
cool game plus has leon which is also even very,1
"so good  rookie leon is just a bebeh",1
lest you get decked quickly leon claire are well introduced as,1
finished my first playthrough on leon and was pleasantly surprised by,1
i love twink leon,1
great opening of leons story,1
i also really appreciate how leon and claire both got alternative,1
leon so sexy yum,1
welcome rookie leon,1
runs for both claire and leon i really truly enjoy the,1
all the while looking at leon s and claire s asses,1
tremendous game finished both leon and claire s playthrough on,1
leon kennedy is cool,1
leon is fit,1
in game only few weapons leon can t dodge attacks you,1
leon is probably the only guy,1
here this game starts off leon s kennedy s story in,1
the story when playing as leon or claire since some events,1
to take out umbrella — leon s kennedy h1 b i,1
down damn hate that guy🤣 leon and claire s campaigns are,1
like it cause it has leon in it also its a,1
leon kennedy naked covered in coconut,1
game follows rookie police officer leon s kennedy and college student,1
keeping leon on low health so he,1
hours i followed rookie cop leon and sister seeking claire through,1
just finished leon s story as a new,1
run with claire after finishing leon s story every single run,1
ive had in a while leon is hot too i guess,1
tyrant who hunts claire or leon throughout the game with relentless,1
remake eu fechei com o leon e apenas iniciei o 2nd,1
very little difference between the leon and claire playthroughs except for,1
fun i like the puzzles leon is gorgeous and walks runs,1
after getting s on both leon and claire i m never,1
great game did both leon a and claire b,1
it the first time with leon and am now going back,1
leon must have gotten infected with,1
iconic raccoon city police department leon and claire s stories —,1
leon is like the best part,1
might be into men because leon is definitely sparking some strange,1
wat to start the re leon story line great game,1
its not the same without leons grunts,1
i love leon ♥♥♥♥ kennedy also replaced mr,1
"beat  starting my first leon run on hardcore and losing",1
then the second run as leon for the true ending i,1
love this game so much leon and claire are so cute,1
being leon kennedy who is a 21,1
"elegant strong good with hands leon can ride everytime  ",1
leon twink era play both campaigns,1
in this game findings both leon s and claire s storylines,1
radio communication between claire and leon seriously why cut that out,1
felt great and it has leon need i say more i,1
played through both claire and leon s respective a and b,1
really enjoyed the differences between leon s and claire s storylines,1
menacing low poly leon emerges,1
lwk goated anyways i think leon kenn is super duper ykykyk,1
leon and ada,1
leon got crimson head from those,1
in the resident evil franchise leon scott kennedy looking at this,1
favourite leon version cos he is covered,1
requiem in re2r i completed leon a and claire b but,1
physics large locations for both leon and claire i played through,1
fully understand it once with leon and once with claire the,1
"for me  only did leon s playthrough yet might do",1
series i just loved seeing leon grow as a person from,1
onto the rickety platform of leon kennedy thirst memes and bought,1
"⭐  after finishing both leon a and claire b i",1
leon and claire be like hmmmm,1
you grow attached to rookie leon and claire as they survive,1
s story being basically just leon s but with a few,1
its fun to see where leon started after playing requiem but,1
i played leon first good game tense enjoyed,1
leon yummy,1
el pequeño leon kennedy e muy retardadown aqui,1
s playthrough since i did leon s already these games won,1
has leon in the game which automatically,1
its a and b scenarios leon kennedy and claire redfield each,1
9 10 game p s leon the goat edit i have,1
to play ada wong in leon kennedys story and leon s,1
leon is a chad,1
a magnificent title and the leon sections in resident evil requiem,1
leon till i die,1
and legends case in point leon s kennedy s character named,1
mmmmmm rookie leon,1
start of leon story was gud and action,1
i d only be nitpicking leon and claire s adventure is,1
one can resist baby girl leon,1
can t avoid killing zombies leon who is supposed to be,1
where it all began with leon and play re2 my first,1
" outstanding story s for leon and claire there both amazing",1
welcome leon i bet you had a,1
how tf is this leon s first day,1
leon you little hemi,1
"something in peace   leon and claire campaigns are both",1
good i only played leon cause im lazy,1
first run on standard as leon and second on hardcore as,1
"the dramatic cues   leon is easy to root for",1
good play both claire and leon,1
while i didn t finish leon s campaign it doesn t,1
of a resident evil the leon run is kind of fun,1
for the first time as leon really makes it interesting as,1
playing claire compared to leon is night and day i,1
amazing remake of the original leon is da goat,1
are also stunning everyone knows leon looks gorgeous in the new,1
just done leon a and now on claire,1
yummy leon,1
taking the role of either leon kennedy or claire redfield trying,1
gurk made me play leon made me stay,1
their exclusive final bosses both leon and claire fight birkin x,1
are still present for both leon and claire with the true,1
really good though i preferred leon s story over claire s,1
leon can t melee can t,1
being bare bones compared to leon s still other than that,1
leon continue the redfield bloodline probably,1
much better voice acting than leon or ada the protagonists on,1
i like leon a little,1
perfectly designed in every way leon and mainly claire are great,1
cant wait for part when leon says we are real resident,1
game is so peak leon cant ever forget it 10,1
leon is the people s princess,1
more impactful our main characters leon and claire and ada sherry,1
integration or lack thereof of leon mr x also didn t,1
characters were also incredible both leon and claire and boss battles,1
but it s pretty close leon and ada s dynamic is,1
leon is such a baby boy,1
vendido la idea de que leon es un macho pecho peludo,1
fantastic graphics great story for leon and claire 10 10 game,1
the gameplay is amazing love leon and claire and sherry is,1
apostolides is my new favorite leon kennedy i loved stephanie panisello,1
to know what happened to leon in rc and made it,1
b leon b claire we can t,1
original iconic playing through both leon and claire s campaigns really,1
"the main story on both leon claire   has a",1
beat the characters are quirky leon is a cornball and have,1
kinda short but still young leon is very sexy,1
nothing amazing but characters like leon s kennedy and claire redfield,1
pray to be stronger men leon s kennedy,1
starting with this one because leon s my guy the game,1
roaming the station and both leon and claire are likeable characters,1
"  the gameplay with leon claire and ada is extremely",1
sheer amount of one liners leon had in store also claire,1
scenario that runs parallel to leon s a scenario is decent,1
acab except for leon,1
mr x chases leon more i think he likes,1
marvin saves her life unlike leon makes her sound like an,1
a great starting point to leon kennedy s story i really,1
playthroughs i had fun starting leon s story while experiencing claire,1
done an a run on leon and i m working on,1
i give this game a leon 10,1
puzzle solving and pacing while leon s route b especially is,1
camera the story and characters leon ♡ were awesome too the,1
absolutely terrifying horror with leon can transform into an action,1
of the most iconic characters leon i ve 100 completed this,1
leon re2r mod shirtless goat,1
leave out the man himself leon kennedy i may be gay,1
game claire side a and leon side b it was my,1
i just finished my leon run and it was fantastic,1
scenario was managed i did leon a claire b and while,1
leon can t backflip yet claire,1
leon is soo hot and claire,1
why is claire faster than leon i thought bro was fresh,1
i got to see leon kennedy,1
game becomes so good especially leon s gameplay,1
ran claire a and then leon b as apparently that s,1
of all the other games leon hands down the best character,1
graphics and gameplay on both leon and claire s segment,1
and a chemical flamethrower for leon cause when i saw mr,1
similar to the style of leon besides mr x and is,1
a second run as both leon and claire to pickup what,1
leon is very hot and that,1
awful jill in re 3 leon and claire both play well,1
same game but instead of leon it is claire and instead,1
geekin off that leon pennedy,1
with claire and b with leon nothing feels change except two,1
too early to simp on leon kennedy i still havent finished,1
wrap my head around as leon scenario a the r p,1
terrific game well optimized wished leon ran faster though,1
boring other than that both leon and claire s scenarios are,1
portion of the game as leon kept the pressure up and,1
the other character s perspective leon and it fills in the,1
is the way claire and leon meet and navigate environments makes,1
leon what a great game really,1
i love the vibe and leon story,1
the characters are strong overall leon s voice acting is a,1
very leon very ada very cool,1
that this is where both leon and claire begin their journeys,1
10 out of respect for leon i give resident evil 2,1
whole time not perfect because leon claire scenarios could have been,1
gunpowder and vibes repeat until leon or claire finally shuts up,1
playthroughs quite a bit especially leon s though because both him,1
why the series and especially leon is popular and i m,1
really well obligatory i love leon mention 4 5,1
voice acting talking about the leon story line from what i,1
leon one liners be like,1
leon my king 3,1
goated game love leon kennedy,1
i enjoyed playing through both leon s and claire s runs,1
amazing game both leon s and claire s playtrough,1
real weight to every encounter leon and claire s voice acting,1
he knows you re panicking leon and claire both bring great,1
me running in circles for leon b route lmfao,1
leon where are you,1
makes no sense on how leon claire never meet in the,1
i like puzels the story leon is the boss,1
"so much cut content  leon and claire never see eachother",1
was really really fun also leon should listen to chris and,1
best story for leon and claire ngl,1
of the i also did leon and claire both runs as,1
mega chad leon starting his journey to quell,1
comes with new content both leon and claire s campaigns were,1
♥♥♥♥♥ this is a khia leon ♥♥♥♥♥♥♥♥♥ off remake khia khia,1
that a horror should also leon s kennedy,1
wellcome leon 10 10 classic,1
with the game hardcore s leon is cia torture,1
i wish that leon would not grunt so much,1
design the separate stories of leon and claire significantly increase the,1
hunk and leon u my goats 😍😘,1
about 6 hours to complete leon s story which felt like,1
too much else except that leon is an absolute cutie and,1
better when leon s kennedy is naked and,1
sense at all why is leon caring about the chief of,1
best remakes ever made and leon x ada is what i,1
dada leon and mommy ada made my,1
i love leon the gameplay is fire for,1
"the two different stories between leon claire  the differences alone",1
character i ever seen is leon its worst than epstein dont,1
rookie leon will always have a place,1
a b campaigns one for leon kennedy and another for claire,1
is great as well love leon and ada d nice game,1
bring back the og storyline leon is beautiful as always great,1
leon kennedy more like 👅👅👅,1
claires story more i know leon is a hot stud duh,1
game in the series and leon s campaign absolutely delivered —,1
in tiktok and there is leon so 10 10,1
a and b scenarios between leon and claire are not different,1
i hate this my friend leon turner making me play them,1
to play more games with leon in it,1
the story contradictions between the leon and claire routes,1
"those areas characters 10 10 leon ada and claire 3 of",1
much i loved playing as leon and claire and the graphics,1
ago 2020 and just finished leon story but now 2026 any,1
head off much easier saw leon thought nice now i get,1
interconnected and how claire and leon have their stories in the,1
b runs i loved both leon and claire s stories and,1
of the characters and rookie leon is so cool,1
the confrontation between ada and leon i was screaming because as,1
real proud dad leon real proud mom claire,1
story scared me more than leons despite it being same thing,1
last i only played with leon so far will try claire,1
amazing game played leon s and claire playthrough and,1
would have been better if leon claire and sherry had lot,1
how you can play as leon and claire mr x is,1
it because of hunk and leon but overall a great game,1
of those combat extremists like leon but rather just a normal,1
leon gadis,1
i had to play the leon part with one hand skipped,1
stop playing i just finished leon s story and i started,1
finished both a b for leon and clare,1
capcom cooked with young leon s kennedy 10 10,1
yes play i love leon i love claire,1
this is all because of leon in re9,1
on the second playthrough with leon or claire such as missing,1
i need to go bingo leon in this game is a,1
"10 story 10 10 rookie leon   highly recommend i",1
leon baba var dediler bi koşuda,1
s so cool to see leon s beginnings again and the,1
10 10 game especially leon s part,1
claire mr x leon w game,1
better than re4 leon,1
them because of my specs leon kennedy is one of the,1
to see both sides of leon and claire s campaigns,1
re games starting out as leon was a mistake though as,1
game offering seperate weapon for leon and claire was a smart,1
" te veré en re4 leon papacito kennedy",1
leon indeed got a kickass first,1
if your popping skulls with leon s shotgun or deagle or,1
i love rookie leon sm he radiates sooo much,1
story graphics gameplay why does leon runs at the same speed,1
leon goess brrr,1
finished it i just completed leons first run and had a,1
leon and his one liners,1
make an exception for with leon,1
2 hours and completed both leon and claire playthrough the game,1
with 2 main story playthroughs leon and claire and when you,1
baby leon s kennedy was literally 2,1
you can choose play with leon or cloie story which will,1
to play being as a leon kennedy fan gameplay has some,1
a claire e adoro o leon ♥,1
to the resident evil series leon and claire are awesome characters,1
through the different perspectives of leon and claire was a cool,1
on steam and i finished leon s story on s rank,1
just played leon s story start to finish,1
than i thought i would leon definitely deserved a better first,1
explore along the whole maps leon is so well animated and,1
great story great mechanics and leon is tha goat,1
btw i ve only played leon s story not claire s,1
our brains are leon s kennedy,1
offers 2 different campaigns for leon and claire back in the,1
the differences are minor between leon and claire s campaign except,1
still both very good games leon and claire storyline is fun,1
more examples even between how leon and claire talk are portrayed,1
claire 2nd run after doing leon first everything is just worse,1
after playing 1st story with leon i would give the game,1
have ever played my god leon is such a babeh,1
baby leon let me protect u queen,1
introduction both claire s and leon s stories were great but,1
play as both claire and leon would 100 recommend this game,1
must be the new guy leon sorry but it looks like,1
leon story is really fun so,1
leon and ada r my babies,1
i really wanna buy a leon kennedy shirt lolll i ve,1
so much i played both leon then claire both sides of,1
an issue when playing with leon since shotgun most of time,1
day i yearn for rookie leon he s very dear to,1
notch especially the fan favorite leon highly recommend that everybody at,1
leon is such a baby,1
story i will play as leon,1
2 the young police officer leon s kennedy and the tough,1
it has leon mother eefin kennedy,1
i loved when leon said the residents were evil,1
re 6 it has rookie leon i like this game over,1
mapa entre la aventura de leon y la de claire fuera,1
segment to avoid spoilers as leon before arriving at the police,1
leon kenn edy,1
t work on this thing leon scott kennedy,1
i did i personally chose leon a claire b for my,1
great story and characters w leon and claire,1
leon x ada canon 1000 yes,1
played for leon the game itself is actually,1
just beat the game as leon wth is going on edit,1
more claire sherry sequences in leon a spoiler i d call,1
when u got claire and leon in the game definitely 10,1
i am here for leon and ocassionally killing zombies and,1
note i ve only played leon s story on hardcore difficulty,1
"peak only downside theres no leon x claire scenes",1
hate that big ass turd leon baby face i want to,1
claire and leon the goat 9 10,1
the days before leon could afford a porsche he,1
give this one a try leon s playthrough feels much more,1
too much 4 was plenty leon rpd and the lab are,1
rookie leon 3,1
long my first run with leon took 6 5 hours and,1
it s also cool seeing leon as a rookie and comparing,1
route but both claire and leon are amazing characters,1
well literally grinded all of leon s route in less than,1
claire for run 1 then leon for run 2 i can,1
play leon and dont play claire it,1
i like leon i like ada more,1
start as if you chose leon route a claire s route,1
evil especially because there s leon and ada in this game,1
really liked the difference between leon and claire s run and,1
main cast of characters mainly leon though this game is a,1
character coexistence in the original leon and claire felt like they,1
"one word  leon",1
finished leon s campaign as soon as,1
leon is young,1
all of the stroyline side leon and claire have many puzzle,1
the re series namely claire leon ada and a young sherry,1
for a claire 1st and leon 2nd run rt version runs,1
see more of her and leon is still a baby here,1
fun game i enjoyed the leon side of the game didnt,1
i only really played leons story and it was very,1
you that it does also leon b scenario is the hottest,1
claire leon can a game get any,1
can play both claire and leon again with a seperate story,1
leon is such a pup in,1
hi my names leon,1
"nerves and the dark  leon and claire s campaigns both",1
yes this game includes goblin leon edition,1
so basically leon has sex with mr x,1
leon sabroso kennedy,1
you invested both claire and leon are likable on their own,1
leon from fortnite,1
finish whether you re following leon s rookie determination or claire,1
leon is soooooo hott,1
leon kennedy ♥♥♥♥♥ me,1
being young leon feels like being a freshy,1
very awesome game leon and claire cool,1
played resident evil 2 as leon and it was really cool,1
peak tyrant mr x peak leon and claire peak williams survive,1
f w i went through leon s story had a decent,1
after finished leon and claire campaign this is,1
and its a start for leon so if you want to,1
idiot running around i completed leon s story and i m,1
mmmmm leon kennedy 🤤🤤🤤🤤,1
one bosses both claire and leon have a few boss battles,1
"5   i love leon i love claire i love",1
overall quite entertaining it introduces leon and adds an aspect of,1
for the lore plus baby leon and claire 8 10,1
good entertaining and scary and leon is super sexy,1
characters really pulls you in leon and claire feel more real,1
leon makes me hard 😫,1
killing zombies is awesome leon is my goat,1
ok but how does leon miss ada he just met,1
leon mogs clavicular,1
baby leon needs to be protected at,1
to choose between two characters leon s kennedy or claire redfield,1
but works and having both leon and claire makes it worth,1
slowly fall it crashed through leon kennedy s first day on,1
repetitive the levels for both leon and claire are identical absolutely,1
this game live laugh love leon s kennedy,1
leons no good very bad horrible,1
leon needs to let me peg,1
bought the game for leon stayed for claire 10 10,1
ada wong is hot leon is hot claire is hot,1
6 10 but i love leon and ada the last 2,1
if it s just for leon before playing i didn t,1
bonus scenarios are very difficult leon and claire both have great,1
i don t blame it leon being portrayed as this newbie,1
i like the leon story good game,1
both perspectives of claire and leon i d pick this game,1
first run through was with leon tyrant following me everywhere was,1
oh leon sweetheart are you aware that,1
because it has baddies like leon and ada it has a,1
game about two characters named leon s kennedy and claire redfield,1
leon september 30th 1998 is a,1
finishing my first playthrough with leon before starting a second run,1
leon makes me wet,1
fire game tbh my baby leon before he explodes,1
leon s kennedy🤤🤤🤤🤤🤤🤤🤤🤤🤤,1
steams spring sale i played leon s story and it was,1
trauma dump to my mother leon clare and ada 10 10,1
a blast playing through as leon i was playing on my,1
the start of leon and one of the best,1
this game is great leon a campaign is perfect and,1
leon when he needs healing,1
in the horror aspect rookie leon has no parry mechanic loses,1
it through i played as leon and played through about half,1
leon suck in this game,1
leon s kennedy nuff said,1
my skin a few times leon is very cute,1
edit finished 2nd run with leon and got the true ending,1
off my first run as leon took about 8 hours and,1
leon s kennedy my husband,1
two story lines for both leon and claire i highly recommend,1
replaying actually feel different like leon and claire runs weren t,1
leon f kennedy,1
yeri geldiğinde insanı aşırı geriyor leon un hikayesi güzeldi,1
good it s short both leon and claire s stories together,1
to do the same with leon so claire 1st run and,1
good claire is mommy and leon is daddy the residents are,1
fire asfffff leon is so hot bro i,1
i loved the ending seeing leon sherry and claire happy together,1
game hear me out about leon okayyy,1
favorites you must play both leon and claire s story lines,1
games oat i m literally leon,1
i love leon s kennedy with my whole,1
be bad 100 10 completed leon story and it was extremely,1
rookie leon genuinely means so much to,1
needs more leon grunting but otherwise pretty good,1
puta obra maestra te amo leon,1
claire redfield campaign is goated leon s is a big ass,1
it surpassed my expectations with leon s story and i still,1
with nice transitions of both leon and claire stories,1
lacks the criss cross between leon and claire that the original,1
1 and 2 for claire leon within like 15 hours of,1
backtracking through areas to progress leon and claire are amazing characters,1
rookie leon trying to impress asian baddie,1
is superb proper horror vibe leon is amazing claire is beautiful,1
launcher after s rank with leon is sweet liberty b,1
this game is because watching leon gameplay in requiem is so,1
just beat this game as leon in 7 hours and it,1
but the fact they made leon a canon is a crime,1
a great game playing as leon feels awesome like using a,1
casual gamer i recommend doing leon s 1st run followed by,1
is amazing love rookie cop leon and the micheal jackson lickers,1
of making clairs story overlap leons it should have been a,1
solid game personally i find leon s story a bit underwhelming,1
leon kenney kills zombie and is,1
was recommended to start with leon s previous games this convinced,1
good play standard start as leon enjoy,1
a pretty hot character and leon is ok ig 9 10,1
finished leon s side very fun stinky,1
side note i just finished leon s story and i m,1
"playing re2 cz leon s comeback in re9 ",1
finished leon s story in 9 hours,1
leon is so sexy this game,1
were challenging i played as leon for my first playthrough on,1
is… i came back for leon s kennedy let s be,1
when starting as claire after leon a bigger chunk of gameplay,1
very good leon is eye candy,1
very fun game i like leon gameplay but i enjoy both,1
young leon is dope for an old,1
leon simatupang kennedy,1
leon sex kennedy 3,1
it also introduces you to leon kennedy who s a fan,1
really good game leon s playthrough was amazing i,1
you don t hear leon like in re4 sadly but,1
scare you always rn playing leon story and then would try,1
the reason why i love leon kennedy,1
so you can stare at leon s ass while playing,1
"its still peak 10 10 leon is cute asf",1
but it has mr x leon dominate me kennedy and some,1
leon kennedy and ada wong you,1
you gotta play both leon and claire to get the,1
claire campaign i also started leon s 2nd run i only,1
character designs in any medium leon has recently gained renewed fame,1
it s leon,1
leon kennedy framemogging the evil residents,1
games i have ever played leon x ada forever 3,1
story for resident evil 2 leon here with ada wong and,1
sherry spoiler stealth section and leon claire sides not being that,1
the first time leon hung out with ada,1
game felt lifeless to me leon is a very boring character,1
enjoy the scary parts and leon ofc is gorge as always,1
leon is so bad,1
whether you re playing as leon or claire this remake is,1
perfect from start to finish leon and claire s campaigns are,1
leon is so cute in this,1
leon is kinda cute hm,1
your first run with either leon or claire you unlock a,1
around the whole game anyway leon a claire b is done,1
leon slut kennedy s origin story,1
in the world could save leon s arm from falling off,1
wanted to catch up with leon s story as well as,1
i love leon and claire so much,1
ankles 3 oh holy tomoly leon kennedy i want two more,1
stop there—the different campaigns with leon and claire make it worth,1
my name is leon s kennedy 😊 i would,1
review i have completed both leon s claire s story first,1
great game overall lob young leon,1
leon so hot,1
quando acabei a campanha do leon e pensava que a campanha,1
re2 on sale play as leon be scared of mr x,1
to speed run and hearing leons grunts make me wanna slurge,1
also no mr x and leon yaoi so its a 0,1
oh my god leon is young but anyway mister,1
oyunu leon olarak oynadım bittirdim ve çok,1
i did route a with leon and then route b with,1
was just here for zombies leon too pure too innocent still,1
to get through and made leon feel like i was controlling,1
don t have to pick leon every time,1
leon is a twink in this,1
there is less interaction between leon and claire unfortunately but the,1
leon moe,1
are two 2 interactions between leon and claire outside of the,1
enough differences between claire and leon to warrent 2 playthroughs i,1
wish i could sex the leon s kennedy,1
such as the depiction of leon and claire as characters compared,1
twink leon a new hope,1
4 you get introduced to leon ada claire umbrella and it,1
i ve only played trough leon s campaign but let me,1
mr x constantly on you leon and claire are both amazing,1
trampstamp leon s origin story as leon,1
live laugh love leon,1
seen before when playing as leon or claire mr x was,1
banging game only played leon s story so far fav,1
was great to get a leon trilogy on modern consoles and,1
i was gooning to leon and claire decided to pop,1
god forbid a policeman named leon kennedy have a break,1
this garbage also for both leon and claire their objectives are,1
prestige 100 leon loops noob killer,1
i would let leon kennedy do things to me,1
11 1 release a shirtless leon dlc,1
naive rookie leon drippy mr x and most,1
coolest locations in any game leon and claire are both great,1
been a longtime fan of leon this game absolutely delivers the,1
such an amazing game leon and claire are my two,1
outstanding i played first with leon and then with claire as,1
longer but in practice the leon campaign is roughly 2 kirbys,1
on by combining grace and leon s sections into one run,1
it has leon 10 10 game,1
great game leon is definitely a highlight but,1
my pookie bear leon is in the game,1
and was supposed to start leon s run to complete the,1
leon marry me right now,1
chris i arranged something with leon you will i meat i,1
by that is after completing leon or claire a scenario and,1
are also super fun both leon and claire s playthroughs are,1
city and her dynamic with leon is one of the franchise,1
got distracted by leon s juicy assets 10 10,1
and story after finishing both leon s and claire s scenarios,1
leon s kurniawannn,1
completing the story once as leon was interesting most of the,1
leon is hot im straight,1
get into the series also leon s way hotter in 4,1
"might just be mine  leon and claire are both likable",1
this game still i did leon a claire b and from,1
only about two hours into leon s a story the sound,1
bosses you fight when playing leon or claire there is one,1
"came for the babyu leon s kennedy  stayed for",1
looks like leon definitely gotta continue the redfield,1
the resident evil franchise period leon and claire are fantastic characters,1
leon is fun as ♥♥♥♥ but,1
leon s first day was in,1
kept leon injured to hear his moans,1
drag in this game than leon being dragged in the franchise,1
feel even more melancholy than leon,1
ive ever played even tho leon is a roockie here but,1
leon you re still the one,1
i ve seen enough make leon kennedy the president right now,1
that i wish claire and leon s segments didn t overlap,1
claire and leon are in this game automatically,1
rebecca for me here but leon ada was cool and claire,1
the days before leon was an unstoppable killing machine,1
contrast between this optimistic inexperienced leon and the same guy who,1
absolute banger played both as leon and claire and there s,1
love the game but leon whimpers alot,1
find yourself playing as either leon or claire for those who,1
leon and claire are braver than,1
enjoyed playing through both for leon and claire great game,1
fun playing as claire than leon is this feminism,1
leon is a beast,1
claire and leon at the beginning of their,1
leon te omor,1
nothing interesting ever happens in leon s campaign except the one,1
it s really well done leon was bland asf in comparison,1
smash leon kennedy send,1
where it all started for leon and what a great decision,1
we see leon kennedy for the first time,1
yes leon sexc,1
fun all the way both leon and claire,1
the dual playthrough structure with leon and claire adds new context,1
is a classic i completed leon s story and i m,1
new game but playing both leon and claire s playthrough was,1
i am quite fond of leon s kennedy,1
"all   story wise leon and claire are both great",1
10 10 game leon is the goat,1
zombies you play two characters leon s kennedy – a rookie,1
better if i could crack leon,1
s run after i finished leon s and dont get me,1
rly nice rookie leon is my roman empire but,1
"annoyingly satisfying   pick leon on standard for your first",1
lil baby leon,1
i m going to capcum leon s kennedy probably,1
i definitely agree but also leon is hot can t deny,1
leon my bois ada wong is,1
are charismatic and i loved leon he s so goated i,1
leon victim kennedy,1
and my gf are literally leon and ada,1
zombie head off and uhh leon ahhh yes,1
"re games  literally just leon and hunk existing i love",1
after doing first run as leon and second as clare so,1
leon ♥♥♥♥♥♥♥♥ bricks since 98,1
have made claire s and leon s campaigns play more differently,1
rpd station the weapons for leon are mid gohst survivors modes,1
this game shows how much leon has matured throught these years,1
i just finished leon s story in resident evil,1
to the original and both leon and claire s campaigns offer,1
ugh leon kennedy 3333333,1
secret log that was in leon s a,1
leon did not have a kick,1
re2 follows the story of leon kennedy a rookie cop on,1
suprisingly way more enjoyble than leons but both great none the,1
challange if wanted plus its leon so an immediately 10 points,1
really connected with i love leon and claire in this a,1
puzzles with plenty of action leons 2nd run on hardcore mode,1
with great characters i loveeee leon 3 i needed to get,1
was perfect i found both leon and claire s storyline perspectives,1
leon is the man absolutely fantastic,1
throughout the game the way leon is written here also feels,1
game is great i love leon more cliese plus ada is,1
keeping leon at low health so he,1
interesting i only played with leon and that part with him,1
you first run as either leon s kennedy and claire redfield,1
the voice acting for both leon nick apostolides and claire stephanie,1
world lore—and of course daddy leon as well then i bought,1
your first run and also leon kennedy super fun great introduction,1
finished this game yesterday with leon i enjoyed this remake a,1
a good amount of content leon my beloved please continue acting,1
leon what if ada is watching,1
love leon very hot,1
in the same area as leon claire they sound muted and,1
are fun and entertaining especially leon and ada and the story,1
are hand fed to you leon campaign is completely dull and,1
claire very good edit leon very good,1
coward leon before to be powerful agent,1
real question is where is leon s kennedys best friend ark,1
completed the leon playthrough only and it was,1
two storylines to the game leon and claire and they are,1
my first run playing as leon and the atmosphere is unmatched,1
this game enough did both leon and claire s story and,1
other characters in this remake leon will always fight mr x,1
never forgive capcom for making leon claire and jill ugly in,1
4 years i finally finished leon s main story and did,1
more after the remake come leon teaches lot about life,1
virgin leon meet nightmare in his first,1
stop this lieutenant i promise leon s kennedy rating 9 2,1
so much replay ability between leon and claire with the 2nd,1
play the early days of leon man what a game i,1
outbreak you play as either leon s kennedy a rookie police,1
think i ll do a leon gauntlet and play re4 remake,1
leon leon leon 3 claire claire,1
it definitely didn t disappoint leon and claire both had great,1
bg leon mode perjaka,1
are a nice addition and leon s kennedy is hot as,1
with its connection to umbrella leon s story was definitely entertaining,1
puzzles but this game has leon so definitely recommend,1
we experienced it in 1998 leon and claire s campaigns are,1
"good graphics replayable two perspectives leon claire  mr x is",1
playing through the story as leon s kennedy and claire redfield,1
leon gets chased by peaky blinders,1
big but good 10 10 leon hot claire hot but ada,1
feeling of being a young leon who isn t experienced at,1
play as the other character leon except when i start the,1
the menu screen which is leon kennedy and claire redfield i,1
after playing through claire or leon once you have experienced about,1
the catastrophe rookie police officer leon s kennedy on his first,1
only beat leon so far and that was,1
is my beginning as a leon fan,1
scary game you play as leon or claire and try to,1
play whether you start as leon and play claire after or,1
in the map too bad leon does not get the heart,1
that u can play as leon and claire and actually its,1
keys the ladder breaking under leon s weight but not claires,1
interesting and fun but for leon it s the opposite my,1
the series i ve done leons route twice and found it,1
love playing as leon the sex kennedy 10 out,1
que hermoso que es leon,1
really well even today and leon is a cutie so it,1
far the guns that both leon and claire get are both,1
around to playing through both leon and claire s story it,1
game is so good also leon kennedy o,1
be i loved playing as leon but i just didn t,1
games in the series with leon as the main protagonists i,1
after completing the story with leon and deciding to do the,1
leon and mr x can have,1
finished leon claire story s one helluva,1
jump scares i did a leon playthrough first and then claire,1
coming off the back of leon s campaign i don t,1
i could play it after leon runs into claire at the,1
i love leon s exclamations when some horrible,1
completed both leon s and claire s story,1
spooky baby face leon 10 10,1
completed the leon playthrough and it was a,1
so good and i love leon a lot,1
leon kennedy is so sexy i,1
leon kinda cool,1
8 10 game extremely good leons route was kind of nothing,1
are unique to claire and leon s story resulting in enough,1
"main characters being in danger leon is awesome   in",1
"should ve taken the badge leon    great horror",1
the game twice once as leon once as claire,1
more extras and just finished leon story and still much more,1
peak just finished it leon side i just cant get,1
dropped fps iconic characters like leon claire ada music creepy atmosphere,1
spoilers out of it but leon collects certain parts which makes,1
into resident evil because of leon x ada wong love story,1
idk man i just love leon s kennedy sm,1
leon is gay,1
choose whether to play as leon or claire with an option,1
10 10 absolute cinema daddy leon claire gunplay is fun mama,1
of the characters claire and leon are awesome to play as,1
leon kennedy 10 10 would hit,1
s story is somewhat interesting leon on the other hand man,1
hot leon,1
"this game introduces ya boi leon     ",1
at the final fight for leon s story but otherwise was,1
terrifying i love you leon s kennedy,1
i have only completed a leon run so far and have,1
of keeping the pressure on leon and claire are both fantastic,1
the gameplay i already knew leon from playing re6 i started,1
leon made me gay and yeah,1
the first appearance of leon claire ♥ strong story memorable,1
fitting to finally check out leons origin story and wow what,1
raccoon city police department as leon or claire keeps you constantly,1
and then that switch to leon changes it up to basically,1
to experience the origin of leon kennedy or you re looking,1
is incredible i just finished leon a and claire b i,1
leon kennedy o,1
the canon route claire a leon b although re2r is very,1
leon s kennedy do you need,1
characters that are my favourite leon ada claire sherry ♡,1
leon sex kennedy is my sigma,1
made me cringe more than leon s one liners,1
a good starting arc for leon and claire but the fact,1
but the main story for leon is perfect the combat might,1
putting it out there that leon kennedy can have me if,1
leon this is my first day,1
where it all began for leon the character development you experience,1
0 10 leon did not do a backflip,1
for the second run with leon,1
evil ps i love you leon xoxo,1
leon i love you,1
ada x leon,1
i played through leons story it was nice bosses,1
leon walk em down kennedy,1
i wanna choke on leon s schlong,1
i wanna lick leon up and down,1
leon is the most stereotypical protagonist,1
if ill play thru as leon but can totally see why,1
i miss you rookie leon you mean so much to,1
funny than scary cos of leon just being leon but i,1
claireeee erm leon,1
they re from quite like leon kennedy unlike sora or characters,1
welcome leon you must of had one,1
get to play as leon so just hype game and,1
"exist  girly fanatism towards leon kennedy and the gooner behaviour",1
claire defeat g or did leon who met annette i found,1
having a field day while leon is getting his ass whooped,1
would do anything for leon 3,1
this game i have completed leon s segment and the replayability,1
i get the hype on leon ngl,1
from the parking garage as leon recently i picked it up,1
in charge man and ada leon meeting like 2 hours ago,1
me leon,1
baby leon is adorable,1
come on leon snack kennedy,1
but now im playing as leon and the story its completely,1
provides a great start to leon kennedy s story another must,1
puzzles on top of that leon and claire could interact with,1
use the cat ears with leon or claire in the main,1
and the different perspectives from leon and claire plus the different,1
what i ve been missing leon and claire s stories are,1
completed my first playthrough with leon goat kennedy and all i,1
and b scenario s with leon and claire its incredibly fun,1
play the game once as leon my king or claire and,1
story overall is great love leon love claire oh and sherry,1
exactly as they were in leon s campaign — which feels,1
the game is to keep leon on half health,1
puzzles and some tense moments leon is goofy as ever,1
2 main route runs with leon and claire where both get,1
meow meow leon,1
to do this again with leon,1
i played the leon story on my playstation but,1
with these two evil residents leon s kennedy,1
racing playing through as both leon kennedy and claire redfield provides,1
"  i played both leon and claire scenarios and experiencing",1
able to crack ada during leons story,1
great and the beginning of leon s story is very charismatic,1
games i have played also leon is the best,1
leon i need you,1
fun to play as rookie leon mr x was quite troublesome,1
leon ada,1
leon lemme hit,1
in the end i chose leon because i had commitment issues,1
mmmmmmph leon kennedy mmm mmm mmmm,1
i like daddy leon,1
misleading unlike the box art leon and claire are rarely going,1
leon please bear my children,1
my first run on hardcore leon 1st claire 2nd have to,1
leon mog kennedy hahahha,1
the end but ada and leon forever teehee 3,1
of playing two campaigns as leon and claire keep the game,1
great just great you suck leon,1
my sweet twink leon,1
"had no idea re4 was leon s twinkdeath  mr x",1
it s just really good leon and claire are an absolute,1
good graphics for its time leons hair is nice smells good,1
"hallway at home   leon and claire both feel fantastic",1
leon deserves the like and the,1
leon aura,1
leon re2 what else do you,1
i want leon to explore me every single,1
expected from a game featuring leon s kennedy ada wong and,1
the second one playing as leon doesn t really change what,1
big fan of how both leon s and claire s stories,1
leon more like leon el messi,1
in the series so far leon claire and their supporting cast,1
"gone you re ♥♥♥♥♥♥  leon is ♥",1
off the charts character models leon and claire look incredibly lifelike,1
same so both claire and leon thread almost the same paths,1
i ve been replaying the leon saga in preparation for requiem,1
b mid game however for leon b i stuck to b,1
leon s story is the best,1
leon just leon,1
is one of the classics leons introduction claire s story replaying,1
great opening chapter for leon and claire s story can,1
leon go brrr ♥♥♥♥ you ada,1
"peak game some of leon s best one liners ",1
and the pacing is perfect leon and ada 😏🤤,1
daddy leon and mommy ada,1
have been doing alright playing leon but now there is this,1
who doesn t love leon one liners,1
leon tem cachumba,1
both leon and claire s campaigns are,1
finished 1st story leon a and it was super,1
wish that the differences between leon and claire s stories were,1
i just beat leon and claires story and man,1
leon butt chin,1
leon kidney,1
any real excitement after finishing leon s story i don t,1
game is sooooooo good love leon 3,1
how much of a baby leon is in this 10 10,1
leon and ada that is all,1
makes exploration even more thrilling leon and claire s stories are,1
from the og pogi ni leon,1
weren t ready story specifically leon s story is good too,1
" this is what started leon s journey and this is",1
enjoy leons story but still not a,1
much easier for me — leon had me crashing out but,1
ily leon,1
mr x and leon kennedy relationship is unreal,1
mr x final boss where leon claire at best lightly jog,1
a zombie infested police station leon and claire both control differently,1
for reference i only finished leon s story at the time,1
of the game and love leon 10 10,1
for the plot plot being leon s kennedy,1
this game just played the leon campaign 2 times half of,1
characters pacing u b b leon b and b claire b,1
story i did play as leon in my first playthrough so,1
being that both clair and leon fight the same bosses in,1
"claire route first and then leon route second  only part",1
too hard to beat and leon is such a charming character,1
she leon on my scott till i,1
graphics immersive gameplay great optimisation leon moaning mr x jumpscares u,1
what an amazing intro to leon s story and adventures,1
i love rookie leon 333 amazing game absolutely terrifying,1
goated play both leon and claire s stories,1
it it s true my leon a playthrough took a long,1
genre i have played both leon and clair stories but i,1
played the entire leon a scenario for the first,1
after she is separated from leon but the canonicity of the,1
story is way better than leon s but the sewer section,1
leon hey it s up to,1
twice playing as claire and leon i liked the game both,1
excellent introduction of the character leon scott kennedy in the resident,1
very good the goat leon is in it,1
chemistry between them isamasterpiece like leon and hot woman spoiler ada,1
7th i prefered grown up leon obviously re2r leon was naive,1
leon flirts with every woman zombies,1
delve through the depths of leon s kennedy and claire redfield,1
with zombies are genuinely stressful leon and claire are both well,1
it down i played both leon and claire s stories in,1
leon cute and sexy,1
the scientists you play as leon kennedy a rookie cop on,1
story yet but i loved leon s story capcom does not,1
the series largely because of leon and this remake does an,1
several boss battles in both leon and claire s stories mr,1
controls when it comes to leon and claire s stories in,1
if you do i liked leon s weapons much more than,1
leon s story in a nutshell,1
♥♥♥♥♥♥♥ leon ykwis,1
resident evil requiem i completing leon s standard campaign and claire,1
too oh and there s leon btw so don t you,1
i jist finished leon s and claire s campaign,1
"to deal with  go leon first then claire as a",1
10 10 leon in this game is such,1
this is leon s first game in the,1
leon is nonchalant,1
1 clair and 2 as leon though obviously you can pick,1
"mr x   seeing leon so young is funny as",1
long either you can complete leon s or claire s story,1
you see the origins of leon being an absolute stud but,1
leon whimpers in this game,1
controls great i like how leon claire feel weighty enough to,1
really fun very creepy and leon is one of the greatest,1
i really need leon s thick arms 100 10,1
poor leon man,1
downside the terrible synergy between leon s and claire s story,1
claire baddie leon is just a chill guy,1
"i love you leon kennedy   on some",1
leon blew their shi smoove off,1
remove the unique difference between leon and claire a b scenarios,1
resident evil kötü değil ama leon ile oynadıktan sonra second claire,1
leon and claire 🤤🤤🤤,1
gonna have fun looking at leon but the gameplay is rly,1
exploration excited to do a leon part 2 to see the,1
leon is hotttt,1
best franchise ever play leon s story first you ll,1
beat leon s story first time i,1
the fun little bonus content leon b and claire b to,1
leon kennedy made me pass out,1
kind of rushed claire and leon almost never meet and the,1
game fun game just wish leon didn t have a butt,1
leon 🥵,1
to see the beginning of leon s story like i did,1
more content than this game leon turned into a douche bag,1
tight fast gameplay claire rules leon is a dork in my,1
my life not only in leon kennedy just bloody scrumptious i,1
or 2nd scenario just the leon scenario was too much for,1
time i played through both leon s story and claire s,1
and irons bad voice acting leon annoyingly and ada annoyingly 2,1
love how corny and cheesy leon and claire are i now,1
of me cannot understand why leon is so ♥♥♥♥♥♥♥ slow all,1
i really enjoyed playing as leon the combat felt satisfying and,1
re2 leon is soo cute i wanna,1
there was more interaction between leon and claire their stories felt,1
been playing through all of leons games before resident evil requiem,1
much extra to play both leon and claire except the ada,1
stepping into the roles of leon s kennedy and claire redfield,1
and excellent replay value with leon and claire and this sits,1
watch out leon the residents of this police,1
leon sex beast kennedy,1
the different feel between playing leon or claire i m not,1
i want to bottom for leon kennedy,1
leon is sooooo pretty he s,1
leon s kennedy is soooo handsome,1
wrong girl when he gtot leon,1
into the shoes of either leon the rookie cop on his,1
x likes to chase femboy leon 10 10,1
after playing both claire and leon my only gripe is the,1
the g o a t leon kennedy so it is always,1
are terrible too especially for leon s gameplay as they give,1
i love leon rahhhhhhhhhhh,1
good for puzzles and romance leon and ada im not crazy,1
to note i only completed leon s side of the story,1
leon s kennedy is the goat,1
leon is smiling and talking,1
ada where s leon when i need him ♥♥♥♥♥,1
"10 10 in here leon claire ada tyrant sherry kendo",1
difficult with the limited ammo leon and claire are so goated,1
i played the story of leon and i can say that,1
leon you had to continue the,1
my name is leon s kennedy,1
my first playthrough as leon was so immersive anything that,1
leon is hot and claire is,1
leon booty boom boom,1
"graphics great gameplay  cons leon is a virgin",1
leon chris,1
didn t get to see leon in a bikini residents are,1
leon is a furry uwu,1
to the first run of leon i still really enjoy this,1
completed the main game as leon and the second playthrough as,1
character s stories because while leon s story is still scary,1
and newcomers to the series leon and claire s campaigns offer,1
epic the rest is okay leon and ada thing so f,1
run is still easier than leon s as always leon s,1
"the game   replayed leon s story but claire s",1
10 but there s a leon so 7 10 is enough,1
also pretty much identical to leon s except for some cutscenes,1
true lasting anxiety playing as leon and claire you genuinely feel,1
beating re2 to completion both leon and claire scenario true ending,1
the best experience starting with leon a and then playing claire,1
play a horror game as leon s kennedy ↑ ↑ ↑,1
cannot recommend this game enough leon and claire are such strong,1
leon s first day at work,1
birkin boss fight in the leon b scenario as goofy as,1
so hyped to play as leon he s such a great,1
in front of the screen leon i cant see,1
me some big ♥♥♥♥ energy leon bro,1
couldnt get s rank cuz leon was tryna mack too hard,1
leon suplex kennedy,1
when will leon say september 30th 1998 the,1
really good remake leon is my king,1
leon nie jest taki mega hot,1
he s not a cop leon s kennedy circa 1998,1
playing as leon without a roundhouse kick is,1
fetus leon 3,1
leon kennedy oiled up mpreg,1
of the parking garage and leon s sewer chapter felt like,1
10 10 leon total chad,1
wittle baby leon so adorable super fun to,1
forms with sherry i liked leon s story for different reasons,1
leon is 3 apples tall,1
kali boy ak ange sama leon 🤤🤤🤤,1
leon looks like a cliche anime,1
i enjoyed it currently on leons route the tyrant has me,1
of horror puzzles and action leon is him ranking a,1
leon we really gotta stop meeting,1
leon kennedy come home the kids,1
m for the umaniti poor leon hes a dudeman majbe je,1
i imagined my first day leon s kennedy w capcom,1
10 10 leon is so twin,1
pros leon claire beautiful graphics fluid combat,1
w leon and claire,1
difference in both claire and leons scenarios and unlockables add a,1
have been even better if leon s and claire s campaigns,1
"this is sherry   leon okay 😃",1
recomend it a side with leon is perfect b side with,1
i played first run by leon second by claire,1
leon please pipe down,1
leon s kennedy raaaahhhhhhhh,1
enjoyed it more of claire leon s second run was in,1
playing resident evil just finished leon s story love this series,1
of the game claire and leon both have a different set,1
final boss fight both on leon s and claire s scenario,1
fact that the playthrough with leon isn t really that different,1
i want to ♥♥♥♥ leon sex kennedy,1
least 3 times twice as leon and once as claire,1
much alike leon in this iteration i m,1
in the best way possible leon is the goat and claire,1
to hit the end of leons story and still have claires,1
i played claire a and leon b as i figured leon,1
s history way harder than leon s but that s just,1
admiration it follows two protagonists leon s kennedy and claire redfield,1
outbreak my first run was leon a on standard difficulty taking,1
de jogar tem claire tem leon tem ada wong maravilhoso,1
leon kennedy moaning asmr headphones highly,1
the game is great damn leon is handsome,1
scary fun plus leon and claire are hot,1
claire swan leon frog she pretty he ugly,1
report on this never change leon and your amazing one liners,1
the characters i recommend playing leon if you prefer gameplay and,1
the transitions between jill and leon are bad because there s,1
love leon ♥♥♥♥♥♥♥ kennedy,1
claire and and next with leon to get the true ending,1
game enjoyed a lot playin leon s story onto re4 next,1
survival horror or actiony a leon game hasn t missed yet,1
with more corny catchphrases from leon and redfield having a whole,1
story is engaging with both leon and claire campaigns adding replay,1
game great is the story leon and claire are both solid,1
"mmmmm leon   was a gift",1
feeling unfair and switching between leon and claire offers different perspectives,1
i guess ada wong and leon just have an instant connection,1
re2 you play as either leon or claire both have different,1
lovable and badass yes both leon and claire ada too i,1
and i just beat re2 leon s story and i really,1
leon and ada 😭,1
saw leon in the noir outfit and,1
and it works for me leon is a ♥♥♥♥♥♥♥ chad in,1
most was the relationship between leon and ada and her transformation,1
through the run through with leon and really enjoyed the story,1
la misma mierda que con leon pero un poco mas dificil,1
killing zombies and being leon kennedy never felt this good,1
a blast and claire and leon are as beloved as they,1
ada wong leon kennedy oh my goodnes,1
runs the same route as leon,1
review i have only finished leon s story and i am,1
sewer again also ada and leon have zero chemistry,1
first runs with claire and leon but canceled the service after,1
leon i love you but oh,1
i daydream a day when leon feels an ounce of joy,1
"the best way   leon and claire are both great",1
love the story leon is hot btw buy the,1
baby leon my goat,1
"itself—mysterious unsafe and unforgettable  leon and claire are written in",1
game and to just have leon 1 and then claire 1,1
much as the re4 remake leon my beloved,1
my shirt while playing as leon,1
to see the rest of leon s story,1
when leon had the heart of a,1
leon i liked leon alot,1
locations where we play as leon and ada i m really,1
"play once get it as leon lol  9 10",1
its because it has leon in it p s vry,1
claire has been a blast leon s story is really compelling,1
leon is in this one guys,1
is def worth it also leon makes me gay,1
leon chad kennedy,1
mr x punch leon hurt sfx,1
"  also i want leon and ada on my room",1
leon has such cheesy one liners,1
ada is my queen and leon is my king i want,1
high and the adrenaline pumping leon and claire s campaigns each,1
remake besides re4 mostly because leon the sex kennedy is in,1
submachine gun in claire a leon b will not be able,1
that follow quite similar paths leon and claire after completing the,1
origins the interwoven stories of leon kennedy and claire redfield fighting,1
leon kennedy is my wife,1
game is amazing playing as leon t 00 is very menacing,1
birkin made up for it leon s campaign was a solid,1
ada wong and baby face leon s first introduction to me,1
to italian and not choosing leon this is great,1
both walkthrough were good liked leon story specifically,1
to repeat same things that leon did already in his main,1
wish the separate playthroughs of leon and claire were more different,1
written my first playthrough with leon was around 9 hours but,1
think i was distracted by leon s moans,1
campaign with two main characters leon kennedy and claire redfield this,1
"up to max repeatedly get leon injured until he s nearly",1
definitely replay some day with leon,1
dissonance what do you mean leon fell in love with random,1
i la la love leon kennedy my cat will be,1
"immersive   playing as leon and claire feels fantastic and",1
"re2 really solified that  leon re2 has no melee options",1
they put leon from dead by daylight into,1
leons one liners give me life,1
this remake on several occasions leon and claire s characters were,1
claire my pookie wookie bear leon is such a baby ugh,1
an emotional roller coaster throughout leon s story,1
leon s voice love it,1
games in one one with leon and the other with claire,1
and i did sometimes question leon when the dude is barely,1
good and i love both leons and claire s campaigns i,1
game as you have both leon s and claire s campaign,1
leon euugghhhh,1
baby daddy leon aaauuuggghhhh ͡° ͜ʖ ͡°,1
the best way possible both leon and claire s stories are,1
had a great time experiencing leon s story currently working on,1
very coolio and i love leon guys,1
includes jill chris claire and leon ok now ive always know,1
"stakes and tension   leon and claire are but thin",1
many people focus on the leon s looks causing his character,1
achievements 50 of players complete leon s story while only 37,1
leon s run ended i have,1
than brute force playing as leon and claire gives two distinct,1
had fun playing as leon and claire graphics are good,1
love this game i love leon kennedy i love claire redfield,1
it having a claire and leon plotline must buy for every,1
ain t no way leon s kennedy use to be,1
leon ending solid 7 2 10,1
understand well written and both leon and claire s stories come,1
v severna korea i toq leon bate bati chichkata kvo mi,1
details when you play as leon it s not bad at,1
i refuse to heal my leon s critical health,1
times as both claire and leon and really enjoyed it my,1
loot box also why is leon so slow 2nd playthrough with,1
sooo peak leon is so goated mmmmhmm anyways,1
scenario a with claire or leon and then you go through,1
this game is cool because leon kennedy make me hrony,1
2 words leon kennedy,1
experiences definitely play once as leon and once as claire would,1
and speedrunning getting s as leon in his 1st run in,1
i want leon to absolutely destroy me and,1
now i ve only beaten leon s campaign so far but,1
is here different playthroughs for leon kennedy and claire redfield chris,1
it s almost identical as leon first scenario 90 same areas,1
so much the bonding between leon and ada wong you set,1
spoiler i played claire a leon b doesn t make much,1
playing as leon made me gay 10 10,1
revising this review after beating leons story this game is dog,1
reasons i do also enjoy leon and claire as protagonist a,1
i would enjoy choking on leon,1
really good replay value finished leon s section in one day,1
both campaign of a b leon claire and a b claire,1
variations and the claire and leon storylines there s tons of,1
s story is better than leon s,1
leon s story was absolute cinema,1
started my first playthrough with leon and while i was instantly,1
"like never before   leon — rookie cop turned absolute",1
are missing from this remake leon and claire barely talk the,1
atmosphere with music like when leon was holding on to ada,1
locker hides disappointment also apparently leon s jacket is bulletproof but,1
pressure to the game imo leon ada and claire have well,1
average leon enjoyer over here,1
story characters you play as leon s kennedy a rookie cop,1
me through the whole rpd leon claire and ada characters were,1
i love leon i love leon i love,1
the best game ever bc leon kennedy is here,1
clever puzzles and genuine scares leon and claire s stories are,1
a fresh faced pre re4 leon who still climbs down ladders,1
i got 3 4 through leon s campaign before i said,1
my third run to do leon s story 100000 10 if,1
incredible atmosphere characters my goat leon the game always makes you,1
that just can t resist leon s voluptuous buns what s,1
punched me 10 10 also leon is a baddie,1
delivered straight to the soul leon too cool claire too real,1
and they should ve made leon appear a bit more than,1
in the first run with leon and still is fun,1
game i m greeted by leon s kennedy looking as naïve,1
also finished playtrough as a leon and next day as a,1
leon cool kennedy,1
my first love leon,1
stories you can play through leon and claire while they each,1
i love leon i love claire i love,1
new players i started with leon and did the second run,1
that i missed when doing leon a claire b the sound,1
can leon and claire racoon city as,1
i also got to know leon and claire who were both,1
just completed first playthru of leon s story and it was,1
leon kenny,1
week thank you for giving leon a big juicy ass,1
the whole way through on leon a altering finishing i found,1
leon looks a bit like a,1
i chose to play as leon because i have always liked,1
do something you did with leon in the original because leon,1
so great fyi i played leons run and claires 2nd so,1
fun story always cool seeing leon not my fav re game,1
more playtime offline i completed leon s story and spent about,1
leon kennedy in a maid dress,1
these residents are getting evil leon,1
h1 i love leon kennedy h1 i hope u,1
and the dual campaigns between leon and claire give it enormous,1
took a few hours for leon a to get me interested,1
s still good i played leon a claire b and i,1
the roles of rookie cop leon s kennedy and college student,1
leon s story was amazing and,1
leon haaaalp,1
you can also play as leon and claire for 2 runs,1
to experience him alone also leon 3,1
leon shoot the scary guy and,1
zombie dismemberment system great characters leon leon leon leon leon leon,1
then go back and play leons story for first time players,1
leon and clair are hot also,1
wow what a remake leon is amazing and i just,1
"stalker   points for leon kennedy",1
minutes of this game but leon and claire are too stupid,1
"as much fighting as in leons part id say so ",1
10 10 leon kennedy gave me a boner,1
so good 10 10 game leon had trauma after raccoon city,1
it does not spoiler strike leon you suck strike the dlc,1
this game around 6 10 leon s story i played it,1
leon ada claire hunk and tofu,1
of resources on played through leon s campaign on standard mode,1
if capcom doesn t let leon and ada get married i,1
is fluid both claire and leon are fun to play in,1
leon is there,1
claire s story and play leon s story again not with,1
and this one is great leon is cool and dreamy,1
its dual campaigns playing as leon and claire offers two unique,1
as gripping as ever both leon and claire s campaigns are,1
best games ive ever played leons story was much more difficult,1
being said i played the leon campaign as my first re,1
ada was a good goon leon was meh 6 10,1
"it including dying in hardcore leon 2nd run for an hour",1
"be fine claire lied  leon is just some rookie cop",1
where you can play as leon,1
his footsteps above you also leon isn t that hot please,1
sounds great graphics controller support leon s cheesy one liners etc,1
blast it was i played leon and still plan to do,1
leon trys to get a hoe,1
enjoyed the first playthrough as leon and claire and then doing,1
my first play through with leon and i had a blast,1
"only wish there were more leon kennedy games  i hope",1
time to play leon is babygirl the game brief,1
you may ask because leaving leon injured so you can hear,1
story is told from both leon and claire s perspective which,1
first day in the force leon,1
story is really cool especially leon steven kennedy the king of,1
at all claire is “okay” leon and ada are probably the,1
ass just for my dearest leon,1
"spoilers   spoiler apparently leon has a thing for ada",1
best game ever love leon love ada love claire and,1
ll get the physique of leon,1
she leon on my kennedy till i,1
of all second of all leon kenenedy if taht what his,1
felt the same as when leon claire runs from mr x,1
the western custom shotgun for leon i d like leon to,1
tension of raccoon city both leon and claire s campaigns feel,1
this game playing both as leon claire was a fun experience,1
awesome game 9 10 would leon again,1
leaves you hanging i finished leon s run on assisted mode,1
and grab my head play leon s story first,1
leon pls be more dense,1
"☐ existential crisis incoming  leon and claire s stories intersect",1
my favorite from re series leon has to be my favorite,1
"penny i spent on it leon is goated",1
ohhhh my god leon i love you im a,1
save ammo and goon to leon,1
is a contender i did leon and then claire i got,1
you was scary playing as leon was really enjoyable claire was,1
the game is quite short leon s and claire s campaigns,1
it s told through both leon and claire s campaigns makes,1
ending the game i finished leon s story on hardcore so,1
yourself i played both the leon claire stories then the all,1
attaboy leon attagirl claire,1
after finishing leon a and claire b i,1
zayıf claire ile oynuyoruz fakat leon ile ne yapıyorsak claire ile,1
when leon is at low hp he,1
fighting can cost you everything leon scott kennedy s definitely stronger,1
likeable protagonist i played as leon he s a young police,1
"leon and ada s tier goat",1
"  i just completed leon s story and it was",1
my king leon,1
leon is the goat he very,1
hauntingly creepy you will accompany leon a clumsy but brave police,1
had the same bones as leon kennedy maybe in another life,1
time and really enjoyed both leon and claire s playthrough even,1
leon so sexy 10 10 game,1
i feel like every game leon is in makes me say,1
it resonates me strongly when leon opens the door of rpd,1
through with 2nd run with leon and i am loving it,1
control your dih leon,1
being divided into claire and leon s is very well done,1
i like the part where leon kisses the zombie on the,1
love this game man love leon love claire love ada 10,1
sure what else to say leons pretty hot,1
gra spoko fajna ada i leon fajna grafika klara czerwonepole tez,1
the whole time playing as leon or claire feels different enough,1
a relatively good soundtrack and leon has a very forgettable one,1
leon is master chief with no,1
leon would get it,1
addicted ti this genre now leon s campaign is pretty good,1
ve done 3 runs 2 leon 1 claire and fully cleaned,1
i adore the duo of leon and claire s introduction the,1
"location   overall the leon campaign only took me about",1
leon cool guy,1
leon is my dad,1
fights are ♥♥♥♥♥♥♥♥ but babyface leon heart heart,1
leon too freaking handsome i can,1
characters has their own path leon s kennedy is a favorite,1
on my recommended ever again leon more like lameon why is,1
effective you play as either leon s kennedy a rookie cop,1
9 10 game leon is a national treasure,1
leon whimpers and cries when on,1
is gut wrenching on both leon and claire s different perspectives,1
leon omg youre alive i saved,1
first time again my first leon run was ♥♥♥♥♥♥♥ scary and,1
to grow my love for leon claire s cool too i,1
"scream   claire and leon s campaigns both offer enough",1
when nearly finished the game leon campaign by watching people freaked,1
will be completely different from leon s but when i finished,1
ditch f dat lil girl leon n claire so cool ada,1
leon sexo kennedy,1
nailed it now 2run as leon 3 3,1
engaging when playing as her leon s run was a lot,1
"  i only did leon story i felt that doing",1
my unfortunate spiral into discovering leon kennedy yeah you know where,1
was too busy staring at leon s ass,1
leon kennedy is pookie,1
leon kennedy i will always love,1
is phenomenal the story between leon and claire was great leon,1
very fun leon is hot,1
i ve only played the leon campaign so far but it,1
giga chad leon,1
with fantastic atmosphere claire and leon routes b side means a,1
as either claire redfield or leon s kennedy with each character,1
franchise is incredible i loved leon and ada s chemistry in,1
leon is soooooooooooooooooooooooooo bad,1
"down the hall   leon and claire s campaigns are",1
its so good love leon and claire xoxo,1
the pros pony throw because leon have pony hair and get,1
it has leon scott kennedy in it need,1
great story on both leon and claire at first it,1
points for ada s ass leon is also kind cutie patootie,1
ran through the leon campaign pretty fun game pretty,1
all i mma say is leon b statue room danger no,1
in a row claire a leon b and claire b b,1
playthrough remained consistent throughout both leon and claire s respective stories,1
claire story first i thought leon story would be the best,1
leon of the residents,1
"health or saves   leon s storyline turned from a",1
i finally finished my first leon and second claire run of,1
shot my first run as leon on standard mode was intense,1
the best looking zombies ever leon claire and ada are all,1
new players play claire first leon second,1
the game is claire a leon b this tells you the,1
because you can play as leon or claire very clever question,1
too scared to play but leon is hot so that s,1
leon is the 2nd hottest man,1
xbox one and finished both leon and claire s story even,1
claire redfield or rookie cop leon s kennedy depending who you,1
leon my king,1
and i ve only played leon s story so far i,1
l l l l l leon k k k kennedy,1
leon hotter in re4 🥵,1
leon is in it 👍 also,1
ended the main game with leon and standart difficulty while still,1
super tyrant fckd my leon b a rank,1
"awesome   come for leon stay for claire  ",1
the classic weapons are here leon s obscure west german pistol,1
leon my love why must you,1
leon and ada are in love,1
in my second run as leon mr x appearing unexpectedly early,1
is good but playing as leon and then claire and vice,1
the puzzles and i 3 leon,1
we still get a witty leon but none of the super,1
leons butt was in it almost,1
characterizations of ada claire and leon were very well done sherry,1
prefer re2 and re4 estrogenic leon over the beast in re6,1
do it for leon,1
resident evil feels horror when leon is the main character when,1
of the station i played leon a claire b and found,1
holy peak ass game leon s kennedy main character of,1
through by the way play leon a and claire b that,1
atleast ada and leon almost smashed in this game,1
survial game and i love leon and claire the only thing,1
an 8 5 10 and leon s was an 8 10,1
litness…i enjoyed both gameplays as leon claire but i connected more,1
claire leon 3,1
we will include carlos and leon i guess if thats what,1
ada wong leon kennedy,1
completed my first playthrough as leon so i ll be doing,1
guns are fun to shoot leon grows into your heart and,1
t really make sense that leon and claire are going through,1
" i have only played leon s campaign but this was",1
very good game leon kennedy makes me feel excited,1
and beautiful the two characters leon kennedy claire redfield and not,1
re engine two distinct campaigns leon and claire each with their,1
rookie cop leon is the sweetest baby ever,1
pull between risk and reward leon and claire both feel like,1
babygirl leon and macho man claire,1
going purely off of leon s story i found resident,1
i love claire and hate leon twink kennedy,1
hell yeaah rookie leon,1
story is better but play leons first,1
relentless and horrifyingly resilient both leon and claire s campaigns are,1
bland exchanges that lack personality leon and claire both come off,1
beneath neon lights you become leon eyes wide with duty and,1
it s nice to see leon s origin story but claire,1
by half i mean that leon and claire campaigns are practically,1
god i wish leon kennedy could rescue me too,1
good anything for my babygirl leon kennedy 3 no notes except,1
leon s the goat 1,1
resident evil 2 remake aka leon casually jogging away from the,1
bang claire and would knock leon on the noggin for being,1
game made me pregnant seeing leon,1
on the series playing through leons route felt tight i had,1
a remake b clair and leon arrive at raccoon city to,1
leon goes to town,1
on my first playthrough leon re2 i won t lie…,1
low poly leon s so sexy,1
i m ready to start leon s there are plenty of,1
hard game good game fun leon hot,1
i think if i was leon kennedy i would just ♥♥♥♥,1
it to the sewers during leons playthrough i had to play,1
i like my leon on a thong,1
was fun tho i love leon no diddy,1
i approve leon and claire with sherry ily,1
d say that my first leon a playthrough was pretty fine,1
as leon s gf i can confirm,1
leon moaning in my ears 10,1
8 10 claire and leon are slow as ♥♥♥♥,1
resident evil experience played as leon beat the game felt satisfied,1
2nd run this time as leon,1
crouch mechanics why can t leon jump a two foot gap,1
fan of leon so i am fan of,1
love for don t expect leon to start doing backflips and,1
it also sucks apart from leon even the story is boring,1
both of the stories featuring leon and claire were equally engaging,1
leon my beautiful autistic king,1
game both technically and artistically leon is great but claire really,1
started with claire instead of leon so it was a bit,1
leon stands on business the second,1
leon ass 3,1
wheres leon when i need him man,1
i m like him leon kendey 😀 thas the wong,1
station iconic two playable campaigns leon and claire offer different perspectives,1
clair i ve only played leons story while writing this i,1
leon and claire awesome,1
both leon claire stories are fire also,1
leon the strongly recommend kennedy,1
could experience this played through leons story first them claires the,1
— 9 5 h played leon a claire b cleared score,1
leon dirty and wet has me,1
both leon s and claire s stories,1
characters the dual campaign—following both leon s kennedy and claire redfield—provides,1
not get to it earlier leon is very handsome,1
i m playing leon s story right now and,1
feeling frustrating playing as both leon and claire gives fresh perspectives,1
likeable especially my sweet boy leon and the gameplay satisfying and,1
i m halfway through the leon s story and i think,1
i just finished leon s campaign in standard difficulty,1
leon is a baby in this,1
spoopy also leon is hot,1
leon is such a baddie p,1
leon is so hot i love,1
very less weapon choices in leon s story felt like that,1
"i hate the tyrant leon and ada are hot",1
leon peak,1
leons hot recommend,1
i d do it with leon ong,1
leons a twink,1
yesssss leon is such a cutie,1
"be cool if we were leon and claire that would be",1
finished my a playthrough as leon really good helps ease newcomers,1
git leon cwel,1
story plays out differently with leon and claire leon the rookie,1
had a different campaign from leon i thought it made no,1
to the game and beat leon s story and called it,1
fights are a complete joke leon and clair just run around,1
sucked b lls i enjoyed leon s story more than claire,1
leon is fine ♥♥♥♥♥,1
of the game more unique leon and claire are both awesome,1
similar the scenarios feel between leon and claire a bit more,1
settings players can choose between leon or claire each with their,1
i revisited raccoon city through leon and claire s perspectives with,1
appreciate the sheriff outfit for leon and the 98 models for,1
o leon é gostoso,1
every decision the story follows leon s kennedy and claire redfield,1
leon is so fine,1
have beat the game as leon one time claire i just,1
my first play through with leon so wish it was a,1
story overlap between claire and leon is hinted at through their,1
different playthroughs with claire and leon,1
came for leon kennedy but forgot resident evil,1
leon smeggsy haha,1
actually supposed to do like leon first run then claire second,1
of playing claire a b leon a b ontop of all,1
coen chris redfield jill valentine leon s kennedy ✅ claire redfield,1
entertaining and they have both leon s and claire s a,1
another i disagree after playing leon a to claire b i,1
cat ears leon s kennedy 10 10,1
only completed leon s story so far but,1
leon and claire could punch me,1
birkin in both scenerios of leon claire were very bad ass,1
leon look,1
can play the game as leon and claire each with their,1
talk about how ridiculously handsome leon is especially the character models,1
leon s voluptuous booty,1
leon is a real roookie here,1
but i have only played leon mode as the plot is,1
kinda disappointed i played as leon in normal difficulty but that,1
far i ve only got leon s campaign but i m,1
i love you leon kennedy please notice me,1
me war and peace but leon s kennedy didn t return,1
the way leon kennedy pulls off that karen,1
such a satisfaction at last leon has a good jawline lmao,1
i could install some more leon nude mods on the game,1
experience on both claire and leon campaigns b sides are great,1
both characters and then playing leon 2nd run for the true,1
leon kennedy should have been oiled,1
lets you choose two characters leon or claire and the option,1
leon kennedy can shoot me up,1
two perspectives the perspective of leon scenario a and the perspective,1
b leon young kennedy b,1
did one story run with leon from start to finish which,1
face two tales entwine — leon s green resolve claire s,1
a great detective one day leon,1
positions shuffled the storylines in leon s and claire s campaigns,1
leon gostoso ada gostosa claire gostosa,1
leon claire best couple 3,1
story pulls you in deep leon s journey from rookie cop,1
sososo scary ehelp so good leon is so fine,1
giorni finito con claire e leon ve lo consiglio sulla play,1
some effectiveness looking at you leon kennedy roundhouse kicks in re4,1
just clicked playing through both leon and claire s stories felt,1
really good remake but sadly leon and clare got same route,1
campaign i yearn to have leon s body press against his,1
super contento con el game leon la maldita cabra 10 10,1
leon and his ♥♥♥♥♥♥ up parasocial,1
thoroughly enjoyed it i loved leon kennedy so much as well,1
fell in love with leon and i need to scratch,1
the whole game looking at leon and claire s cakes,1
leon s kick has not yet,1
this franchise unless ur a leon fangirl and like to walk,1
s great both claire and leon s stories are really strong,1
leon kennedy raaaaaaah,1
x 1 spent staring at leon s jawline recommended ✅ yes,1
also willing to chalk up leon kennedy s speech patterns to,1
leon so hot bru,1
leon help me the resdients are,1
launcher which i suggest and leon s story wasn t as,1
leon kennedy and this the scariest,1
not completely different from the leon s one feeling mostly like,1
the very 1st attempt with leon a claire b 2nd run,1
finally completed leon and claire and what a,1
for claire s story and leon s second run,1
claire a then with hardcore leon b route to spice things,1
not too easy either also leon and claire are so cute,1
two campaigns — one for leon and one for claire they,1
make the story of claire leon and ada more clearer and,1
playing more than half of leon s part of the story,1
from start to finish both leon and claire s stories are,1
you anyway i s both leon and claire now	and i think,1
the story follows claire and leon as they head to raccoon,1
on ps5 ive only played leons run on pc but just,1
h2 the dual campaigns featuring leon kennedy and claire redfield offer,1
characters pretty good i love leon and claire s story but,1
i love resident evil leon and claire are so cool,1
and 3rd time in my leon play through i mentally checked,1
claire a leon b,1
true ending i played as leon for the second run and,1
really continuity i originally played leon s 1st scenario and claire,1
up the canon where both leon and clair are supposed to,1
leon s kenedy better then the,1
finished leon s story loved interconnected level,1
the introduction of claire and leon is tough and this game,1
leon runs way too slow and,1
nothing dies down here to leon yeah well except me i,1
two playthroughs i started with leon which is probably the canon,1
thanks for making leon so hot,1
nutshell leon at his young age goes,1
leon sexy man 🥞🤤😻,1
of the story claire and leon are basically the same outside,1
the same things with either leon or claire and except for,1
i love leon cutie patootie,1
freak and when he catches leon he starts tickling his toes,1
campaign whit little changes between leon and claire a and b,1
have been more interactions between leon and claire but ultimately they,1
thing you play as either leon a rookie cop with zero,1
great storyline for fans alike leon and claire are iconic and,1
was mixed both claire and leon move very slowly towards the,1
but not even she deserves leon as i made a deal,1
is awesome but spoiler the leon and claire playthroughs could have,1
again in a heartbeat also leon,1
i am enjoying it from leon s pov police station level,1
some mr x and rookie leon,1
my only issue is that leon and claire s stories aren,1
i goon to leon kennedy,1
found out that by choosing leon for my first play through,1
and the two main characters leon and claire are likeable and,1
"being frustrating   both leon and claire s campaigns are",1
is very interesting i like leon s story the most since,1
experience the intertwined campaigns of leon s kennedy and claire redfield,1
leon the mogger straight mogging raccoon,1
but with claire s and leon s cute faces in the,1
leon is very funny that is,1
h3 the story of b leon kennedy b and b claire,1
"swords   but has leon",1
still in disbelief that leon can be equal parts complete,1
have beaten this game on leon s story and i love,1
when leon told claire the residents of,1
complaint is at some parts leon and claire s playthroughs get,1
leon is so sexy…,1
a significantly easier route than leon but they re both great,1
leon baby girl,1
"give at least the next leon kennedy entry a try ",1
without playing both claire and leon pretty graphics the game allows,1
skibidi leon,1
even get me started on leon that ho has zero backbone,1
i love leon he makes me wanna do,1
leon my husband,1
i love this game leon best character the only thing,1
re just barely scraping by leon and claire take extremely similar,1
amazing game and fun fact leon is based on a real,1
resident evil games that expand leons story like resident evil 4,1
there s leon s kennedy you need nothing,1
mean by that is like leon s story is good if,1
torso level camera perspective of leon or clarie when you are,1
launched that game for leon stayed playing for claire,1
review game is good however leon claire story a and b,1
should have focused on making leon and claire s scenarios more,1
it the zapping system with leon and claire having both characters,1
off each other very well leon s kennedy is one of,1
i love leon he is so cool and,1
i am leon kennedy,1
go back and do the leon route at some point 8,1
city and can control either leon or claire in separate yet,1
to make hot love to leon kennedy,1
is iterally copy pasted only leon a and claire b matter,1
and the reimagined story of leon and claire feels both nostalgic,1
leon is such a cutie,1
leon rookie so cutie,1
s strory are better than leon howerver leon s story in,1
scary but you know what leon hotness can purify the scaryness,1
there s more differences between leon and claire route,1
i didn t like is leon simping for ada she was,1
i want the clare and leon ship to sail so badly,1
i still haven t finished leon s story at this point,1
zombie munch leon butt 10 10,1
don t really like how leon is in this one but,1
take care of yourself leon,1
i spent 5 hours on leons story but only 2 hours,1
heightened by a chilling soundtrack leon is portrayed convincingly as a,1
other remakes and play both leon and claire s story hats,1
leon skibiddi kennedy and claire rizzfield,1
"  overall i think leon s story is better than",1
tonight on resident gear leon shoots off mr x s,1
and heart pounding encounters both leon and claire s campaigns offer,1
in the future with both leon and claire,1
but would still have played leon is a crappy protagonist who,1
times i had claire and leon stick on the inside of,1
content you ll get plus leon is hot so there s,1
how simple they are both leon s and claire s story,1
are really good good story leon is an absolute badass overall,1
god knew leon would be too powerful with,1
amazing game i started with leon in scenario a then played,1
the same things like in leon s one and this is,1
to go both claire and leon runs are enjoyable leon is,1
interaction between both main characters leon and claire is pretty short,1
"leon s kennedy casually existing ",1
interaction between the two storylines leon claire but because of its,1
played the claire first and leon second run and while i,1
edge the dual campaigns for leon and claire add variety and,1
ts fire and leon is hot,1
evil residence leon speaking,1
leon mmmmm yummy,1
fire game leon s butt chin is immaculate,1
leon bbg 3,1
update to the original game leon and claire s stories are,1
game i first played as leon scenario a and then as,1
love this game so much leon is soch a beautiful men,1
can play as clear or leon so it a 10 10,1
are top notch especially for leon s kennedy and claire redfield,1
"to touch me claire hot leon hot leon sexy kennedy",1
absolutely amazing i finished leon s story and this was,1
1st run claire 2nd run leon is cannon ngl i still,1
little more of difference between leon s and claire s campaign,1
started playing for leon kennedy stayed for claire redfield,1
stayed for leon came for leon,1
twink leon 3,1
my second complaint is that leon and claire s stories are,1
amazing story lines both with leon kennedy and claire redfield i,1
i love the part where leon says hold on claire these,1
smell the sewer i wish leon and claire s runs were,1
claire and leon that is all oh and,1
i am literally leon kenendy,1
run with claire after playing leon s story first and i,1
leon kennedy is one fine man,1
re2r leon is such a cutie patootie,1
my first play through with leon not only was it nostalgic,1
clair a leon b was the cannon in,1
" i have only played leons a side and not done",1
very good game leon os so fine and so,1
through the campaign played as leon on normal i attempted the,1
leon more like pee on,1
what if instead of leon kennedy it was leon freakennedy,1
the same 10 10 for leon origin story,1
leon is a little cute twink,1
leon story better,1
the player the story of leon and claire makes you feel,1
fav resident evil game also leon is so fine,1
leon what the ♥♥♥♥ claire where,1
game i started with the leon campaign whilst i found the,1
play thru leon s story beat it and,1
same no real interaction between leon claire no replayability what a,1
fun my only complaint is leon s movement speed makes the,1
oh leon oh leon,1
playthrough as both claire and leon matter most for time management,1
leon silly kennedy,1
the characters especially ada and leon didn t really like claire,1
make you panic • story leon and claire s campaigns are,1
leon 333,1
least one side of claire leon story because it makes the,1
can t smex leon c,1
i like leon kennedy a lot i like,1
i love leon and mr x cool,1
leon has been choked by a,1
omg hi leon,1
game with one hand with leon in a maid outfit,1
having finished leon s story on hardcore i,1
you can play as both leon and claire across two different,1
leon is hot claire is my,1
tiny little leon that s literally it 100000,1
leon story is legit peak and,1
this is crazy its leon kennedy,1
and the differences between playing leon or claire aren t nearly,1
leon kennedy must survive his first,1
review i ve only played leon s story which is only,1
leon nmgmmmmg,1
leon is my daddy 8 10,1
"leon who s this  claire",1
story is pretty amazing—too bad leon and claire don t interact,1
i stroke my pickle to leon daily and i do it,1
as i can stare at leon s ass it s worth,1
a second story for both leon and claire the brevity of,1
love re2 and re4 because leon,1
leon 1,1
certified leon simp,1
since that night especially for leon well a very big change,1
quite enjoyed this game did leon s route first and claire,1
two intertwined perspectives showcasing both leon kennedy s and claire redfield,1
game completely ruins the characters leon is a sociopath who points,1
you should have kissed with leon joke,1
vibes are so intense love leon,1
high replayability immediately after finishing leon s story i wanted to,1
got a serious glow up leon and claire s stories hit,1
leon is so sigma,1
leon is the goat the goat,1
play through great stories both leon s and claire s amazing,1
but the story stays engaging leon and claire are both great,1
"submissive leon kennedy propaganda disgusting  ",1
"been too short   leon is an interesting character as",1
few things that bothered me leon and claire feel incredibly immobile,1
city police department as either leon s kennedy or claire redfield,1
perfect including the final bosses leon and claire s campaigns are,1
game one of my favorites leon and claire are incredible,1
to fall in love with leon sexy kennedy,1
far i only played through leon s story but will definitely,1
ada wong and my faourite leon s kennedy i have managed,1
interesting but i recommend playing leons scenario a and then claire,1
fighting zombies great story and leon is hot,1
feeling cool and looking at leon kennedy s beautiful face play,1
combat to be because of leon since hes an amateur but,1
you re out of room leon could survive an apocalypse but,1
leon coganli awghh,1
i chose to play leon s story i remember playing,1
finalizei a campanha com o leon e a clare e foi,1
i wish leon would make me pregnant,1
my first day h2 b leon scott kennedy b https steamcommunity,1
and zombie dont die but leon is cute,1
offender of this giving both leon and clare a super weapon,1
awesomesause leon is such a cutie 3,1
evil game you re either leon kennedy the world s unluckiest,1
this era of resident evil leon claire and ada and the,1
start with the alternative to leon s story you end up,1
well with the locations scenes leon and claire are both great,1
so easy on hardcore with leon but when i select claire,1
in story mode playing both leon and claire s campaigns i,1
leon a mr x behind you,1
the good forthe story character leon and claire is the good,1
i find frustrating is that leon and claire s story is,1
of a remaster just completed leon s story i loved that,1
rookie leon is cutie leon i bought,1
of voice and manner re2 leon s kennedy is the origin,1
rookie leon saved my life,1
leon is best protagonist and hes,1
resident evil 2 remake has leon kennedy and clare redfield who,1
i love leon feet,1
s was very similar to leon s but with different weapons,1
claire and leon should have more scenes together,1
allows you to feel like leon and claire who are trying,1
"also too easy claire and leon s playthroughs feel practically the",1
"save me leon scott kennedy leon scott kennedy",1
amazing remake done with leons scenario and off to do,1
my first play through as leon and it holds up as,1
he terminado una campaña con leon y otra con claire y,1
claire leon,1
all kinds of evil things leon say that again,1
the raccoon city incident impact leon kennedy and his character develop,1
enjoyed the characters played both leon 1st run and claire ng,1
would suck leon dry,1
em relação à campanha do leon embora existam algumas variações elas,1
as of writing finished both leon a and claire b and,1
i started a run with leon and kinda liked the game,1
all i gotta say is leon s kennedy might make me,1
play over the 2nd run leon and claire are interesting characters,1
so good the badass rookie leon the capable biker claire the,1
just amazing i played through leon s story first then claire,1
harrowing moment i experienced as leon s kennedy shaped me into,1
cause she dosent its just leons story copied i hate it,1
city players follow rookie cop leon s kennedy and college student,1
bought it just to see leon and claire get smacked around,1
so scary aaahh waaaa hoooo leon r34 is heat 🔥🔥🔥🔥🔥,1
loved the detail of how leon has trigger discipline and claire,1
first and last game where leon is relatable quickly regretting his,1
you into a nightmare as leon s kennedy a rookie cop,1
good game leon asshots 10 10 slayussy the,1
2 remake follows two protagonists leon s kennedy a rookie cop,1
femboy leon when,1
"the game introduce leon kennedy to the world ",1
ainda não joguei com o leon quando o fizer terei ainda,1
through the gripping story of leon s kennedy and claire redfield,1
my opinion plus it s leon s origin story i m,1
all made sense playing as leon is always an pleasure re4,1
leon and claire and ada are,1
leon and claire hot,1
leon is beautiful his face looks,1
leon s kennedy and the s,1
is absolutely worth playing but leon didn t want to have,1
amazing with character designs of leon claire ada and mr x,1
leon i think this resident is,1
leons daddy,1
veri gut leon cool,1
evil 2 follows two protagonists leon s kennedy a rookie cop,1
no guide just ♥♥♥♥♥♥♥ drop leon in sewer and ♥♥♥♥♥♥♥ die,1
leon when the residents are evil,1
i wish i could be leon,1
i love leon 3 this game is amazing,1
fast paced and complex puzzle leon kennedy is cool i think,1
there are 2 playable characters leon and claire each story shows,1
ever the tragic story of leon kennedy and claire redfield is,1
just finished off leon and claires stories banger ada,1
as i did staring at leon and ada s ass 10,1
one thing daddy leon,1
leon you really need to f,1
10 10 ada nyipok leon,1
leon s kennedy claire redfield,1
leon and claire s story goes,1
fine story well optimized hot leon hot claire,1
while running like crazy as leon i love that you get,1
terms of the plot b leon has more mysteries and tension,1
claire is sexy but leon is sexier,1
original game whether you play leon or claire no longer affects,1
depth the character development of leon and claire is compelling making,1
first time playthrough once as leon and once as claire to,1
two playable characters claire or leon your first playthrough will be,1
too many headshots to kill leon doesn t also care if,1
"with this game   leon and claire 3",1
good game spooky leon,1
is a 10 10 also leon,1
more immersive experience players control leon s kennedy and claire redfield,1
leon handsome,1
i need leon,1
parte da claire e do leon não se conetam na historia,1
palpitations whenever mr x and leon are on screen both for,1
leon dies at the end,1
least if you play as leon besides the gameplay the story,1
game to anyone 100 10 leon is so hot and ada,1
leon claire ada are fine,1
of depth to characters like leon and claire their arcs are,1
leon is a goat,1
ending but still love the leon story line ohh my ♥♥♥♥♥♥♥,1
leon s playthrough better vibes harder,1
some places i started with leon first as that felt like,1
i chose to play as leon because you can also choose,1
i love leon d,1
more leon more yummy claire is cool,1
one quite a lot both leon and claire s campaigns offered,1
hang in there leon im coming,1
s such a badass and leon is great too so great,1
leon if i catch you doing,1
"20 10 puedes jugar como leon   muy buen juego",1
"of the story one with leon and one with claire ",1
story from 2 povs namely leon and claire who of course,1
im not gay but leon is an exception,1
buying for sure ive beat leon and close to claire b,1
residents aren t evil once leon scott kennedy puts me into,1
leon is hot and so it,1
im going to make leon prengat,1
my glorious king leon kennedy,1
sections claire with sherry and leon with ada instead of being,1
story never skipping cut scenes leon is amazing again 4 was,1
i ve only done one leon run but you know it,1
one word leon 👌🏻,1
gay but i would tickle leons gooch,1
a baddie claire a baddie leon a daddy 8 10,1
i rate it 8 baby leons out of 8,1
"engage or flee   leon s kennedy and claire redfield",1
perfect ¿why it s simple leon the gameplay improved a lot,1
are leon and claire the evil residents,1
story and i would play leon s too but mr x,1
to pull me out of leon,1
the part when i saw leons face for the first time,1
be the best housewife for leon,1
diff is fun but hard leon is based story from re1,1
i want leon to kiss me homosexual style,1
gameplay was claire a and leon b i had never heard,1
bestest boy leon 10 10,1
leon is allowed to do whatever,1
x is sooo obsessed finished leon s story in 8 hours,1
enjoyed both story perspectives of leon and claire a game everyone,1
ass do both claire and leon scenarios if u wanna understand,1
i heckin love leon kennedy,1
does boy failure better than leon this thing won t die,1
i loved when leon kennedy said haiiii i m,1
be played with two protagonists leon and claire and after if,1
having to write fanfic about leon and ada,1
and play as our boi leon and girl claire i love,1
added repeatability with 2 campaigns leon s story is by far,1
it has leon kennedy in it peak fiction,1
compared to the og where leon claire s stories were both,1
i did beat it with leon and i feel good i,1
podendo jogar tanto com o leon quanto com a claire cada,1
some stuff you play as leon s kennedy a new cop,1
campaign is very similar to leons so that was kinda boring,1
a resident evil game including leon s kennedy 11 10 i,1
is amazing love my rookie leon 3,1
leon on the scene its all,1
this game features leon s kennedy an alcoholic who,1
leon is so bbgirl,1
100 this p s a leon statue collectable its a badass,1
the b ending i choose leon s story and completed it,1
to play both scenarios as leon and forget claire ever existed,1
evil 4 has both the leon kennedy and claire redfield halves,1
a more accessible game with leon s rpd being one of,1
voices and story is perfection leon and claire are easily my,1
wont give me frikin ammo leon s fatass kept eating them,1
experience overall a nice game leon is smashable,1
achievements so when i played leon b and claire b it,1
chomp down on claire or leon s neck this phenomenon is,1
ada where s leon when i need him leon,1
leon is a beta male in,1
leon kennedy is sexy,1
t want you to know leon s skin care routine,1
and beating both claire and leon s story you won t,1
i want leon to whimper for me,1
leon has perfact hair👍👍👍,1
backtracking between item box so leon and claire can t pick,1
omg leon emuach,1
ive only played leons story so far so cant,1
been at same place like leon police station sewer lab claire,1
honest i came here for leon kennedy,1
fun with 2 stories for leon and 2 stories for claire,1
leon is him,1
svae me leon kennedy save me,1
she claired on my leon till i ada,1
es superior a la de leon en muchos aspectos la disfrute,1
big pp for leon fighting g virus level 3,1
leon sounds and looks like a,1
leon you re too pretty for,1
i loved leons story claire s is a,1
loved it first played from leon s perspective and the game,1
to the resident evil storyline leon and claire and other characters,1
leon sexbang kennedy,1
as hell after two playthroughs leon a claire b but i,1
leon sigma kennedy found his first,1
game was playing claire a leon b and i was left,1
♥♥♥♥ the ♥♥♥♥ out of leon like ♥♥♥♥♥♥♥♥,1
exists and his name is leon kennedy,1
game now have finished both leon s and claire s scenarios,1
times during the game as leon claire would just run in,1
if you play through both leon and claire s stories their,1
what hair product is leon using,1
i really felt connected with leon claire in the story the,1
i want daddy leon to toy with my holes,1
leon kennedy is based i love,1
i love leon kennedy he s my literal,1
leon is love leon is life,1
three days going through both leon and claire s stories couldn,1
why leon no do backflip,1
leon go ahhhhjhjh ada go ahhhhhhh,1
it was good leon ate,1
great game liked leon s adventure,1
i like playing through as leon but claire s run has,1
residents are seeming really evil leon,1
i will do anything for leon s kennedy,1
feel like i m fighting leon and his limited fov more,1
i think leon is pretty cool plus the,1
rewarding the character development of leon and claire is top notch,1
my glorious king leon,1
they balanced the claire and leon storylines it is actually essential,1
physics the guy who voices leon should rip his vocal cords,1
"leon is too cute claire is",1
campaign spoils less things about leon s than the opposite,1
the outfits for claire and leon all feel iconic the graphics,1
claire a leon b on ps5 and now,1
leon and the lickers gave me,1
led to four distinct scenarios leon a claire b claire a,1
be remixed from clair or leon s perspective will be replaying,1
bestest game i wanna kiss leon sooo bad mwah mwah mwah,1
have discovered the hidden ‘wellcome leon signs upon my desk i,1
i like leon sex kennedy honestly it s,1
nerve wracking if you play leon s campaign mr x don,1
made me a simp and leon made me just 10 less,1
even if both claire and leon s stories don t complement,1
leon kennedy baby innocent era😿,1
fun also but so far leon and claire s story are,1
as well i only played leon s part so far but,1
of reorganizing the puzzles of leon s segment 🏷️ suggestions start,1
the game had finishing the leon side of the story i,1
evil 2 and i love leon,1
ever exist ever i loveeee leon with alll my heart play,1
these residents are evil and leon finna spank em,1
remake amazing gameplay weapons mechanics leon the goat,1
not scary one timeline of leon and claire does not make,1
leon so huggable,1
i had fun with both leon and claires paths the game,1
i played leon s story the conclusions are,1
wong and i love you leon kennedy adn i love you,1
crafted a level 5 badge leon and claire s path both,1
playing with hunk instead of leon s and claire r this,1
fun game i loved playing leon s story and would recommend,1
sometimes i get leon injured on purpose so i,1
residents are getting pretty evil leon s kennedy,1
its fun and leons story is good,1
chris be like leon ♥♥♥♥ my sister and leon,1
i enjoyed it lot and leon is really pretty,1
leons birthday is interrupted by im,1
soo gud leon makes me scream tears of,1
game i liked it both leon and claire are interesting characters,1
do if you only play leon s since my first play,1
leon s kennedy carry,1
i have leon kennedy in my closet locked,1
leon kennedy drool emoji,1
i love hearing leon grunt,1
this game both stories of leon and claire felt amazing to,1
rc while you play as leon or clare spoiler cool fights,1
nightmare once again step into leon kennedy and claire redfield s,1
"is resident   john leon kenedy  this is especially",1
leon is so ♥♥♥♥♥♥♥ hot 10,1
i m so normal about leon 3,1
great game liked leons campaign also tried claire s,1
leon freaky kennedy,1
i mean you have leon s kennedy claire redfield and,1
more leon and ada please,1
horror experience the story of leon and claire navigating a zombie,1
the depth devs put in leon claire and ada even playing,1
revisiting the game to play leon s route at some point,1
bought the game for leon 10 10 jokes aside really,1
leon and ada supremacy at its,1
leon sauce kennedy,1
during certain chapters playing as leon claire and ada in the,1
is amazing the story of leon claire ada sherry and raccoon,1
leon my bisexual awakening,1
leon is hot claire is alright,1
love love leon,1
claire haven t played as leon yet and i haven t,1
fun game did a single leon playthrough which was fun the,1
when playing this game both leon and claires parts are so,1
you play it first with leon or claire its fun because,1
i wonder if leon will ever forget this day,1
yourself a favor and play leon s part b in the,1
as a rookie police officer leon kennedy who on his first,1
leon is in the game and,1
so good i love leon,1
i like leon best character mr x extended,1
to play as both claire leon 3,1
♥♥♥♥♥♥ leon kennedy gfcuuukkk nghghhh,1
game here the stories of leon and claire don t connect,1
part of the i 3 leon club now also one gripe,1
i 3 leon s kennedy,1
with ghost from mw as leon,1
leon has better jawline than viego,1
and let me say it leon transformed into chamber from valorant,1
leon was hot before re4 and,1
h1 leon s cutie pie charm and,1
hell bent on pursuing is leon is because he is in,1
oh leon why couldn t you just,1
side was vastly superior to leon s by the end of,1
idc leon became him no wonder my,1
happily replay this game as leon to see his side but,1
licker wants to lick my leon 👁️🫦👁️,1
"leon is chef kiss  ada",1
leon suckable kennedy,1
did you guys know that leon kennedy is actually my dad,1
leon and claire go on a,1
she leon my dy till i kenne,1
leon more like peg me,1
and what i got with leon s story was one massive,1
is amazing i d say leons story is the longest story,1
for you edit i finished leon s and claire s story,1
at the end of the leon runs are my personal favorites,1
i don t blame leon for becoming an alcoholic,1
make leon asian,1
leon mmm leon kennedy,1
leon sexy claire sexy what more,1
leon ♥♥♥♥ 100 100,1
haha frick yeah leon,1
the game is good but leon is the most annoying character,1
i m leon kennedy irl,1
first re game played leons story then claires really enjoyed,1
evil franchise these characters being leon and claire,1
leon pulling upto his first day,1
story more but i like leon as a character more the,1
leon that s it post review,1
you can give leon cat ears 10 10 experience,1
leon did not in fact get,1
what the ♥♥♥♥ leon kennedy,1
replayability too whether you choose leon a claire b or claire,1
ruining it i have a leon run on steam and a,1
leon s having a great first,1
m now in love with leon,1
is this a ♥♥♥♥♥♥♥ joke leon s kenedy,1
playthrough this time as b leon b and enjoyed it a,1
claire in my playthrough as leon shooting off a leg renders,1
is so good i bought leon s noir dlc and have,1
"covered   obs the leon and claire campaign are almost",1
how is leon so strong yet so weak,1
i love claire and leon 3,1
both from the perspective of leon and claire and finishing one,1
that re4 remake has strike leon was a rookie in this,1
leon awooga awooga,1
leon you sly dog you,1
x out of nowhere with leon s run i played claire,1
love you leon very fun game and mr,1
⠀⠀⠘⡀⠀⠀⠀⠀⠀⠀⠀⠀⠀⠀⠀⠀⠀⠀⠀⠀⠀⠀⠀⠀ ⠀⠀⡜⠀⠀⠀ ⠀⠀⠀⠑⡀⠀⠀ ⠀ handsome leon ⠀ ⠀ ⠀⡔⠁⠀⠀⠀ ⠀⠀⠀⠀⠈⠢⢄⠀⠀⠀⠀⠀⠀⠀⠀⠀⠀⠀⠀⠀ ⠀⠀⣀⠴⠊⠀⠀⠀⠀⠀,1
launch the game and see leon kennedy my parents found out,1
shoes of iconic characters like leon kennedy and claire redfield feels,1
leon gay as hell,1
than the original and both leon and claire campaigns are quite,1
jucătorii preiau controlul asupra lui leon kennedy sau claire redfield și,1
one day i played both leon s and claire s stories,1
on the role of either leon kennedy a rookie cop or,1
the birth of leon the sex machine kennedy 100,1
and protagonist in the franchise leon s kennedy overall the game,1
other you can play either leon s story or claire s,1
make an entrance starting with leon s story was a delight,1
never work e g in leon playthrough claire appears 3 times,1
games to date best characters leon and claire 3 hunk,1
"im literally leon hes literally me  ",1
main story about claire and leon whereas on both playthroughs you,1
and life changing experience wish leon could bust a nut in,1
leon please you must continue the,1
makes no sense appearing on leon pov at all it s,1
leon is even hotter in this,1
leons floppy hair sim,1
leon has a cute butt chin,1
"me died that day  leon s kennedy",1
"mansion  the claire and leon campaigns have too much overlap",1
to play again as not leon wish mr reddit mod didn,1
good game can look at leon s buttcheeks whenever i want,1
leon is so cute 3,1
bar none 10 10 plus leon says ♥♥♥♥♥♥♥♥♥♥♥♥♥♥ like an upset,1
"eeeeerrrrrggghhh   leon skenedy",1
explain it but the way leon s voice actor nick delivers,1
a and b scenarios of leon and claire,1
“b” with both claire and leon routes are not that different,1
anyways 10 10 we love leon,1
nice graphics amazing main character leon tips in this game must,1
we love leon the sex kennedy,1
leon my glorious king,1
came for leon stayed for leon came because,1
dope game leon and claire cool,1
little leon goes brrr,1
leon kennedy stole my credit card,1
leon is goat,1
city following the adventures of leon s kennedy and claire redfield,1
complete circle of claire a leon b scenario is missing from,1
top notch 100 reccomend strike leon is so babygirl strike,1
both characters and i played leon first and then i played,1
some level of distaste for leon and i do actually like,1
i pissed myself but leon is kinda cute,1
leon searches for tasty plants but,1
leon story completion time 10 5,1
not gay but leon is hot,1
leon claire and ada best characters,1
really good too i love leon and claire is decent too,1
content is very minimal between leon and claire s campaign which,1
missing the two seperate stories leon claire have almost identical stories,1
you remake a game ♥♥♥♥♥♥♥♥ leon kennedy is the ♥♥♥♥ 10,1
i love you leon s kennedy do you love,1
leon is babygirl 10 10,1
is because this is where leon s story begins and leon,1
leon alone deserves 5 stars,1
city and iconic characters like leon and claire further enhance the,1
certified problem© the main campaigns leon claire a have less than,1
man i love this little leon fella i sure do hope,1
remake is still funny like leon s one liners or the,1
mmmm leon,1
that scary freaking tyrant however leon s kennedy is mad smash,1
chris redfield s sister or leon kennedy a brand new rpd,1
leon does have to face off,1
fun my first playthrough of leon was more scarier than expected,1
this for my pookie bear leon,1
leon can t jump bruh,1
voice acting for claire and leon,1
i get why leon mains are so bad at,1
game where you play as leon kennedy i have not played,1
up with two new characters leon a rookie cop and claire,1
game have leon game good,1
oh you can choose between leon and claire you have to,1
if you have anxiety but leon is hot enough to distract,1
with different scenarios for both leon and claire overall if you,1
i am leon scott kennedy,1
there wasnt enough variation between leon and claire s playthroughs to,1
the perfect people to play leon and claire among everyone else,1
visuals exploring raccoon city as leon kennedy or claire redfield is,1
new game i ve beaten leons campaign and first let me,1
say that i am literally leon s kennedy,1
any game with leon is a 10 10,1
i love leon n ada,1
to his name also want leon to sex me,1
will cook and clean for leon,1
the story more aligned with leon its a bit repetitive,1
the only problem is that leon is very slow while running,1
not finished the story with leon already looking forward to replying,1
leon so cool,1
"rookie leon melts my heart college claire",1
a and b either as leon or claire they don t,1
leon whimpers when hes injured,1
i like 👍 leon s hot zombies are not,1
big gun nice boobs leon,1
whether you re playing as leon kennedy or claire redfield each,1
this game has leon scott kennedy in it so,1
s story looking forward to leon s,1
allows you to play as leon or claire giving two varying,1
replaying the game as either leon or claire is a brand,1
in general i recommend playing leon side of the story just,1
smashed through the wall and leon is asking her whats her,1
leon is the kind of babygirl,1
com sharedfiles filedetails id 3161348790 leon in introduced as a rookie,1
i wish leon kennedy was real,1
i finished leon s part once on ps,1
the corny dialogue especially on leon s a side while not,1
infected in a she is leon a and b changed how,1
is unsatisfying but i love leon so its fine,1
leon 10h whimpering compilation good game,1
just finished the campaign with leon as well in 9h and,1
leon so cool asf he s,1
play with one hand but leon is too good for me,1
leon is hard leon made me,1
leon is a smash,1
do not like some of leon s voice acting or at,1
performances are great play as leon or claire then play the,1
leon and ada are hot too,1
the rest of the game leon,1
likey leon,1
got so distracted by leon s gyatt i couldn t,1
leon 😍😍😍😍,1
to play resident evil 2 leon chad kennedy mommy ada claire,1
all good claire s and leon s stories are clearly two,1
great voice acting especially from leon and ada leon is a,1
then he gonna roll then leon let it pop go let,1
great game missing a leon kennedy pegging scene,1
game i have finished the leon story and i m doing,1
like that the story for leon and claire doesn t line,1
back to play more plus leon claire and ada look hot,1
cool game leon whimpers btw,1
leon s kennedy in noir costume,1
i only played leon s story but i enjoyed,1
why is leon kennedy good game,1
and concise just wish that leon and claire s stories were,1
1 leon and claire explore the same,1
s essentially a remix of leon s campaign with a couple,1
both of the main characters leon and claire and what can,1
i ve played through both leon and claire s playthrough and,1
leon kennedy omorashi,1
be can played with either leon or claire the two main,1
leon on top,1
no naked leon,1
got evil when i saw leon,1
my cat is called leon,1
remake ever made played both leons and claires story immediately after,1
claire bad as hell leon bad as hell ada bad,1
leon ugly and stinky boy,1
ada and leon what else can i say,1
papi leon 🤑🤑,1
9 hours straight playing as leon im never touching this again,1
god i ♥♥♥♥♥♥♥ llllooooooooooooooooooooooooooooooooove leon kennedy,1
leon kennedy my love,1
to play both claire and leon with different stories was super,1
game before and know that leon s story is very similar,1
leon just needs to continue the,1
did my run through as leon and intend to go back,1
leon moan simulator 👍🏻,1
leon nuff said,1
zombies but my thirst for leon is unmatched great game thank,1
only played leon a at this point but,1
then 4 i played both leon and claire s story within,1
leon sexy kennedy mr x made,1
yes very good leons story alone very good have,1
do the same puzzles that leon does in the 1st run,1
a horse ride a cowboy leon in a cowboy hat,1
leon needs to shower he is,1
leon and claire fight zombies and,1
standard difficulty as claire then leon this game nails survival horror,1
i like when leon falls off ladder very funny,1
mods de leon en pelotas enter,1
looks i completed two playthroughs leon a and claire b and,1
to split the narrative between leon and claire s perspectives while,1
i can t blame leon i d also fall in,1
leon s de sabroso kenndy,1
detail the story centered around leon and his evolution into a,1
leon makes me wanna white my,1
best game ever leon is hot,1
leon is the best guy and,1
haha leon go brr,1
great game leon w rizzing up the gyat,1
leon walks part 1,1
s worse than it looks leon s kennedy,1
scenarios and claire s and leon s playtroughs are a little,1
leon had a good first day,1
pls leon and claire oiled up and,1
in the storyline as both leon and claire often fight the,1
pls choke me leon,1
of the two stories between leon and claire feel unique to,1
what if leon was in resident freaky 2,1
intriguing story line for both leon and claire graphics are breathtaking,1
gaming landscape the narrative follows leon s kennedy and claire redfield,1
i am in love with leon s kennedy,1
leon sexgod kennedy,1
good game leon could get it,1
leon daddy i love u 3,1
the same story beats with leon and clarie never interacting past,1
very good game finished leons story and now onto claire,1
great game sexy leon 10 10,1
leon is the most adorable character,1
leons hot asf,1
albeit at a price also leon is so babygirl in this,1
out there mostly i liked leon part as it was very,1
leon phat badussy 3,1
came for leon s injured whimpering stayed for,1
leon is indestructible and hung like,1
a discount gigi hadid and leon like younger ralph fiennes voldemort,1
resident evil trilogy and where leon s kennedy starts his journey,1
in my opinion after beating leon s story last year i,1
have your leon model to psx one and,1
oil up leon next time plzzzzzzz,1
so i played and beat leon s campaign for this game,1
played a new game with leon mr x well still scary,1
leon funny as hell,1
claire to restock ammo for leon,1
other than that great game leon,1
dlc but i played through leon s campaign then claire s,1
im going to eat leon i never played the original,1
if i can t make leon sound like kermit then i,1
leon is the only man worthy,1
omgg leon s kennedy,1
the full experience claire and leon s stories are quite different,1
only done with leon s story to this point,1
glorious king leon,1
leon kennedy oh leon kennedy i,1
wonderful i love innocent looking leon,1
for sure it also has leon kennedy who is fine af,1
leon and ada hot play game,1
ada and leon flirting and also theres zombies,1
leon kinda,1
on two runs i recommend leon in a scenario on standard,1
taking on the game as leon and claire provides two different,1
alternate costumes for this example leon could have had his re4,1
bunga mode✅ kill more zombies✅ leon saves ada from dying✅ awesome,1
leon kennedy is my husband,1
leons so bbg,1
leon is a dumbass,1
still waiting for claire x leon,1
enjoyable alongside our slow asf leon story was amazing i mean,1
puzzles and leon,1
complaints involve the vas for leon and claire and the decision,1
t been said already overall leon ass kennedy is the only,1
i really the part where leon is gaped by mr x,1
i love rookie leon,1
all in all i enjoyed leon s own the most the,1
as compelling as ever with leon kennedy and claire redfield s,1
i highly recommend this game leon is also some great eye,1
leon is the number one himbo,1
over and over i played leon s campaign and then claire,1
tem o leon entao review positiva automaticamente,1
leon is a twink,1
reason i bought this game leon s kennedy do i need,1
the sections suck for both leon and claire what went through,1
challenging and the tyrant chasing leon around was very thrilling awesome,1
i was as cool as leon kennedy,1
we played the leon playthrough only this game is,1
leon is so bbgirl he cant,1
leon be sexy as ♥♥♥♥ 10,1
leon kennedy is so fine omg,1
faithful to the original following leon s kennedy and claire redfield,1
tonight i managed to beat leon s story 8 hours total,1
i ve now finished leon s a scenario and claires,1
get to find out what leon did before bingo,1
would make it disappear for leon in his b scenario and,1
i got to play as leon,1
you could wish for with leon and claire you get both,1
leon is so cute hes such,1
leon s kennedy in police uniform,1
i understand why leon doesn t want to proliferate,1
leon converted my friend,1
i love leon and this game and i,1
main story s one exploring leon and one exploring claire s,1
good leon moaning like a little ♥♥♥♥♥,1
to play this game is leon claire a and then 2nd,1
long im in love with leon sex kennedy,1
leons goes what the hell,1
love resident evil 2 and leon someone please buy me another,1
leon npc,1
god leon is so hot,1
leon kennedy the twink legend,1
i ll do it for leon kennedy,1
next couple of games claire leon have their capabilities slightly more,1
of ada momie hmmm and leon i give this game a,1
good game leon s pants could ve been,1
leon kennedy is so fine bro,1
leon esta guapo,1
streets of raccoon city as leon and claire once again this,1
more badass than soyboy moaner leon s kennedy i can forgive,1
i finished the whole game leon for first playthrough unless your,1
leon kennedy 33,1
if youre not a leon kennedy or claire redfield stan,1
the 2nd runs of both leon s and claire s side,1
established by re2r in 2019 leon s characterisation is the best,1
is leon kennedy married,1
resources edit having done the leon a claire b route can,1
but pretty good would recommend leon is so adorable in this,1
up playing for hours straight leon,1
especially how clair s and leon s campaign would affect each,1
of horror and distinctive characters leon and claire are true gems,1
remake i ve currently finished leon s story and i m,1
back to this after beating leon 1 a couple years ago,1
ada wong and leon kennedy,1
leon is more afraid of women,1
great characters great game play leon kennedy,1
leon is so dreamy,1
a classic selection of characters leon or jill then a road,1
leons pretty hot tbh,1
i love leon so much,1
re2 leon the twink re4 leon the,1
the timeline between claire and leon can get goofy sometimes and,1
the game as claire or leon in a second run the,1
finished the game playing for leon it was my first re,1
leons a cutie patootie,1
too also the introduction of leon and ada to the series,1
goat leon,1
i admittedly only completed with leon eventually i ll come back,1
two both of them poor leon and claire,1
leon certified baddie 3,1
this remake we love you leon ada and claire,1
it i ve just finished leon s story and gotten to,1
i loveee resident evil 2 leon claire love u both,1
control stick aiming game played leon saving clair for a later,1
design i enjoyed playing through leon s story but have not,1
is just a reskin of leon s i really thought it,1
best game ever made leon twink death,1
do just on run with leon but i strongly suggest to,1
yeah me and leon are basically the same person,1
tracing but you play as leon who is a trained cop,1
completing your first playthrough as leon you unlock the option to,1
playthrough if you started as leon for more story and different,1
why is leon s play through was so,1
attacked by the mfing zombies leon is my babygorl tho so,1
close it s a masterpiece leon is a puppy claire is,1
leon going by jolly it s,1
s a pretty good game leon is my boywife,1
my favourite part was when leon confronted birkin with tears in,1
the scenarios of claire and leon as in the original a,1
last note if you pick leon there is one bug where,1
leon kennedy should ve kissed mr,1
leon be like nnnngghhhhhhh i heard,1
would do unspeakable things to leon s kennedy,1
i loveeeeeeeeeeeeeeee leon kennedy,1
expanded storytelling and character development leon s kennedy and claire redfield,1
story good game play and leon,1
evil 2 you play as leon as he residents his evil,1
ejaculation in the endgame cinematics leon is being a simple guy,1
swollen with semen listening to leon moan every time hes hit,1
i need leon s noir costume asap,1
here for leon ada crumbs,1
leon ♡,1
as horrifying as ever and leon s bewildered little one liners,1
leon has a fatty,1
i love leon and ada,1
leon s hot ada s hot,1
leon slay queen,1
i just want to breed leon s bussy this game is,1
the game again just for leon if i could,1
because its on sale popular leon is hot and my cousins,1
i bought purely for leon 3,1
mean i don t expect leon to start punching rocks like,1
is the best for rookie leon doesn t like much for,1
i wish leon s kennedy could whisper you,1
intro into the series and leon my beloved,1
playing through scenarios as both leon and claire offer diverse gameplay,1
leon and claire don t meet,1
could unlock cat ears for leon but i guess i ll,1
leon is such daddy material claire,1
add to its replay value leon though is probably the established,1
top notch if claire and leon s stories had more differences,1
best great replayebility amazing graphics leon and claire are well writen,1
i did in re2 also leon pookie ilysm let me give,1
good game leon s kennedy is so hot,1
part where ada said to leon and mr x really right,1
the main exception generally speaking leon has an easier time dealing,1
same you can play as leon kennedy through the first day,1
circumstances of the zombies and leon and claire as characters achievements,1
leon letting that 45 bang urban,1
played the main campaign both leons and claires and both 2nd,1
seu primeiro dia de trabalho leon s kennedy se vê diante,1
later games finished one run leon a in approximately seven hours,1
have just finished my first leon play through would recommend for,1
leon my love,1
bapak leon veri nais,1
co worker seem really toxic leon should get a promotion and,1
i m a noob also leon runs slower than my grandma,1
struggle of young police officer leon s kennedy and chris redfield,1
love to mod this so leon is shirtless and moaning the,1
leon s ex kennedy,1
two parallel campaigns with protagonists leon s kennedy and claire redfield,1
very cringe scene instead helping leon or claire after having defended,1
to my favorite re character leon as good as re 7,1
the b path of both leon and claire give it a,1
completed both stories for leon and claire and i had,1
they re mid compared to leon,1
good would be better if leon did a flip or something,1
leon is turning me gay,1
love him though claire and leon s story being essentially the,1
my heart the start to leon ada sherry and claire s,1
same if not worse than leon yet people talk only about,1
i got for free real leon made me gay,1
big blue man was spooky leon s side was a lot,1
good the writing is good leon s kennedy is the greatest,1
leon s kennedy is just like,1
claire 3 leon,1
leon scott kennedy is the absolute,1
leon is super freaking hot ♥♥♥♥♥♥♥♥,1
4 gameplay the dialogue between leon and claire is somewhat awkward,1
masterpiece i love ada and leon 3 3 3 controls are,1
there are enough differences between leon 1st run claire 2nd run,1
evil the little chap called leon whimpered too much 10 10,1
like the game becaus of leon f kenned also pls nerf,1
both stories 8 hours for leon and 4 hours for claire,1
with different scenarios for both leon and claire each playthrough offers,1
2nd run will be with leon looking forward to it i,1
awesome gameplay leon is hot love the mlm,1
leon whimpering sound effects,1
good game leon pretty,1
leon has so much cakeeeee i,1
good game leon is a ♥♥♥♥♥ though,1
it with both two characters leon kennedy and claire redfield of,1
tiktok please stop recommending me leon thirst traps i m not,1
on the roles of either leon s kennedy on his first,1
express how good it is leon s kennedy you will be,1
consistency with the story between leon and claire,1
love this one claire and leon and adas segment played it,1
mmm leon kennedy,1
s a good game anyway leon is a genuine badass,1
are meant to i finished leon s story now and mostly,1
management and unpredictable enemies both leon and claire s campaigns offer,1
leon spaghetti kennedy and clefairy redfield,1
on my way to do leon b fun exciting unpredictable not,1
leon please run faster,1
alternate stories to play between leon and claire the writing was,1
leon kennedy is a bottom he,1
story gave me the chills leon and ada are also great,1
zombie games are like that leon kennedy is such an amazing,1
fun with leon,1
million times just to see leon,1
whether you choose rookie cop leon s kennedy or college student,1
you can do 2 with leon and 2 with claire there,1
from the main storyline claire leon both to the extra modes,1
ten but since it has leon sex appeal kennedy i give,1
10 10 for leon kennedy alone but once you,1
me the base game for leon was pretty fun claire was,1
on the launch photo with leon claire,1
leon isnt as hot than re4,1
i finished both leon and claire s first run,1
brain empty just leon kennedy 3,1
first inclusion of the icon leon kennedy himself as well as,1
entire cast looks fantastic claire leon sherry and ada speaking of,1
and will have to play leons story now next this remake,1
rookie leon,1
the longest game i beat leon s campaign in 7 hours,1
leon 3 10 10,1
confirm i am now a leon stan,1
store you can play as leon and claire in their respective,1
wheres leon when i need him he,1
leon better than me,1
daddy leon and mommy ada i had,1
leon make sti nky dodo haha,1
only played leon s story,1
10 got to look at leon,1
leon is very cute i love,1
claire this time edit finished leon a claire b and the,1
starting to understand why dbd leon players are like that,1
leon i need you to continue,1
leon s a twink,1
the last boss fight as leon,1
to finish both characters in leon and claire are great to,1
wellcome leon,1
many evil residents re2 follows leon s kennedy who is in,1
leon seggs kennedy,1
b claire b b leon b and b ada b,1
leon sabroso kennedy es todo lo,1
mind i ve only beaten leon s route cause yes game,1
i can t lick leon,1
so following re2 chris hounds leon relentlessly after hearing how much,1
leon kennedy 3 i have nightmares,1
daddy leon and mommy ada 😁,1
story s a classic – leon and claire navigating the chaos,1
i saw the ending twice leon a claire b 1 leon,1
leon is still literally me,1
b runs whether you do leon claire or claire leon playing,1
my comfort game i love leon and claire so much good,1
leon my babygirl,1
leon kennedy and ada wong can,1
fun leon go rpd and zombie go,1
mhmmm leon mmhmmnnnn kennnenndyy o lkeeeoon,1
leooooon helllllllllp help me leon hellllllllp 10 10,1
leon is a hottie,1
i ve only played leon s story so far but,1
your ammo 5 disparity between leon and claire is noticeable leon,1
concerns the voice actor of leon he just sounds like he,1
notable improvement from re1 as leon and claire have very different,1
scenarios” is a bit disappointing leon and claire still have separate,1
this game is awesome because leon s face actor is romanian,1
leon i need you to have,1
what this game feels like leon is so handsome and his,1
adoro esse tal de leon kennedy,1
play both as jill and leon leon first preferably i cannot,1
we play as leon 10 10,1
the game final boss on leon was a ♥♥♥♥♥♥♥ pain in,1
would 100 play it again leon looks ♥♥♥♥♥♥♥♥ fine as usual,1
take control of iconic characters leon s kennedy and claire redfield,1
leon watch out i ve got,1
depth to beloved characters like leon kennedy and claire redfield the,1
better of course just finished leon story and plan to do,1
i wish the leon and claire story made sense,1
part is a lot like leons but differs in some part,1
why is leon more thiccc than claire,1
leon s kennedy has no right,1
better interactions between claire and leon,1
leon rocks,1
playthrough is for me enough leon better than claire change my,1
pre trauma leon ate and left no crumbs,1
of the story more than leon s but their stories tie,1
keeps you on edge both leon and claire s campaigns are,1
leon aaaaaaahhhhhhh,1
leon gets his guts in this,1
game follows the story of leon claire in raccoon city after,1
look so sexy as does leon and claire 3,1
of the game both characters leon and claire have a similar,1
completed my first run with leon and have to say it,1
leon is my father and ada,1
entire game in fear of leon s bullcut forming,1
amd gpus in some places leon claire s model doesn t,1
there with the different routes leon a b claire a b,1
leon and claire are my babygirls,1
i love leon kennedy i would let him,1
as a player who control leon help him continue his redfield,1
start your first playthrough with leon a to claire b or,1
finally leon is now a true r,1
i would show more of leon s kennedy s tits 9,1
the heart of the game leon kennedy and claire redfield these,1
that you can pick from leon s side or claire s,1
leon is hot and you can,1
leon no lube no protection all,1
scary leon is a cutiepie though so,1
i love leon and ada haha,1
to complete puzzles and stuff leon kennedy is my baby boo,1
leon kennedy more like leon cutie,1
why isn t leon real,1
is basicly no interaction betwen leon and claire unlike original playing,1
part though the clair and leon stories intertwining felt a bit,1
top tier game leon kennedy moans when injured as,1
weaves together the narratives of leon kennedy and claire redfield two,1
man leon is handsome asf k,1
in the charismatic words of leon i okay i,1
rot faster than the zombies leon is really hot though ada,1
the graphics are absolutely gorgeous leon claire and ada look damn,1
claire is hot 🔥 and leon is chiseled to the bone,1
re game and just finished leon story ♥♥♥♥ tyrant,1
this game i ve finished leon and claire s stories and,1
leon s exy kennedy,1
good plot and graphics leon kennedy,1
evil experience i played both leon and claire a and honestly,1
on that you overgrown ♥♥♥♥♥♥♥♥♥♥♥♥♥♥ leon s kennedy,1
reasons lol but i loved leon s and claire s story,1
interesting mechanics i played as leon a and claire b both,1
session between ada wong and leon s kennedy 10 10 will,1
leon is cutie patootie 11 10,1
story lines between claire and leon intersect and go along with,1
i love leon 3333333,1
than a few spots during leon s story especially where i,1
claire first and then with leon their story branches out and,1
1998 take the role of leon kennedy a cop in training,1
game it pretty good but leon isn t buff yet so,1
the things i would let leon do to me,1
life and wiew of live leon s kenedy is literally me,1
i ve also just completed leon s story and plan on,1
slay leon,1
an automatic naked skin for leon and i have to get,1
leon is pookie,1
i love leon mr x very scary don,1
out of the way sometimes leon and claire can hold three,1
bro come on its leon scott kennedy,1
leon credits to chris voiceman europe,1
10 10 would smash leon,1
i cant stop staring at leon,1
m a big fan of leon highly recommend,1
good but i am scared leon is great but he makes,1
as the 1st run on leon,1
game w o costumes also leon,1
leon ♥♥♥♥♥♥♥ kennedy,1
i want leon to breed me,1
leon x ada true love 3,1
and interesting boss fights and leon s well leon s cute,1
leon help,1
their motivations claire redfield and leon kennedy the iconic protagonists are,1
leon has big tittes,1
the other character e g leon b and events from your,1
l leon is h h h hottttttttttttttttttttttttttttttttttttt,1
scenarios a and b infact leon and claire barely meet and,1
character stories right one with leon and one with the girl,1
scary and fun leon is so pookie in this,1
i like leon but i also like claire,1
leon let me hit that,1
leon doesn t whimper enough 0,1
love this game leon is such a cutie,1
a skill issue lmao also leon is such a cutie in,1
leon knenedy,1
more leon more claire more mr sex,1
leon ⣿⣿⣿⣿⣿⣿⣿⣿⡿⠿⠛⠛⠛⠋⠉⠈⠉⠉⠉⠉⠛⠻⢿⣿⣿⣿⣿⣿⣿⣿ ⣿⣿⣿⣿⣿⡿⠋⠁⠀⠀⠀⠀⠀⠀⠀⠀⠀⠀⠀⠀⠀⠀⠀⠉⠛⢿⣿⣿⣿⣿ ⣿⣿⣿⣿⡏⣀⠀⠀⠀⠀⠀⠀⠀⣀⣤⣤⣤⣄⡀⠀⠀⠀⠀⠀⠀⠀⠙⢿⣿⣿ ⣿⣿⣿⢏⣴⣿⣷⠀⠀⠀⠀⠀⢾⣿⣿⣿⣿⣿⣿⡆⠀⠀⠀⠀⠀⠀⠀⠈⣿⣿ ⣿⣿⣟⣾⣿⡟⠁⠀⠀⠀⠀⠀⢀⣾⣿⣿⣿⣿⣿⣷⢢⠀⠀⠀⠀⠀⠀⠀⢸⣿,1
but i grew up with leon s kennedy and i have,1
enemies visually looks amazing and leon is just so damn fine,1
we repopulate raccoon city droolingface leon kennedy uoooh,1
also making replays desirable both leon and claire s stories are,1
leon best boi ♥,1
10 10 dont heal leon you wont regret it trust,1
what is leons hair color like,1
go back to play as leon mr x was well so,1
lab escape theme for both leon and claire is also pretty,1
the depth of the protagonists leon and claire and their journey,1
have you seen puppy boy leon,1
too late to turn back leon also ada where s leon,1
amazing leon,1
awesome enemies boss fights leave leon injured whole game for superior,1
i simp for leon what can i say,1
leon my pookie wookie baby,1
scenarios like you could play leon a and claire b and,1
i imagined my first day leon s kennedy,1
oh yeah i almost forgotr leon was there too but um,1
amazing scary and fun also leon,1
i love leon i love ada,1
mah boi leon,1
needed more of leon s cheeks on screen,1
i wish leon would jump out of the,1
can i marry leon pretty please,1
can t stop staring at leon anyway 11 10 game,1
could share a blunt with leon man,1
leon s so pretty,1
leon looks dumb as hell throughout,1
the franchise because of the leon craze when the re4 remake,1
through my a run with leon i was very impressed with,1
context i ve beaten the leon a and claire b scenarios,1
almost same events and locations leon claire each has their own,1
zormbie leon slot kennedy not an egg,1
the game has leon in it which automatically makes,1
programmed the zombie ai rip leon and claire s right shoulder,1
is a bigger ass for leon and some jiggle physics,1
where is that leon mod where henaked,1
i love leon pookie wookie bear hes so,1
id tap leon ngl im a guy full,1
leon mwwww i love,1
can make leon half naked but can t,1
cant get leon pregnant,1
leon has abs get it,1
is such a cutie patootie leon was fine i guess,1
i m leon,1
leon holy crap the resident are,1
than repeating certain scenes from leon s playthrough the developers could,1
leon was cutie 10 10,1
leon i like mennedy,1
content between extras and the leon jill story lines 🔲 long,1
that you can play as leon or claire about 75 of,1
leon kennedy balls,1
cool to see me leon s kennedy as a main,1
leon is him claire is a,1
capcom hired ideal actor for leon s face playing for him,1
you just wanna look at leon s pretty face you ll,1
leon fire,1
leon looks so babygirl in this,1
this game and my baby leon oh god the things i,1
i already played through leon s route on console and,1
i love leon kennedy pew pew,1
be a revolver upgrade in leon s desk for example,1
they made leon hot as hail,1
hours of gameplay for both leon s and claire s route,1
leon my pookie,1
leon ppasito kennedy como te amo,1
leon should have went for a,1
sexy man leon kennedy,1
leon kennedy is transgender,1
leon my cutie pootie,1
i like it when leon moans 3,1
story and will play through leon s later after playing this,1
leon is so sexy but ♥♥♥♥♥♥♥♥,1
my fav characters ada and leon included 3,1
well well leon kennedy i like all endings,1
i look alot like leon kennedy except i own a,1
is because i love officer leon s kennedy,1
4 1st run play as leon or clarie and 2nd run,1
play for three reasons 1 leon s kennedy s luscious locks,1
balls and places you into leon s shoes the amount of,1
just finished my playthrough of leon and i have to say,1
resident evil 2 leon,1
there after i finished with leon i jumped right back in,1
i want to be leon,1
item that has durability the leon claire a b scenarios are,1
leon my fav twink frfr,1
mr x his abs leon and ada invincible foursome,1
one helluva first date huh leon easily a 10 combat knives,1
roles of rookie police officer leon s kennedy and college student,1
when leon came on screen i did,1
to have sloppy sex with leon s kennedy,1
its leon ing time,1
leon and claire can both step,1
my man leon needs a break,1
leon whimpers a lot,1
replay opportunists with claire and leon both having a story a,1
muy incompleto la historia de leon kennedy es muy corta y,1
leon is soooooooooooooooooooooooooooooooooooooooooooooooooooooooooooooooooooooooooooooooooooooooooooooooooooooooooooooooooo cutie pie,1
honestly started playing just for leon lol but now after playing,1
note finished the game with leon and then with claire 2nd,1
but luckily i had my leon body pillow close by to,1
you start the game as leon kennedy or claire redfield leon,1
leon s neophyte introduction to quipping,1
great game if you like leon kennedy you ll love this,1
finished the game now as leon was fun and cool 2nd,1
have been entirely different from leon s making it almost the,1
leon thumbs up,1
game brings back to life leon and claire s adventure through,1
to play as 2 characters leon and claire so there s,1
has a defined story for leon and claire the gameplay will,1
completed the story of both leon and claire in about 18hrs,1
a lot of fun playing leon s story i also had,1
played leon s story absolutely could not,1
there s 2 is that leon and claire have such minuscule,1
leon is the love of my,1
game is achle scary and leon is hot 10 10 buy,1
leon is my father,1
only i first started with leon on medium difficulty because i,1
leon is so meow,1
doesn t matter i did leon 1st a route and claire,1
leon and ada 3,1
goofy ahh leon enemies don t die,1
leon rizzler kennedy my goat leon,1
so good lol i love leon,1
i just finished playing as leon such a good game i,1
of different weapons for both leon and claire to use as,1
favs and always will be leon will you marry me,1
shoes of rookie police officer leon s kennedy and college student,1
leon is beautiful,1
smash leon kennedy,1
leon hhheeeelllpppp,1
leon leon leon leon,1
health but im fine hearing leon grunt,1
so much both claire and leon and i think that may,1
leon is so hot also the,1
played re4 remake and liked leon you should play this after,1
but worth it for strike leon kennedy strike my wife,1
for the steam machine podcast leon and claire are incredible protagonists,1
the fact that leon a skilled cutie who can,1
only play as claire or leon too which i thought was,1
noir leon is sexy,1
all time the duo with leon and claire is such a,1
leon my little meowmeow,1
door s locked leon got a minigun and rocket,1
go leon kill your demons,1
very nice i love when leon is on low health if,1
kisses 4 leon,1
good game i love leon,1
leon story good claires story uninstalled,1
get to play as both leon and claire in either order,1
so far i have finished leon s story and am part,1
as ada sacrificing herself for leon against mr x claire throwing,1
well made i finished both leon 1st run and claire 2nd,1
what can i say leon really is the original bbg,1
leon da legend,1
leon s twinkiness in this game,1
shirtless leon mod nuff said ͡° ͜ʖ,1
meme but holy f ck leon are you stupid,1
twink leon,1
horror singleplayer story games select leons story and play it,1
s disappointing that claire and leon had no connection throughout i,1
leon is poopsikins 3 no but,1
ve finished the story for leon and this was my first,1
through the game as either leon or claire they have some,1
i learned by playing the leon campaigns it s that well,1
leon is whimpering so much in,1
well altough the interactions between leon and claire and the a,1
baby leon uwu,1
leon moans,1
so i could stare at leon s ass,1
"ada xd i like how leon and claire both have their",1
we are here for the leon and ada sex scene,1
take on the original story leon s kennedy and claire redfield,1
it twice though once as leon and once as claire to,1
2 remake are top notch leon s kennedy and claire redfield,1
the soundscape are on point leon is here definitly a must,1
liked the way they made leon whimper a lot in this,1
game is that they made leon flat,1
leon s kennedy is one of,1
scary gaem very good gaem leon is baby,1
just bought the game for leon not even gonna lie man,1
leon makes a man in uniform,1
leon and claire look so good,1
twink leon claire s aight ada s,1
drinking game drink every time leon says what the no i,1
if it wasn t for leon ada and claire i doubt,1
you in the shoes of leon s kennedy and claire redfield,1
with careful attention to detail leon s kennedy and claire redfield,1
finally completed the game as leon if leon wasn t the,1
don t get the dong leon kennedy,1
leon should date claire,1
i hate all you leon fans hes so mid hes,1
s more shuffling than moving leon and claire are moaning so,1
do it for leon ong ong pleaseee3eeeeeeruiofghaoisegiof,1
when tackling every moment also leon kennedy is in the game,1
zombie scary leon cool and handsome,1
sweaty moaning wet leon 🤤,1
bussssssssssssssssssssssssssssssssssssssssssssssssssssssssssssssssssss leons story is pro but i,1
b u pros u b leon b u cons u b,1
the voice acting and characters leon and claire have become more,1
she suck my leon till i kennedy,1
honestly brother bear leon kinda goes crazy,1
10 it has the goat leon ke dmdey,1
take control of rookie cop leon s kennedy and college student,1
leon kennd,1
leon is a cutie patootie 10,1
we push through for babygirl leon,1
character models of claire and leon in particular are remarkable their,1
i got to stare at leon scott kennedy for the entirety,1
e não liberdade criativa pros leon ada gráfico jogabilidade contras mr,1
were certainly very evil except leon he s so cool ⠀⠀⠀⠀⠀⠀⠀⠀⠀⠀⠀⠀⠀⠀⠀⠀⠀⠀⠀⠀⠀⠀⠀⠀⠀,1
for my man my bro leon scott kennedy did i kill,1
leon is the hottest dude istg,1
i finished a run as leon and got a b rank,1
that paths of claire and leon feel different from each other,1
cult pros the origins of leon scott kennedy the best protagonist,1
it again 3 the way leon s changed throughout the games,1
leon is the man,1
leon is bae and also a,1
leon s kennedy ≧▽≦,1
leon is the best,1
the game is fine finished leon s story in 8 hours,1
puzzels as i did with leon but overall 10 10,1
she be leon on my sex until i,1
a 9 10 is because leon and claire s campaign needs,1
considering long it takes leon to figure out that zombie,1
i want leon to punish me,1
and controls well played both leon and claire s so enjoyed,1
i love leon however this guy called mr,1
leon and ada carry and i,1
everyone wants a piece of leon even the licker that left,1
leon s debut in the re,1
story awesome graphics lovely characters leon is my favorite of the,1
course so i can hear leon s jp voice which is,1
leon balls griddy,1
game features two playable characters leon s kennedy and claire redfield,1
leon so babygirl 10 10,1
low poly leon is the best costume and,1
wish leon whimpered more,1
i love leon so much oml,1
about it is good especially leon my boi skennedy,1
leon googoogaagaa,1
with the a scenarios for leon and claire being almost identical,1
screaming is worth it with leon sex kennedy by my side,1
i still love this game leon might be a little naive,1
and sound desing they made leon ada relation more realistic with,1
action from 4 play as leon or claire both have some,1
goofy faced brave waifu ever leon is way too naive near,1
horror much scare must play leon noob will become pro later,1
be this scary but anyway leon is bbg,1
moments genuinely the characters ahem leon and ada ahem are super,1
chick claire then you get leon the cop that s when,1
2nd run for claire and leon are great keeps the game,1
leon from bollywood,1
can t sex the leon,1
i want to bred leon s kennedy,1
i want to kiss leon s kennedy on the lips,1
a favor and see where leon and claire debuted,1
leon kennedy daddy,1
leon kennedy is so hot on,1
playing both stories i suggest leons story first i enjoyed it,1
i finished both claire and leon s stories in one sitting,1
10 10 because leon,1
me go i just finished leon s story and i can,1
leon is babygirl and claire is,1
play as both claire and leon a remake of a classic,1
mr x died during both leon and claires run,1
leon shmo sexy ddddddd,1
that claire s story and leon s story take place in,1
think the new recruit that leon something has potential he s,1
though the game was awesome leon s campaign was pretty tight,1
very very very nice looking leon,1
make leon and ada smash scene,1
claire leon and ada are absolutely lovable,1
leon s kennedy hottest man alive,1
two protagonists rookie police officer leon s kennedy and college student,1
leon made me buss and claire,1
just completed leon s campaign later than everyone,1
naked leon mod,1
i like to stare at leons pretty face,1
leon is my favourite kennedy,1
when leon said oh my god i,1
finished the first playthroughs as leon and claire the remake is,1
leon a claire b or leon,1
leon is a baddie and the,1
belt bladed death machines however leon could do the same kind,1
president of the leon kennedy fan girl club,1
one of two main characters leon or claire who get trapped,1
and both claire s and leon s are of equal insane,1
remake what can i say leon and claire different scenerio is,1
it gud i like leon and claire,1
with playthroughs for claire and leon being suitably different enough and,1
it came out baby face leon hahaha,1
isn t a difference between leon and claire s campaigns but,1
game only thing missing is leon oiled up twerking skin,1
hold your gun sideways as leon lol,1
leon present 10 10,1
good love the controls love leon,1
big scary white man hunt leon down,1
a semelhança das histórias do leon e da claire não tive,1
mu love leon,1
leon kennedy griddy fortnite,1
is incredibly good story follows leon and claire as they go,1
out but only did the leon story now that re4r came,1
leon gets a shotgun so automatically,1
playing to hear leon moan hehehehehehe,1
20 hours completed leon a run and claire b,1
leons grunts and moans along with,1
leon la cabra 🐐🐐🐐,1
main characters of the game leon and claire and don t,1
in my opinion love the leon mods,1
leon thong mod is goated,1
leon god i knew u were,1
be done very gud game leon looking hella breedable icl,1
honest we only playing for leon,1
leon s kennedy ass,1
babyboye leon,1
don t worry about leon s face on the cover,1
lowered the difficulty i chose leon s story for the run,1
and started my love for leon kennedy,1
some inconsistencies between claire and leon s storylines but it s,1
only played the story as leon and will start working on,1
was a bit ashamed that leon didnt preserve the redfield lineage,1
3 leon 3,1
i love it leon and claire are the most,1
i love u leon 33,1
game and its content the leon and claire breakthroughs are both,1
runs of main story of leon and claire plus 2nd runs,1
story action and most importantly leon s kennedy,1
interesting i played through the leon campaign just a straightforward survival,1
leon is my superhero and claire,1
live laugh leon,1
and i recommend it because leon is me ofc,1
being more content to separate leon from claire an interesting choice,1
weren t evil i think leon would work retail,1
horror game i played through leon s route and claire s,1
leon is a legend,1
industry but then i saw leon and the world turned upside,1
leon kennedy is a sex machine,1
great start to leons story,1
still waiting for leon to continue the redfield bloodline,1
i am leon,1
leon hot kennedy,1
leon s kennedy ada wong do,1
leon kennedy is so ♥♥♥♥♥♥♥ hot,1
leon sexy rookie,1
leon smash kennedy,1
first leon turned me gay the ada,1
leon is adorable,1
it to be i played leon 1 and clair 2 leon,1
leon and claire my little meow,1
click like to pet leon 　　　　 　　 ＿＿ 　　　 　　／＞　　フ,1
fire game leon is just the best better,1
leon scott kennedy es uno de,1
leon is so failwife,1
be had both claire and leon s stories are top tier,1
the wrinkle of playing with leon or claire and how familiar,1
type enemy both claire and leon campagins are also great,1
10 10 i love you leon,1
terrifying fun and leon kennedy,1
the a b runs claire leon very good value,1
fresh take on the classic leon s kennedy and claire redfield,1
can choose to play as leon or claire and after completing,1
leon didn t say bingo,1
i ♥♥♥♥♥♥♥ love leon sooooooooo much he is so,1
reviews so i wanna peg leon,1
bad the story i played leon s was great but that,1
i want leon inside me,1
10 would play again for leon s sexy ass clappin his,1
pants leon s kennedy barks 10 10,1
just simping for leon that s all,1
fill by the third run leon goated tho,1
series i ve only done leon s version of the story,1
leon is hot oh the game,1
between playing as rookie cop leon kennedy or college student claire,1
leon you simp that s a,1
leon who s this claire this,1
leon is a himbo who loves,1
honestly i would smash leon 10 10 game,1
during my first run as leon i was enjoying myself so,1
leon ❤ claire ❤ tyrant 😨,1
leon ⠀⠀⠀⠀⠀⠀⠀⠀⠀⠁⠀⠀⠈⠀⠀⠀⠀⠀⠀⠀⠀⠀⣀⣠⣤⣤⣤⣶⣶⣶⣶⣶⣶⣶⣶⣶⣶⣦⣤⣤⣀⡀⠀⠀⠀⠈⠀⠀⠀⠀⠀⠀⢀⣠⣤⣤⣄⡀⠀⠀⠀⠀⠀ ⠀⠀⠀⠀⠀⠀⠀⠀⠀⠀⠀⠀⠀⠀⠀⠀⢀⣠⣤⣶⣾⠿⠛⠋⠉⠉⠉⠀⠀⠀⠀⠀⠀⠀⠀⠀⠀⠀⠉⠉⠉⠛⠻⠷⣶⣤⣀⠀⠀⠀⠀⢠⣿⠟⠉⠉⠙⣿⡆⠀⠀⠀⠀ ⠀⠀⠀⠀⠀⠀⠀⠀⠀⠲⣄⠀⠀⢀⣤⣾⠿⣛⣭⠶⠶⣤⠀⠀⠀⠀⠀⠀⠀⠀⠀⠀⠀⣴⠟⠉⠛⢦⡀⠀⠀⠀⠀⠀⠀⠉⠛⢿⣦⣄⣠⣾⠟⠀⠀⠀⠀⣸⡇⠀⠀⠀⠀ ⠀⠀⠀⠀⠀⠀⠀⠀⠀⠀⠀⢹⣿⡿⠛⣡⠶⠋⠀⠀⢀⡼⠀⠀⠀⠀⠀⠀⠀⠀⠀⢀⡼⠃⠀⠀⠀⢸⡇⠀⠀⠀⠀⠀⠀⠀⠀⠀⠉⣻⠟⢃⣴⢷⣤⣤⡾⠟⠁⠀⠀⠀⠀ ⠀⠀⠀⠀⠀⠀⠀⠀⠀⠀⣰⣿⠯⢀⡼⠃⠀⠀⣠⠞⠋⠀⠀⠀⠀⠀⠀⠀⠀⢀⡴⠋⣠⡾⢦⣄⡤⠞⠁⢀⡀⠀⠀⠀⠀⠀⠀⢀⡾⠃⢀⣾⡏⠀⠀⠀⠀⠀⠀⠀⠀⠀⠀,1
b scenarios this game s leon a ada death scene has,1
are two campaigns one for leon claire they really do not,1
zombies you play as either leon s kennedy or claire redfield,1
linear sections ahead after 1 leon play through i m gunning,1
need leon sososoooo bad,1
10 10 leon,1
playstation 5 playtime 10h 12m leon claire 2nd resident evil 2,1
story for one time as leon or claire then it is,1
remake i really enjoyed it leon is a sweetheart and ada,1
just finished first run with leon gonna try claire soon,1
different campaigns one for protagonist leon s kennedy and one for,1
leon and claire protect,1
ability to do backshots on leon s fat ass but alright,1
i was as hot as leon,1
4 remake nice to see leon young to be more mature,1
play with both main characters leon claire overall this is a,1
looking forward to more of leon s kennedy but the gameplay,1
i want to see leon with claireeeeee😤😤😤,1
leon dada and ada mama,1
leon overly extra,1
time i loved it when leon said these residents are so,1
when leon hit mr x with that,1
download the resident evil 2 leon costume 98 dlc and watch,1
finishing the first run with leon which took me about 12,1
leon is so handsome i wish,1
leon is making me act up,1
leon s kedaddy,1
leon is too scary i was,1
leon is such a silly goose,1
out there you play as leon kennedy a cop who just,1
time two years ago as leon and replaying it recently with,1
ja que um tiro mata leon é estupido não sabe se,1
a brilliant horror experience both leons and claires stories are amazing,1
yeah leon and claire are cool but,1
i inputted ned on the leon desk step thinking of the,1
kitty is wide open for leon whenever he wants it,1
baby leon go brrrr,1
atmosphere also cool to see leon before the 4th game,1
i m naming my son leon,1
at walls is better played leon first clair second leon s,1
just finished leon s story never played the,1
to chase that s in leon s story mode but you,1
story in 4 different ways leon 1st run clair 2nd run,1
i played through both the leon and claire campaigns which pretty,1
leon kennedy has a fat ass,1
i want to climb leon like a ladder,1
leon is himmmm,1
at different parts of both leon and claire s story this,1
for those two playthroughs either leon claire or claire leon you,1
scary but cool i love leon,1
to much overlapping content in leon and clair s stories,1
want to kiss claire and leon on the mouth,1
we love leon we need to see more,1
and all its fun glory leon is so cool i want,1
leon really do be babygirl in,1
cant sex leon but still really gooood,1
♥♥♥♥ scared out of you leon s kennedy and puzzles so,1
as one of two characters leon or claire and you guys,1
the completing the same tasks leon s voice actor,1
leon is so coooooooooooooooooooool,1
about 10 hours to complete leon s playthrough you can also,1
i recommend them love seeing leon again this game has alot,1
me was the playthrough with leon though it also had parts,1
horror games i started with leon then claire 10 10 game,1
very good game cuz leon is there 9 10 cuz,1
fun 10 hours per campaign leon or claire keeps you entertained,1
leon wishes he could forget this,1
leon has rizz,1
horrific than 5 and 6 leon and claire are well fleshed,1
as told when playing as leon does not tell us much,1
i sucked off leon s ♥♥♥♥,1
leon marry me and ada,1
claires story is just like leons story bruh,1
claire babysitter simulator leon complicated love simulator and a,1
spine chilling sound effects both leon and claire s campaigns are,1
leon is the hot definitely recommend,1
10 having just finished the leon campaign its decent the romance,1
s rank with claire and leon i have tis game on,1
both of the main characters leon and claire come with their,1
wtf is with leon tho bro simping over claire,1
my opinion 10 10 recommend leon and claire should ve been,1
my son s name is leon and my best friend named,1
replayability two separate stories for leon and claire harder difficulties new,1
played hope we see more leon and claire,1
and they do it well leon claire and ada are charming,1
they removed all claire and leon interactions inside of the p,1
leon solve puzzle good job leon,1
leon chuckles,1
of 6 runs between the leon and claire overall i dig,1
jumpscare from tyrant story soundtrack leon negative just worst optimized for,1
i love playing through leon s trauma,1
it last tuesday and beat leon a and claire b within,1
aside from the fact that leon has the most annoying one,1
10 10 would recommend also leons hot,1
back n forth sometimes but leon makes it worth it,1
leon s face is my dream,1
it s leon and claire who wouldn t,1
god leon is so ♥♥♥♥♥♥♥ hot dude,1
after playing both leon s and claire s story,1
it to ya i love leon wieubnfiwkbgnerbngherherryh,1
100 10 leon must be protected,1
♥♥♥♥ through the sound of leons asscheeks clapping,1
leon is so ♥♥♥♥♥♥♥ submissive and,1
leon go brrrr,1
best game leon story goes harrdd,1
leon smeniddy,1
really cool and insane but leons i think had the most,1
leon s kennedy is pretty,1
leon s kennedy is so ♥♥♥♥♥♥♥,1
good prequel to when leon later meets the funny midget,1
i dreamed of leon and mr x for a,1
the beginning of leon s asian fetish,1
leon is yes,1
leon is godly,1
ada and leon arkkkkkkkkkkkkkkkkkkkkkkkkkkk,1
game ever made i love leon saudade best song ever 3,1
great game i love leon lol,1
leon scott kennedy is so ♥♥♥♥♥♥♥,1
care what they did to leon they cut a few areas,1
leons so hot,1
to the character designs anways leon and claire are back and,1
very excited to see how leon and claire s stories would,1
of events i only played leon s side of the story,1
leon ada forever,1
i fully plan on playing leon just so i can continue,1
leon is such a little innocent,1
to choose the character between leon kennedy a rookie cop at,1
but all is fine because leon kennedy is in the game,1
while this whole mess happened leon looks different that re 4,1
boring and repetitive as both leon and claire walk through 90,1
complaint and that is both leon and claire s path s,1
they built would recommend doing leon s story first as i,1
unterschied macht ob man jetzt leon oder claire spielt der einzige,1
i got 25 minutes into leon s story before i realized,1
leon woof woof woof woof woof,1
epic leon adventure,1
always a good time playing leon kennedy and claire redfield such,1
watched a youtube playthrough for leon b to get the true,1
leon looks great get to pew,1
how can you not love leon,1
if leon kennedy has 1000 fans i,1
and being able to play leon and claire level design is,1
really good story it has leon in it what more can,1
this though i ll play leon and have a few more,1
i m a fanbase of leon i want to see leon,1
i have played claire and leon are both good characters and,1
why leon is always doin the lightskin,1
the game twice doing one leon and one claire run and,1
literally have zero ammo and leon is always in caution so,1
gunplay the weight of how leon moves it s all perfect,1
leon kennedy injured sounds compilation,1
different platforms so far making leon a twink was a great,1
16 hrs to finish both leon and claire and there are,1
leon is majestic,1
a and b scenario playing leon claire a is exactly the,1
ada doesn t deserve leon,1
leon carried the franchise,1
between a rookie cop named leon and adventurous claire on his,1
one of the two stories leon or claire you can do,1
leons so babygirl,1
reaching for the door cutscene leon is killing a zombie with,1
why is leon so hot,1
remake of a classic game leon is the absolute goat of,1
this game is scary and leon is hot,1
leon is the only cop i,1
i like when leon does leon things and when,1
a kind i played as leon which quite a ride throughout,1
leons hair is good,1
good game love leon very scary,1
always ignore what i say leon s kennedy 1998 jesus words,1
the original the story follows leon s kennedy and claire redfield,1
9hours 10min and 16sec as leon and still trying to beat,1
leon is really hot,1
the differences mainly are between leon and claire s runs,1
i miss her too leon,1
shorter and less variation between leon and clair playthroughs than the,1
enemies not so much for leon his weapons are the opposite,1
10 play cool leon 90 play claire with mods,1
i want leon to ♥♥♥♥ me,1
never played this game without leons shirtless mod 10 10,1
and 2nd runs for both leon and claire gotta say capcom,1
only mildly frustrating at times leon is probably my favorite video,1
sometimes and the main protagonist leon kennedy often looks a little,1
oh my gawd leon s kennedy could toss me,1
leon kennedy naked mod when,1
why cant i recommend it leon what a useless guy without,1
a good variety in characters leon and claire being the main,1
a shame the claire and leon s stories don t really,1
leon is my num 1 wifu,1
her lol and o yeah leon to cons durability on the,1
leon is sooooooooooooooooooo sexy,1
of the storyline dualism between leon and claire the game felt,1
i ve ever played also leon s kennedy is my wife,1
game multiple times with both leon claire 1st 2nd run the,1
trust me leon,1
reported the problem and on leon s and it s present,1
epik leon leng,1
welcome leon 3,1
capcom nailed this one leon s kennedy and claire redfield,1
leon you must continue the redfield,1
really loved the story of leon and claire best boss battles,1
the relationship between claire and leon feels bizarre given how little,1
that when you play as leon it s easier to do,1
in a trench coat punches leon a lot,1
leon pevert,1
fun sometimes hard 10 10 leons story is way better,1
of horror games and also leon i m not a simp,1
graphics and solid gameplay plus leon is very hot,1
canonically leon smokes weed to heal after,1
leon leon,1
shirtless aloe vera ed up leon s kennedy the way the,1
beat the first time with leon and 2 5h to beat,1
play it as claire or leon and both paths are similar,1
loved it first playthrough with leon can t wait for the,1
i want to kiss leon on the mouth,1
is good and acceptable although leon or claire route still the,1
literally best game everrrrrr leon is so hot smh at,1
if you love leon you ll love leon more,1
it introduced the iconic characters leon kennedy claire redfield and ada,1
it s a nice remake leon s story is really well,1
re games whenever my boy leon is there lol resident evil,1
leon vs tyrant,1
finished my first playthrough as leon and can confirm that this,1
u have 2 endings for leon and claire and 1 secret,1
amazing game only wish leon kennedy could moan alittle louder,1
in the first playthrough as leon to get the hang of,1
enjoyed my first run of leon s story but won t,1
i didnt play to see leon,1
leon sooo hot,1
leon my boytoy marvin my g,1
the design of the characters leon s face voice in particular,1
great spoopy game with leon rizz kennedy and claire the,1
with i started playing as leon on hardcore difficulty and it,1
ve only played through the leon story so far but yea,1
wish claire and leon s paths were more different,1
more at the end of leon s story ✔️ h1 positive,1
edit completed both claire and leon s story about the difficulty,1
to how movement feels with leon at least the game is,1
11 10 1 because of leon and ada great game with,1
leon s a little meow meow,1
leon s kennedy wooooooooo,1
certain points i played as leon first on hardcore and the,1
the tyrant shouldve played as leon just to bully tyrant,1
leons kinda hot lol,1
s worth also claire and leon are both hot it s,1
i need leon so bad,1
massive influx of mr x leon stories hmmmmmmmm well the game,1
turn on with ada and leon so hot i wish i,1
me at least i ❤️ leon and claire,1
just have claire s and leon s stories and drop the,1
they fit together claire and leon are my babies 3 i,1
slay leons my lil skrunkly girliepop,1
as black holes of charisma leon and claire engage in some,1
doing a second run with leon and when ada gives me,1
but all worth it for leon,1
different ways focusing on either leon or claire leon s story,1
hours each playthrough claire or leon and more with an extended,1
had a blast playing through leon s 2nd run ada s,1
it for claire stayed for leon 3,1
game i admittedly only played leon s story but i plan,1
loved leon s part now for claire,1
two characters claire redfield and leon s kennedy after one run,1
wont 100 this game ever leon s story is really good,1
leon is an extremely sexy man,1
chris trying to matchmake leon with his sister the game,1
to keep the gameplay interesting leon and claires story are connected,1
this is brilliant claire and leon have to be my favourite,1
die the whole time as leon,1
i only played it cause leon was hot ngl but i,1
just go claire a and leon b you will thank me,1
in the police station but leon s massive cheeks clappin kept,1
arklay mountains incident it follows leon kennedy and claire redfield on,1
started my first run as leon and got bit in the,1
you like survival horror or leon s kennedy 3,1
gameplay of the original yes leon was an absolute stud back,1
story its emotional and thematically leon s story on the other,1
leon 1st run great game hell,1
leon rules,1
where is leon s trampstamp,1
leon sex kennedyyyyyyyyy,1
baby leon is the best,1
to single headshots and even leon himself suggests to shoot them,1
in my safe room also leon is hot 10 10 would,1
letter h1 non spoiler review leon is exceptionally built different but,1
both claire s campaign and leons are different in a few,1
i loved it when leon said to himself man this,1
lines i ve only finished leon s story and i m,1
from start to finish played leon s campaign on xbox one,1
to play as claire or leon are equally compelling and interesting,1
go to as claire or leon and some area s are,1
short but you choose between leon and claire and once you,1
cctv rather than playing as leon claire which to me added,1
10 10 leon is my babygirl,1
leon got a kiss and suddenly,1
i like leon ⚠ warning this user did,1
ada and leon kiss scene that s all,1
writing this review after completing leon kennedy s story and it,1
me a while to complete leons story but i was much,1
woof leon woof,1
leon good,1
finish your first playthrough as leon or claire there s plenty,1
though i only ever played leon a scenario on the ps1,1
is the speedrunners dream characters leon s kennedy remained true to,1
its got my 2 goats leon and claire,1
used but with characters like leon it makes me groan when,1
leon is really babygirl in here,1
damn leon is thiccck,1
haha leon hot,1
guy name leon go to raccoon city and,1
i am a simp for leon kennedy ♡,1
shooting them wasting precious ammo leon would struggle to match the,1
fully scripted with no gameplay leon also became an action hero,1
a b scenarios differ from leon and claire very few differences,1
this is not the case leon claire and ada have never,1
leon s kennedy continues the redfield,1
pointless whether you play with leon or claire the game is,1
leon kennedy is epic and poggers,1
realistic puzzles were average and leon was hot highly recommend to,1
the s in leon s kennedy stands for sexy,1
acab does not include leon thank you for coming to,1
you in the shoes of leon or claire as you investigate,1
to your monitor screen hey leon claire can you just run,1
3 times again just as leon s favorite line says what,1
leon is very pretty claire is,1
to be scary and then leon pulled out a rocket launcher,1
leon s character development is worthy,1
good remake leon looks kinda gay but makes,1
i like the part where leon says resident evil 2,1
briefly in small spurts in leon s campaign list these are,1
played through leon s story to hype myself,1
i just want leon kennedy to french my toast,1
bad buy this remake turns leon and claire into scaredy ♥♥♥♥♥♥♥,1
little ♥♥♥♥♥♥♥ 9 2 10 leon got the big ol feet,1
being able to play both leon s and claire s story,1
game crashes after the first leon cutscene is over the intro,1
aren t enough differences between leon s playthrough and claire s,1
8h and 2nd run as leon just 6h from the extra,1
leon is hot can t wait,1
leon and claire are hot,1
put a dislike because of leon chinbutt that also made it,1
recommended that you play as leon first before claire if you,1
son of a b tch leon kennedy,1
10 i mean there s leon in it what not to,1
to add that claire and leon s puzzles are literally identical,1
evil 4 to continue on leon s journey but so far,1
twink leon mommy ada,1
leon is so sexy ,1
get a glow up and leon claire and ada have never,1
later game is unchanged yes leon and claire to go off,1
destroyed area of raccoon city leon claire were enjoyable as the,1
is just as badass as leon tyrant gave me a run,1
players control rookie police officer leon s kennedy and college student,1
same game twice with claire leon to get the true ending,1
complain wish if you did leon or claire story first it,1
but i did not expect leon is a “simp” 🙁 b,1
game extremely tense at times leon is best,1
claire is much braver than leon in the 2019 remastered version,1
peak game i wanna smash leon hard steammocking,1
clause still gotta do both leon scenarios once more though and,1
and you will pick either leon or claire to play i,1
meow leon kennedy,1
time i ve only played leon s story and i can,1
it three times once with leon twice with claire i just,1
god i want 98 leon to rail me,1
leon is one of the sexiest,1
bit more different and that leon s and claire s paths,1
outstanding you play with either leon or claire s story and,1
of two survivors claire and leon no matter which one you,1
chunk completing like 60 of leon s story and really loved,1
gotten to the end of leon s route but i m,1
leon turned me gay 3,1
than most pornography claire and leon are also in the game,1
characters and b now for leon on hardcore it s not,1
leon help 11 sewer gators 10,1
ve only completed one story leon s but i loved this,1
station like museum design and leon 3,1
gunplay feels fantastic claire and leon are still lovable as ever,1
i like claires story and leons i love ada to death,1
playthrough of the game specifically leon s campaign because i thought,1
one another in the classic leon and claire had very different,1
no way leon,1
la pija es infumable y leon es el mejor twink del,1
more leon sound fx would be nice,1
seem to almost blend together leon and claire are pretty foul,1
leon shotgunb kennedy,1
comment this game perfectly reissues leon and claire of their rightful,1
matilda if you play as leon is your starter pistol however,1
man known as the great leon s kennedy chorus come aboard,1
leon is such a cringe little,1
the beginning of leon s legacy,1
i cant wait to play leon s story too overall 9,1
game a lot i love leon and playing claire is really,1
my pb is 1h10min on leon s story,1
get to the part where leon says no thanks bro,1
love claire s gameplay leon s story is also amazing,1
just finished leons story and holy damn i,1
what you did as claire leon it is beautiful scary to,1
valid excuse to be gay leon,1
leon is very sexy,1
in this game leon learns about the horrors of,1
evil 2 remake and finishing leon and claire s scenario i,1
leon kennedy is a stinky little,1
zzzzzzzzzzzzzzzzzzzzzzzzzzz leon shoot pew pew zombie goes,1
will be third run with leon too lol,1
no sex with leon means no bloodline,1
to play as claire or leons perspective which have some differences,1
scared and enjoy it plus leon and claire kinda hot aha,1
ada and leon 3,1
the remastered lore and both leon kennedy claire redfield campaigns are,1
hechamelo todo papichulo leon,1
voice acting is excellent with leon and claire even reacting in,1
very pog leon a simp tho,1
i miss matthew mercer s leon though,1
leon sexual kennedy,1
gameplay also love to see leon kick some ass,1
leon get in my hole,1
always loved the characters too leon with his almost naïve determination,1
i am still only on leon s campaign but so far,1
leon is such a dilf,1
leon and claire survive evil residents,1
in the original with both leon and claire and even though,1
with 2 stories following either leon or claire and both of,1
the chemistry between ada and leon and waiting for them in,1
i find it funny that leon and claire find time to,1
short game even with both leon and claire scenarios but it,1
two different campaigns for both leon and claire and if they,1
leon ilikemennedy,1
far even though i finished leons story on standard now i,1
game is interaction cutscenes between leon and claire those romantic and,1
campaign a leon 9 10 campaign b claire,1
are two campaigns claire and leon they are similar but different,1
leon balls,1
not only play as both leon and claire the dfference is,1
to provide rpd police officer leon kennedy with what fellas like,1
game i ve played through leon s story but not claire,1
is better claire run 1 leon run 2 or leon run,1
other potential survivors claire and leon each have their own unique,1
mr x walked up to leon in the cutscene leading up,1
i love the part where leon says what the,1
leon ass be fat,1
leon and his charismatic charm claire,1
peak survival horror leon is my dad,1
a relief to have completed leon but now i still have,1
leon is daddy claire is mommy,1
leon god himself,1
great i ve only got leon for a day but if,1
s run is better than leon s in my opinion her,1
scary for my feeble heart leon hot though so i play,1
a very good remake claire leon,1
masterpiece leon should curse more,1
awesome epic leon,1
leon clair,1
looks so good claire and leon are really cute good looking,1
immersive it really felt like leon kennedy was inside me b,1
overall this game is amazing leon is my king and claire,1
other way and the mofos leon and clair flirting in the,1
gah dayum leon mf kennedy,1
have a little problem concerning leon s and claire s storylines,1
streets the story revolves around leon kennedy and claire redfield they,1
stories both claire s and leon s and learning more about,1
played this game because of leon s phat ass gawhh daymmmm,1
acquiring s rank in both leon and claire s a and,1
positive h1 the story h1 leon kennedy first day police officer,1
my first play through of leon s campaign for a horror,1
leon leooooon you have to impregnate,1
leon s hot af,1
some solid one liners from leon in short it s still,1
iv beat it three times leon a and b run and,1
about 14 hours to finish leon a and claire b and,1
game and super fun enjoyed leons story more than claires because,1
jesus christ leon kennedy 1998 well this is,1
leon is so damn sexy,1
being able to play as leon claire and ada again with,1
leon skinny d,1
leon incredible gameplay story atmosphere and,1
t and it s just leon walking around a black space,1
graphics are amazing i love leon and ada ada wong is,1
story of two lovers named leon sung and claire chung but,1
doing hardcore s for both leon and claire and getting their,1
leon sigma male claire wangi,1
what we saw with re6 leon s story in my opinion,1
is great i only played leon so far need to think,1
i m down bad for leon,1
a reason to go through leon s and claire s epic,1
leon be like in a zombie,1
scary super fun would let leon step on me,1
interactions with sherry spoiler spoiler leon s story is fine for,1
only wish that claire and leons campaigns did not involve the,1
leon segs kennedy,1
leon daddy hot asf,1
de la mentalidad me llamo leon soy agente especial del gobierno,1
leon brr,1
leon is like the ryan reynolds,1
dude leon s plump juicy round butt,1
amazing game already completed leon s story and halfway through,1
thought paths of clare and leon are different so i will,1
leon starts twerking in the end,1
my first playthrough of the leon campaign and i cannot wait,1
leon kennedy and lloyd bannings really,1
had a blast with both leon and claire the puzzles are,1
leon claire goes pew pew,1
10 10 leon is pretty hot tbh,1
1998 game if you do leon a and claire b like,1
leon ♥♥♥♥♥♥♥♥ dlc when,1
14 2 hours to finish leon s campaign this game was,1
the rundown police station to leon kennedy s haircut,1
alien zombie booty compared to leon,1
yeah good fun i played leon and claire stories parallel but,1
leon and ada sex tape leak,1
leon balls in my face,1
jumpscare is good i play leon a and claire b i,1
leon makes me feel tingly inside,1
player with adrenaline i finished leon a and claire b in,1
choose to play as either leon a rookie officer of the,1
tis good claire leon,1
to open the door that leon already opened it doesn t,1
at new models for claire leon mister x so what are,1
primer you bounce between cop leon and civilian claire trying to,1
there s a part in leon s campaign where you climb,1
is very relatable just like leon i tend to simp for,1
leon w kennedy genuinely one of,1
you in the world of leon and claire even though it,1
and look great played the leon story and it was fantastic,1
can play of claire and leon which is also cool because,1
daddy leon omg lawd have mercy im,1
same point of the game leon returning to the police station,1
leon and claire would make super,1
leon got a fatassss in this,1
leon is like the hottest dude,1
seen before kid holy shït leon and claire come with a,1
better americans than americans themselves leon kennedy is the peak chad,1
right my first playthrough was leon on hardcore difficulty altho i,1
but the combination of b leon clair first story second story,1
get the love story between leon and ada but thats ok,1
leon s cannabis and ada shlong,1
deck play both claire and leon s story for the full,1
remake a lot just wish leon and claire don t share,1
leon is sexy and claire can,1
no interaction between claire and leon stunning graphics that will make,1
not to drool when seeing leon on the screen while playing,1
the mods alone mmmmm nakey leon kreygasm,1
classic horror game playing leon and claire s story can,1
leon sexy haha,1
really feel the stress of leon when he says ♥♥♥♥ when,1
leon pretty mmmmmmmmmmmmmmm,1
about it im exactly like leon just take out all the,1
ask for i ve completed leon and claire s first playthrough,1
on this game immediately finished leons playthrough and going to finish,1
chris leon the bloodline leon no i,1
leon is my boy don t,1
leon got me bricked up,1
this bound between claire and leon at the end is ridiculous,1
yea claire goes sooooooooo hard leons hot too,1
⠀⠀⠘⡀⠀ i m a leon player⠀⠀⠀⠀⠀⠀ ⡜⠀⠀⠀ ⠀⠀⠀⠑⡀⠀⠀⠀⠀⠀⠀⠀⠀⠀⠀⠀⠀⠀⠀⠀⠀⠀⠀⠀⠀⡔⠁⠀⠀⠀ ⠀⠀⠀⠀⠈⠢⢄⠀⠀⠀⠀⠀⠀⠀⠀⠀⠀⠀⠀⠀⠀⠀⣀⠴⠊⠀⠀⠀⠀⠀ ⠀⠀⠀⠀⠀⠀⠀⢸⠀⠀⠀⢀⣀⣀⣀⣀⣀⡀⠤⠄⠒⠈⠀⠀⠀⠀⠀⠀⠀⠀,1
very replayable as claire and leon s playthroughs are different enough,1
connected to each other claire leon instead they coexist on its,1
best leon simp sim ever 3 3,1
not provide fresh ammunition apparently leon expects you to turn into,1
original games was claire a leon b as of resident evil,1
great game only played through leon a so far but totally,1
graphics and stories of both leon play through and claire play,1
pretty spooky shout out to leon i love that guy,1
leon scott kennedy is so hot,1
when you re being chased leon playthrough and danger is always,1
leon what more can i say,1
story very good claire and leon both pretty much share the,1
ada is leons mommy gf,1
going to the police newcomer leon kennedy at the station of,1
character redesigns are particularly noteworthy leon s kennedy and claire redfield,1
leon kennedy noises,1
sorry babe the leon s kennedy wig stays on,1
both and does it right leon s story is great but,1
runs a and b with leon and claire overall this is,1
be leon first day at job forced,1
leon that is all,1
leon is hawt,1
making the new voices of leon and ada about as bland,1
start the game as either leon a brand new cop going,1
leon ass kennedy hot,1
gameplay to base gameplay both leon s and claire s story,1
from the perspectives of both leon s kennedy and claire redfield,1
the story line is amazing leon and claire look stunning within,1
stuff when claire ada and leon came on screen,1
2nd run played out maybe leon s 2nd run is different,1
characters are also great especially leon s kennedy certified bad ass,1
leon got abused by ada,1
be a leon and buy this game don,1
use ammunition and health items leon and claire as protagonists of,1
leon has no right to be,1
zombie so i could eat leon s ass i love this,1
exception of one part in leon s route graphics and optimization,1
i g akllll oithe leon skennedy,1
would have been nice if leon s and claire s runs,1
its good just speedrun with leon and claire for those inf,1
daddy leon smexy,1
a perfectly done remake and leon makes me gay thanks,1
i ve completed the leon s story mode and i,1
they made the new ada leon claire i prefer the old,1
with the two playable characters leon and claire they both progress,1
leon e bachesal,1
your guard down i played leon s story only and cant,1
characters even better looking characters leon and zombies what more to,1
to boot ps4 hardcore record leon 2nd run 1 56 36,1
whatever is on this one leon a standard runs are my,1
ad leon s lut kennedy gets destroyed,1
the lack of interactions between leon and claire in this version,1
core on top of that leon and claire are so likable,1
leon and ada are so freaking,1
that you need to play leon s and claire s story,1
beat the game with spoiler leon spoiler and excited to play,1
but i recommend starting with leon then moving onto claire as,1
leon sexy kennedy why the hell,1
a police uniform b u leon s kennedy shows up for,1
bought it for leon,1
leon s route is better,1
pointless not enough interaction with leon and claire 2nd run scenario,1
content to consume it has leon and claire playthrough both a,1
is the exact same as leon a with a couple exclusive,1
the beginning of game as leon but then as claire came,1
the plant 43 section with leon is mundane and boring otherwise,1
a very lazy extention of leon s campaign,1
leon kind of hot ngl all,1
leon you need to continue the,1
story lines between claire and leon differentiated a little more however,1
years and were messed up leon is fine except for the,1
said the differences between say leon a b were very small,1
franchise it s understandable that leon is such a loved video,1
same if you play either leon or claire instead of giving,1
still enjoy 7 better and leon s dialog is pretty cringe,1
all i did a claire leon and then claire 2nd run,1
in replay one thats has leon to save the day and,1
i love you leon please marry me,1
while you are playing as leon is just horrible it s,1
8 10 seeing ada and leon was heartwarming,1
with notable examples being claire leon and ada the rpd is,1
and a second run for leon worth your time and money,1
modders from nexusmods who make leon re 4 remake jacket,1
it kinda sucks how both leon and claire has to fight,1
claire s a scenario and leon s b scenario and thoroughly,1
weapons that both claire and leon basically have the same gameplay,1
normal new game for both leon and claire but the real,1
by at least two times leon is my personal favourite first,1
leon is cute and thicccccc,1
me so i stopped playing leon,1
and goofy fitting for rookie leon and teen claire the game,1
with them tinkered to make leon feel more less experienced the,1
into the police station for leon s story sporadically throughout the,1
worth it for replayability pick leon first just because,1
can play as two characters leon or claire leon is a,1
s up to rookie cop leon and chris s lil sis,1
played leon s campaign on ps4 and,1
different campaigns for claire and leon whichever you play first affects,1
bought the game for leon and zombies were included also,1
characters are memorable and quotable leon is one of my favourite,1
the story revolves around both leon and claire as they try,1
final one but then in leon b you have to kill,1
of the time looking at leon s ass ets but overall,1
guys don t look my leon kennedussy is showing 10 10,1
that they decided to make leon weak asf getting saved every,1
her knife and denim jacket leon didn t change really however,1
replay value as well with leon and claire and also the,1
i ll say it again leon s ass,1
it s funny when leon calls the zombie a bastard,1
leon s story 9 10,1
m play resident evil 2 leon claire like that,1
it enough i have played leon s campaign 2 times and,1
leons love for ada will forever,1
i made leon worse i am bad at,1
lol played through some of leon s camp and realized i,1
game personal fav part is leon sewers support capcom for remaking,1
now we can play leon s worst first day on,1
in blind and finished both leon and claire s scenarios and,1
you to do both stories leon s and clair s there,1
b routes for claire and leon the originals had way more,1
i only played through as leon and i still have the,1
leon s ass claire s,1
campaign for a particular character leon or claire the second run,1
i rate this leon out of 10,1
leon looking nice in this one,1
survival i just wished that leon and claire s stories weaved,1
can be hit or miss leon ada marvin and william all,1
leon s kennedy slayer of ♥♥♥♥♥,1
came here to say leon is a simp,1
on she did rely on leon for a couple of minutes,1
mr x coming for claire leon booty,1
room i only played through leon s story so far and,1
the game with the character leon looking forward to play the,1
i want leon to step on me,1
to pause the game after leon s story cause of dreaming,1
through as both claire and leon was a blast sherry was,1
game i very love for leon part,1
fun asf leon is a goat,1
run of this done both leon s a b and claire,1
yes leon hot,1
of the raccoon city incident leon a rookie cop and his,1
vr im about to finish leons 1st run and its been,1
i ll get to that leon and claire both function similar,1
it p s how good leon is,1
tempted to buy a leon body pillow,1
for my first run and leon for my second i found,1
after forcing myself to complete leon s campaign and starting the,1
need a white boy like leon kennedy,1
the game only to see leons booty ps do not tab,1
and having to watch poor leon limp around because i had,1
the godsend after i finished leon s story i went for,1
i want to marry leon,1
leon carried out the redfield bloodline,1
and nick apostolides who does leon despite having 2 stories they,1
i soon found out the leon switch is pretty painless and,1
scenes from the original b leon portion b u character u,1
play also re 2 remake leon is the prettiest cutest leon,1
you can play two routes leon or claire the routes kind,1
budget was spent on rendering leons ass 10 10,1
i only bought it for leon lol but i end it,1
very fun it also introduces leon my favorite character,1
you can play as either leon or claire you can also,1
you get two playthroughs as leon claire and you have the,1
after playing leon and claire s story one,1
recommend playing through as both leon and claire to get the,1
the awkward fence scene with leon which felt like a perfect,1
was staring at leons ass and then i fell,1
the hole game will for leon,1
leon chad,1
the year choice claire x leon shipping forever and ada wong,1
you in the shoes of leon kennedy claire redfield in a,1
leon sexy man,1
leon ekenedy,1
leon but scary,1
places iirc the magnum for leon is missable so get it,1
feature where i can admire leon s abs,1
i love leons goofy ass,1
leon lut kennedy,1
my first leon game gotta say that i,1
if story a leon and b claire connecting it,1
two endings with claire and leon 1st pt then you have,1
the player and the protagonists leon and claire is as strong,1
is a confirmed simp for leon kennedy,1
oh boy i sure hope leon gets with claire in this,1
ie claire 1st and 2nd leon the same etc cover up,1
leon is pog,1
just leon hot af,1
the other protagonist whoever of leon and claire you did not,1
leons ass so fine,1
leon kennedy pog,1
hard mode without guide both leon n claire survival tactics strategy,1
its biggest strengths playing as leon and claire gives you enough,1
leon is hot oh my god,1
haha leon go brrrrr,1
hope that the claire and leon stories were set on different,1
came for leon came for leon,1
leon for best boy,1
u in the original game leon and claire scenarios were the,1
took around 3 hours with leon first playthrough and 2 hours,1
are barely any differences between leon and claire other than different,1
leon and claire don t bang,1
leon looks like a snack 10,1
you can use character wise leon seem so beautiful that i,1
and story when i see leon i become starighn t,1
it s a great game leon is hot,1
leon sek,1
always be a fan of leon,1
raccoon city through claire and leon however i do wish the,1
but that s alright because leon is hot af and so,1
was my first introduction to leon and claire i personally enjoy,1
i haven t done the leon play through but sure that,1
being 2 playable characters claire leon there s a 2nd run,1
hnnnngh leon s kennedy,1
♥♥♥♥ my sister leon,1
leon has a dumptruck,1
claire loves leon but leon love ada,1
ve never really cared about leon in any of the games,1
leon so down bad for ada,1
resident evil 4 leon was definitely hotter but i,1
the lack of interaction between leon and claire during the game,1
feels very cheap to have leon or claire essentially walk towards,1
leon is so dam sexy play,1
that good for me the leon story is a good bit,1
on which protagonist you pick leon or claire you get to,1
i wish there was less leon 9 5 10,1
just beat leon gonna do clair now this,1
why isnt leon a catboy otherwise 10 10,1
leon kennedy save me,1
t wait to see chad leon in the re4 remake,1
my first walk through with leon on normal difficulty now i,1
apart when you play both leon and claire s stories back,1
finished leon and claire stories platform pc,1
has leon,1
terminator hunting you down playing leon is the cure though or,1
leon is hot u will not,1
get to play as either leon or claire leon is a,1
what made me so happy leon and claire look fantastic and,1
leon might continue the redfield bloodline,1
was amazing the story of leon and claire was interesting also,1
i ve seen at least leon s route making this my,1
leon has a good haircut,1
differ very little claire a leon b vs leon a claire,1
fun great story claire and leon are super hot what else,1
extremely challenging in one with leon mainly because of the different,1
gameplay spooky scenary and characters leon 11 10 claire is a,1
imagined my first day c leon scott kennedy https steamcommunity com,1
the it s a zombie leon you ve encountered like twenty,1
i m aware claire and leon don t have as many,1
out as i really thought leon s kennedy was pretty cool,1
leon could not believe his eyes,1
hehe leon ass goes brrrrrr,1
leon has a nice ass,1
it s all about leon play it for leon look,1
just saying i would let leon pound me any day,1
i ve played both leon and claire s campaign and,1
good quality and great story leon best mc,1
day in dual discs for leon claire i appreciate how the,1
wouldnt have copied and pasted leon s story i wish they,1
scrape by edit first finished leon run on standard difficulty don,1
claire and leon are hot best resident evil,1
leon sandwich,1
leon kennedy and claire redfield,1
gameplay and i already hear leon says jesus christ more than,1
is near perfection after playing leon a again and claire b,1
written i just beat the leon story to exhausted to do,1
ago advice don t play leon b on hardcore mode on,1
start my second scenario as leon i usually enjoy replaying games,1
claire leon and ada perfection,1
first run on claire and leon both stories are awesome and,1
can clear the game with leon or claire but make sure,1
the story thoroughly enjoyed both leon and claire s story just,1
hours i was staring at leons asscheeks 10 10,1
controls are gone play as leon or claire then play again,1
im so down bad for leon hes so hot,1
to have sexual relations with leon s kennedy,1
the option to play as leon kennedy or claire redfield of,1
the same time he hunts leon,1
pretty much a copy of leon s story you even do,1
after finishing the one for leon the game gives you the,1
be like bro she loves leon though,1
2 tells the story of leon kennedy and claire redfield leon,1
the best remakes ever made leon and claire are both great,1
i just like staring at leon s ass,1
funny game leon and claire are pog leon,1
that i was playing as leon and couldn t find the,1
what i started and play leon s story on normal it,1
just wanna be railed by leon tbh easily one of my,1
leon still looks better in 4,1
this man called leon s kennedy almost turned me,1
face models of claire and leon boy those are really big,1
what the leon s kennedy,1
on your second playthrough as leon unlike in the original where,1
remixed 2nd run for both leon and claire 4th survivor and,1
forget how damn gorgeous both leon claire look in this game,1
ass and the main characters leon and claire i just love,1
love story of all time leon kennedy and mr x,1
both leon clair s story is pretty,1
the city itself as newcomers leon s kennedy a rookie cop,1
mmmmmmm leon 3 update i ve gotten,1
to do a fourth 1 leon campaign 2 claire 2nd campaign,1
and controls super impressed with leon s campaign and about to,1
become a zombie just so leon can choke slam me into,1
ada is hot and leon is hotter i get to,1
and i can easily say leon is one of my favorite,1
story mode can play on leon but cannot play on clair,1
the introduction of fan favourite leon kennedy and sassy biker chick,1
put the effort into making leon and claire s playthroughs unique,1
really love this game and leon is my top favorite male,1
it has leon,1
play as claire redfield and leon kennedy and enables you to,1
za clair redfield nebo za leon s kennedy každý z nich,1
2 more like i wish leon would be a resident in,1
amazing game leon s a cutie,1
leon my beloved 🥰🥰🥰,1
this love the graphic young leon d,1
just in love with this leon before hes all dark 10,1
the graphics are awesome seeing leon and claire in updated graphics,1
black coat hat viruses claire leon police,1
i did my run with leon his voicelines during encounters were,1
locations i played claire a leon b and think that this,1
september 1998 police rookie b leon s kennedy b received a,1
leon is god,1
themed around re with jill leon and nemsis so i became,1
strongly disliked the fact that leon had the strong independent character,1
levels in claire s and leon s playthroughs are identical even,1
leon kennedy hot ada wong hot,1
leon carry on the redfield bloodline,1
bonus point x10000 for the leon nude mod erect aswell 2,1
between us we played through leon s b story together bonding,1
ada some awesome outfits for leon different villain characters for mr,1
be a 10 10 if leon claire 2 would make sense,1
leon kennedy is an absolutely smashing,1
wise it s good both leon and claire have their own,1
and outro cutscenes that yes leon and claire can indeed run,1
re 4 cause i miss leon,1
through a single run of leon a claire b 1 on,1
play i have almost finished leon s campaign and my favourite,1
far i ve finished playing leon a currently on leon b,1
game i ever played did leon my first run his story,1
old entry in the series leon and claire are super cutie,1
the first play through with leon and the tyrant big guy,1
a socially awkward guy named leon looks like an asian american,1
cept the clair story and leon stories are almost identical unlike,1
good as this pixie boy leon and x are the best,1
i like leon claire,1
course but i would give leon oh ♥♥♥♥ i think i,1
i played normal mode as leon a new recruit in rcpd,1
leon kennedy ♥♥♥♥♥♥♥♥ that boy got,1
story connection between claire and leon seems too sparse between them,1
i just made it thru leon s story what a nerve,1
depending on whether you pick leon s kennedy or claire redfield,1
a try the story starts leon kennedy and claire redfield as,1
is rather short with my leon story playtime being 7 hours,1
oh and some guy named leon is there not important he,1
get the classic skins for leon and claire which are free,1
leon is hot 10 out of,1
masterpiece currently playing leon story good puzzles good horror,1
i ship ada and leon so much about to play,1
want to play claire or leon s story at the start,1
4 and wants to experience leon s first entry into the,1
the game although i finished leon s story in about 7,1
balance of horror and action leon is my daddy,1
not enough of leon continuing the redfield bloodline 9,1
since its too similar to leon s campaign to the point,1
leon is the homie,1
gameplay i mean where is leon s side a encounter with,1
the story about how leon ended up chasing ada wong,1
leon 👍👍👍,1
stunning visuals smooth game play leon s hair gets dirty for,1
leon is so s xy,1
stories for now but finishing leon s story 1st run was,1
leon and ada sexy,1
re1 somehow they made the leon and ada thing both better,1
i just beat leons story and this game is,1
evil game includes baby face leon,1
boss idol leon ganduh,1
i have played through both leon and claire s 1st run,1
worth the money you get leons story clairs story the 2nd,1
apocalyptic nightmare the changes in leon and claire s stories aren,1
similarities between dual stories like leon and claire s actually works,1
well as the gun play leon s voice acting is mediocre,1
leon is my favorite gay twink,1
leon you gotta continue the redfield,1
yoooo they made leon from dead by daylight into,1
of escaping raccoon city with leon or claire just keeps this,1
how much i love watching leon not stab the zombies right,1
◍•ᴗ•◍ ❤ b h1 b leon and claire are back bb,1
haddad the original voice of leon s kennedy 3 3 3,1
and monsters i like how leon and claire despite having almost,1
m ready to become mrs leon scott kennedy,1
love leon hes cute,1
concrete it catches you in leon s and claire s story,1
it s actually scary and leon feels like a vulnerable kid,1
solid game i played through leon a route and claire b,1
leon is hot and so is,1
leon is very pretty 10 10,1
id let leon hit,1
leon sussy kennedy can pound my,1
leon s kennedy more like leon,1
leon s gay,1
good sound and most iconicallly leon,1
so that was there oh leon was also dressed as the,1
this game so looks like leon is next chris redfield,1
be as frustrating as possible leon moves too slowly the inventory,1
and definitely got attached to leon while 4 had some scary,1
leon kennedy got that daymn boy,1
awesome game both claire and leon s playthroughs are great very,1
to jump into just finished leon story line and was very,1
the main protagonists claire and leon are hands down my favorite,1
barely noticeable yes of course leon is much cooler in 4,1
no comments just awesome both leon and claire s campaign are,1
leon booty,1
voice acting unfortunately claires and leons heads were missing throughout the,1
s 1st run after beating leon s and i finished almost,1
leon you dont get it leon,1
chad leon,1
run way more enjoyable than leon s but that s just,1
fictional city of raccoon city leon s kennedy to take up,1
it just kept me hooked leon and claire are extremely likeable,1
the first issue is that leon should meet sherry in the,1
leon be chasing dat mercenary coochie,1
a very good time and leon kennedy is a real hunk,1
along with second scenarios for leon and claire absolute masterpiece worth,1
see a somewhat different story leon s story is procedural claire,1
two and three and enjoyed leon s story in two now,1
scary and exciting leon a top,1
the flamethrower later on with leon or clair s grenade launcher,1
because you are playing as leon the developers remain true to,1
game is a masterpiece and leon s kennedy is so hot,1
the time in rpd with leon and claire come on inside,1
so far only played through leon s story but it is,1
have played both claire and leon hardcore and it s not,1
story is so heartwarming and leons is hella bada i can,1
leon xoxoxo big ♥♥♥,1
chill your spine with protagonist leon s kennedy clair redfield and,1
tuve a leon en peligro todo el tiempo,1
the game twice once with leon and once with claire but,1
obviously claire wasn t with leon inside and vice versa i,1
good the love story between leon and ada wong is also,1
calire is bvased leon is gartbage,1
leon and claire sexy,1
1st play through leon took me 18 hrs so,1
baby leon good,1
classic to the modern day leon and claire are classic characters,1
leon claire claire leon,1
started my first game as leon on hardcore difficulty going in,1
story a instead caire and leon fight the same bosses at,1
it s nice to play leon again definitely has some tense,1
an entire walkway collapses for leon but is untouched when playing,1
leon s wag kennedy,1
i think this portrayal of leon is the best in the,1
whole lore of resident evil leon and claire are the most,1
only completed leon s first run going through,1
resident floppy haired hero is leon kennedy taking over for chris,1
all i do is put leon in the noir outfit and,1
main characters to play first leon kennedy and claire redfield depending,1
i m in it and leon is there too,1
proves my sister claire and leon are meant for each other,1
mouth every time claire and leon see each other somehow claire,1
able to play as either leon or claire as they have,1
so did claire run then leon run 2 baso im playing,1
kisah permulaan kerjaya polis muda leon di ipd racoon city siapa,1
raccoon city as rookie cop leon kennedy goes to work for,1
have fun with claire and leon,1
past the g adults and leon s and claire s story,1
leon chose the wrong one,1
final fight elevator is horeshit leon avoids x like they re,1
gory its scary claire and leon are interesting characters with their,1
fun i personally enjoy using leon s noir and claire s,1
t even find one of leon s guns luckily you can,1
is fun i much preferred leon s but it is not,1
is i wish claire and leon had more chemistry instead of,1
never return i completed as leon then claire and was happy,1
kicked open will hound both leon and claire as they try,1
can play it both as leon and claire the mods are,1
enticed strongly recommend this game leon is hot also,1
game features 2 scenarios the leon or claire scenario leon s,1
well executed horror i played leon s compaign which is supposedly,1
uhhh play leon skenedy and uhhh shoot gun,1
by many a reviewer that leon and claire are the best,1
still need to do a leon play but i loved the,1
get the g sample before leon or jill even arrived to,1
leon s kennedy is ♥♥♥♥♥♥♥ hot,1
story from both clare and leons perspectives is just amazing the,1
seeing the story from both leon s kennedy s and claire,1
game love the romance between leon n marv 3,1
paths you can take with leon and claires scenarios in the,1
leon uwu,1
fun music engaging puzzles and leon is absolutely the best lad,1
just got done playing through leon s route a couple nights,1
leon is thick as hell in,1
to mention this game showcases leon and claire and has one,1
the third person shooter controls leon 3,1
my first few playthroughs for leon and claire nothing quite like,1
sometimes its like like uhh leon is like ada i love,1
in the game i chose leon of course he is seriously,1
games i love my boy leon skennedy 3,1
a few questionable changes to leon and claire s relationship dynamic,1
leon is very hot,1
leon so fine,1
past the opening sequence with leon when i played my brother,1
the dialogue is pretty bad leon s voice actor seems miscast,1
finished the first run of leon s story got to relive,1
this is officer leon s kennedy,1
expectations were high after finishing leon s story i can say,1
leon kinda thic,1
bit less of claire and leon together than we did in,1
out i ll always love leon,1
of my playthroughs first with leon then claire i have to,1
as you can choose either leon or claire but in case,1
times so far twice as leon and once as claire its,1
after completing leon s story the game has,1
does resident evil 2 1998 leon have red hair like i,1
this a rookie police officer leon s kennedy and college student,1
see the appeal after finishing leon s half the resource management,1
the characters are top notch leon ada claire having become one,1
moments especially one bit in leon s campaign it s a,1
s a mod to fix leon s eyes so they don,1
a bit short i finished leons and claires stories in 13,1
never tiring i personally preferred leon in terms of story it,1
won t get tired play leon 1st then do claire s,1
3 remake gonna start the leon s first run,1
my first play through as leon and wow what a games,1
scernario a claire and b leon and i am very satisfied,1
gameplay puzzles story i played leon s and claire s story,1
leon is she claire kennedy yet,1
between claire a b and leon a b plot inaccuracies thanks,1
your first playthrough i love leon and claire they are as,1
claire s story and watching leon s soon i will play,1
poison ivy duudes baby boy leon uwu,1
this game thanks dad also leon and claire are amazing ahhh,1
play as little baby boy leon who is afraid of big,1
did this but they made leon even hotter the only downside,1
part of that claire and leon feel so unique from one,1
raccoon city get me cadet leon i ve got some beautiful,1
it and fun play both leon and claire total win,1
evil 2 h1 just finished leon s story and boy did,1
am the biggest fan of leon s kennedy the remake of,1
you can play as baby leon s kennedy and baby claire,1
buy this game for leon s abs and claire s,1
and sweet unless you re leon poor guy,1
i love claire redfield and leon s kennedy the characters that,1
story can be played as leon or claire and although they,1
apalagi monsternya yang serem banget leon yang semakin beban makin kerasa,1
soundtrack at the end of leon s story 10 10 graphics,1
firstly you have to finish leon s or claire s part,1
with mods not to mention leon is gorgeous 11 10,1
yeah i would kill for leon but this is an amazing,1
characters such as clair and leon also ada enemies are terrifying,1
times going from claire to leon and leon to claire in,1
listen leon i really need you to,1
introduces us to rookie cop leon kennedy who arrives in raccoon,1
only played single playthrough of leon so far and there alternate,1
a victim of circumstance b leon scott kennedy b a rookie,1
leon if it ain t wong,1
to relive the adventure of leon and claire in raccoon city,1
bugs during my playthrough of leon s story i d rate,1
re creating the characters of leon claire and ada sound music,1
main characters both claire and leon stories are actually pretty similar,1
21 year old rookie cop leon s kennedy or a 19,1
play through i went with leon instead of claire because he,1
good game leon is a huge man,1
i don t call young leon s new look an improvement,1
leon pretty boy,1
spent in this game especially leon s story graphics 9 10,1
favorite game and i love leon,1
me you can play with leon or claire both have different,1
not gay but id let leon bum me,1
definitely be revisiting claire and leon s story multiple times in,1
just want leon to punch my jaw,1
the game while contradictory in leon s story is killed by,1
and have just started another leon this is a great game,1
its great i beat both leon and claire s story s,1
i also grew attached to leon kennedy while playing re4 and,1
game 2 parts 1 from leon s persepective and the other,1
stay i played all 4 leon a claire b claire a,1
flowing hair that moves and leon is hot ig,1
leon 333 this game def lives,1
continue the redfield bloodline leon,1
play as both claire and leon for the full experience great,1
and junk and not followed leon around the corner at certain,1
tf are you doing ps leon is cute when he s,1
the story s i loved leon s and claire s side,1
whether chris manages to convince leon to help continue the redfield,1
leon you have to continue the,1
went freaking speedrunning why is leon and clair so bloody fast,1
currently 6am and i played leon s side of the tale,1
i really ended up liking leon as a character,1
leon is senpai,1
game is grteag and aslo leon is regtaradfgerd,1
of them even the zombies leon is one of the greatest,1
im just like leon,1
characters led by my husband leon and the hottie claire the,1
leon s hair is pretty cool,1
leon is kinda cute lol,1
hours in a single playthrough leon and claire should bang maybe,1
is the atmosphere the setting leon and claire are put in,1
can be played as either leon or claire and remains mostly,1
you can either play as leon or claire each story has,1
series mr x 10 10 leon s sexiness ∞ 10 buy,1
length you can play as leon kennedy or claire redfield they,1
it with both claire and leon to squeeze out every last,1
this game you play as leon and claire 2 survivors of,1
part was a bit traumatizing leon looks fine his uniform looks,1
that let you stare at leon s ass list,1
leon hot d,1
just different enough from the leon campaign to make it worthwhile,1
tense atmosphere combat and characters leon s story was a bit,1
different story paths as both leon and claire with a 2nd,1
series and also it has leon in it,1
then 2nd run for both leon and claire and then it,1
ada wong bad as hell leon goated for sure possibly carried,1
the original the story of leon and claire struggling to survive,1
the story or evidence to leon on how the outbreak happened,1
story is classic resident evil leon and claire s parallel journeys,1
protagonist claire not sure about leon i also really feel like,1
am also planning to play leon s too it has amazing,1
full stop the story finds leon kennedy and claire redfield in,1
the genre to appreciate it leon and claire are back exploring,1
error the final fight for leon s scenario is also questionable,1
standard around a year ago leon a and claire b and,1
favourite franchise i love it leon s kennedy 3,1
great u can play as leon and claire and their stories,1
puzzles and level layouts ✔ leon and claire s dual campaigns,1
playthrough allow to start as leon claire but same scenario 🔊,1
review i haven t completed leon s or claire s storylines,1
is i ve always remembered leon s side but never claire,1
and redfield lineage must continues leon,1
the ab playthrough for both leon and claire,1
for claire s story anyway leon s story is the best,1
man when the apocalypse happens leon is your man just give,1
cutter version in the remake leon s character model looks way,1
histórias diferentes porém praticamente iguais leon e claire o ambinete de,1
of the two main characters leon or claire and when you,1
it spoopy leon is hubbos ♥,1
leon is swag,1
to mention the choice of leon or claire while the first,1
the original game highly recommend leon s campaign first followed by,1
game has 2 different stories leon s and claire s both,1
a particular problem with it leon s and claire s routes,1
both sides of the story leon and claire is great overall,1
after finishing both claire and leons campaign i have come to,1
mechanics i played through both leon and claire s stories in,1
4 unique story arcs with leon a claire b and claire,1
game i have already played leon s face looks better than,1
of my playthrus the first leon run you know what would,1
gud game leon and claire goud,1
leon plz sexe with claire chris,1
♥♥♥♥♥♥♥ pants came every time leon got screen time tho so,1
i bought this because of leon he s too sexy in,1
campaign is 80 identical to leon s if you like re,1
starter for the story of leon s kennedy the developers have,1
to people talking example on leon storyline meeting claire outside the,1
the models page staring at leon,1
this game you play as leon and claire as they survive,1
i like the connection between leon and claire in old edition,1
amazing just finished leon s first run and getting,1
been r3make claire s and leon s unique game play bits,1
video games ever played play leon first you won t be,1
scenario for both claire and leon mr x also kills ben,1
i ve played the leon story so far but i,1
this review i just completed leon s story and got the,1
more although i think the leon campaign would be a bit,1
job of making claire and leon feel distinct in their gameplay,1
on my first playthrough with leon im on my 2nd playthrough,1
getting 2 games in 1 leon and claire stories only negative,1
are two campaigns featuring either leon or claire as the main,1
the game so far on leon but even with that i,1
through with both claire and leon however i just could not,1
each other clones i liked leon re4 and claire re2 revelations,1
you overgrown ♥♥♥♥♥♥♥♥♥♥♥♥♥♥ h1 i leon kennedy shooter of zombies and,1
how all it takes is leon and boom i m bi,1
discover if playing with either leon or claire all in all,1
good game leons butt is 3,1
and the characters i love leon and claire i enjoyed that,1
very fun game but leon walk and run like a,1
after beating first run on leon but i intend on playing,1
beginning of the story of leon claire and sherry introducing them,1
now i am running both leon campaigns with the first person,1
raccoon city in hd with leon and claire the story is,1
game is awesome i finished leon s story and got most,1
i beat the game on leon s campaign one moved on,1
different story scenarios claire and leon s first run and then,1
than the original for instance leon and clarie s stories don,1
all cops are beautiful hey leon ehehehehehehe,1
loved both story lines but leon is my favorite re character,1
i will kiss leon,1
i m gay for leon kennedy,1
finally finished my run as leon then i started the 2nd,1
the achievements edit after doing leon s s hardcore run which,1
times for both claire and leon in both runs highly recommended,1
the first save point of leon s campaign after playing through,1
not the proud and homosexual leon kennedy that i know and,1
i beat claire s and leon s stories in 22 hours,1
when leon said what the i felt,1
we can either play as leon or claire and see what,1
is mostly good except for leon s performance doesn t always,1
game vwey scawwyyyyyy flsuhed leon so hottttt,1
weird to hear claire and leon swearing during cutscenes and other,1
finished the 1st round of leon s campaign now i ll,1
my first play through as leon and can t wait to,1
amazing both of the storys leon s and claire s are,1
1 6 20 story completed leon s kennedy standard game mode,1
story of fan favourite s leon and claire the gameplay is,1
can choose to play as leon or claire and that s,1
amazing the games main protagonists leon and claire are characters that,1
of this game is about leon kennedy and claire redfield meeting,1
the game so much are leon he just was so much,1
whether you choose to play leon or claire first i highly,1
ways to complete the game leon and clair great part with,1
pick either claire redfield or leon kennedy to play with both,1
hice el primer run con leon en 17 hs luego el,1
first day cop simulator leon,1
side and both clare and leon share the same story why,1
music of re 2 with leon and clair in normal game,1
played both claire a and leon b in the hardcore mode,1
leon penis mod,1
from leon the semi reluctant hero whose,1
to play between claire or leon and you should play with,1
can say is that only leon s last boss fight is,1
8 5 hours to complete leon s campaign thankfully you can,1
dang leon looks a whole lot like,1
the biggest differences is that leon claire a route and leon,1
played hard mode for both leon and claire on both scenarios,1
the game 4times twice on leon and twice on claire hardcore,1
the same coin we follow leon s kennedy and claire redfield,1
with fedora and sexy young leon what s not to like,1
me serious sexual attraction to leon overall amazing,1
it s got leon but ashley doesn t exist,1
and where the characters especially leon are cops combatants their movement,1
leon is the thicker one change,1
very fascinating story line where leon and claire story is after,1
the plot of ada and leon the most it should have,1
a new review after playing leon 2nd run my score dropped,1
wish story of clare and leon was more distinct from one,1
the ♥♥♥♥ out out of leon mercilessly leon what the,1
stan leon kennedy and ada wong,1
this game i beat both leon and clair s story on,1
there are some differences in leon and claire s campaign they,1
first runs of clair and leon but only played the second,1
the story modes are for leon and claire there is two,1
resident evil 2 play it leon and claire have way more,1
you feel like rpd officer leon kennedy,1
are great i finished the leon campaign in just under seven,1
i like when leon says ada,1
while occasionally bumping to claire leon i was quite excited in,1
as the original release both leon and claire get to have,1
also like the interaction between leon and ada it s lovely,1
i ve done both the leon a and claire b scenarios,1
i m doing a hardcore leon first playthrough and there are,1
of the campaign as both leon or claire but there is,1
spooky game but leon is hawt,1
rookie leon is just a sweet lil,1
play through the game as leon or claire first the two,1
so easy at least with leon but again the design is,1
distinct campaigns as either i leon i or i claire i,1
environments i just barely beat leon s story and i am,1
t wait to play with leon next played with claire on,1
as claire and once as leon any order is fine to,1
or 6 times with both leon and claire including hardcore mode,1
with the original music besides leon and claire are old friends,1
re3 remake both claire and leon are adorable unlike jill in,1
to play it again as leon it s a scary experience,1
as well my first run leon being about 9 10 hours,1
all reasons you play as leon or claire in their journey,1
to spend another 8 on leon a and possibly b sides,1
with claire and woman with leon have skills and play style,1
plot and actually make the leon claire different routes feel connected,1
claire s side since my leon disc is broken i just,1
who doesn t love leon and also claire,1
this tells the beginning of leon and claire s story as,1
differently for example when playing leon you will use a pistol,1
the weapons that differ between leons playthrough and claires playthrough i,1
to play as claire and leon on the other hand the,1
thing is is that both leon s and claire s story,1
wowie leon,1
holyyyyyyyyyyyyyyyyyyyyyyyyyyyyyyyyyyyyyyy shi leon 1998,1
keep it fresh play claire leon 2nd run for the original,1
cheeseburger before he gets it leon still has an early beatles,1
achievements i think i prefer leon b and claire b list,1
or b story with either leon or claire and alternate gamemodes,1
of life also claire and leon are really cute together but,1
leon and claire should ♥♥♥♥ hard,1
raccoon city destruction incident and leon and claire s efforts to,1
well as having claire and leon interact more,1
through re2 i played both leon claire campaigns and appreciated the,1
leon a little girl claire though,1
can play with your boy leon enough said,1
leon kinda looking cool though love,1
only be accessed by either leon or claire it did not,1
unless a lucky one shot leon and claire had different scenario,1
s talk about graphic ♥ leon s kennedy and the s,1
of re2 is incredible both leon and claire are great characters,1
need leon twink mod,1
leon lookin kinda cute tho,1
on ps1 is gone and leon has to for some reason,1
hard to believe leon went from this rookie to,1
out with both claire and leon and their respective second runs,1
story is sort of eh leon s campaign has some really,1
kind of run a as leon or claire then b is,1
play as either rookie cop leon kennedy or college girl claire,1
m in the parking lot leon and there s a bunch,1
as intertwined as claire a leon b and leon a claire,1
leon is by far the hottest,1
lack development but claire and leon are still likeable leon is,1
can do as claire or leon you can then play through,1
leon is in this game,1
to play claire a e leon b,1
the re engine play as leon or claire and navigate the,1
the 1st run for both leon and clair both play similar,1
play as claire first and leon second other wise it s,1
yes it has leon scott kennedy why would you,1
expecting my first playthrough as leon took about 9 10 hours,1
three times around stories for leon and claire are different i,1
ada threw the gun for leon to defeat the tyrant 10,1
worth buying i just finished leon s story i m gonna,1
done a speedrun of the leon and claire b runs on,1
leon s first day goes to,1
can be replayed as either leon or claire with new elements,1
characters now i loved this leon is not an idiot like,1
i finished a campaign with leon i immediately started a new,1
play as two different characters leon and claire 	i thought it,1
higher resolutions on everything played leon a claire b on normal,1
and her little arc with leon transitioned much too fast and,1
story as i just finished leon s,1
localized to the police station leon and claire are both charismatic,1
some of the cutscenes in leon s portion felt cheesy and,1
b scenarios for claire and leon are practically the exact same,1
to play two play through leon or claire a this may,1
tension all time i played leon first and 6 month later,1
the gameplay from the re6 leon campaign which was the best,1
and a nappy look at leons handsome face,1
by a guy with schizophrenia leon s story is awesome but,1
about handsome and snarky cop leon being stalked by a bioterrorism,1
played i played through the leon 1st playthrough into claire 2nd,1
missed the crisp control of leon and claire s shooting and,1
the game is good when leon is in it,1
given the choice to play leon or claire your player makes,1
the original claire redfield and leon kennedy arrive at the police,1
my first play through as leon constantly running out of ammo,1
references to the old games leon and claire are some of,1
must play both claire and leon to understand everything that happens,1
players take control of both leon and claire who are tasked,1
main characters to play are leon and claire but depending on,1
opt to play claire or leon the story differs somewhat quite,1
my favorites also claire and leon are hot which is enough,1
characters are interesting i like leon s story a tiny bit,1
interest in the game plus leon was one of my all,1
shoes of rookie police officer leon s kennedy and chris s,1
know which was more entertaining leon s excessively non chalant voice,1
pumping navigating the rpd with leon felt tense and cinematic but,1
claire redfield is better than leon kennedy change my mind,1
looking for her brother and leon scott kennedy a rookie cop,1
main stories for clair and leon but i m planning on,1
8 hours i will pass leon i will see how i,1
scare me though 8 10 leon best boi,1
liked it if claire and leon s playthroughs were significantly different,1
me leon me nice me go to,1
it was too similar to leon one i was hoping that,1
life or in this case leon s or claire s life,1
i still run faster than leon feeling great,1
destruction you play as either leon s kennedy a rookie cop,1
leon kennedy is one of the,1
the story follows rookie cop leon s kennedy and claire redfield,1
horror game about 2 protagonists leon s kennedy claire redfield who,1
ps4 and played through the leon campaign it really feels like,1
with suspense with every step leon took walking exploring that police,1
classic game when i controlled leon walking along the corridor in,1
intensifies the fear and suspense leon and claire s journey through,1
there even won t be leon and claire ada s theme,1
gives a disconnected feeling between leon and claire story as if,1
f ck did ada and leon fell in love just in,1
playing through both claire and leons story line claire first the,1
playing 1st time with leon rookie cop 1st day on,1
you respect a classic ” leon goes from wet behind the,1
leon go boom haha,1
the narrative of claire or leon without the two discs swap,1
10 10 leon s kennedy is a whole,1
unfortunate that if you re leon there are only two occasions,1
more family friendly title especially leon but its not enough to,1
true ending for playing as leon and then claire and vice,1
in the early 2000 s leon ada and claire are all,1
did an excellent job making leon and claire sound very natural,1
leon don t fall for ada,1
ghost survivors is pretty forgettable leon and claire barely interact with,1
be much easier than the leon s leon s final boss,1
leon is the best ending was,1
you get to play as leon again,1
fights i have only completed leon s story but will start,1
actually feel like rookie cop leon kennedy which plays nicely when,1
series you play as either leon s kennedy or claire redfield,1
story pertinence with claire and leon sides i so wish that,1
leon si poni lempar,1
with the guns idk finished leon a story in 10 hours,1
cash grab i m surprised leon is not black and claire,1
looking forward to playing as leon i m usually not the,1
amazingly well told and tailored leon and claire are always after,1
4 scenarios you can play leon a leon b clair a,1
spoiler and spoiler integrate between leon s and claire s path,1
this game has leon s kennedy in it instant,1
police station both claire and leon are fun protagonists each with,1
almost the same clair and leon story should had been very,1
done like 4 playthroughts of leon a and mr x is,1
leon sees blood and car crashed,1
but my first playthrough with leon was great very good though,1
as two routes one for leon and claire and both paths,1
contrasting the perspectives for both leon and claire was a good,1
complaint is that claire and leon s scenarios are too similar,1
mode and the story mainly leon s feels lackluster and almost,1
great as is the story leon s campaign is a lot,1
after 1 play through as leon i m ready to jump,1
more fun overall but the leon campaign has some especially campy,1
finished my first playthrough with leon and toward the end i,1
s and have nearly completed leon s,1
finally played claire a and leon b good game is good,1
keeping you on your toes leon and claire playthroughs are different,1
the game and then a leon 2nd run canon on standard,1
good and different for both leon and claire to at least,1
and now i finished both leon and claire storylines and going,1
writing i have only finished leon s campaign it took about,1
stunning the two playable characters leon kennedy and claire redfield are,1
s good claire s and leon s story are different enough,1
to matter tho claire and leon also fight most of the,1
story of rookie police officer leon s kennedy and a college,1
marry me leon senpai,1
best resident evil games have leon s kennedy anyway wait for,1
guys i am thirsty for leon i am questioning my sexuality,1
well worth playing from both leon and claire s perspective now,1
all about playing claire or leon and have some different weapons,1
that change the story considerably leon and claire and each character,1
you re doing claire and leon s playthroughs are very good,1
the two campaigns in it leon get the better selection weapons,1
leon is sexy that is all,1
down i have only played leon scenario a and claire scenario,1
duuuuuu of the playstation 1 leon and claire are visiting raccoon,1
my third run through was leon b in which i played,1
view you either play as leon or claire the two protagonists,1
went on sale after completing leon s main campaign and being,1
note this was played with leon on standard difficulty i this,1
hype i first started the leon campaign and i have reached,1
leon ketamine,1
or the claire a b leon a b playthroughs,1
stuff i have only beaten leon s story and already felt,1
story from runs as either leon or claire i prefer leon,1
who can t love baby leon s face lol,1
you play the game as leon you will have to finish,1
christ and 1 second later leon yelled jesus christ and at,1
done by either claire or leon is being done again by,1
original did i just think leon was more into ada in,1
like the original for both leon and claire as a result,1
completed leons half of the story was,1
loved leons fat ass,1
bad thing i played as leon first which was pretty easy,1
only played through leons story so far and being,1
miss is the connection of leon and claire,1
through claire a b and leon a will very likely come,1
didnt get to play as leon until resident evil 4 my,1
the first play through as leon too,1
own story she just followed leon s footsteps and the funny,1
management as well i finished leon s campaign once and started,1
different story on jill or leon to a point game play,1
completed the game with both leon and claire you can play,1
2 you play as either leon scott kennedy or claire redfield,1
two beefy campaign modes with leon kennedy claire redfield and a,1
characters generate magically we know leon didn t write notes to,1
still need to go through leon s story as well as,1
however the 4 separate campaigns leon 1 and 2 claire 1,1
nitpick of mine is that leon constantly groans when under full,1
it great game just finished leon s story and i m,1
story or differentiation between the leon claire story besides a few,1
extreme than the encounters with leon the remodeled g is a,1
can do with claire and leon is awesome and to even,1
story lines with claire then leon the early games feel largely,1
its finest i have finished leon s campaign and cannot wait,1
experience with the mod also leon is a major simp and,1
my whole playthrough i played leon s campaign first and honestly,1
perspective of two different characters leon s kennedy and claire redfield,1
i did claire a and leon b the second playthrough is,1
finished leons first playthrough almost through claires,1
incrivel terminei a campanha do leon com muita calma e explorando,1
astonishing a classic masterpiece with leon claire raccoon city and all,1
i ve only played through leons first run and claires 2nd,1
decent story with two perspectives leon s and claire s each,1
masterpiece while first run as leon is amazing 2nd run for,1
their final fights claire and leon fight the exact same bosses,1
you open a nearby door leon can t even jump a,1
timeline interactions between claire and leon that s it got this,1
the guy who originally played leon sadly passed away not long,1
for s rank runs on leon 1 and clair 1,1
leon s story is a top,1
down to the pores on leon s face the rain and,1
play and there s classic leon as the protagonist also i,1
they made the claire and leon campaigns more homogenous the bonus,1
played through all four scenarios leon a claire b and claire,1
basically the same story from leon and claire a definite grab,1
police station is g8 cons leon is green af and doesn,1
leon can shoot me any day,1
wish they did was have leon and claire in contact with,1
ways as both claire and leon and between the two of,1
the option to start with leon or claire they each have,1
there are 2 main stories leon and claire finishing them opens,1
be so much better if leon could jump dodge climb could,1
sequel to re4 playing as leon,1
longer exists an idea of leon a claire b or claire,1
was super overrated i liked leon for obv reasons but i,1
game both claire s and leon s stories are similar but,1
few cutscenes are different besides leon claire having their own story,1
4 7 played through both leon s and claire s campaign,1
which character to play as leon or claire add replayability to,1
couple of boss fights in leon s campaign that put you,1
she is more braver then leon i am what the ♥♥♥♥,1
with the idea of giving leon and claire their own individual,1
play in the very capable leon and claire the replayability is,1
also refered as scenario a leon claire this is the full,1
a 3rd time leon—claire now leon again mr x stalks throughout,1
player content a campaign for leon and claire an alternate 2nd,1
issa good game leon ultimate husbando,1
in the streets and finding leon at the helicopter crash inside,1
the 1st run through as leon considering doing the game all,1
amazing game but couldnt beat leon a because the final cutscene,1
really makes you feel like leon s kennedy,1
barricade windows again who cares leon s hair is changed lol,1
know well some areas that leon and claire use oh boy,1
which was on standard with leon was a great balance of,1
leon s story is great claire,1
got s in both leon 1st claire 2nd runs better,1
i bought this game for leon and i m a little,1
your toes at all time leon s run took me 12,1
counterparts and also claire a leon b ie the canonical route,1
they were i played as leon for my first run and,1
original re2 justice gotta love leon and claire,1
and about an hour into leon s campaign i was hooked,1
loved both claire s and leon s normal story i haven,1
good as well maybe introduce leon again since we havent seen,1
completed a play through as leon on standard difficulty to compare,1
exactly wide albeit claire and leon have a separate arsenal to,1
i didnt like claire and leon story road doesnt add up,1
all the runs for both leon and claire and i absolutely,1
which is the last game leon was in easy to lose,1
finished leon a super spooky,1
the choice of playing as leon or claire both of these,1
and experience the story from leon s perspective in a couple,1
i would have liked for leon to have more character but,1
story lines to choose from leon s kennedy or claire redfield,1
you play as series veterans leon kennedy and claire redfield whilst,1
i like to see leon and claire died with a,1
leon and claire xbox playstation where,1
leon s worst day in life,1
m looking forward to completing leon and the 2nd run mode,1
completed the 1st run with leon and 2nd run with claire,1
found myself shouting run leon a lot more than i,1
i could feel the stress leon was under,1
far have only played the leon part so far but nice,1
awesome experience my complete playthrough leon s route only https www,1
your shoulder while i wish leon and claire s campaigns had,1
modern masterpiece i just wish leon s and claire s stories,1
glad i could experience rookie leon in prd of raccoon city,1
am a big fan of leon and re franchise now because,1
i finished resident evil 4 leon kennedy quipping like a complete,1
its sure awsome to see leon again,1
to the point that both leon and claire s stories feel,1
h1 leon the husbando h1 in this,1
t get enough of it leon and claire s campaigns were,1
leon is awesome,1
the lack of continuity between leon and claire s story lines,1
being able to play both leons and claires story is so,1
just finished playing through with leon important beat leon s or,1
chris redfield and rookie officer leon s kennedy you both arrive,1
on my first run as leon and second run as claire,1
similar anyway you basically get leon a claire a with both,1
dead see ea only beat leon s story so far when,1
eachother wether you play as leon or as claire you ll,1
because it fractures the immersion leon and claire prolly crapped and,1
beating the hardcore scenarios for leon and claire and to coincide,1
graphics and an amazing story leon is a total chad and,1
the money the two characters leon and claire are both unique,1
a little bit better something leon s kennedy and his good,1
campaign as claire and then leon second its so incredible to,1
recommend you play through both leon and claire s campaigns at,1
a welcome addition as well leon feels more like a little,1
zapping system where claire and leon story is happening at the,1
idiotic scenarios example claire and leon can t get through a,1
wtf leon you must pick one ada,1
kind of knife you using leon like you sticking it in,1
m about three hours into leon s story and i can,1
great but not the greatest leon a rookie cop and claire,1
all you do feel like leon or claire got there first,1
have some negative opinion for leon and claire s parallel scenario,1
s story more different than leon s story it will be,1
go and i recommend playing leon first imo i felt more,1
play as leon claire sucks,1
replay it so many times leon a claire a and b,1
terminar la primera storyline de leon y estoy pensando continuar con,1
shoot reload it seems that leon and claire act like npc,1
of the re design of leon but this feels like a,1
mr x na campanha do leon patifaria total mas emocionante d,1
played both first runs as leon then claire and then did,1
have different experience playing as leon on 2nd run or claire,1
later the 2nd run with leon there is a little bit,1
with claire then how does leon fight him for his final,1
it yet still playing through leon a but it s a,1
senarios as well characters being leon and claire that also come,1
this game for my boy leon,1
remake just made it through leons story for first time and,1
the characters you will play leon s kennedy a rookie cop,1
made the mistake of playing leon s story first turns out,1
i want to ♥♥♥♥ leon kennedy,1
new actors they used for leon and claire nor do i,1
to those simple days when leon wasn t an unstoppable somersaulting,1
mr x is that both leon and clare will find weapons,1
him good looking and badass leon i sleep ada lie to,1
leon is so ♥♥♥♥♥♥♥ epic,1
fact that both claire and leon s progress throughout the game,1
is hardly any intertwining between leon and claire s story ada,1
as claire first and than leon and i have to say,1
two storylines each played independently leon kennedy s story is the,1
modes claire a claire b leon a and leon b which,1
leon is hot no ♥♥♥♥,1
full experience and i wish leon and claire interacted with each,1
an empty banana peel spoilers leon is strapped with a shotgun,1
i m almost finishing the leon s story line and i,1
so much replayability leon is a cinnamon roll too,1
only gripe would be that leon s and claire s scenario,1
i just like looking at leon s sexy face now in,1
scenario a and b for leon and scenario a and b,1
this was before leon learned how to do karate,1
beat the crap out of leon s campaign and as per,1
this planet having just beaten leon s story i am in,1
nervous wreck when playing as leon i m glad that i,1
2 i h2 story h2 leon and claire arrive in raccoon,1
played both the parts of leon and claire one last thing,1
however the playthroughs for claire leon don t have that much,1
after finally completing leon s story i can t,1
system found in both playthroughs leon a and claire b or,1
due to similar storylines of leon claire the boss fights are,1
ve beaten this game twice leon a claire a and it,1
you take the reins of leon kennedy and claire redfield in,1
elevator during the countdown with leon and every single time the,1
almost brand new rookie cop leon and college student claire sister,1
a single play through with leon and one with claire and,1
the story from 2 perspectives leon or claire with their own,1
end game bonus beat either leon claire s first run through,1
coherence between claire s and leon s some zones are underused,1
day cleared with claire and leon now working through claire s,1
main protagonists clair redfield and leon kennedy i can come to,1
play as either claire or leon depending on what path you,1
running through the story with leon there where a few scare,1
all out you ll see leon claire facial expressions of aching,1
the first play through for leon but yeah this game is,1
identical and even claire and leon s campaign are vastly the,1
only played leon s campaign but i am,1
play as one 2 characters leon or claire and sherry or,1
hours claire 2 hours and leon 2 hours and a bit,1
variations of the campaign including leon s and claire s intertwining,1
they added replay value with leon s campaign and some bonus,1
i ve only completed leon a but i ve enjoyed,1
there are two main characters leon and claire whom you pick,1
revisited we no longer have leon and clair bumping into and,1
franchise and the fan favorite leon s kennedy,1
and i m still in leon s campaign the first one,1
played for 87 hours on leon s story and now i,1
characters from both main protagonists leon claire to minor characters such,1
the two character modes claire leon you can extend your playtime,1
a bit too similar between leon and claire which is a,1
terrifying and brilliant i love leon s story i really love,1
look convincing the models on leon claire and the other humans,1
good weapons not to use leon s shotgun you can shoot,1
long time i finished up leon and rolled right into claire,1
zombie apocalypse instead clarie and leon both realized that supplies have,1
at the end of both leon and claire that breaks a,1
beat the game as both leon and claire over a single,1
bought this to perv at leon you won t be disappointed,1
another level of atmosphere making leon look like rick from the,1
finished first play through as leon and enjoyed it very much,1
no ashley shouting leon repeatedly,1
bad things about the game leon and clair s campaign from,1
compelling desire to go through leon s campaign or to try,1
on a week end rush leon 1st run until now and,1
the original excels ex 1 leon and claire have communiction on,1
game has two main protagonists leon s kennedy and claire redfield,1
enjoyable the game has been leon is still cool and claire,1
two different ways or both leon and claire fighting the same,1
introduced once you complete both leon and claire s story the,1
is a plot hole between leon or claire story perspective resident,1
toggle to run though seriously leon you re a cop can,1
first the main characters themselves leon claire have been changed so,1
half b scenario which was leon s story in my case,1
but dislike that both stories leon and claire aren t in,1
it and after playing through leon s campaign first i became,1
play as either claire or leon each character has their own,1
in the city play as leon s kenndy police officer who,1
say aloud what the ♥♥♥♥ leon in game says what the,1
with gas mask bad ass leon classic haha not enough 1,1
step into the shoes of leon s kennedy a rookie cop,1
mods to fix up claire leon isn t as bad i,1
the game by seeing baby leon all day leon should be,1
more differences between claire and leon s scenarios the game is,1
spoiler final boss spoiler in leon s run no worse for,1
masterpiece very fascinating story both leon and claire though there are,1
the game looks stunning visually leon is hot and i want,1
to complete for both scenarios leon or claire which is the,1
start off by playing as leon kennedy a racoon city police,1
two characters although i prefer leon s one more info below,1
of the campaigns claire and leon share most of them between,1
why it feels weird when leon and claire acts like friends,1
will make your heart race leon s kennedy and claire redfield,1
to mention the choice between leon and clair i mean so,1
game is the dialogue between leon and claire i know this,1
still use some improvements as leon s story was mainly just,1
a lot of replayability also leon s hair has evolved even,1
of poor old raccoon city leon kennedy and claire redfield each,1
due to the fact that leon didn t seem too bothered,1
leon is such a funny guy,1
playthrough 1 leon gameplay time 8 hours difficulty,1
enjoy this game beat the leon story in 19 hrs though,1
station taking turns playing as leon or claire and eventually we,1
i m not sure if leon s voice actor is just,1
finish leon mode with cowboy tops thumbs,1
and i ve only played leon s story unbelievable amount of,1
a blind playthrough of the leon campaign in under 6 hours,1
nuances they used to have leon and claire seem to interact,1
each of the 2 leads leon and claire there s really,1
i ve only just finished leon s story and am ready,1
quite enjoyable my first playthrough leon a took 8 hours and,1
4th survivor mission after both leon and claire story are completed,1
story does not impact another leon a does not correlated to,1
i finally finished both leon and claire campaigns and all,1
you hint while playing as leon that s lame anyways it,1
a r s unit and leon claire their friends and foes,1
is my second issue characters leon and claire play for the,1
so i have now completed leon s campaign and will update,1
just finished leon on first play claire b,1
a lot of depth list leon scott kennedy is presented in,1
some extent i really enjoyed leon s story as it had,1
one complaint was that the leon and claire scenarios had way,1
story you can play as leon kennedy at first and then,1
i want some of that leon sandwich,1
mismatching events of clair and leon to simply lazy work and,1
causes the accident that separates leon and claire you even get,1
play of both clair and leon these were both blind runs,1
the characters are number 1 leon and claire have been so,1
my first playthrough of the leon campaign this is a great,1
they dead i played as leon ada and claire too plus,1
models and voice overs for leon and clare but thats small,1
or 2nd run claire and leon barely have any real interaction,1
where every time i play leon and get in a cinematic,1
were my first playthroughs for leon a b and claire a,1
everytime leon encounters an enemy leon what,1
items” that cannot be dropped leon you have a freaking police,1
i m about done with leon s story look forward to,1
1 hour on hardcore for leon my first play through was,1
the game i only played leon s first run this guy,1
thomas is comin to clap leons cheeks,1
again with only minute differences leon and claire also barely interact,1
favorable review after completing both leon and claire s 1st and,1
for claire a b and leon a b transition of the,1
the game through as either leon or claire and experience different,1
the way through as both leon and claire really excellent graphics,1
s ranks i will say leon gets the short end when,1
visuals great stories from claires leon s point of view 8,1
great game but leon and claire now fight with,1
encounters i played through both leon and claire s campaign and,1
the same bosses with clair leon in identical places even though,1
played twice first as either leon or claire your choice the,1
to the campaign give me leon and claire as well as,1
more interactions between claire and leon the game does get survival,1
the time i really enjoyed leon s play through in this,1
i guess only played about leons story and lots to play,1
of differences between clair and leon s play throughs and a,1
great when i play as leon and claire it was pretty,1
the a b scenarios of leon and claire i don t,1
that on my first playthrough leon i was a little bit,1
game i like it when leon says yang2020,1
you choose claire instead of leon on your 3rd time you,1
the first go around as leon 100x better the zombies and,1
more interaction between claire and leon and the zombies are pretty,1
i just finished leon a first play through and,1
moment you get to control leon claire for the first time,1
positive review i recommended this leon so cute ♥♥♥♥,1
เรือ leon ada ค่ะ,1
instalments of re that involve leon as well as the noir,1
my 2nd new game as leon which is the canon way,1
make sure you play with leon and claire,1
based on 1st clear as leon will update if anything crazy,1
finished story a with leon i really do like the,1
there were more interactions between leon and claire and differentiation between,1
are the days of re4 leon suplexing cultist zombies in the,1
a claire e lado b leon e estar mais da metade,1
where just stupid things like leon not wearing a wristband so,1
a single re2 hardcore campaign leon with no help guides or,1
hours to go through with leon and claire and witness all,1
gone through the story as leon and it took two solid,1
matter what happens claire and leon have the same routes more,1
finished leons story definitely would recommend based,1
more interaction between claire and leon but besides that i can,1
temos hoje joguei com o leon primeiro ao zerar ele te,1
player 2nd story both claire leon not complete it not synced,1
a feel for the new leon who is portrayed as much,1
you play as claire or leon and solve numerous puzzles while,1
to her new look already leon looks awesome and it s,1
between the repeat playthroughs of leon and claire and playing both,1
good that playing through both leon and claire s campaigns don,1
now i finished only the leon campaign yet i have this,1
more guns then 6 for leon and 7 for claire but,1
fun times going through the leon campaign and i m looking,1
have been improved some of leon s lines were a bit,1
of the original re 2 leon and claire s story could,1
game makes me happy also leon kennedy is such a cute,1
just finished playing through the leon a story and i must,1
it doesn t seem like leon and claire are running around,1
few times freaking lickers man leon can be kinda retarded when,1
interaction with the other character leon claire several monsters from re2c,1
you play as claire or leon don t expect things to,1
my mom watched through both leon s and claire s cutscenes,1
which is objectively a downgrade leon claire s original alt costumes,1
rain when she gets wet leon is hot too in his,1
true ending whether you choose leon or claire for your first,1
moment i haven t played leon s game yet and i,1
integration between the two stories leon and claire runs are nearly,1
both scenarios i started with leon just like i did in,1
muster up the courage for leon b,1
make myself trembling around both leon and claire has different path,1
characters are cool loved both leon and claire s pov weapons,1
new ones for claire and leon leave a lot to be,1
the great adventure of leon s kennedy to china girl,1
leon playthrough 9 5 10,1
with the scenario a of leon being connected to the scenario,1
multiple times 2 x as leon and 2 x claire each,1
the full experience after beating leon s and claire s story,1
leon who is she claire she,1
can 100 everything claire 1st leon 2nd is canon positive points,1
the sometimes silly voice acting leon my only baby gripe is,1
really makes you feel like leon,1
leon s story is fun all,1
leon grunting is my aspiration,1
customization puzzles keep you occupied leon and claire additional game mode,1
bit disappointed that both storylines leon and claire are barely different,1
looks great plays great and leon is such a cutie,1
retold in scenario a of leon and claire are so well,1
more akin to the original leon is much more likable and,1
evil 2 you play as leon scott kennedy a very special,1
24 2019 3 hours into leon a,1
adding key items just for leon isn t hard nor is,1
leon is pretty hot,1
little interaction between claire and leon in this game the scenarios,1
the tyrant doesn t follow leon to kiss him but to,1
rookie leon lol,1
the option to play as leon s kennedy or claire redfield,1
was fine the alternate claire leon campaigns mean that there are,1
makes you use your brain leon is cool,1
one playthrough back then as leon this time around i chose,1
bit goofy which is fine leon and claire s story don,1
you finished it there is leon a playthrough but you just,1
in raccoon city and how leon transformed from rookie to the,1
you can either follow leon a new cop heading to,1
i ship leon and ada so much,1
did do just as having leon and claire fight the same,1
the original the interactions between leon and claire were more meaningful,1
the stars office or as leon kennedy a rookie cop just,1
the desperation of the situation leon and claire were in it,1
leon what are you doing i,1
my first run through of leon s story 13 hours in,1
game is that claires and leons campaigns don t feel like,1
beat the game once as leon and felt too lazy to,1
a situation than i started leon b scenario on hardcore and,1
completed the last bit of leon s story and all of,1
game ever 9 10 because leon likes ada and i hate,1
raping your ass and the leon claire doesn t match very,1
like ammo medicine and others leon and claire are both extremely,1
turn while running but not leon or claire sometimes you ll,1
all campaign affect one another leon a affect claire b claire,1
and extremely limited interaction between leon and claire if you didn,1
i imagined that claire and leon s story was suppossed to,1
style die finished single run leon and writing this cant wait,1
rare these days i felt leon or claire impacting the world,1
story and survives longer in leon s story didn t regenerate,1
and interesting alternate scenarios with leon a b and claire b,1
an entire re imagining rejoin leon and claire as they fight,1
it s resident evil with leon and epic zombies kinda epic,1
leon playin captain save a hoe,1
completed my first run as leon and was surprised with how,1
took me 11 hours as leon on normal you can the,1
the background when playing as leon which made him have way,1
i am almost finished with leon s story and cannot wait,1
i ve watched through youtube leon 1st run till finished but,1
i played both claire and leon s storyline and they are,1
area for reset 3 unlike leon you can t use the,1
you can play claire and leon it s not just a,1
original overlapping storylines of claire leon which would also change quite,1
campaign playthroughs with claire and leon plus an additional two playthroughs,1
กุขี้เกียจหา กระเป๋า น่าเสียดาย และอาวุธปืนมีหลายกระบอกแต่ยังถือว่าไม่เยอะมาก เพราะว่าปืนของ leon กับ clair และ hunk เป็นอาวุธตายตัวของตัวและครนั้น,1
to finish my playthrough with leon another possible 8 awaits with,1
leon learned me to a bad,1
that neither claire s nor leon s campaigns feature more than,1
playing as lady hunk with leon model swapped with chris also,1
handsome game like leon,1
optimization problems i played the leon mission whit no problem clairs,1
the best jojo game leons bizzare adventure,1
to make a cosplay of leon which turned out rather great,1
mundane especially story you choose leon or claire as protagonist they,1
hq i currently have finished leon s campaign and definitely can,1
6 jam alur cerita terselesaikan leon dan setelahnya kita diberikan pilihan,1
in about 7 hours on leon standard one sitting overall well,1
mid game and then in leon b you fight mr x,1
desired as both claire and leon routes are essentially the same,1
with natural feeling controls cons leon and claire s stories must,1
leon s hair is pretty good,1
dsnt like a game with leon in it xoxoxoxo,1
leon i am just going to,1
leon you know what you have,1
10 10 absolutely leon s swagdaddy is top dog,1
the visuals did t like leon s voice the rest its,1
how do i do leon round house kick move,1
up in a few words leon you bastard mr x mr,1
the well known serial hero leon s kennedy or with chris,1
leon and claire or leon and,1
far i have only completed leon s campaign will come back,1
locations with two slots for leon and claire and don t,1
leon kennedy is cool 10 10,1
as either claire redfield or leon s kennedy some story and,1
you re our best hope leon,1
look at that thicc booty leon why don t you grab,1
the presidents daughter or something leon sex kennedy,1
set on an alternate timeline leon kills this boss and later,1
good whether you play as leon or claire you find yourself,1
nothing beats leon with a thong and beach,1
3 hours i have done leon a claire a there are,1
the game having only played leon s first path through with,1
if i could jump as leon but still it s awesome,1
suck i sill played through leon and clarie s story and,1
i ve only played the leon playthrough once but i ve,1
journal entry leon s kennedy have made my,1
disappointment i hate mr x leon runs like a sissy d,1
i played the claire and leon part i don t have,1
features two playable protagonists claire leon on their intersecting quests to,1
look of the old character leon claire new character model seem,1
occurred on raccon city meanwhile leon and claire were killing zombies,1
i ve only played through leon s story and it only,1
story of both claire and leon and i really enjoyed it,1
are very easy and the leon claire a b campaigns do,1
you play as leon or claire in the zombie,1
horror vibes and good characters leon is a fan favorite no,1
is that the claire and leon stories seem to work better,1
there s a lack of leon and claire interactions in this,1
true ending i started with leon but preferred claire s weapons,1
the story from two perspectives leon s and claire s i,1
focuses on the stories of leon scott kennedy and claire redfield,1
bit zed got hit then leon split,1
a badass character ada and leon kissed flaws rip hunk s,1
leon and claire character design is,1
genuinely glad i m not leon kennedy props to the guy,1
give to this game is leon s nose on the game,1
did a b scenarios both leon and claire do same puzzles,1
leon and mr x really do,1
down i hear claire and leon say each others name in,1
to you why opening scene leon is jacking off in his,1
play the other half with leon so much content for a,1
glad i can now see leon s ass in hd,1
course that the companies for leon and claire are not much,1
it s the movement of leon or claire or the use,1
fan of re series especially leon s character so i had,1
never played the original leon has nice hair claire has,1
characters if you play with leon first part side a and,1
the terror of t virus leon claire and the hot red,1
feel worse in the remake leon is now hopelessly naive rivalling,1
finally completed leon s section why must clair,1
leon kinda hot ngl,1
s plenty of replayability with leon and claire having 2 different,1
finishing a and b with leon and claire 4th survivor or,1
previously but i only did leon a now i just finished,1
for s on hardcore as leon a in that case he,1
a bit weird is young leon and claire redfield as they,1
play as claire redfield and leon s kennedy their routes are,1
than lack of interaction between leon claire and rushed b scenario,1
for some small inconsistencies between leon claire s campaigns sound design,1
of two canon scenarios for leon and claire that fit nicely,1
do as either claire or leon in addition to several other,1
of the three main characters leon claire and ada we have,1
game but there is no leon zombie that tries to kill,1
campaigns claire a b and leon a b the original s,1
8 10 would kiss leon,1
story whether you play as leon or claire you are terrified,1
and also that claire and leon only met 3 times but,1
happen for the main character leon claire story seems like it,1
is awesome i really like leon and claire i recommend this,1
perspective worked for that game leon s story took about eight,1
original game ps claire rules leon drools,1
original like the interaction between leon and clare but overall its,1
and out almost done with leon s story then move on,1
please leon help me continue the bloodline,1
but didn t even finish leon s story because i kept,1
seeing leon s model is good experience,1
violence and gore playing as leon or claire you ll be,1
mr x comming for you leon k jesus chist,1
on my experience with first leon s scenario so don t,1
and b scenario claire and leon story it s kind a,1
in the game s world leon and claire s design are,1
just finished both leon and claires story loved both,1
just finished this game on leon s a story line and,1
that only claire can access leon can only enter kendo s,1
skins for both claire and leon i ll admit the difficulty,1
ada wong strike strike hot leon strike strike hot mr x,1
campaigns to complete one as leon one as claire enjoyable game,1
is my first experience with leon and claire s stories the,1
and did claire a and leon b then played leon a,1
that the graphics are fantastic leon s story is good and,1
it sometimes the dialogue between leon claire are kinda awkward and,1
know what happened afterwards with leon there s actually a lore,1
finished claire and starting with leon game is great my only,1
do wish they had differentiated leon and claire s a b,1
mode can be experienced with leon or claire,1
it s kinda necessary 3 leon s running is terrible when,1
the retailing of claire and leon s survival of raccoon city,1
side b story of both leon and clair is sloppy you,1
with how capcom handled claire leon s scenarios which in my,1
leon sex kennedy is a pretty,1
after doing leon a and claire b and,1
original s as in play leon a then claire b or,1
perspectives you can play as leon kennedy or claire redfield and,1
claire then played through as leon almost immediately afterwards well worth,1
crashes i ve had on leon s playthrough was about 4,1
actor is much better than leon s but still doesn t,1
i have only played the leon half of the story but,1
game for both claire and leon hundreds of times sadly i,1
the model for leon s kennedy is cute,1
result by the density of leon s ballsack which is made,1
is mostly the same as leon s and vice versa i,1
the game on hardcore with leon got the a s rank,1
on assisted and playing as leon first time through i missed,1
lickers generally useless against lickers leon and claire interaction is minimal,1
this game you play as leon or clair in a zombie,1
want to leave behind both leon and claire get access to,1
great mix ive played through leon s first run and am,1
clair b claire a or leon b yet but leon a,1
level design is not linear leon and claire are not just,1
starting with claire or with leon claire a doesn t differ,1
leon s kennedy makes me bust,1
bloating your inventory spoiler as leon just craft magnum ammo whenever,1
in claire s run suck leon s weapons are so much,1
helps out alot in the leon a claire a section of,1
this and that s all leon s full playthrough takes around,1
you poop your pants • leon is a pretty man •,1
the character models looking amazing leon s chin can cut diamonds,1
game at least once with leon and then claire make sure,1
re claire is amazing and leon is incredible i love how,1
in the second scenario also leon and claire would interact multiple,1
extension of the classic re2 leon a claire b felt like,1
you get to play as leon and claire as before with,1
pela capcom onde você controla leon ou claire e tenta escapar,1
a little more different to leon s but it s still,1
wonder if capcom makes a leon 98 injured and claire 98,1
the story in this order leon a claire b and i,1
ve personally grown to like leon claire s and ada s,1
ok but young leon be lookin kinda fresh doe,1
marvin branagh claire tries too leon ada are i really i,1
incredibly underwhelming the ending for leon alone is so abrupt and,1
finished my first runthrough of leons campaign and im honestly very,1
23 playtime 15h claire a leon b enjoyment 6 10 recommendation,1
b 2nd the plot for leon and claire are the same,1
re2 you can play as leon and claire in both the,1
be the best leon that you ve always wanted,1
why leon no date claire,1
would not be there for leon b so not only did,1
is a copy paste of leon one sure there are some,1
game twice once each for leon and claire for the complete,1
2 but here we go leon and claire deserve it keep,1
the first play through as leon and then about 8 as,1
on my first run with leon overall it s definitely worth,1
real complaint is after beating leon a then clire b i,1
h1 whether you start with leon kennedy first or claire redfield,1
is perfect yet after finishing leon s campaign i have to,1
one flaw i am not leon s kennedy,1
and added scenarios for both leon and claire compared to the,1
play through it twice with leon and claire in order to,1
better in that area doing leon a resulted in you doing,1
98 re2 in normal with leon and then claire and i,1
and watched some glimpsed of leon a and leon b as,1
choose to either play as leon kennedy a new cop for,1
i loved the fact that leon s and claire s 2nd,1
ass to stay alive and leon claire assumes power walk stance,1
here for example in re4 leon can head shot an enemy,1
first play through with leon its amazing the original was,1
the game for you though leon is also notable recommended 10,1
game i have only beat leon s path so far but,1
made the player overly powerful leon and ada have some nice,1
2 stories first one is leon s kennedy a fresh out,1
series has ever seen with leon clearly sounding nervous and claire,1
horror resident evil game cons leon and claire story isn t,1
wow just beat the leon story in about 6 hours,1
original if you start with leon and go on with claire,1
gripe with the game is leon s voice actor started the,1
is really good wired hearing leon s voice changed since re4,1
my men because of her leon i bang your sister claire,1
leon my goat,1
mirror the original with the leon claire story split for that,1
your arsenal will differ between leon and claire on the puzzle,1
the known and loved protagonists leon chris jill etc re7 was,1
are two main playable characters leon and claire they play the,1
get to play as either leon or claire or both multiple,1
finish both beginning storied for leon and claire though the first,1
they messed up the narration leon and claire almost don t,1
seem enough playing as rookie leon again not every enemy is,1
i stopped before finishing the leon campaign i wasn t having,1
fantastic remake finished leon s story buzzing to get,1
missed the nostalgic characters of leon and claire this is the,1
when you are playing as leon walking around in a banana,1
hype i played re 2 leon a claire a and leon,1
see the two sides of leon and claire is a source,1
stories you can play as leon as the 1st or 2nd,1
still moved by the characters leon claire and by the atmosphere,1
4 onwards where secret agent leon suplexed zombies for a living,1
alpha member chris redfield or leon s kennedy a rookie cop,1
leon motherf in scott kennedy 10,1
really makes you feel like leon kennedy,1
combos or anything like that leon and claire are extremely new,1
classic soundtrack nice to see leon and claire again 10 10,1
of claire scenario a with leon scenario b from the original,1
i want leon to have my kids,1
leon recomends,1
campaigns for claire 2 for leon and 2 bonus with other,1
in the old game the leon a claire b and claire,1
melhores jogos de 2019 ps leon é 3,1
care in development i finished leon s campaign on day one,1
man known as the great leon s kennedy come aboard and,1
come on leon just bang claire already,1
leon is hella sexy and thicc,1
thing first time through as leon i fumbled around trying to,1
that between the four campaigns leon a b claire a b,1
i luv leon,1
e g solving puzzles in leon a result in claire b,1
into the shoes of both leon s kennedy a rookie cop,1
leon ada wait ada,1
leon en tanga es lo único,1
i finished playing on both leon and claire storyline i almost,1
and conflicts clash from both leon and claire s canon route,1
a little over used for leon s campaign also i highly,1
into zombies monsters characterization b leon and claire can have a,1
really are normal everyday people leon is a copper on his,1
if you choose to play leon a you will unlock claire,1
2 2 a scenarios with leon and claire on hardcore and,1
a ton of difference between leon and claire s campaigns the,1
exploring everywhere i prefer the leon campaign more as the sherry,1
playing on assisted model on leon and clair,1
leons ass go shaky shaky while,1
starts is perfect claire and leon are separated and enter the,1
two stories each following characters leon and claire each story is,1
i finished my claire 1st leon 2nd run on hardcore difficulty,1
loved playing as claire and leon in the rpd mr x,1
like how chill and calm leon s personality same goes with,1
new one mainly because both leon and claire s story lines,1
it for some time completing leon s and claire s story,1
with the beloved characters of leon kennedy and claire redfield the,1
only play as claire or leon both same game play wtf,1
it on assisted for both leon a and claire b each,1
2 storys to play from leon or claire but honestly they,1
rarely got killed by him leon first run then claire 2nd,1
capcom i finished the whole leon s first scenario in 1,1
i finished the leon campaign in one go that,1
nice remake leons face is a lil bit,1
h1 spoiler ada r ped leon spoiler h1 so far so,1
visual and sound design for leon claire ada etc weapons zombies,1
been enjoyably terrible too the leon ada and claire sherri interactions,1
to my liking and starting leon s story i was enamored,1
crush on leon,1
the money and time played leon first graphics 10 10 gameplay,1
i played clair first then leon since doing so have decided,1
playthroughs on both claire and leon fun extra modes to challenge,1
reappear the entire game on leon s campaign spoiler as long,1
game until this moment sorry leon you are doing a good,1
completed this game as both leon claire s second playthrough this,1
a badass final boss fight leon route and additional content for,1
with the 2 main characters leon kennedy and claire redfield if,1
bj8uhj resident evil 2 remake leon a mark brown boss but,1
the stories of claire and leon are almost identical in the,1
and more i played the leon run first and it took,1
didnt like that claire and leon meet less it feels like,1
the beginning and ending of leon 1st play through are similar,1
played for a while completed leons story first and having mr,1
can t wait to beat leon s story and do claire,1
corporation basically no interaction between leon and claire through the story,1
and you can play as leon or claire as in the,1
lot to do i completed leon s playthrough first and i,1
even upon finding and losing leon in a fiery explosion she,1
more on differantiating campaigns of leon and claire along with their,1
story features two main characters leon and claire and both their,1
so after playing as leon running and shooting the undead,1
like the description i gave leon s kennedy is one of,1
you spooks and can give leon claire good amount of spanking,1
in a game before and leon is such an inspiring hero,1
with claire but still chasing leon the ♥♥♥♥ is going on,1
della colt da parte di leon e le qualità balistiche dell,1
the overlapping parallel events between leon s and claire s scenarios,1
be more meetings from claire leon like s t a r,1
♥♥♥♥♥♥♥♥♥♥♥ feels good to play leon claire again i not once,1
out for both claire and leon not only is the one,1
vibe to it the characters leon s kennedy a rookie cop,1
in which you play as leon or claire one thing i,1
good both the claire and leon playthroughs of a b are,1
retry on hardcore mode on leon a and i ve already,1
but i have played through leon and claire s story this,1
so freaking awesome played the leon story and the story line,1
mutates into something entirely different leon and claire both have their,1
the two different scenarios of leon and claire s don t,1
evil 2 my first as leon and my second as claire,1
are not ballanced well the leon scenario eather a or b,1
still get the claire and leon a and b scenarios which,1
s always tring to manipulate leon leon would have a much,1
the whole claire redfield and leon kennedy together in trailers i,1
s runs on standard for leon and claire normally i am,1
go through multiple runs of leon and claire plus a few,1
and cool i just wish leon would say more funny things,1
at times and especially on leon s run it s impossible,1
story content for claire and leon on multiple difficulties and still,1
as the rookie police officer leon or the student claire features,1
great game claire ada and leon are hot can t wait,1
in about 8 hours as leon the experience is just as,1
two survivors rookie police officer leon s kennedy and college student,1
get you have 2 characters leon and claire they have 1,1
two unlikely heroes rookie cop leon kennedy and action heroine claire,1
a variety of hardware both leon and claire s campaigns are,1
smile when she reunites with leon at the chain fence won,1
there are 2 playable characters leon and claire who are discovering,1
itself with rookie police officer leon s kennedy and college student,1
s rank in hardcore for leon a and claire a had,1
on i suppose i finished leon a and just started claire,1
can t wait for the leon impregnates claire dlc,1
this game and experiencing both leon and claire s campaigns and,1
off was some interaction between leon and clair felt awkward and,1
but i have completed both leon and claire s a scenarios,1
played the first run with leon and i can t wait,1
it was better ada and leon s romance y bits however,1
also somewhat shallow for instance leon doesn t even know who,1
feel bad for them also leon and claire don t chat,1
runs for both clair and leon as well as the ghost,1
that is about it also leon and claire never meet again,1
completed it 7 times leon and claire separately installed mods,1
can follow with claire and leon both characters have path a,1
you start the story for leon and clare is the same,1
not so much i love leon s dutiful can do attitude,1
first playthrough leon standard mode 7hours 27mins b,1
game is to either go leon a and then claire b,1
to date both claire and leon s character models personality and,1
and be sure to play leon and claire to get the,1
can play as claire or leon however unlike some resident evil,1
the nostalgia trip to reenter leon and claire s journey with,1
over 18 hours to beat leon s story mode there are,1
the world i personally think leon s campaign is the definitive,1
game for me the actual leon and claire dynamic is extremely,1
again however when i saw leon get smooched by the man,1
fanservice to the original wellcome leon etc 8 10 i wish,1
leon hides from mr x sent,1
solving and plot points both leon and claire have their own,1
was there between ada and leon for the sake of mr,1
story there are four campaigns leon and claire each have their,1
only con is the characters leon and claire could ve had,1
story follow two main characters leon kennedy and claire redfield he,1
plenty of problems like how leon s items are awful compared,1
i ve only finished leon s story but it was,1
cannon route of claire a leon b is not really part,1
consisting of a and b leon and claire s a and,1
gaming choices overview claire and leon are about to have a,1
any interaction between claire and leon unlike the original if you,1
guessing throughout your playthroughs with leon and claire players who have,1
no active gameplay interaction between leon and claire mid game so,1
four claire a b and leon a b in rank s,1
you can play as either leon or clair leon being the,1
of duty a police officer leon s kennedy finds raccoon city,1
but also her genuine personality leon is as young looking and,1
even with the sharper combat leon and claire aren t experienced,1
few continuity issues between the leon and claire stories but ultimately,1
did it again claire a leon b 10 10 recommend,1
took me 7 hours for leon s a story then 2nd,1
original you had interactions between leon and claire claire asked leon,1
prime example in the original leon get s the shotgun from,1
s two stories which is leon and clarie campaign separately it,1
after i finished my first leon run the 2nd run mode,1
b train final i guess leon and claire enter into parallel,1
short beat main story as leon in under 8hrs you can,1
ve played through on both leon and claire a run although,1
the point where claire and leon meet but that is not,1
mode 	lack of interaction of leon and claire in the game,1
t intrusive sometimes claire and leon s faces look a little,1
also tons of replayability with leon and claire s a and,1
very first playthrough i chose leon i got lost quite often,1
start with my only complaint leon and claire don t run,1
got my s rank on leon a on hardcore i will,1
really feel the fear in leon and claire as well they,1
only beat the main game leon a clair b i still,1
tone of both claire and leon and someone whom will remain,1
no matter if you play leon or claire first the b,1
little to no interaction between leon and claire either so a,1
x still showing up for leon when he was already ripped,1
all great personal favorite was leon s new look new engine,1
it doesn t really compliment leon s trying to tie the,1
can be playable as both leon and claire but there isn,1
i played the story with leon and then with claire but,1
to mention the amazing character leon this remake had massive boots,1
except for the part where leon has ada along with the,1
once you ve completed both leon and claire s different playthroughs,1
just finished the leon kennedy campaign and i think,1
they made both claire and leon s path more unique when,1
wish they had simply fused leon claires story into one bigger,1
young child i started as leon and as soon as i,1
play through on normal with leon and i m almost done,1
tho 1 claire does everything leon does and vise versa the,1
where ada is shot in leon s story had more feeling,1
for sure say they did leon and claire justice this game,1
to unlock detailed character model leon and claire look good even,1
god i want to have leon kennedys children so bad,1
styling some people may criticize leons va but i feel everyone,1
skin textures for claire and leon this game effectively proved my,1
certainly love when claire and leon react to the fact that,1
these weird parallel universes where leon and claire both fight the,1
classic 1998 resident evil 2 leon and claire return as the,1
my opinion i played both leon and claire on hardcore mode,1
beat which would be two leon campaigns leon a and b,1
my third play through first leon then claire b then claire,1
i finished playing all of leon story about a third of,1
wong look and so is leon and claires but one stands,1
looks better than ever with leon and claire having some fantastic,1
leon goes to hooters on a,1
leon ignore the asian woman you,1
t regret it played through leon a and claire b games,1
all of the standard campaigns leon a and b claire a,1
mm and the 45 for leon not to mention the stupid,1
leon s kennedy is a badass,1
thing is no interaction with leon and claire in the story,1
2 2019 you play as leon kennedy a rookie cop on,1
game to the end on leon and it has its effects,1
get up to the sewer leon just has a little bit,1
first playthrough last week actually leon a clair b just how,1
mods you can change how leon and claire s look to,1
the game and i watched leon made his way to the,1
time cause of mr x leon and claire have received much,1
rpd sewers nest not enough leon claire interactions as opposed to,1
claire a scenario and begun leon s b scenario and i,1
the story s for both leon and claire were great and,1
strongly written it s great leon s scenario however was an,1
finished leon s a scenario in 2,1
leon and clair s story are,1
between the characters while both leon and claire are great protagonists,1
story 4 times on standard leon a claire b and claire,1
leon didn t save black man,1
them more i already liked leon from the first game and,1
and second run first with leon second with claire the paid,1
less interaction between claire and leon overlapping plot issues with certain,1
for my first playthrough as leon i walked everywhere took my,1
there are two campaigns for leon and claire both in 1st,1
to bother playing through claire leon then leon claire other than,1
leon is best waifu,1
leons and claire s story line,1
t wait to play through leon s campaign and the survivor,1
it just finished my claire leon s runs and a few,1
so i just finished the leon campaign and i got 1,1
assassinate leon s character the game leon,1
dual scenario s are back leon a claire b or claire,1
enjoyed claires storyline rather than leons but they re both fun,1
claire s campaign first then leon s i ve yet to,1
i only played through the leon a and claire a campaigns,1
is one of a kind leon upholds the true spirit of,1
game instead of only for leon s arsenal puzzles were reworked,1
single run on standard doing leon first and claire second the,1
15 hours to complete both leon and claire s first run,1
her dear brother chris redfield leon kennedy just graduated from the,1
as i myself only completed leon s story first now which,1
this time the interaction between leon and claire is basically removed,1
who is mr x claire leon etc but resident evil 2,1
isn t much and makes leon a and leon b basically,1
sheriff leon all,1
simply 10 10 but between leon claire it lack of variation,1
are too few interactions between leon and claire maybe you could,1
retreading my same steps as leon when i expected what was,1
can chose between playing as leon or claire once through the,1
map critical i just finished leon s side of the story,1
bit immersion breaking how is leon claire doing a certain task,1
30 more ammo especially for leon s shotgun would have felt,1
ve help a bit also leon s a boring dweeb in,1
for it i ve completed leon s a scenario and kind,1
have is both claire and leon s campains are far too,1
more second run and as leon also capcom please do the,1
campy feel like ada leaving leon behind ada wait but overall,1
get infinite rockets by s leon s but in all honesty,1
10 hour to complete the leon story and felt just right,1
first person as well completed leon run a claire run b,1
play through it again as leon as my first playthrough was,1
total for both claire and leon now please remake the resident,1
first playthroughs for claire a leon b took 8 5 and,1
stories in the game 1st leons story and 2nd claires story,1
campaigns where you play as leon kennedy and claire redfield unlocking,1
like i was growing as leon claire all in all this,1
that are cut claire and leon meeting up mr x b,1
ass kicking debauchery that is leon s kennedy overall i give,1
r kinda same claire n leon both in police station but,1
is kind of tedious finishing leon claire story lines is good,1
new to this series completed leon a claire a and now,1
capcom complete b scenarios for leon and claire as it is,1
played for 6 hours as leon and i m still in,1
to be more stories with leon claire now as well,1
a refined formula from re7 leon is good but is arguably,1
about 15 hours playing as leon it s rather a short,1
this game 3 times now leon a x2 and claire b,1
you still have claire and leon fighting exactly the same bosses,1
the plot between claire and leon are less than re2 98,1
playable characters in the game leon kennedy and claire redfield you,1
out i ve only beaten leon s a side so far,1
a bit longer so that leon and claire have some parts,1
i enjoyed most of the leon a campaign and was pleasantly,1
aren t many differences between leon and claire s playthroughs better,1
can beat this game as leon a clair b viceversa with,1
saves with both claire and leon each character comes across a,1
for the first time from leon and claire s perspective each,1
finished the game twice leon a and claire b and,1
only seems right to play leon first either way i found,1
run in the game as leon i didn t really have,1
i don t like 1 leon and clare s running speed,1
with all the down sides leon is the biggest dumbass ever,1
still shows up in both leon s scenarios ⚔ gameplay ⚔,1
so there s once again leon a b and claire a,1
of a couple of puzzles leon a and leon b are,1
to look at everything over leon or claire s shoulder the,1
i d say from the leon walkthrough easily an 8 5,1
who she is and keeping leon out of the loop unlike,1
and carlos came first before leon and claire do not play,1
started my first game as leon it sucked me in the,1
enjoyed playing both claire and leon on hardcore going for the,1
only finished first run as leon so this may change but,1
real ending personally i found leon a and clair b to,1
zombies are an actual threat leon and claire are both fleshed,1
awesome i have finished the leon story but want to return,1
the nightmare that is claire leon s reality playing this in,1
game the weapons for both leon and claire as well as,1
only my first playthrough with leon on veteran and started claire,1
all different level difficulty as leon and claire just unlocked the,1
non edgy leon and wife material claire what,1
original scenarios for claire and leon by standard level of difficulty,1
anything so i played through leon and claire s 1st run,1
more of him not just leon being an ass and then,1
their own strengths and weaknesses leon s shotgun is good at,1
s spectacular it s superior leon thicc ada asian thicc claire,1
amazing however when i started leon s story it was a,1
you can play either as leon a rookie police officer on,1
on the job rookie policeman leon s kennedy and chris redfield,1
looking sounding but who cares leon the best,1
just finished playing through both leon and claire s 1st and,1
characters a rookie police officer leon s kennedy on his first,1
the face lift they needed leon claire marvin etc you name,1
10 hours later i finished leon s story for the first,1
this game you play as leon that goes into a room,1
do love it for having leon ada and hunk and being,1
the storylines of clair and leon dont really match even though,1
beating the story as either leon or claire are an absolute,1
main campaigns in the game leon a b first and second,1
first evolution when he met leon we fought a 2nd or,1
umbrella nest just before entering leon gets shot at and loses,1
original release clair a to leon b was cannon during that,1
8 1 h1 minor bugs leon a police station hall look,1
the series i just finished leon s story and i can,1
characters you can play as leon kennedy or claire redfield both,1
residennt evil games after 4 leon clair and ada its beeen,1
qualm with the game is leon s companion perspective was incredibly,1
sections are completely unique to leon claire it s definitely worth,1
through the better part of leon s scenario a it s,1
a full playthrough of both leon and claire taking about 10,1
play through is easier than leon s just by the by,1
beautifully textured young boi leon at 4k is worth 80cad,1
the resource management the puzzles leon claire making it through this,1
leon made me gay i think,1
ceiling and clawed me as leon does that annoying moan and,1
for the first playthrough with leon route a so to say,1
s just right i played leon s story first and it,1
lagging sometimes when i play leon rute a it s okay,1
just finished leon 1st run great game good,1
evil the story revolves around leon kennedy a rookie police officer,1
characters look as good as leon or ada i think there,1
games i just finished the leon a claire b campaign it,1
leon who is that clair this,1
this remake the faces of leon and claire not only do,1
more content feb 15th story leon a claire b spoiler 4th,1
a well placed shot from leons shotgun straight to their belly,1
t any part b for leon and claire a masterpiece 20,1
fool you i already finish leon s a scenario and currently,1
items are only obtainable by leon and others by claire to,1
great game the chemistry between leon and ada was very compelling,1
where you play as either leon s kennedy or claire redfield,1
the second playthrough 2 with leon 1 with claire so far,1
muy bueno videojuego leon es un husbando tambien,1
gets to be mommy and leon gets to be distracted by,1
for the a scenario and leon s b scenario sick,1
already 5 hours in for leon and i m not even,1
already finished the game with leon and jumped right into claire,1
playing my first playtrough with leon and claire and man i,1
dope game played through both leon and claire,1
game in one you have leon kennedy and claire redfield to,1
took about 20 hours for leon claire run and i will,1
is a better character but leon is more fun to play,1
a lack of interaction between leon and claire and the section,1
enjoyed the campaign for both leon and claire very good pacing,1
of the original just finished leon s arc and will be,1
incrível likers mr x claire leon annette william sherry birkin melhor,1
me 7 hours to beat leon s campaign going as slow,1
is insane loved playing as leon and then claire for the,1
this is a leon sandwhich,1
i want to marry leon scott kennedy,1
determines your future career path leon s kennedy,1
my only complaint is that leon and claire s campaign are,1
lazy capcom the story of leon and claire is a mess,1
for claire 2 costumes for leon dlc pistol s retro soundtrack,1
my first play through of leon s story and i am,1
i have finished it twice leon a and claire b and,1
pun intended 10 10 would leon kennedy again,1
end you got 2 campaigns leon s and claire s both,1
didn t actually feel like leon kennedy – not that i,1
more points that claire and leon meet up like in the,1
get to play as either leon or claire and once you,1
through was clair flirting with leon we they met at the,1
just finished leon s story and i have,1
writing or voice acting particularly leon s can be spotty at,1
department labs you can play leon s side or clair s,1
little disappointed with how little leon and claire actually interact in,1
until you try s hardcore leon a,1
of the final cutscenes in leon s campaign where the voice,1
impressive leon vs lickers mr x 11,1
after the main campaings of leon and claire like the two,1
found this game incredibly entertaining leon is as lovably stupid as,1
long run time finishing with leon on my first playthrough had,1
one of the two characters leon or claire sadly the two,1
i ve just played trough leon s story and it was,1
main story lines claire a leon b leon a claire b,1
okay so i just finished leon s story that ending was,1
some absolutely hilarious situations for leon and claire to deal with,1
played the main storyline with leon and working on claire now,1
the same story but with leon nope he has a completely,1
as claire and second as leon i do recommend the game,1
zombies started i ve completed leons side and just about cleared,1
routes now as claire a leon b from the 1998 release,1
i have gone through leon s campaign and i am,1
bruh leon is literally me,1
i started with leon on normal difficulty which i,1
play through re2 with either leon or claire and whilst both,1
with them but stepping into leon s kennedy and claire redfield,1
nicely but 50 same quests leon has been here and unlocked,1
allot of fun replaying the leon campign to get the s,1
mode not enough interaction between leon and claire mr x ends,1
like what you do with leon in a affects significally on,1
finished my 1st run with leon and it was fantastic in,1
end i ve only completed leon s campaign so far but,1
far just finished a standard leon campaign so far will play,1
10 10 would leon again,1
2 you play either as leon s kennedy a rookie cop,1
storyline there are already 4 leon claire sherry and ada wong,1
such a diverse story between leon and claire in the original,1
review is completely based on leon a and it s ♥♥♥♥♥♥♥,1
remade capcom great storyline for leon and claire fantastic instructions for,1
i completed one run with leon in 3hrs could have done,1
through my first playthrough with leon if youre a re fan,1
only downside is the new leon says way less stupid crap,1
do a remake played through leons and now starting claires worth,1
path trough the b also leon is insanly op in this,1
i may have had is leon can feel a bit easier,1
b scenarios no zapping system leon and claire dont even interact,1
to it that differ from leon s which is ok but,1
not just a part of leon s story line but what,1
at the default pistol for leon matilda takes a longer time,1
sewers with claire just like leon you d have thought if,1
would like to admit as leon first playthrough,1
had like no spiders or leon and claire having like no,1
to expect you play as leon and claire in their own,1
i was able to beat leons scenario in under 3 hours,1
who would win rookie cop leon s kennedy vs one big,1
diane mizota is telling you leon s mother f kennedy is,1
liked how diffrent claire and leon s stories are i loved,1
homage to the original rpd leon s alternative costume is a,1
the controls and i watched leon get eaten by the zombies,1
some stages played most of leon s story so far on,1
completed the first scenario with leon on hardcore difficulty and i,1
i ve only completed leon s campaign so far but,1
true re game dive into leon and claire s nightmare before,1
curse a lot because both leon and claire somewhat behave like,1
i only just completed the leon campaign and now starting the,1
to choose 2 charming heroes leon and claire still young and,1
s rank run attempt with leon on standard i didn t,1
in 1998 by claire and leon and how samey they are,1
there were more interaction between leon and claire though,1
sotry lines for 2 protagonists leon and claire all 4 storylines,1
like the starting sequence with leon where you see the prelude,1
the inconsistent story when comparing leon and claire the lack of,1
claire hey leon want to have lots of,1
not great voicework 5 10 leon and clair are kinda flat,1
b scenarios are extremely lacking leon and claire interact with each,1
i have only played leon s story and loved it,1
that hardcore s rank with leon never want to do that,1
s story going to finish leon s after but it is,1
i finished the short ish leon campain and immediatly felt compelled,1
and the dual story of leon claire changes locations of enemies,1
after playing finishing playing through leon s route i was not,1
same time im currently playing leon played 7 hours straight and,1
noticeable a slight pause in leon s movements as i ran,1
awesome to go back to leon and clair with a completely,1
hardcore 8hr49mn first s was leon a on standard 2hr08mn,1
the 4 main stories and leon 2 twice now on s,1
more fun if you pretend leon is bruce willis then it,1
all know the story of leon and claire from the original,1
leon is a snack and a,1
just finished leon and started clair so far,1
breezing through the game as leon on run a spoiler the,1
remember this this is when leon and claire were young rookies,1
can t wait to start leon now this time i will,1
definitely worth the money played leons story first on standard difficulty,1
just played through the leon campaign and just freaking wow,1
a 2nd run playthrough with leon soon after a short breather,1
game progresses only martin and leon does it right not much,1
you get the shotgun as leon point blank headshots always result,1
features two main playable characters leon scott kennedy and claire redfield,1
well maybe one thing spoiler leon never says ada wait spoiler,1
1 i think claire and leon have more talked on the,1
its just underwhelming claire and leon scenario are not too diferent,1
character won t shut up leon calling zombies ♥♥♥♥♥♥♥♥ while running,1
and alyson court back as leon and claire respectively,1
ive enjoyed playing as both leon and claire but i found,1
i ve played once with leon and then i find out,1
it ever awesome loved the leon gameplay and started the claire,1
playback i could hear what leon want to said before he,1
more realistic and really nice leon ada clair sherry so many,1
got a b rating as leon k and i m multiple,1
already finished first playthrough as leon and second as claire secon,1
just finished leon s story last night the,1
leon the legendary worst driver ever,1
bad we haven t seen leon take down zombies with rko,1
but just remember these are leon and claire on their first,1
this game is clair and leon story are seperated entirely in,1
i want to see leon and claire have more fight,1
i wanna have sex with leon,1
m about 3 hours into leon s story and i ve,1
launch and finished my first leon a playthrough the day after,1
giving her spoiler betrayal of leon spoiler less emotional impact in,1
i have only finished leon s a scenario as of,1
formula trying to be superhero leon from re4 re6 will only,1
nothing like the original leon s voice actor is ♥♥♥♥♥♥♥,1
my play with both character leon and claire maybe im gonna,1
guns sound a bit weak leon s handgun comes to mind,1
well i have only finished leon s story but as good,1
it 1 hour in playing leon s story i am enjoying,1
just finished scenarios for leon and claire on the normal,1
have completed 1st run with leon and 2nd run with claire,1
portrayed so well you feel leon as he were a real,1
game are amazing i beat leon and claire in hardcore then,1
take on the roles of leon kennedy and claire redfield two,1
story a and b and leons story a and b it,1
m done no you get leons story and claires story and,1
cast character the b run leon a story where he s,1
customization short game my boy leon doesn t know any cqc,1
like i m already finishing leon s campaign and i don,1
i beat the first campaign leon in 7 hours and a,1
is the tyrant still after leon in 2nd run if he,1
the re2 remake is great leon is voiced like the shy,1
people have a problem with leon he s meant to sound,1
leon what have we got here,1
stuff behind me after finishing leon s story wish i could,1
s playthrough example first playthrough leon gets to know an officer,1
all that great whoever designed leons face and voice needs to,1
game five times 3 being leon s campaign and the rest,1
swearing at times and had leon or claire saying almost the,1
mouse starts out as either leon or claire facing a zombie,1
part after two playing as leon in subsequent games changed tremendously,1
i am in love with leon flushed 0 8 1,1
game is reminding me that leon kennedy is a cop,1
upon leaving the garage with leon i can only hope capcom,1
written directly after playing through leon s campaign so i have,1
longer and two shorter ones leon a and claire a being,1
for claire and a for leon plus playing the spectacular 4th,1
through of the game as leon and i have to say,1
my first play through as leon now onto my second as,1
while in a zombie apocalypse leon and claire starts a romantic,1
first run was claire a leon b both on hardcore one,1
i played part a with leon and it was about 7,1
this game switches between characters leon sherry ada claire i thought,1
the lack of meet ups leon and claire have whiles in,1
movement omg the movement controlling leon feels like you bring a,1
30 jan update i finished leon b and this was wonderful,1
finished first playthrough tonight with leon must say i was very,1
very engaging and after finishing leon s story i can say,1
i ve only completed the leon scenario and still am looking,1
spent my whole weekend completing leon and claire gameplay overall the,1
to claire i started with leon and finished less than 6,1
gameplay everything is perfect finished leon s story first hc he,1
played on hardcore mode as leon and my health was in,1
the stories giving claire and leon completely seperate missions that overlapped,1
scenarios claire s story and leon s have you doing some,1
if i were leon i would have said f,1
and hot damn why is leon so hot in here,1
this title in particular seeing leon and claire and a few,1
based of after completing the leon campaign in the process of,1
any more i am playing leon s story first and look,1
non unionised voice actors playing leon and not hearing matt mercer,1
something like the relationship between leon and claire they just met,1
into play i only done leon a so far,1
this game an i beat leon side an claire side that,1
6 i have only completed leons campaign so far but i,1
completed a single full playthrough leon a claire b hardcore difficulty,1
certain amount of control over leon and claire but since turning,1
story that made claire and leon into game history a freash,1
my opinion 10 10 would leon again,1
know since i finished the leon a claire b scenario the,1
complete the first run as leon as it did last time,1
real complaint i have is leon s voice i fell in,1
edited leon a claire b scenarios i,1
us in this reimagining of leon shoots the president kennedy and,1
game on hardcore mode as leon until i encountered spoiler black,1
people saying you can finish leon route a in 7 hours,1
buying this game and playing leon first make sure to not,1
and am almost finished the leon campaign at 8 and a,1
just finished leon s route and i gotta,1
off in spades just finished leon s campaign and am about,1
first half of the game leon storyline and not the major,1
thicc and claire also spoiler leon too spoiler 5 bosses are,1
multiple characters playthroughts pov ran leon a claire b very s,1
after beating the game with leon and my first impression is,1
on the role of either leon s kennedy a rookie cop,1
playthrough was 5 38 as leon and 4 10 as claire,1
resident evil 2 clare and leon meet up both with different,1
can t wait to begin leon s adventure,1
evil game both claire and leon are two huge iconic characters,1
weaker cousins for example matilda leon s handgun packs a weaker,1
it balances out how fluidly leon and claire control as well,1
can choose to play as leon a rookie cop on his,1
is when mr x tells leon to go to bed early,1
as the rookie police officer leon s kennedy or as claire,1
s clearly a dwarf and leon is a soy boy games,1
b completed in 10 hours leon 5 hours claire 10 hours,1
hooked i have just completed leon s story and i am,1
too similar to other modes leon to claire vice versa this,1
leon umbrella makin me cringe take,1
started my original run with leon s storyline on standard difficulty,1
just buy i just finished leon a campaign ans this game,1
much more durable and claire leon are far less sturdy more,1
the first chapter as a leon and this is what i,1
you pick either claire or leon to play as on a,1
and item limitations finished both leon and clair stories and after,1
you had basically 4 storylines leon a claire b claire a,1
just played trough with leon so what i can say,1
one part of the story leon s part took me around,1
there are 4 main scenarios leon a claire a leon b,1
them feel real having finished leon a and claire b i,1
finish all leon a claire b claire a,1
present in both scenarios for leon on 1st run and for,1
no longer have to control leon like a tank and stop,1
continuous gameplay i d beaten leon a but still have three,1
take a day off and leon gets eaten having a combatknife,1
not disappointed having played only leon s story line so far,1
better than the developers intended leon and claire are very likable,1
sherry escaping the orphanage 2 leon s scenarios the aligator chase,1
only completed part 1 of leon s story and i have,1
14hrs now and completed both leon and claire 1st run so,1
review after just completing the leon campaign this is one game,1
just like the original with leon a claire b and claire,1
claire first and then did leon in the second playthrough but,1
beating the game from a leon a to claire b perspective,1
different aspects and perspectives with leon and claires separate story then,1
almost at the end of leon s story and i recommend,1
through the game once as leon i guess in an attempt,1
truly tone deaf moments in leon a while claire b manages,1
continue my 2nd run as leon in route b give a,1
bosses are jokes claire and leon control like ♥♥♥♥ how do,1
gf claire flirt with chad leon mummy mummy claire my gf,1
the original voice actor for leon from the play station one,1
is playing claire a and leon b second run so if,1
leon is small time but claire,1
got through both claire and leon s initial story so that,1
hate this game except for leon s segment and 7 and,1
i have only played though leon a but i will be,1
the 1st weekend i played leon a and claire b and,1
re fan i just finished leon s story which took me,1
it on both claire and leon and going through again love,1
both the a scenario for leon and claire i can say,1
take control of angsty teen leon kennedy whos main objective is,1
did both campaigns as claire leon and its safe to say,1
luck and deaths i beat leon a ok claire time beat,1
have already completed it as leon i did play the original,1
i sat and played through leon s first run campaign for,1
beating my first run as leon and in really high hopes,1
the scenarios between claire and leon are too similar and for,1
expected when i was playing leons campaign in re6 for first,1
after playing the leon s kennedy campaign clocking in,1
us to two staple characters leon kennedy the rookie cop who,1
version from 1998 claire and leon are perfect now they re,1
still working on the completing leon b story however the game,1
the design of claire and leon they are just great this,1
a lot more especially between leon and claire somehow they meet,1
will be useful to know leon still quips but it s,1
thank god after playing through leon s campaign i feel kind,1
controls are somewhat tolerable now leon and claire both run at,1
i have to add spoiler leon s ending in the cutscene,1
over 40 shotgun shells as leon if you knew what you,1
steam after just completing the leon campaign if you are thinking,1
currently i m playing as leon the sounds combined with the,1
other enemies look fantastically scary leon and claire both look their,1
i only beat leon s half and i can,1
you can play claire and leon with a different story which,1
of two common people – leon kennedy an outsider police rookie,1
is seen in cinematics where leon saves claire with a single,1
there are only two genders leon and clair,1
in a horrific scene but leon just lets zombies grab him,1
this game so far finished leon a will do leon b,1
mean you fight burkin as leon relatively early in the story,1
look very cool claire and leon are the best,1
let alone the way the leon claire reaction to almost everything,1
to do both scenarios whether leon first claire second or vice,1
am probably a quarter through leon s and this is the,1
gameplay not steam gameplay into leon s a story and granted,1
and i will start with leon who i played with he,1
finished leons story and started claires what,1
a game ive only played leons story so far but this,1
i just finish leon and claire story the game,1
is ♥♥♥♥♥♥♥ incredible i finished leon s campaign in about 7,1
save for one cutscene where leon and claire meet with a,1
https youtu be xrdqp2bgt4s ending leon https youtu be bwfe1ton380 fun,1
the second run with claire leon after your first if you,1
gameplay is much different finished leon story and now typing this,1
claire a and 3h for leon b and i did not,1
choices which i love story leon scott kennedy in my eyes,1
i just finished leon s a plot it was,1
as a transformed tyrant in leon s scenario b in 1998,1
remake i ve only completed leon s a scenario so far,1
i m enjoying playing it leon looks cooler wearing sheriff costume,1
the game 4 time with leon a b and claire a,1
playing through by claire and leon s campaigns to find out,1
i was done with my leon playthrough i had an urge,1
the differences between claire and leon s campaigns can be laughable,1
leon “if it aint wong it,1
the raccoon city police named leon who arrives on his service,1
within a sequential scenario eg leon a claire b i understand,1
really looking forward to play leon s story next heard a,1
acting is superb except for leon who cant portray emotion at,1
original s survival horror roots leon and claire s campaigns are,1
e em especial o grande leon s kennedy meu personagem favorito,1
through on scenario 1 picked leon goty already if you haven,1
very likeable and well written leon comes off as a bit,1
and finished scenario b for leon and i ve got to,1
resident evil 3 nemisis completed leon story in 6 hours now,1
nearing the end of 1st leon s path judging from what,1
unfolds and the puzzles behave leon and claire seem much more,1
x s hat king crocodile leon just being clueless yeah you,1
after finishing leon a this is a great,1
even spoiler got rid of leon s hey its up to,1
a game i ve played leon s campaign about 3 times,1
re2 follows the story of leon s kennedy and claire redfield,1
this is 11 hours into leon s a playthrough and im,1
i just beat the first leon story and it s short,1
finished my first run with leon in just over 6 hours,1
get the heart key as leon don t make my mistake,1
played leon and claire a so far,1
two different scenarios for both leon and claire in this game,1
3 lack of proper stealth leon claire are too prideful to,1
ez refund 3 haha gay leon 2 10,1
system and the fact that leon s a and claire s,1
my first run through as leon so i can try claire,1
completed the game once following leon s path on medium difficulty,1
graphic sequences and claire and leon only met like twice and,1
trousers time after finishing the leon campaign i can say this,1
played normal jill leon in about 14 hours now,1
both of my playthrough of leon and claire,1
ten hours to play through leon s full campaign and claire,1
be and i only completed leon s story so far cant,1
review right now i completed leons side of the story in,1
now i have only finished leon s first campaign well to,1
to play claire s and leon s plenty of hidden items,1
re2 is outstanding the entire leon sequence with the police station,1
this game i only played leon s story but that was,1
game the first one is leon s kennedy a rookie cop,1
puzzels and combinations really enjoyed leon s campaign now to do,1
go kill zombies and make leon proud,1
depending on whether you picked leon or claire and when you,1
finished my first playthrough with leon fantastic job with the remake,1
throb and cheesy good guy leon s kennedy or the estranged,1
had the actors really make leon and claire seem like people,1
flaw cannot be overlooked re4 leon was kicked zombies left and,1
classic resident evil 4 has leon shaken up the zombie horror,1
but with much better acting leon s running commentary when he,1
bonuses 07 10 we have leon and claire scenarios both unlocking,1
beside the two intial ones leon a and claire a i,1
love that they added more leon x ada moments,1
dialogue too short for example leon and claire which are really,1
favourite name for him which leon aptly calls him in the,1
cartoon leon vs remake young leon you,1
the story i have completed leon s campaign in 6 hours,1
and key characters chris and leon while introducing new characters as,1
only about 40 minutes into leon s story and already in,1
finished my first game with leon and after it i went,1
apprecited capcom involving both claire leon in each others scenarios a,1
find out also i hope leon ditches ada for claire p,1
beat the 1st leon campaign in about 7ish hours,1
have been adjusted as if leon had already come through final,1
just finished leon campaign and i am impressed,1
leon leon the tyrants coming oh,1
kneel spoiler better keep moving leon wtf that was easy im,1
my first playtrhough just started leons again cuz i missed a,1
after beating the game as leon all i can say is,1
just finshed the leon story can t say enough,1
i just finished the leon hardcore run this game is,1
chris leon my sister needs you the,1
leon still cheesy as ♥♥♥♥ 10,1
absoloutly fantastic game just completed leons a campaign and loved every,1
playing as leon currently when you meet mr,1
finished my first campaign as leon and thoroughly enjoyed it and,1
average as i just finished leon s campaign on hardcore with,1
to mention some minor downsides leon can sometimes sound a bit,1
re fanboy either i finished leon s story in 7hours which,1
just finished leon story absolutely incredible,1
the game stops working as leon enters the scenario with the,1
to play as my boy leon s kennedy again list amazing,1
i just finished leon s first campaign and it,1
to beat only one scenario leon a it lasted a total,1
i played through leon a claire b and i,1
♥♥♥♥ on now claire and leon fight the exact same bosses,1
leon is handsome,1
cheeky nature particularly ada and leon as cool as the characters,1
than two clips in reserve leon has to learn when to,1
us to experience i finished leon s campaign in a little,1
after beating the game both leon 1st run and claire 1st,1
after completing the leon a scenario i must say,1
leon how you doin claire you,1
game so far playing as leon great graphics and mechanics,1
already finish chapter leon must say i dont remember,1
atmosphere zombies chrissssss sister and leon,1
finished leon story in 5 hours blind,1
leon is ♥♥♥♥♥♥♥ stupid 8 10,1
be 10 10 but seeing leon and claire looking so young,1
fun multiplayer but 6 except leons campaign felt forced and fan,1
leon lookin like a real cutie,1
if you ship ada x leon you deserve to die by,1
beginning to play as either leon a rookie cop trying to,1
h1 i just finished the leon campaign and what a blast,1
narrative content h1 playing as leon s kennedy during his first,1
completely linear corridor simulator the leon claire a b campaigns are,1
all nighter and started with leon a i finished it and,1
i ve only finished the leon campaign so far which is,1
a side after clearing with leon the first ending was absolutely,1
of new game mode as leon b found many blue herbs,1
school re level design puzzles leon claire come with their original,1
though i guess i wish leon didn t hold the colt,1
a hardcore run on the leon storyline and it definitely has,1
complete leon s story very good game,1
charicter models just feel off leon comes off as generic girly,1
the same whether you choose leon or claire first in the,1
to the original story finished leon a in one night really,1
be really annoying listen to leon or claire not really batting,1
for me the new younger leon and claire really fit well,1
the new way of how leon met claire just got annoyed,1
for this remake just finished leon s campaign and good lord,1
t vary that much from leon s at all not that,1
the moment this launched finished leon s campaign in one sitting,1
b 1 complete storyline for leon 2 unlock b second run,1
off as rather claire or leon both of which take different,1
survival horror just finish playing leon part of the story will,1
and i ve only completed leon s campaign is it worth,1
play as claire redfield or leon s kennedy both of these,1
is the only place for leon and i searched about resident,1
every location in the game leon and claire need flashlight everywhere,1
10 perfect leon claire hairs out of 10,1
4 hours my second in leon s was about 3 and,1
a guy who look like leon out there 3,1
doesn t trigger off of leon s or clair s model,1
the 2nd run scenario both leon and claire s campaign are,1
for 9 hours straight completing leon s a and clair b,1
m barely 2 hours into leon s campaign and i m,1
sound effects are superb from leon claire moaning and groaning in,1
is the writing they swapped leon and claire s personalities and,1
it up or not when leon or claire shoot zombies in,1
and i love it dearly leon s kennedy and claire redfield,1
up helicopter saying hi to leon scream my lungs out quit,1
just finished leon a wow nostalgia is coming,1
original soundtrack with mah boi leon and it s a great,1
of all time i beat leon s story and am very,1
jesus christ leon kennedy,1
version multiple times with both leon claire and was worried i,1
original re2 multiple times as leon lost claire disc and it,1
finished leon campaign on hardcore such a,1
primarily 2 characters leon claire h1 playtime h1 b,1
x for the first time leon after extinguishing the helicopter fire,1
are still slight differences between leon and claire so the games,1
can t have everything also leon s cannon introduction of being,1
mode the classic menu sounds leon s beautiful hair i want,1
only introduced sooner than with leon but he s a pest,1
played and finished it with leon c after roughly 15 hours,1
assume the role of either leon s kennedy a would be,1
dialogues story lore directing pacing leon and claire the two main,1
enough update after having finished leon s campaign now i am,1
different similar problems happen in leon s story and i think,1
when fan favorites leon and claire briefly reunite an,1
game while you playing as leon you will simp wannabe yes,1
memories the remarkable character of leon kennedy character and a very,1
and the stoic determination of leon kennedy and of course the,1
difficulty with both claire and leon with s ranks was considering,1
game loads up leon kennedy hardcore mode walk in,1
to play as my boy leon again good job capcom bring,1
i imagined my first day leon,1
can already tell edit completed leon s story damn this is,1
awesome at first claire and leon came into this zombie driven,1
and stars series mainstays i leon scott kennedy i and i,1
the original outfits for claire leon mr x is wearing a,1
that ive never been a leon fanboy so i dont understand,1
