context,count
mr x gon give it to,56
mr x,34
mr x gonna give it to,21
i hate mr x,17
mr sex,14
mr x gave it to me,13
♥♥♥♥ mr x,13
mr x is scary,12
mr x more like mr sex,11
mr x scary,10
mr x is hot,9
♥♥♥♥ you mr x,5
mr x just wants a hug,4
10 10 would run from mr x again,4
fight against “g brolin” and mr x re2 remake gives you,4
i ♥♥♥♥♥♥♥ hate mr x,3
mr x touched me,3
mr x the goat,3
hate mr x,3
mr x my beloved,3
mr x is ♥♥♥♥♥♥♥ terrifying,3
mr x made me poop my,3
mr x scawy,3
mr x made me ♥♥♥♥ my,3
10 would get chased by mr x again,2
mr x is the scariest thing,2
mr x scares me,2
mr x made me piss myself,2
mr x is so hot,2
love mr x,2
mr x is very scary and,2
mr x made me ♥♥♥♥ myself,2
mr x haunts my dreams,2
good game mr x scary,2
mr x is the scariest guy,2
all my homies hate mr x,2
mr x busted through a wall,2
fk u mr x,2
mr x made me wet my,2
i hate mr x i hate mr x,2
mr x makes me ♥♥♥♥ my,2
daddy mr x,2
screw you mr x,2
mr x is a very kind,2
mr x traumatized me,2
mr x is so scary i,2
mr x is the most successful,2
mr x makes me pee my,2
beware mr x,2
i love mr x,2
mr x is scarey,2
footsteps of the ever lurking mr x the sound is great,2
funny mr x,2
mr x do be kinda hot,2
10 would run away from mr x again,2
f ck you mr x,2
mr x is annoying,2
mr x reminds me of my,2
sherry first are there multiple mr x s small stuff like,2
15 foot terminator known as mr x chasing you all over,2
mr x is gonna give it,2
mr x gon give to ya,2
if you are not prepared mr x will hunt you down,2
i hate you mr x,2
mr x gives me nightmares,2
a big deal though the mr x sequence is more of,2
me on my feet tyrant mr x really elevated the game,1
mr x best leon s kennedy,1
mr x still scares me no,1
about to quit because of mr x but got used to,1
is safe then you meet mr x oh kiddo that guy,1
have no complaints at all mr x can get it,1
enemies and stalker enemies like mr x turn more into an,1
final form mr x is such a lame,1
like a terrible idea then mr x starts following you that,1
out a few things 1 mr x in the first few,1
intelligence the confidence but then mr x arrives now we re,1
you are constantly stalked by mr x—a 9 foot tall gym,1
the big guy my gng mr x is chasing me down,1
resident evil series pretty well mr x for example the puzzles,1
"with a black flash by mr x great game would get",1
corner and then there s mr x i already knew about,1
and puzzles were all amazing mr x s constant presence and,1
mr sex remake,1
this is lwk peak mr x is rlly mean doe,1
horror and then there is mr x hearing those footsteps getting,1
getting a mod to remove mr x because he just stresses,1
scary specially when u hear mr x walking around i also,1
past the absolute terror of mr x when the heavy booming,1
that i progressed even slightly mr x would just cool aid,1
mr x scary asl hiding in,1
you know these enemies already mr x tho was terrifying especially,1
is so good except for mr x who chases me the,1
"your life miserable   mr x was probably my favorite",1
same story different window dressing mr x is still a relentless,1
is tbh better than leons mr x is the best horror,1
that end so much also mr x genuily was so terrifying,1
the intricately designed rpd with mr x stalking you is incredibly,1
environment made it less frustrating mr x pursuer around rpd station,1
from the constant pressure of mr x chasing u around barely,1
new weapon upgrades while having mr x roam around rpd stalking,1
bastard still grabs your ankle mr x a fat trenchcoat wearing,1
ada wong is scarier than mr x she is a woman,1
mix with puzzles i hate mr x,1
game extremely fun to play mr x really was an iconic,1
me was too afraid of mr x chasing me throughout the,1
sadness anger and fear from mr x if you like zombie,1
mr x is a big bastard,1
i often have dreams of mr x beating my ass even,1
those ♥♥♥♥ ass lickers and mr x have to be on,1
was my first re game mr x isnt even scary,1
mr x lwk on your ass,1
"the police station floor by mr x all over again leon",1
very amazing game loved the mr x and kennedy kissing scene,1
barely having any ammo and mr x chasing you around make,1
"what to do later on mr x shows up i run",1
lickers 1 zombie and 1 mr x in a single room,1
a licker only to have mr x appear on the other,1
when there are multiple zombies mr x or a licker all,1
mr x broke my door and,1
the dreading foot steps of mr x is very stress inducing,1
might hold me back is mr x of course the storyline,1
and dedicated to the end mr x stomping my way and,1
mr goon is way too scary,1
found it really immersive and mr x made some of the,1
shhhhh mr x was here,1
it just saying but that mr x has some serious mental,1
feel bad is the ♥♥♥♥♥♥♥ mr x when i first encountered,1
being very scary beware of mr x,1
mr x randomly spawned in the,1
mr x is honestly one of,1
muy buen juego mr x parece gota gota endeudado,1
and horror of constantly hearing mr x roam nearby creates a,1
make old rooms dangerous again mr x once active is a,1
later and then there s mr x the unkillable tyrant who,1
moving ones which works considering mr x could pop out of,1
untill you realise how stupid mr x is and he can,1
mr x no likey,1
once mr x appears i dont think,1
meaningful because resources are limited mr x constantly keeps you on,1
"feel smooth and responsive  mr x is one of the",1
filled with almost nonstop tension mr x made me poop my,1
very fun honestly mr x is rlly scary,1
you get to control and mr x is terrifying even after,1
dreadful tyrant whom many call mr x is less a beast,1
i knew this game then mr x reminded me i absolutely,1
and was having fun then mr x came around i dont,1
mr x is a certified manace,1
love the eerie feeling of mr x following you through the,1
then i played the game mr x gon give it to,1
mr x is buns i hjate,1
everything so far just that mr x is still makes my,1
combate contra os zumbis o mr x circulando livremente pela delegacia,1
and tension to the game mr x stalking me like the,1
claire i was blown away mr x is just the right,1
controversial part of the game mr x personally i have mixed,1
or b story for example mr racoons similar to the castellans,1
the stomping of the relentless mr x it s a masterclass,1
are to just look at mr x in the remake here,1
not so safe anymore when mr x is after your ass,1
mr x jumpscares after opening doors,1
ve ever played so scared mr x the experience was perfect,1
having the constant chase from mr x i think thats his,1
mr x will put your balls,1
stead all the needed was mr x that s all that,1
the scariest part wasn t mr x chasing me it was,1
getting stuck inside cells with mr x punching be in between,1
and the constant pressure of mr x although highly effective i,1
really trying to conserve then mr x is only a threat,1
mr x korbe sex,1
mr x s the best videogames,1
went into a saferoom thought mr x went down the hall,1
while the relentless pursuit by mr x injects an intense layer,1
hallway keeps you on edge mr x deserves an award for,1
you get from it because mr x is also locked in,1
adds the introduction of spoiler mr x spoiler adds a whole,1
it was easy overall but mr x made the game a,1
game and an infinitely memeable mr x the only real gripe,1
you just can t beat mr x s presence in the,1
through them the threat of mr x stalking you around the,1
whatever happened to mr x the strong silent type,1
boss encounters on all scenerios mr x is another interesting case,1
mr x lucked me very hard,1
take on 5 zombies and mr x well done game for,1
mr x is a ♥♥♥♥♥♥♥ fraud,1
to mind they own business mr x needs to get a,1
of the bigger presence of mr x he was probably the,1
really fun puzzles combat and mr x is just the right,1
now but good ass game mr x very scary,1
design and boss fights imo mr x s boss fight was,1
it s done very well mr x in particular is phenomenal,1
made every encounter feel tense mr x had me stressing every,1
and dont forget the tyrant mr x he is terrifying,1
is much fun to play mr x was terrific but it,1
ada and the threat of mr x while claire s side,1
the thriller elements with how mr x is implemented in this,1
is engaging with great pacing mr x s pursuits are genuinely,1
because i didn t want mr x lickers to find my,1
incident to the modern audience mr x went from being a,1
the constant thudding footsteps of mr x remind you that there,1
to re3 i like re2 mr x way more he can,1
it s genuinely scary and mr x adds constant pressure that,1
not play almost died from mr x aura,1
i hear the steps of mr x in real life too,1
apparition is rather scripted unlike mr x who will start chasing,1
still freaking out because of mr x,1
no matter where i go mr x always finds a way,1
soy falle 2 tiros al mr x y por eso casi,1
eerie effect the chase of mr x was also terrifying and,1
system no true final form mr x there s not much,1
while the relentless pursuit of mr x creates constant tension throughout,1
terrifying and the sound of mr x s footsteps tracking you,1
mr x couldnt handle the smoke,1
♥♥♥♥♥♥♥ worst game ever ♥♥♥♥ mr x there is no actual,1
fun game mr x is scary sometimes but,1
the crap out of me mr t truly gonna haunt me,1
for the zombies stayed because mr x turned my casual horror,1
the use of the tyrant mr x is fantastic and really,1
powerlessness in equal measure without mr x being an annoying barrier,1
that the game is great mr x is a great stalker,1
was ♥♥♥♥♥♥♥♥ my pants with mr x stalking the ♥♥♥♥ out,1
its awesome sauce except for mr x,1
it despite getting chased by mr x there are no flaws,1
being constantly on edge when mr x started walking the halls,1
good if you turn off mr x i dont respect you,1
place and then there s mr x i ve never had,1
and abandoning it because of mr x then starting from the,1
especially the final encounter with mr x the only thing i,1
never mess with mr x again,1
1 rule if you see mr x just run,1
do not be scared of mr x tyrant he is overexaggerated,1
"become non binary call me mr x   wait no",1
ammo the puzzles are easy mr x will not fall and,1
woulf bake a cake for mr x and leonr wgile marvin,1
the gameplay and the story mr x is quite scary if,1
catch every single punch from mr x or a zombie with,1
mr x is only half as,1
the puzzles are fun and mr x constantly keeps the pressure,1
segment in the rpd when mr x was following me everywher,1
slip past enemies actually matters mr x also adds a nice,1
"waiting for you   mr x s footsteps echo through",1
10 10 would let mr x assualt me again,1
never boring imo especially when mr x begins chasing you around,1
puzzles under constant pressure from mr x is unlike any other,1
being pretty enjoyable but from mr x on it turned into,1
my favorite resident evil game mr x is one of the,1
mr x scaryu,1
to give extra praise to mr x what a horrible nightmare,1
run and the sound of mr x s footsteps still scares,1
leon is hot and mr x is scary also make,1
all fun and games until mr x turned up,1
cinema baru kerasa serunya dikejar mr x dan licker sarkas gw,1
scares the two core elements mr x and rpd itself are,1
get comfortable they throw in mr x and it is legitimately,1
i hate mr x so much i hope,1
mr x is a really fun,1
mr x is unironically the scariest,1
"awkward camera angles   mr x deserves special praise he",1
i hate mr x so so so much,1
and loved it as well mr x never fails to be,1
when i was stuck fighting mr x with nothing but handgun,1
i felt whenever i saw mr x the environment there are,1
the tyrant known unofficially as mr x i genuinely think he,1
in was when i encountered mr x unknowingly he kept appearing,1
end i rate this a mr x umbrella corps,1
re1 remake the apex predator mr x is a calculated terrifying,1
scared from mr x,1
chase sequence this time around mr x appears and you can,1
mr x carried the game,1
and knives then there s mr tyrant who shows up at,1
particularly good with the final mr x encounter being bad and,1
the eyes and dear god mr x is terrifying very much,1
"enemies really well   mr x is no different when",1
really great game genuinely terrifying mr x is a great enemy,1
of the game william and mr x that s it the,1
mr x is so scary c,1
is really really stressful with mr x walking around and it,1
amazing game mr x is an absoulute beast,1
with the anxiety heartrate when mr x walks pasts so how,1
feel rewarding instead of frustrating mr x also turns something as,1
take down getting chased by mr x is such a dynamic,1
this game—well maybe except for mr x,1
first backtracking inventory management and mr x constantly disrupting gameflow dropped,1
the horror and chills when mr x follows you is unbeatable,1
i guess with our beloved mr eggs it worked very well,1
as leon ♥♥♥♥♥♥♥ s kenny mr x is terrifying in botth,1
leon bro could have paid mr x yk,1
mr x left me unbelievably traumatised,1
s peak the horror progression mr x just peak claire best,1
not a big fan of mr x,1
it was good i hate mr x,1
never get completely used to mr x on my ass even,1
scared please dont hurt me mr x you have big aura,1
about umbrella as you play mr x is still absolutely horrifying,1
frick mr x,1
become legends and of course mr x—the stalker of the year,1
certain distinguished gentleman named x mr x does not care about,1
as you unlock better weapons mr x appears what an entry,1
nah not even that scary mr x is just misunderstood 😥,1
indeed evil and very scary mr x made me jump a,1
and the most obvious improvement mr x who was reworked from,1
jumpscares that got me whenever mr x chased me my anxiety,1
♥♥♥♥ mr x bro he finna diddle,1
game and its super fun mr x was a pain and,1
that much better besides that mr x is actually scary and,1
for that probably will though mr x s footsteps still haunts,1
like a horror survival and mr x is what makes it,1
mr x scary made me scared,1
hate in this game and mr x on leons campaign only,1
leon slop mr x,1
and ambience very cool ending mr x lickers and william can,1
zombies horrifying lickers still therapy‑worthy mr x now legally classified as,1
soundtrack the feeling of knowing mr x is following you and,1
and that constant paranoia of mr x chasing you everywhere adding,1
why do you exist mr x ♥♥♥♥♥♥♥ die,1
the constant tension caused by mr x and the feeling of,1
remake sometimes i panicked because mr x kept chasing me every,1
resource management feels rewarding and mr x adds constant tension throughout,1
mr x is a ♥♥♥♥♥,1
keeps you constantly on edge mr x as a following tyrant,1
every encounter feels more dangerous mr x is one of the,1
has my favorite stalking antagonist mr x he is so menacing,1
"old review woops  when mr x first showed up i",1
t get me started on mr x he s the biggest,1
man was i scared of mr t this ass steps like,1
the scariest part and the mr x sections whoo i think,1
for re games gen hated mr x so much i bought,1
t get me started on mr x d,1
encounters thrilling from the start mr x injects an entire layer,1
i m looking at you mr x but it felt like,1
why is mr x so obsessed with me,1
with zombies lickers and even mr x wasn t too stressful,1
the improved horror and graphics mr x is now actually a,1
games i ve played hearing mr x footsteps getting closer was,1
p d not sure if mr x is on your trail,1
good i don t like mr x,1
mr x can lick my ass,1
really unsettling atmosphere mr x was especially intimidating and,1
"zombie game love giving mr x kissed when he chases",1
that survival horror feeling perfectly mr x is also a standout,1
life and then there s mr x—the heavy rhythmic thud of,1
moments of fear especially whenever mr x is hunting you down,1
making encounters stressful and realistic mr x the unstoppable tyrant that,1
character i also liked how mr xs ai behaves a lot,1
cant beat it screw you mr x,1
the heavy rhythmic thud of mr x s boots echoing through,1
even more intense is tyrant mr x knowing that he can,1
the resident giant the dreaded mr x a behemoth tyrant who,1
pouco de medo especialmente do mr x mas logo se acostuma,1
levels and after a while mr x can feel more annoying,1
is creepy as hell and mr x just won t leave,1
loved it watch out from mr x,1
issue within the game and mr x a very iconic stalker,1
mr x tickled my gooch a,1
survival segments then there s mr x frankly he s brilliant,1
of like it i mean mr x is cool and clair,1
great game mr x makes me wet my,1
leon ♥♥♥♥ kennedy also replaced mr x with darth vader best,1
as a kid i thought mr x would never scare me,1
through the game and looping mr trenchcoat my name for mr,1
no bulet no herb mr x,1
much as well every time mr x appears i get a,1
i would let mr x punch me hes so,1
mr x cannot be this desperate,1
mr x touched me inappropriately,1
i just won t hear mr x open a door and,1
pooped my pantaloness when mr x came out,1
mr x can suck a fat,1
best remake and mr x got aura 10 10,1
just with some different cutscenes mr x was definitely very imposing,1
of the game overall is mr x the most annoying change,1
og overall i also loved mr x ai as in re3r,1
"best gila  sayang mr x sayang ketat ketat",1
and with such force before mr x is beautifully terrying enemies,1
" another major highlight is mr x instead of becoming annoying",1
scared of mr x for half the game,1
beat the ♥♥♥♥♥ out of mr x again in re9,1
lot of pressure especially with mr x the bulky mf the,1
methodical but when the tyrant mr x shows up you can,1
uncomfortable and keeps you there mr x is also one of,1
cortisol overload everytime mr x shows up,1
"like the lore the gameplay mr x   the graphics",1
"were   i shot mr x s little hat off",1
b in the quickest with mr x tailing you overall great,1
flesh of the never stopping mr x incessantly hauling after you,1
set up are i know mr x shows up at some,1
"stuck without them   mr x is both the best",1
turns back around oh hello mr trench coat man do you,1
great survival horror aspects and mr x will definitely give it,1
on and makes zombies immortal mr x is really weak and,1
it really does feel like mr x gonna give it to,1
truly was a crazy experience mr x was very terrifying to,1
theres a mod to remove mr x hes a giant pain,1
than that it was great mr x is a huge pain,1
but also very cute and mr x looks super dandy with,1
mr x hit me so hard,1
understand why people call me mr x when i m rocking,1
the immortal snail that is mr x this game is only,1
"the biology lab   mr x is stressful it s",1
great feels scary due to mr x following me everywhere but,1
amazing buildup and horror as mr x is revealed no game,1
is fun later on having mr x stomp right behind is,1
"fun   cons  mr x in police station slightly",1
adds serious tension during the mr x and zombie chases the,1
i clapped mr x in an hour 10,1
mr aura,1
starting a mr x hate group,1
or lack thereof of leon mr x also didn t make,1
not experienced true fear until mr x done given it to,1
and makes every bullet count mr x is still one of,1
handled with the introduction of mr x and the backtracking that,1
"them dead center   mr x makes this game the",1
re4 remake the tyrant or mr x was terrifying every time,1
avoid better than fight and mr x stalking you all across,1
mr x is terrifying capcom really,1
mr x so big did me,1
standout element without question is mr x the way he stalks,1
specifically when being chased by mr x and when playing the,1
the ever present sound of mr x s clanking boots relentlessly,1
time interacting with lickers or mr x there s just so,1
just adds to the immersion mr x aka tyrant amplifies your,1
my life looking at you mr x,1
low on resources and when mr x shows up the game,1
new trench coat wearing “friend” mr x had me genuinely spooked,1
thing in horror games and mr x is so annoying but,1
"of replay value   mr x is a great highlight",1
mr x is so ♥♥♥♥♥♥♥ annoying,1
peak mr x made me ♥♥♥♥ my,1
uhhhhhh amazing but like uh mr x was annoying but so,1
"awesome game but mr x is a nightmare ",1
mr x chases leon more i,1
ben is unceremoniously killed by mr x for cheap spectacle meanwhile,1
a stage and how intimidating mr x was hearing his footsteps,1
s too i finally experienced mr x giving it to me,1
mr x tickled my pickle i,1
difficult nor toxic adding in mr x and his never ending,1
vibe ง ̀ ́ ง mr x is not negotiating 彡💥,1
shoot mr x s fedora trust,1
pressure in the case of mr x this pressure easily transforms,1
is accentuated with this game mr x is actually terrifying not,1
progression and is very smooth mr x also the best protagonist,1
until you exterminate all of mr racoons to get one with,1
like gherkin and i like mr x they are both my,1
the style of leon besides mr x and is notable because,1
mr x kampreeeet,1
goated game mr x is beautiful,1
fun the second time also mr x actually got me mad,1
challenging throughout though not unfairly mr x dogging me for a,1
across the board the tyrant mr x is genuinely terrifying multiple,1
was not a fan of mr x he is not particularly,1
mr x is mean and scary,1
most notably the stalker tyrant mr x his presence his footsteps,1
strong survival horror tension and mr x keeps the pressure on,1
absolutely not one of them mr x especially functions more as,1
the game for me are mr x as well as the,1
harm in getting abused by mr x again and especially by,1
but a bit scary when mr bald keep following you,1
mr x touched me inappropriately wouldn,1
actually freak me out are mr x and lickers,1
peak but mr x a bum,1
but that changes the moment mr x shows up characters in,1
mr mare me ganjo,1
dear mr x i would like you,1
almost addicting gameplay mr x is rlly cool,1
and terrifying moments especially with mr x hunting you down really,1
now and then there s mr x… nothing quite prepares you,1
i loooove claire so much mr x bro had me running,1
on your goal or playstyle mr x is definetly what makes,1
of playing after the first mr x encounter,1
" by the way screw mr x dude would not give",1
lore i overall really enjoyed mr x this was a slick,1
mr x gives very strong hooks,1
dikejar kejar mr x😱,1
"the price is cheap  mr x is mildly fun and",1
balance of horror and action mr x in particular was horrifying,1
reccomend getting jumpe scared by mr x and ♥♥♥♥♥♥♥♥ my pants,1
was enjoying this thoroughly until mr x showed up now i,1
mr sexo is my husband,1
experience is the brilliantly designed mr x or tyrant if we,1
to bed early thanks to mr x,1
the adrenaline rush caused by mr x chasing me his theme,1
replaced by something even better mr x his presence constantly keeps,1
and suspense is perfectly adjusted mr x is a separate story…,1
wants to kill you and mr x just shows up at,1
is an absolute cutie and mr x never fails to make,1
i also keep dying to mr x,1
annoying well first one is mr x in general mr x,1
loved playing as both characters mr x is scary as hell,1
horror games like this damn mr x is scary and the,1
mr x is not cool,1
fun and scary and ♥♥♥♥ mr x,1
loved it mr x scared me,1
mr x 👍👍👍👍,1
i had nightmares of mr x chasing me after playing,1
is okay particularly spoiler tyrant mr x s spoiler theme combined,1
and i can still hear mr x s footsteps in the,1
comes from difficulty adjustment and mr x i started the game,1
you think about them and mr x is annoying,1
residents so evil i hate mr x,1
remake of an awesome game mr x is a terrifying entity,1
what a remake should be mr x is actually terrifying as,1
"of survival horror perfectly revived mr x excellent usage of ambiance",1
this game bc i got mr x on my ass and,1
mr x is on my ass,1
game a little anoying when mr x chase y but 10,1
to count the rpd as mr x s crib so it,1
far i just got the mr x encounter its scary the,1
makes it even more fun mr x is a freaking good,1
"game  horror 8 10 mr x and birken add so",1
mr x hits like my dad,1
better actually interesting dual story mr x made me ♥♥♥♥ my,1
rpd preparate para odiar a mr x con toda tu alma,1
delete mr x,1
i got really scared by mr x lmao,1
2 10 because i hate mr x the g adults and,1
to buy 3 also hate mr x so much he always,1
say it was pretty effective mr x even started appearing in,1
if you board up windows mr x can teleport around the,1
way in which the new mr x works and the new,1
constant sense of dread that mr x brings to the table,1
play as leon and claire mr x is annoyyingggg but its,1
remove the friking music when mr x chasing you i am,1
very good game mr x says hi 3,1
the whole way through and mr x adds constant pressure in,1
mr x was so sigma lol,1
the re games i played mr x is genuinely a terrifying,1
dread the audio design—especially hearing mr x s heavy boots stomping,1
at the same time while mr x is chasing you they,1
missing a inventory upgrade or mr x only appearing in b,1
overall good tolong mr x ganggu bgt pak,1
luv it 9 10 fck mr x make my heart beat,1
mr x preceded to give me,1
claire mr x leon w game,1
peak and scary especially when mr x appears,1
back some good memories although mr x was quite a disappointment,1
mr x tried to touch me,1
to complete a puzzle when mr x is there,1
and good boss fight like mr x,1
dont shoot of mr x hat,1
mr x touched me in my,1
mr x my daddy,1
then getting absolutely screwed by mr x and having to use,1
historia el remake el gameplay mr x los puzzles las armas,1
is also really hot and mr x is terrifiying i definetly,1
mr x aka herra jääkaappi pakastin,1
fluidity in narrative and gameplay mr x is in both scenarios,1
is at its best and mr x is on a whole,1
it s a slog the mr x stalker mechanic is equally,1
other enemies besides zombies dogs mr x and lickers besides one,1
genuinely scary with constant tension mr x following you the story,1
a lot of puzzle and mr x he overall good game,1
before using ammo or healing mr x is where the game,1
of cat and mouse with mr x on a hunt to,1
everything you d want and mr x chasing you everywhere appearing,1
weapon upgrades then there s mr x fck this man bruh,1
rest in peace mr x he got hit by,1
fun game but gosh mr x is a pain,1
mechanics are so marvelous the mr x mechanic is so thrilling,1
banger mr x is petrifying,1
seen anyone else mention is mr x annoying to deal with,1
with its scares encounters with mr x were intense his presence,1
anti with the lickers and mr x which made the game,1
intense and anxiety inducing is mr x x gon give it,1
scary i got scared when mr x arrive at the raccoon,1
get scared during games but mr x bascially made me ♥♥♥♥,1
and the constant pressure from mr x keep you on edge,1
face of a terminator oh mr x you will be the,1
good game mr x is annoying though,1
good game mr x hard,1
runs are pretty hard with mr x following from earlier on,1
game and visuals look incredible mr x scary bastard,1
"hoursd and not scared  mr x appears and uh oh",1
me started on this man mr x stomping around the area,1
mr big guy scares me 10,1
fun and ass clinch with mr x on it non stop,1
the pursuer in this game mr x isn t super terrifying,1
mr x is a bum,1
plus i kind of like mr x my pookie but i,1
"  other than that mr x made me violently ♥♥♥♥",1
ing rocks your socks off mr x is terrifying and i,1
mr x more like mr ♥♥♥♥♥♥♥,1
the best remakes ever made mr x was perhaps my biggest,1
why does mr x s stomping activate such,1
nice additions third the tyrant mr x i will be calling,1
them back mommy ada wahhhhhhhhhhh mr x👍 he gentlemen not like,1
the combat is great and mr x is very terrifying i,1
mr x make me almost ♥♥♥♥♥♥♥♥,1
heals and ammo feels rewarding mr x can make you poop,1
me running from lickers and mr x alike running like a,1
you ll love this one mr x definitely makes this game,1
resident evil game so far mr x might be annoying and,1
i was very nervous about mr x and i still am,1
im too scared to face mr x,1
cheers to mr x for being the most,1
mr x is nothing to fear,1
i compare with others remakes mr x gives another dimension to,1
on a cliff hanger also mr x is perfect,1
ich ficke doch diese mr x kleiner bastard,1
got jumped by mr x three zombies and a,1
am i a mr x to my cat,1
me how you can hear mr x s footsteps even in,1
terrifying unpredictable encounters particularly with mr x it perfectly balances nostalgia,1
that anxiety induced running from mr x the score incredible the,1
an extra herb the tyrant mr x is a relentless unscripted,1
hours i was worried about mr x and if he was,1
"were too evil   mr x made me ♥♥♥♥ my",1
mr x is the only resident,1
as obsessed with me as mr x,1
got introduced to mr x ran away thought i,1
make it so unique with mr x following u around the,1
mr x told me to give,1
first i couldn t overcome mr x did i find out,1
what is mr x s problem,1
scary but uhhhhhhhhh ♥♥♥♥ you mr x and ♥♥♥♥ you william,1
mr x almost made me pee,1
leon and claire standard difficulty mr x being in both scenarios,1
re2 exploring the police station mr x stalking you and hardcore,1
every penny got terrified by mr x more than the mutant,1
getting into a fight with mr x,1
" and then there s mr x that towering trench coated",1
mr sex 10 10,1
do have to say that mr x is scary af xd,1
basically leon has sex with mr x and ada doesn t,1
wear non slip shoes so mr x doesn t catch you,1
mr x bikin takut maen jir,1
over the shoulder really well mr x shows up early too,1
zombie dog tyrant shows up mr x think ive hit a,1
i dont like mr x s stupid hat,1
10 10 except for mr x not wearing a thong,1
re7 is the scariest like mr x isn t worse than,1
"holy peak🥹♥♥♥♥ you mr x keep in mind high",1
mr x is pissing me off,1
"the sole exeption of  mr x",1
revenge for all the times mr x got me anxiety by,1
peak tyrant mr x peak leon and claire,1
mr x is so goated,1
feel when being chased my mr x spamming the r button,1
mr x really terrified me and,1
actually have a second criticism mr x is very poorly designed,1
lickers were so bad and mr x punched me every time,1
part of each story is mr x this game s stalker,1
game but i ♥♥♥♥♥♥♥ hate mr x,1
solves every puzzle 2 meet mr x 3 get chased for,1
awesome game tense atmosphere with mr x be breathing down ur,1
literal elephant in the room mr x everything from his first,1
mr x ruined my life no,1
took it to another level mr x was horrible but thats,1
looting and how nice spoiler mr x spoiler wants to be,1
be different weapons rooms or mr x going after you more,1
sound keeps you on edge mr x is terrifying and the,1
game but holy hell is mr x creepy,1
no dodge mechanic especially with mr x you need to be,1
times and then tyrant or mr x is introduced and let,1
great and the running from mr x was genuinely something that,1
constant fear of randomly encountering mr x or a licker was,1
mr x is a big piece,1
was really scary especially with mr x hunting you down also,1
"menace upgrade has to be mr x   in the",1
a horrible experience especially when mr x was there but the,1
mr x spends the whole game,1
move forward is incredibly satisfying mr x is also a fantastic,1
mr x already appeared so i,1
mr x makes this game so,1
it nice also ♥♥♥♥ mr x if it mr x,1
moments when you run from mr x was really frightening,1
mr x is cool,1
alien isolation had a better mr x but this was the,1
mr x made me yell loud,1
because of the jumpscares and mr x chasing me menacingly it,1
mr x will make you regret,1
danach ist es mieß geil mr x ist auch richtig krass,1
items and no ammo with mr x on ur ass,1
campaigns were really enjoyable and mr x is a menace xd,1
like rent is due and mr x is the landlord hear,1
running for your life while mr x s heavy footsteps echo,1
great game but beware of mr x lol,1
characters and constant fear of mr x created an unforgettable experience,1
"phenomenal game only issue mr x 9 5 10 very",1
mr x only wants a hug,1
quite the stress when facing mr x tyrant if you like,1
"step 1 get chased by mr x everywhere  step 2",1
mr x is very scary,1
"1 ada wong  2 mr x also i got jump",1
"going rpd finish all puzzle mr x comming 1st time got",1
that it overshadows re3 if mr x is stressing you out,1
mr x was a pain in,1
cool environments nothing can top mr x chasing you through a,1
very first horror game wandering mr x is made on point,1
especially when being chased by mr x overall it s a,1
claire story being chase by mr x in libary was kinda,1
mr x daddy,1
but it becomes tedious that mr x keeps following you everywhere,1
mr x just doesn t like,1
great game mr x is such a supportive,1
the fear of footsteps of mr x following you always would,1
bullet sponges but it has mr x leon dominate me kennedy,1
game make it sound like mr x shows up occasionally no,1
mr x really scares me,1
be 2 evil p s mr x is standing at your,1
ve had the sound of mr x s footsteps terrified me,1
even get me started on mr x,1
so it turns out shooting mr x s hat off is,1
as obsessed with me as mr x in this game,1
well adjusted being chased by mr x is still horrifying but,1
minor thing oh and ♥♥♥♥ mr x he s a bastard,1
beri gud mr x bald ahh too fast,1
played hide and seek with mr x great cardio terrible life,1
real stakes ​with the relentless mr x stalking you and a,1
puzzles and unforgettable moments and mr x… let s just say,1
mr x liian pelottava,1
is the terrifying presence of mr x unlike traditional enemies he,1
didn t really enjoyed is mr x who cannot be touched,1
limited ammo and heals while mr x was hot on your,1
mr x make me fcking angry,1
the game is amazing and mr big blue scares the heck,1
pursues you as consistently as mr x b list b he,1
10 10 would ve kissed mr x in the forehead,1
sitting in safe rooms 5 mr x wants my cookie too,1
screen it s terrifying—zombies everywhere mr x stomping after you—but it,1
ada section mr x hurt brain because i,1
that being said birkin and mr x have become a major,1
good game mr x very scary,1
mr x has to be the,1
than life creatures spoiler like mr x or any of the,1
mr x the bald terminator who,1
as leon be scared of mr x where the ♥♥♥♥ is,1
fun but the mr x boss fight is kind,1
i bet mr x was afraid of chuck,1
suck it though also no mr x and leon yaoi so,1
now i m traumatized by mr x lol 10 10,1
wong is my queen and mr x got drip frfr,1
was that after some time mr x gets no longer scary,1
me regret every step and mr x… oh mr x a,1
re being chased around by mr x and the environement also,1
an absolutely frightening sewer section mr x is an actual stalker,1
soundtrack it gets me when mr x s chase theme plays,1
i can still hear mr x footsteps,1
this game improves upon are mr x the layout of the,1
the heavy relentless thud of mr x s boots echoing through,1
moments for sure i think mr x is a great mechinally,1
it isn t by much mr x stalking you in the,1
is always there especially with mr x constantly on you leon,1
pain to replay not the mr x part but the prison,1
game a lot 10 10 mr x stresses me the most,1
great game mr x feet stomps scayr af,1
love this game so far mr x is so terrifying amazing,1
the part with mr x and running around in,1
playing as leon or claire mr x was pretty fun and,1
best way to survive mr x is to exit the,1
negative it would probably be mr x he starts off as,1
"seat all game especially when mr x is introduced  ",1
looking for ammo than fighting mr x still follows me ada,1
almost at the part with mr x and im so nervous,1
mr x stalks and makes you,1
beginning gameplay loop of avoiding mr x lickers and regular zombies,1
naive rookie leon drippy mr x and most important of,1
compared to the first game mr x is incredible unsettling always,1
mr x makes me poo myself,1
fun i dont like when mr x comes for my bootyhole,1
games i ever played but mr x is so ♥♥♥♥♥♥♥♥ scary,1
puzzles i don t like mr x chasing me though he,1
i love mr x chasing my butty in,1
figuring things out but man… mr x completely killed the vibe,1
and i enjoyed playing it mr x is terrifying,1
of the best parts is mr x following you around hearing,1
take a mondo duke but mr x was on my cheeks,1
all time the addition of mr x in both campaigns is,1
mr x is a chud who,1
mr x can kiss my butt,1
museum lmfao also really liked mr x being a constant threat,1
being chased non stop by mr x ✅ instant weight loss,1
"like rent is due and mr x is the landlord hear",1
good wait whats that sound mr x no,1
overall gave me goosebumps with mr x honestly it s a,1
ve aged significantly thank you mr x,1
that you can t ♥♥♥♥ mr x in his big booty,1
will always be haunted by mr x s footsteps the more,1
is t 103 tyrant aka mr x mr x is extremely,1
mr x is xtremly terrifying very,1
mr sexto,1
without mentioning just how good mr x is as a stalker,1
played the original but then mr x appeared and i started,1
rather than survival horror also mr x seems like a bigger,1
"great remake   mr x loves stalking",1
top of it all the mr x chases all of which,1
running into mr x in the middle of,1
scarier up close and hearing mr x s footsteps in vr,1
being in the rpd when mr x is trying to give,1
javol priti skeri eksipijens goted mr x veri sskeri dud,1
"the older ones   mr x scared the balls outta",1
or more commonly known as mr x who is a officially,1
mr x is a sonuvabitch,1
mr sexo,1
count your bullets while avoiding mr x somewhere stomping around the,1
puzzles and lots of exploration mr x is cool slow stalkers,1
and fire but i hate mr x can he leave me,1
which parts are canon and mr x does get a bit,1
were the police station and mr x i love u x,1
resident evil game for me mr x chasing you the entirety,1
mr x me voy a garchar,1
aren t careful with resources mr x is awesome and the,1
"interesting story and enviroment  mr x is an interesting gimmick",1
good graphics and mr x made me ♥♥♥♥ myself,1
the characters are all great mr x exists he is really,1
fun and i love how mr x chases you no matter,1
fxck mr x he had me on,1
me esp the lickers and mr x also ♥♥♥♥ ada man,1
every part of it beside mr x and the eyeball man,1
the rpd exploration is unforgettable mr x makes the game even,1
mr x made me clench my,1
dealing with the enemies especially mr x chasing you combined with,1
"don t care   mr x genuinely is so scary",1
first especially after running into mr x but you get used,1
s obsession with weird puzzles mr x is a terrifying and,1
fantastic game also mr x needs to pay my,1
interesting and then there s mr x tyrant this guy follows,1
i shat my pants whenever mr x would chase me,1
a good game im sliming mr x hat on repeat,1
mr x made my cheeks clench,1
mr x is truly named mr,1
with the puzzles and classic mr x as a amazing and,1
fairness or ways to avoid mr x if you should dare,1
fun highly would recomend replayable mr x,1
why tf is mr x wearin that ♥♥♥♥,1
mr x too sacry,1
mr x is still following me,1
not finish the game once mr x was introduced not to,1
issues sneaking past them facing mr x was my biggest challenge,1
and being constantly hunted by mr x adds a layer of,1
because zombie is behind it mr x go away you menace,1
mr x stop follow me im,1
game capcom 33 p s mr x scares the living hell,1
yum mr x take so good,1
makes you nervous and when mr x starts walking around… yeah,1
7 10 i hate mr x,1
zombies and enemy types especially mr x will definitely get re4,1
great game mr x running after you mmmm,1
f k mr x and those skin walkers,1
traumatized until i found out mr x is lowkey a nice,1
great game but capcom broke mr x footstep audio with an,1
very fun mr x is big and scary,1
resource management are perfectly balanced mr x was the most intense,1
this game but me and mr x got life time beef,1
good game love mr x,1
remake of a fantastic game mr x gon give it to,1
and visuals look incredible b mr x b scary bastard,1
mr x gave me heart palpitations,1
around the rpd while hearing mr xs footsteps put the fear,1
i don t like was mr x,1
a for birkin b for mr x alongside exploring different routes,1
once again only you survived mr death,1
wanna get a stroke from mr x,1
"a being as implacable as mr x   although it",1
mr x is my daddy and,1
the safe room after encountering mr x,1
mr x is cool asf but,1
story and puzzle mechanics but mr x please leave me alone,1
i do not like mr x at all u are,1
to conserve ammo hr h1 mr x and the pursuit system,1
mr x oil up,1
cause me getting killed with mr x v,1
for his lost contact lens mr x is the ultimate unwanted,1
also i have ptsd from mr x now,1
tense maneuvering around zombies found mr x to be fun for,1
"should i go back is mr x around the corner ",1
"two perspectives leon claire  mr x is annoying",1
i ve ever played thanks mr x but very fun this,1
10 10 would smash mr x,1
yes but f mr x ha,1
"keeps things exciting   mr x chasing you around the",1
personally dont like stakler enemies mr x was really annoying on,1
platina 10 10 metralhei o mr x mas ainda possuo medo,1
life easier when running from mr x the game will make,1
dodging mechanic either meaning the mr x battle is pretty much,1
the game picks up again mr x is one of my,1
some scenes made me spoiler mr x was an actual nightmare,1
lickers and mr x in one hallway scared,1
doing the true ending and mr x has multiple chase sequences,1
♥♥♥♥ mr x 10 10 game,1
intense gameplay and scary atmosphere mr x can die in a,1
zombie around the corner or mr x spawning right in front,1
mr x is terrifying 10 10,1
when i run away from mr x and get a gentle,1
leon and mr x can have it,1
single zombie that you see mr x may be a pain,1
you dropped your hat mr x,1
angle like in old games mr x i was never so,1
great about this game except mr x,1
of the game zombies lickers mr x birkin rpd sewer lab,1
choke hold thinking she s mr x,1
yo mr x leave me the ♥♥♥♥,1
cleaning up some of the mr raccoons i missed then i,1
fun to explore the rpd mr x following you through the,1
"attack when a mf called mr x showed up  ",1
situations the looming threat of mr x also added a nice,1
off by a zombie and mr x 4ft away about to,1
excellent puzzles and exploration and mr x is genuinely terrifying on,1
mr x is super duper scary,1
mr x is in my dreams,1
fun playing it even tho mr x scared the ♥♥♥♥ out,1
is crazy puzzles were fantastic mr x actually felt like he,1
the sound of mr x s footsteps have been,1
the spatial audio system for mr x it makes it so,1
don t the concept of mr x even though i postponed,1
getting over the big chunky mr x the game was just,1
by a long shot and mr x was horrifying to get,1
this is my first day mr x and your last the,1
everything the constant dread of mr x stalking you a perfectly,1
climate improved graphics and lovely mr x and lickers can be,1
music was like that s mr x music to my partner,1
feels a bit scarier since mr x spawns in earlier and,1
"ever feeling unfair   mr x s presence adds genuine",1
shaytan mr x ban him,1
a lifesaver weapon i hate mr x,1
is 3rd favorite re but mr x is annoying ash and,1
with a great level design mr x is so terrifying and,1
feel even more excessive 13 mr x is not scary he,1
station design is fire and mr x had me stressed the,1
of what they did with mr x albeit i wish they,1
like this but i hate mr x because he scares the,1
held at fist point by mr x,1
" the constant pressure of mr x and zombies throughout the",1
100 the game can confirm mr x made me scream like,1
constant anxiety fueled adrenaline with mr x and other disturbing enemies,1
haha mr x go boom,1
and to make it better mr x can stalk you in,1
horror but the addition of mr x searching for you in,1
"seven feet tall   mr x the fedora wearing stalkermaxxing",1
my mr x straight up camping in,1
genuinely scared when you hear mr x s footsteps getting closer,1
"at times spoiler  • mr x — i ll just",1
1998 first release with new mr x it became so scarry,1
♥♥♥♥ you mr x i haven t finished,1
horror element for me was mr x once he starts hunting,1
but still a good game mr x hit me real hard,1
to play as rookie leon mr x was quite troublesome at,1
very spooky game mr x keeps slapping me around,1
here the anxiety of having mr x after you the whole,1
an even better look at mr x as he haunts you,1
all adds to the feeling mr x while not appearing a,1
"pressure   and when mr x starts stomping through the",1
some big mafia guy named mr x bullying a rookie police,1
is the map is massive mr x is almost constantly after,1
are good and simple enough mr x is great ish addition,1
it with the introduction of mr x the farther you progress,1
as you re chased by mr x at the same time,1
i love mr x very cool,1
very very spooky scary mr x,1
play hide and seek with mr x all fcking day fck,1
i felt almost impossible during mr x appearance but if you,1
graphics are still impressive today mr x provides constant stress without,1
"was leon s twinkdeath  mr x is more an obstacle",1
still it s not just mr x putting the fear of,1
no consistency in enemy health mr x is just annoying the,1
mr x was a gentleman,1
"evil game  p s mr x is a gentleman that",1
runs and then there s mr x this man does not,1
mr x step on me,1
survive everything is fine until mr x comes whenever i see,1
mr x ate my ass other,1
you get from running from mr x is alarmingly high peak,1
silly coolio i hate mr x though ♥♥♥♥ that ♥♥♥♥♥,1
i had a dream where mr x was chasing me which,1
the story of racoon city mr x will forvever make me,1
"re9    also… mr x got crazy drip",1
w game mr x lowk scarrier than jack,1
spikes and getting framemogged by mr x,1
"mr x pov  ⣿⣿⣿⣿⣿⣿⣿⣟⣭⣿⣯⣿⣿⣼⠀⠀⣾⣿⣞⣾⡽⣽⡿⣿⣿⣿⡿⣿⣿⣿⣿⣿⣿⣿⣿⣿⣿⣿⣿⣿⣿⣿⣿⣿⣿⣿⣿⣿⣿⣿⣿⣿⣿⣿⣿⣿⡟⣸⠋⣿⠿⠿⣿⣿⣿ ⣿⣿⣿⣿⣿⣿⣿⡷⣿⣮⣾⣭⣿⣯⠠⡿⡿⣿⡯⣿⣿⣿⡿⠷⣳⣿⣹⣿⣿⣿⣿⣿⣿⣿⣿⣿⣿⣿⣿⣿⣿⣿⣿⣿⣿⣿⣿⣿⣿⣿⣿⣿⣿⣿⣿⡿⢡⠏⠀⢀⡴⠿⠿⣿⣿",1
mr x lickers molested,1
10 10 mr x scary,1
kinda lame not much changes mr x is horrifying,1
satisfying without being too complicated mr x adds constant pressure and,1
seen in a game also… mr x definitely gonna give it,1
fun but stressful because of mr x will be a while,1
chased by our famous stalker mr x revisiting it back later,1
f mr x and his ♥♥♥♥♥♥♥ hat,1
police station sewers and lab mr x is a terrifying stalker,1
ammo but its really fun mr x though man i hate,1
enjoy medallion scavenger hunts meanwhile mr x is speed walking behind,1
mr x and leon kennedy relationship,1
the bosses g2 and and mr x final boss where leon,1
the first time i saw mr x was terrifying especially after,1
spectacle with pinpoint precision and mr x just rules if you,1
pacing shifts during encounters with mr x being chased never feels,1
game is absolutely scary with mr x because he s tough,1
mr x is a ♥♥♥♥♥♥♥ chud,1
mr x needs to stop picking,1
and herbs one minute dodging mr x s footsteps the next,1
however the best translation is mr x who now acts as,1
am a giant baby and mr x and the boss fights,1
mr x stop chasing me ffs,1
broke my keyboard on the mr x bossfight,1
gameplay great optimisation leon moaning mr x jumpscares u out of,1
that just makes running from mr x even more hilarious it,1
running to solve puzzles avoid mr x can get pretty boring,1
mrs kennedy she sign her name,1
mr x don t molest me,1
"areas in gaming  ♥♥♥♥ mr x though",1
good game story is amazing mr x is a really good,1
makes me want to hug mr x other than that 10,1
replay value is insane plus mr x is such a chill,1
t 00 commonly known as mr x a t 103 series,1
disastrous outbreak the presence of mr x adds relentless psychological pressure,1
i shot the hat off mr x right at the start,1
mr x is always on my,1
mr x chased me down i,1
"here with the likes of mr x  cons  the",1
built different then there s mr x a seven foot tall,1
fantastic game scary as hell mr x mechanics are so cool,1
10 10 mr x is my ♥♥♥♥♥ and,1
bagus pake banget terutama di mr x serem banget cuyy aseli,1
perfect loved getting stressed over mr x s footsteps definitely recommend,1
leon and claire s stories mr x is no longer a,1
traditional survival horror loop intact mr x may be the reimagining,1
again the moment you relax mr x deserves special mention—not as,1
the second run i found mr x to be fun to,1
lighting narrowness of corridor etc mr x an excellent way to,1
backtracking and constant pressure from mr x claire s weapons and,1
and breath holding moments did mr x good unlike nemesis,1
mr x haunts my dreams bro,1
really good remake mr x had me shidding myself,1
management while being hunted by mr x and stuff b overall,1
lickers and of course the mr x part of the game,1
the paid time off wtf mr x shows up but it,1
the game particularly scary however mr x is objectively hilarious looking,1
jogo bom demais mr x não chega nem a,1
anxiety during exploration due to mr x secondary dlc and various,1
shoot and when to run mr x etc i could go,1
are interesting man i hate mr x he goes from intimidating,1
claire b you will fight mr x instead and the same,1
yeni silahlarla oynuyorsunuz he bide mr x in gotunu,1
through the overly narrow corridors mr x still teleports through the,1
is scary when you hear mr x s footsteps,1
mr x should have a career,1
mr x gave me ambulophobia,1
only thing i dislike is mr x as he bounces between,1
the organic jump scares from mr x and being chased around,1
scenes with marvin kendo and mr x its not a remake,1
m looking forward to them mr x and leon get a,1
hit or miss cons 1 mr x conceptually an awesome idea,1
"  then there s mr x easily one of the",1
soo cute i wanna peg mr x,1
survival horror and man the mr x tyrant mechanic is unforgettable,1
and sound is top tier mr x roaming the map makes,1
mr x di pen di siri,1
graphics are on another level mr x is the best antagonist,1
constantly keeps you on edge mr x adds real pressure without,1
this mr x looks like dealer funny,1
mr x made me cry,1
mr x is terrifying scarier than,1
mr x on my ass like,1
♥♥♥♥ mr x he traumatized me,1
"its fun  or bully mr x w inf rocket launcher",1
atmosphere is top tier and mr x freely roaming the map,1
hardcore and then there s mr x a relentless presence that,1
mr x likes to chase femboy,1
mr x walked up to me,1
mr x je sexy ass,1
gameplay compelling and scary is mr x whose stalking presence constantly,1
witcher three was good and mr x was walking at you,1
play for any horror fan mr x is so scary,1
mr x s greatest weakness is,1
as william birkin the relentless mr x and overwhelming hordes of,1
enemies are really threatening especially mr x who even on repeat,1
mr x is terrifying,1
je vais devoir y aller mr x me cou,1
like rent is due and mr x is the landlord i,1
pretty fun until you hear mr x footsteps,1
low points in this game mr x is such a lowlight,1
feeling of being stalked by mr x throughout big portions of,1
mr x was scary good game,1
hostile and then there s mr x — hearing his heavy,1
despite a non creepy appearance mr x consistently jump scared me,1
its peak when mr freaky follows u and he,1
the vine zombies besides that mr x is amazing his footsteps,1
yo ♥♥♥♥♥♥♥ hate mr x bigest ♥♥♥♥♥♥♥ ♥♥♥♥♥♥♥ ive,1
order to solve puzzles the mr t constantly following you during,1
survival horror game especially with mr x of course this game,1
factor with the lickers and mr x i know he was,1
mr x can lick my balls,1
objects for no reason when mr x is hunting you down,1
baker probably falls short of mr x despite being more terrifying,1
hopefully never meeting mr x again,1
i wish i could parry mr x,1
mr x is scawwy 🥺,1
has some decent scares and mr x was actually kind of,1
noice girl in red noice mr x thanks capcom,1
only issue i have is mr x out running him doesn,1
mr x bad,1
incredible and move very realistically mr x is terrifying when he,1
by the undead crushed by mr x slammed by a container,1
reasons like the more involved mr x in his story and,1
if you shoot mr x s hat then he,1
and impact it once had mr x adds constant psychological pressure,1
mr x needs to be stopped,1
terrifying than being chased by mr x for the first time,1
previous areas but once spoiler mr x the tyrant spoiler shows,1
but also the focus on mr x which originally was more,1
♥♥♥♥ was cinema absolute cinema mr x haunts my narrative,1
hears mr x music pauses game why,1
only big gripe is that mr x is just ♥♥♥♥♥♥♥ annoying,1
you are being hunted by mr x,1
of the whole game while mr x reminds you that running,1
mr x nearly x gonna give,1
and atmosphere of this one mr x was great and made,1
find lacking is how little mr x appears,1
10 characters 10 10 and mr x punching me into a,1
did you know mr x can climb ladders i,1
a very hot take but mr x was the part i,1
i want mr x to choke me like,1
i bet mr x gives good piggy back,1
and bosses particularly the terrifying mr x are another highlight of,1
but stopped shortly after encountering mr x the intensity of the,1
mr x won t stop trying,1
hated the last fight with mr x i was on it,1
herb atmosphere creepy tension real mr x walks around like he,1
perfect huge respect for making mr x resemble dolph lundgren now,1
game dodging and running around mr x and the like are,1
about others but the tyrant mr x scared the ♥♥♥♥ out,1
management exploration and puzzle solving mr x adds real pressure by,1
don t shoot of mr x s hat he gets,1
franquia isso sem falar o mr x tyrant que fica te,1
forces you to think carefully mr x adds constant pressure without,1
game is fire mr x da goat,1
zombie die mr x luv raping stupid fish,1
else to say other than mr x is also quite cool,1
just annoying to deal with mr x is such a nuisance,1
horror element is there hearing mr x s footsteps as he,1
to a new level fighting mr x with that ascendant level,1
the final boss fight with mr x was by far the,1
but oh my god ♥♥♥♥ mr x,1
really feels safe especially once mr x shows up hearing his,1
when you re introduced to mr x paired with hardcore difficulty,1
of the other resident evils mr x chasing you all game,1
cop and combatant against tyrants mr x is absolutely scary in,1
enjoyed getting killed by mr x,1
mr x punch leon hurt sfx,1
and wisely redistributes the appearances mr x to increase moments of,1
time with the big thick mr x,1
often i games for me mr x was really scary at,1
zombies who wanna bite you mr x chases you everywhere and,1
b monsters b • b mr x b is genuinely terrifying,1
doesnt ruin the game necessarily mr x only appeared in the,1
mr x under my shoe,1
elements namely the terrifying tyrant mr x did not feel like,1
i like mr x good character and good,1
too hard to solve and mr x genuinely felt like a,1
mr x delivers the games promise,1
"  cons  – mr x can get annoying and",1
mr x plssss 😭,1
oh and lets not forget mr x even when u all,1
up to the part with mr x and while i get,1
mr x is scary i poop,1
i wish mr x couldn t pick up,1
overall game just feels unfair mr x removes any curiousity for,1
on an unnecessary kill b mr x b i love him,1
mr x so scary,1
best part is by far mr x but he doesn t,1
more than my ex wife mr x has gotten a huge,1
the game were also intimidating mr x s footsteps always had,1
i saw lickers or when mr x was on my ass,1
is the last one ♥♥♥♥♥♥♥♥ mr racoon,1
with the game is that mr x can kind of getting,1
the first couple of times mr x started chasing me i,1
it was the thought of mr x waiting in the wings,1
than the fixed camera games mr x is extremely annoying tho,1
and ammo sewers are ♥♥♥♥ mr x following you makes me,1
is smooth tense and rewarding mr x adds pure panic in,1
recommended to play even though mr x was a nightmare,1
a lot of things right mr x is a little bit,1
mr x punked me in the,1
perfectly balanced whenever i heard mr x s music i could,1
scary in this game is mr x and running out of,1
months ago still feel like mr x is following me 10,1
it looks solid 10 10 mr x still haunts my nightmares,1
ll have to deal with mr x and the final boss,1
chased by the so called mr x otherwise called tyrant aaah,1
"  instead the tyrant mr x takes a much larger",1
however is different and terrifying mr x is menacing and frightening,1
"well optimized   also mr x is ♥♥♥♥♥♥♥ terrifying and",1
just have to run because mr x is here different playthroughs,1
— just checklist progression worse mr x and the respawning zombies,1
give me the creeps and mr x parts were the worst,1
h1 mr b x gon give it,1
apart by a licker while mr x aura farmed in the,1
aaaaaaaaaaah i am mr x ing i am x,1
"and flawless as always  mr x — no just no",1
making you conserve your resources mr x the tyrant chases you,1
characters and love the storyline mr x scares the ♥♥♥♥ out,1
mr x macht mich mental kaputt,1
amazing and the addition of mr x is such a great,1
dreaded lickers and the unstoppable mr x—are genuinely dangerous the combat,1
i was so frightened when mr x chased me through the,1
into account is the big mr x — like bro is,1
i really liked though was mr x hunting you down throughout,1
would happily get chased by mr x again only downside is,1
everything about it is perfect mr x is one of my,1
that s scary and fun mr x walking makes my butt,1
it safer by being there mr x is a delightful menance,1
opinion although i prefer scripted mr x encounters of the original,1
hits different when you know mr x is somewhere nearby casually,1
very good game mr x still creeps me out,1
know what fear is until mr x s theme starts playing,1
the most annoying part is mr x who constantly spawns near,1
"enjoyed it for 17 hours mr x its cant be desribed",1
i hate mr x s guts,1
the games hundreds of times mr x will however forever be,1
absolute peak mr x was scaring the ♥♥♥♥,1
was scared and angry at mr x peak,1
perfect it myself then comes mr x the moment he burst,1
love mr sister fister,1
plenty of tense moments and mr x is a constant heart,1
much i loathe and despise mr x look i get it,1
gameplay is really fun spoiler mr x is way better in,1
" yes play this game mr xxxxxxxxxxxxxxxxx",1
mr x makes me want to,1
they adapted everything near perfectly mr x is much more intimidating,1
remake to experience the story mr x is definitely nerve wracking,1
grotesque monsters skinned man lizard mr x which becomes a nuisance,1
great game mr x is terrifying game really,1
great story fun gameplay maybe mr x is a little annoying,1
peak mr x is scary tho,1
hulking man of stone aaaaaaaa mr x is dead now aaaaaa,1
i ve ever had and mr x terrified me every which,1
atmosphere is palpable especially once mr x enters the scene 7,1
amazing the most scary is mr x he is stalking me,1
and interesting furthermore i find mr x to be deeply annoying,1
it s impressive that hearing mr x s footsteps behind me,1
"all else the big bad mr x   i cannot",1
jumpscares the constant pressure from mr x and the overall vibe,1
"every second 😂 shoutout to mr x for the cardio training",1
looming presence of the tyrant mr x his sudden appearance in,1
game this game is great mr x is so scary i,1
horror atmosphere was amazing hearing mr x s footsteps getting closer,1
of the game in there mr x a great pursuer very,1
original and the improvements mechanically mr x is scary as he,1
improved locations and enemies also mr x can be way more,1
toward the destination the entire mr x system only serves to,1
bosses was pretty annoying especially mr x overall it s an,1
intense when trying to avoid mr x through the police station,1
tense atmosphere tight gameplay and mr x keeping you on edge,1
cuz i thought it s mr x if you wanna obtain,1
good game mr x scared me so many,1
everything about this mr x f ker is horrible,1
constantly having the thought of mr x hunting you down in,1
mr x won t stop following,1
"safe  two minutes later mr x kool aid man d",1
mr x is such a cutie,1
ada next time i romance mr x,1
huge upgrade over the original mr x being a constant threat,1
mr x pissed me off one,1
to though some say that mr dr x is done crazy,1
♥♥♥♥ my pants cause of mr x hahaha 10 10 i,1
feels like budget management and mr x stomps around like a,1
horror game ive ever played mr x was terrafying,1
siblilngs like bro why can mr x climb up the ladder,1
when leon claire runs from mr x except my version of,1
good review for my goat mr x,1
why mr x kinda 😏,1
only scary part is mr x every time my back,1
"peak game mr x my goat",1
is also scary as hell mr x is one of the,1
so good i started chasing mr x instead,1
ammunition trying to hide from mr x and sometimes running by,1
mr x is a menace,1
hızlı koşuyor silah tipi değişiyor mr x daha fazla kovalıyor küçük,1
slow walk so mr x doesn t know where,1
because if i d had mr x stalk me like a,1
backshots by mr x,1
not a fan of is mr x lol,1
i think mr x is hot,1
from the so called antagonist mr x actually felt like a,1
zombie games the sound of mr x s footsteps will haunt,1
i fuxking hate that mr x and licker combo on,1
besides why on earth is mr x on the first playthrough,1
adrenaline while being chased by mr x,1
game is quite scary with mr x and i think it,1
ruined by the inclusion of mr x,1
be between evading the terrifying mr x managing your resources fighting,1
just looking about and then mr x just comes out of,1
ammo and every bullet counts mr x chasing you through the,1
additions is the stalker enemy mr x whose relentless pursuit across,1
country where weapons are allowed mr x who appeared in the,1
advantage you can get having mr x on you re arse,1
"solve a puzzle all while mr x chases you  is",1
the remaining nerve cells and mr x his stomp will come,1
i think as frustrating as mr x could be lol he,1
got a heart atack from mr x one time,1
very good but mr x rushed into my bedroom,1
3 mr x s slapped their dihhs,1
great game but mr x,1
part of the game is mr x tyrant a ruthless stalker,1
a window or you hear mr x s heavy footsteps getting,1
mr x i hope your sleeves,1
hearing mr x s footsteps for the,1
nice but mr x is scary,1
that i was chased by mr x throughout the game and,1
mr x beeg and skarry,1
the boss fight were great mr x beating my ass every,1
"but manageable   then mr x showed up  ",1
and the relentless footsteps of mr x created a truly unforgettable,1
terrified of being chased by mr x,1
i cracked mr x this game is cool,1
although having to constantly shoot mr x just so he would,1
like a little schoolgirl and mr x will camp all the,1
t get jumped again from mr x,1
very gud ♥♥♥ u mr x,1
panic the moment you hear mr x s boots echoing down,1
why i choose standard difficulty mr x have no mercy for,1
the game is great and mr x is hot not much,1
not buy ts game cuz mr x will mess you up,1
and dandy until they shoehorned mr x as a constant threat,1
running from mr x grew hair on my,1
remake and great game until mr x shows up and ruins,1
survival horror perfected except for mr x i only like being,1
mr x big strong men i,1
as hell getting chased by mr x with those heavy footsteps,1
mr sex doesnt give sex 3,1
part i love is when mr x shows up and hearing,1
thunder and the footsteps of mr x make it a truly,1
mr x is so needy bruh,1
inside the same hallway with mr x two lickers and about,1
the more modern save option mr x will hunt you down,1
of me and yeah ♥♥♥♥ mr x,1
the final boss fight with mr x — it really sucks,1
this game is good until mr x starts chasing you,1
console and more on pc mr x still gives me nightmares,1
of the terminator like behemoth mr x or the tyrant now,1
an item horror aspect spoiler mr x who gives the game,1
re ready to suffer against mr x,1
need to manage your approach mr x is terrifying story 8,1
kinda funny to bait around mr x probably spent too much,1
i dont fear you anymore mr x go follow someone else,1
mr x is ♥♥♥♥♥♥♥ terrifying the,1
resident evil franchise was fantastic mr x gave me crippling anxiety,1
this one had me sweating mr x is the most stressful,1
mr x is scary fr,1
but was too scared of mr x decided to start the,1
mr x always aura farming,1
existent bullets to the despicable mr x it s all bad,1
mr x will haunt my nightmares,1
good game except mr x is annoying,1
and bloodthirsty undead which includes mr x a tyrant super zombie,1
the sound of mr x s footsteps will haunt,1
— smart clean and intuitive mr x is genuinely terrifying and,1
because resources are limited and mr x constantly hunting you down,1
filler and then there s mr x — the relentless trench,1
mr x is so flipping scary,1
i really don t like mr x this mob is a,1
mr x is my lover,1
i hate mr x i hope whoever thought,1
note for players mr x is unkillable don t,1
planning my pathway to avoid mr x and lickers to doing,1
ups and downs matter because mr x carries legitimately my new,1
good game i hate mr x i love ada wong,1
f ck ss mr x,1
i had a nightmare about mr x and it was really,1
with combat and story and mr x absolutely terrifying his constant,1
and shivering my spine and mr x was perfect from his,1
insane i cannot deal with mr x chasing me and the,1
of your flashlight and when mr x s footsteps thunder like,1
and you are pursued by mr x tyrant unfortunately that is,1
find the remaining files and mr raccoons,1
mr x made me pee my,1
ngl mr top hat was pretty cool,1
with the reworked zombies and mr x and every encounter ends,1
"resources count and to avoid mr x   mr x",1
three zombies two lickers and mr x while i have four,1
mr x kept bootycalling me,1
mr x nude mod extra long,1
mr x makes me scream n,1
had numerous oh ♥♥♥♥ moments mr x reveal being one of,1
guess they improve replayability – mr x appears earlier item and,1
and emotional trauma caused by mr x who is less of,1
i didnt even meet mr x yet im still scared,1
"foot steps turns around its mr x he ♥♥♥♥♥ slaps me",1
put s you on edge mr x i hate you,1
wild story a lot better mr x is so fun and,1
my favorite also i hate mr x,1
mr x is my waifu capcom,1
9 10 mr sex was super scary when,1
this game as i saw mr t for a second time,1
i hate mr x overall a fun game,1
unique campaigns terrifying enemies like mr x and top tier visuals,1
less scary when you realize mr x just punches you to,1
9 10 mr x gave me nightmares,1
in the final bossfight against mr x that i had to,1
i still have ptsd from mr x s footsteps,1
life the unexpected introduction of mr x drastically alters how you,1
was fun until i met mr x he gave me backshots,1
the game is great but mr x made me ♥♥♥♥ on,1
terrifying great story i hate mr x,1
mr x slow as ♥♥♥♥,1
nerf mr x,1
is going to get up mr x s ai is amazing,1
10 10 would recommend but mr x is a pain in,1
the nemesis is mr x,1
i don t like mr x he s quite scary,1
started dreaming about this game mr x makes me ♥♥♥♥ my,1
a escutar os passos do mr x 😭😭🥀🥀 tem bastante itens,1
and not enough hip pouches mr x the sound of his,1
game with the lickers and mr x i found it enjoyable,1
enemy types you will face mr x 9 4 10,1
mr x is chasing me the,1
"atp  id rate it mr x 10",1
classic—tense corridors smart puzzles and mr x dread—reimagined with modern controls,1
loving it so far though mr x keeps scaring the ♥♥♥♥,1
vibes and mystery also the mr x part had me shaking,1
the city this is where mr x comes from you see,1
game but the lickers and mr x made me ♥♥♥♥ myself,1
and the other 30 is mr x coming to kick your,1
mr x ruined my mental health,1
hell yeah edit screw you mr x also ada is a,1
counts my favorite part hearing mr x s footsteps get closer,1
expecially with this one from mr x chasing you through the,1
getting your skull crushed by mr x this is an amazing,1
good scare from it occasionally mr x aka the tyrant is,1
♥♥♥♥ mr x bruh bald ass ♥♥♥♥♥,1
vastly improved from the original mr x is the best boss,1
"be cool but what if mr x chased us he is",1
of tension and mystery and mr x… unforgettable a remake made,1
this game so damn scary mr x is terrifying and i,1
i just finished it and mr x looks like thanos,1
"seat im talking about you mr x   this game",1
good game really enjoyed it mr x stomping sfx will give,1
rpd hall sound track and mr x chasing you the scary,1
curse you mr x,1
little biased kennedy fanboy xd mr x gave me a few,1
"origins of the virus  mr x is stupid more of",1
cool game mr x scared my ♥♥♥♥♥♥♥ balls,1
further installments william birkin and mr x will be the most,1
i wish mr x was my dad so,1
design—especially the thudding footsteps of mr x—keeps your nerves on edge,1
nostalgia with modern gameplay • mr x remains terrifying across multiple,1
zombies don t die and mr x in general this game,1
commonly associated with the name mr x once he begins hunting,1
was not the hunter — mr x became the hunter he,1
randomizers make it even better mr x doesnt chase you the,1
deixar a gente fazer o mr x ficar careca,1
f mr x,1
zombies and then there is mr x or tyrant in the,1
gym so i look like mr x,1
get yourself around the place mr x is also terrifying that,1
actors put into this game mr x is terrifying the horror,1
and graphics are great when mr x showed up i had,1
this game but i hate mr x and lickers with a,1
character of 1 also ♥♥♥♥ mr x and everything he stands,1
i hate mr x but i love ada,1
feels like a trap and mr x just doesn t let,1
this game will be unbearable mr x is one of the,1
person horror shooter game until mr x shows up he s,1
a stray zombie shambling around mr x has been a massive,1
with a different flavor with mr x totally check it out,1
hear me out on mr x,1
h1 mr x gonna give it to,1
me also you can mod mr x s music to be,1
off this game because of mr x contemplated getting a mod,1
mr x has rick owens on,1
"adds replayability  • nemesis mr x mr x is one",1
mr xibit wouldnt pimp my ride,1
you shoot them multiple times mr x the creepiest and most,1
from birkin s roar to mr x s might with fear,1
we all know him as mr x shows up and starts,1
gostoso ada gostosa claire gostosa mr x gostoso td mundo é,1
the best way—pure adrenaline and mr x that towering nightmare never,1
thinking i was safe from mr x when in fact i,1
" tyrant s terrifying stalk mr x the relentless tyrant is",1
heart rate go up when mr x showed up not just,1
have freaky wild sex with mr x on leons campaign i,1
mr x makes me weep,1
lo que est a bien mr x no seas tan pesado,1
themselves with this one recommended mr x is scary but it,1
all my life choices while mr x casually kool aids through,1
best horror game mr x sexy,1
a zombie or a certain mr x i can still hear,1
all 8 10 would kiss mr x again,1
hours 19 spent running from mr x 1 spent staring at,1
scares and the sound of mr x stomping through the halls,1
great game until mr x camps you lmao,1
at in general what with mr x being literally terrifying his,1
"you ☑ guys i think mr x has a crush on",1
clenched every time i hear mr x for the story amma,1
me but this part has mr x and his presence adds,1
felt heavier and performance hungry mr x is a perfection and,1
a pleasure as long as mr x isn t chasing you,1
loved it super thrilling mr x is a scary man,1
the ever looming threat of mr x s heavy footsteps h2,1
mr x is my 13th reason,1
zombies not too scary but mr x adds tons of horror,1
some of the bosses and mr x for a minute here,1
"from mutated monstrosities   mr x the giant trench coat",1
issue really is the mysterious mr x that keeps showing up,1
collecting items running away from mr x was peak got slightly,1
the camping ♥♥♥♥♥ of a mr x he just does that,1
sherry irons annette birkin or mr x look fantastic the new,1
makes their presence incredibly stressful mr x has received a lot,1
guns you get to bully mr x,1
the final boss fight with mr x and by then it,1
strategy shooting and horror when mr x starts chasing you ♥♥♥♥,1
game i can tell that mr x tips his fedora whilst,1
even mentioning about my beloved mr x that roams around with,1
item ammo management and once mr x was roaming around it,1
kept me engaged especially with mr x chasing you the whole,1
love this game but mr x made me cry 10,1
played it with mods no mr x thank you beardo benjo,1
mr x kicked my ass would,1
mr x will chase you for,1
mr x gave me a hug,1
what if instead of mr x he was mr freak,1
one major gameplay improvement is mr x in the original you,1
bring in annoying mechanics like mr x he does not add,1
a bit worried that spoiler mr x spoiler would chase me,1
mr x pinned me down in,1
man i love mr x,1
love me some mr x and rookie leon,1
"lickers and especially that damned mr x   man everything",1
mr x sucks and he can,1
what it s like with mr x later on oh and,1
i shot off mr x s hat and he,1
genuinely scary at times with mr x relentlessly hunting you down,1
hardest so far i found mr x present is very annoying,1
solutions encouraging replayability additionally the mr x tyrant mechanic keeps players,1
you in constant suspense b mr x b who now stalks,1
i hate mr x and his stupid hat,1
10 lvl gyatt outta 5 mr xs,1
part of this game especially mr x,1
"  special mention to mr x—i loved hated playing hide",1
pretty goated i like how mr se x goes full body,1
major complaint i have is mr x i hate being chased,1
2 was an enjoyable experience mr x s relentless pursuit adds,1
its so fun just hate mr x bro is out to,1
"good time what a pain mr x is   lo",1
yet just like the enemies mr x is more annoying to,1
atmosphere especially later on after mr x if yk yk the,1
love mr raccoon,1
against as well in particular mr x is probably one of,1
bring bring back memories including mr x s punch would recommend,1
mr x makes me very scared,1
game i fell in love mr x and ada wong 💕,1
of the main antagonists is mr x a towering and terrifying,1
keeping you on edge and mr x constantly reminding you that,1
zombies or the footsteps of mr x adds layers to the,1
zombie and was crying after mr x comes out of nowhere,1
never understood the fear that mr x put in people i,1
police department is masterfully executed mr x is a brilliant addition,1
entertained the whole time and mr x man he s just,1
enjoy is running away from mr x half the game but,1
it may be old but mr x s footsteps can scare,1
resident gear leon shoots off mr x s hat and gets,1
when it really works best mr x is a lovely character,1
it its also pretty scary mr x never again,1
i dont like mr sex,1
in this game is not mr x or zombies it s,1
am not very smart and mr x still haunts me everyday,1
just work out that way mr x is handsome but the,1
still get grabbed and injured mr x is also a pretty,1
you turn the corner and mr x is there overall if,1
re constantly being hunted by mr x the graphics are really,1
together while being hunted by mr x was genuinely intense i,1
"kennedy casually existing   mr x  what s up",1
acting is really impactful and mr x was f cking menacing,1
everything s amazing except for mr x hate that guy,1
tension that mostly happens when mr x is chasing you around,1
a good game i like mr x i forgot his name,1
but the second puzzle where mr x starts to roam the,1
super hiper ultra high res mr x gonna give it to,1
out while being chased by mr x was quite scary i,1
awp b to clutch when mr x shows up b graphics,1
the enemies the unpredictability of mr x s pursuit and the,1
"very good very scary mr x wants to touch me",1
unnecessary lastly the respawning of mr x isn t smooth enough,1
t and then there is mr x he is not scary,1
to relent i still hear mr x s footsteps reverberating through,1
mr x called me a nerd,1
grim reaper good game and mr x tyrant is an annoying,1
ruined by terrible implementation of mr x every single part where,1
i don t like is mr x the concept of something,1
mr x made this game just,1
a baby when i saw mr x who was one of,1
don t mean it sarcastically mr x tyrant encounters be damned,1
recent titles from other companies mr x has style,1
very scary game running from mr x only to see him,1
this next puzzle here s mr x anyways next puzzle oh,1
storyline is also great but mr x pisses me off so,1
zombies are bullet proofs hahaha mr x just wow he given,1
dispose of it you hear mr x s clumps rapidly approaching,1
placement changes especially during speedrunning mr x sure do give chills,1
in visuals audio and gameplay mr x and his thumping footsteps,1
feel my confidence grow until mr x was introduced and i,1
just posting cause mr x told me to,1
scares were on point and mr x makes roaming around freely,1
saw mr x then i said im,1
accomplishment without being overwhelming • mr x this guy is terrifying,1
i love leon and mr x cool,1
chased by what everyone calls mr x gives you that great,1
gave me good laughs with mr x icl lmao,1
music and ofcourse the terrifying mr x with the heavy footsteps,1
waste time running to storage mr x teleports helloooo i juke,1
the boss fights are outstanding mr x is an absolute beast,1
enemies bosses are terrifying particularly mr x the puzzles are fun,1
w game ♥♥♥♥ mr x,1
installed a mod to replace mr x with pyramid head 10,1
mr x is atractive,1
hearing mr x s footsteps from far,1
its ok mr x is so annoying,1
with zombies and the relentless mr x feels heart stopping thanks,1
hallways to the panic when mr x casually decides to ruin,1
yourself to 19 inches of mr x,1
fixed camera mod and for mr x this game completely ruins,1
scary as a mofo when mr x is stomping after you,1
and people that complain about mr x are upset little babies,1
like about the game was mr x chasing you overall a,1
wronged me especially you william mr x i will buy you,1
good game besides mr x wanting to touch me,1
the biggest impact the setting mr x the music my favourite,1
but the real highlight is mr x constantly hunting you down,1
yippee i hate mr x,1
good story but i hate mr x,1
anywhere in the dark hearing mr x s footsteps not knowing,1
pretty damn good mr x is the best part,1
on edge throughout the experience mr x s relentless pursuit adds,1
— the heavy footsteps of mr x the towering relentless antagonist,1
stuff coming from behind you mr x s footsteps are echoing,1
i got mr x runtz in this blunt,1
mr x s footsteps haunt me,1
extension is the tyrant or mr x whichever you prefer one,1
when are they gonna add mr sex as dlc,1
escape from mister x 🥾 mr x a 8 foot tall,1
so fun when mr x chases you he kinda,1
remake craze and done right mr x is the best stalking,1
game for me personally is mr x his presence forces you,1
very good game mr x is mad annoying tho,1
mr x s introduction was sudden,1
mr x is my crazy ex,1
them back on type ♥♥♥♥ mr x is daddy and only,1
my favorite part was when mr x showed up while it,1
were fun to play ♥♥♥♥ mr x,1
never ending foot steps of mr x good times,1
what the f lol also mr x san gives me the,1
you stressed zombies are terrifying mr x is relentless and the,1
my favorite part was when mr x exed all over my,1
hell of a scary story mr x makes for an intimidating,1
s lickers then it s mr x and dear god those,1
of classic resident evil charm mr x he s one of,1
the zombies mr x individually they re not,1
mr x could get it any,1
and i enjoyed very uch mr x s s scar and,1
what the ♥♥♥♥ mr x won t stop chasing,1
leon a mr x behind you,1
is the good vilain the mr x model interesting,1
influence outcome with skill if mr x spawns while you are,1
mr x won t leave me,1
fair share of encounters with mr x i started adapting to,1
"i liked it  mr x nemesis definitely recommend it",1
"t too hard can shoot mr x s hat off ",1
can mr x get off my ass,1
still consistently have nightmares about mr x,1
later more terrifying incarnation as mr x elevated the tension to,1
mr x is still haunting me,1
tension in the atmosphere as mr x goes around searching for,1
t get me started on mr x—having him stalk me around,1
it still ruined my experience mr x i respect how utterly,1
liked the game but hated mr x as he was such,1
10 10 mr x is a bish,1
the puzzle aspects of it mr x is terrifying,1
peak mr x is such a sick,1
w mr x best thing in the,1
moreover the infamous tyrant or mr x serves as a constant,1
of my seat especially the mr x segments the visuals are,1
mr x scary asl,1
experience and yet in both mr x is completely terrifying in,1
than the ps1 gamcube game mr x shows up in both,1
mr xylophone is so scary aaahh,1
the first 7 gooning to mr x,1
are so good ngl ✨🔥 mr x design and ost them,1
and setting of the game mr x is terrifying,1
boss fight unfairly distracting even mr x the unstoppable trench coated,1
10 slayussy the house down mr x im evil,1
new dynamic with the terrifying mr x a relentless nearly indestructible,1
me arrependi achei que o mr x fosse ser um empecilho,1
mr x can suck my duck,1
with this one especially with mr x having him as a,1
survival horror games ever made mr x is amazing ly scary,1
keeps you on your toes mr x is ♥♥♥♥♥♥♥ terrifying hearing,1
"     mr t is coming",1
next area when u know mr x is wondering around makes,1
amount of challenge too and mr x is just terrifying at,1
and possibly my toilet bowl mr x did slap but he,1
of leon claire ada and mr x looking exceptionally well i,1
good game background noises and mr x is scary as hell,1
of dread is constant and mr x s persistent hunting is,1
methinks mr x is a fellow reditor,1
very scary i cried when mr would pop out of nowhere,1
"are actually scary strong replayability mr x  cons  the",1
iconic lickers and the relentless mr x are genuinely terrifying making,1
"rewarding as you progress  mr x need i say more",1
to the game and the mr x mechanic is quite interesting,1
was very forward and terrifying mr x was my least favourite,1
so intense when mr x shows up,1
mr x still won t date,1
i get heart palpitations whenever mr x and leon are on,1
to save on ammo add mr x s stalker mechanic to,1
when you see mr x make like shaggy and,1
brings the horror back and mr x chasing you,1
why can i still hear mr x s foot steps,1
install mod mr x have big titis,1
there s less tension from mr x pursuing you as now,1
great storytelling enemies weapons seeing mr x when replaying the game,1
general i totally endorse it mr x is very intimidating zombies,1
weapons and equipment and avoiding mr x was really where this,1
playtrough and the tyrant or mr x has started to follow,1
scared in rpd because of mr x and lickers i miss,1
was a bit frustrated with mr x and quit first time,1
the intensity and mr x drama is what really,1
mr x is the reason i,1
the heavy echoing footsteps of mr x my heart froze knowing,1
stellar puzzles are great and mr x is well done a,1
t die let alone when mr x is on your back,1
clenching i did bc of mr x s footsteps,1
people complain about i enjoyed mr x and nemesis in their,1
the relief after giving mr x the gojo treatment is,1
mr x still cares the ♥♥♥♥,1
mr x more like mr dead,1
than i have whenever ♥♥♥♥♥♥ mr x shows up so ♥♥♥♥♥♥,1
a section and move freely mr x is so boring i,1
the return of the infamous mr x his relentless pursuit of,1
and an ai that makes mr x all the more intimidating,1
i love that mr x is beating the sh,1
especially love how they did mr x i ve never felt,1
play leon s too but mr x following me throughout the,1
even mr x wont be able to,1
mechanics and i hated the mr x sequences but even that,1
increases exponentially when b i mr x the «tyrant» i b,1
why did mr x bring a ladder to,1
making it an excellent game mr x or tyrant or whatever,1
with lights off loll had mr x walking around like a,1
mr x is one of the,1
mr x is sooo obsessed finished,1
design created and the tyrant mr x is terrifying an absolute,1
game and a good remake mr x one of the best,1
"thought out for all platforms mr x implacable and terrifying",1
mr x is terminator,1
course bosses not to mention mr x is so terrifying especially,1
version now lol also adding mr x as a primary antagonist,1
mr x is cute fr brodie,1
don t like it when mr x gives it to me,1
show a parte principalmente o mr x que eh implacável e,1
m no longer scared of mr x and now i m,1
paranoia while navigating rpd knowing mr x was roaming the halls,1
mr x is way scarier on,1
map to the other with mr x chasing after me the,1
don t waste ammo on mr x since he doesn t,1
mr x rocked my ♥♥♥♥ 10,1
is the big ♥♥♥♥♥♥ called mr x i love resident evil,1
of a pursuing super enemy mr x is far faster and,1
tall and sexy men like mr x,1
mr x makes nemesis look soft,1
mr x go burrrr,1
the completionists and you got mr x to keep you company,1
layout and then there s mr x himself his revamped gameplay,1
mr x touches me,1
the tyrant a k a mr x was terrifying and the,1
danger health with the tyrant mr x is truely scarely the,1
escape rpd and get past mr x and i find myself,1
good mr x scary man,1
due to my fear of mr x he was genuinely terrifying,1
you with all my heart mr x,1
good ass game mr x done shivered my timbers,1
mr x should explode again i,1
shart your pants every time mr x comes on screen after,1
of the first playthrough when mr x kept chasing me in,1
t like the inclusion of mr x but i think he,1
"and tension so far  mr x gave me quite the",1
go ahhhhjhjh ada go ahhhhhhh mr x go booom 8 10,1
mr x gets faster when you,1
constant the tension is permanent mr x truly frightening very good,1
danger in the form of mr x is an incredibly nerve,1
is a joy to 100 mr x is easily the best,1
mr x 100 aura,1
good game one thing tho mr x gon give it to,1
have to run away from mr x which isn t scary,1
is the tension created by mr x his emotionless face armored,1
i love mr x sm he s just,1
mr se x,1
mr x is my stalker,1
unlocking every secret to dodging mr x this game is a,1
lickers dogs and the infamous mr x were incredible special shout,1
and now as i face mr x it is as if,1
exploring new room and areas mr x is an incredible gameplay,1
you play leon s campaign mr x don t give it,1
running from mr x is like running from,1
realize i missed a single mr raccoon and overwrote the save,1
scared ♥♥♥♥♥♥♥♥ when i saw mr x appear for the first,1
i m talking about you mr x i really loved playing,1
mr x s tight bussy 😍😍😍,1
of zombies were not much mr x was like some idiot,1
mr x world domination also claire,1
my ass meeting lickers and mr x in the beginning but,1
mr x is such a helpful,1
fun to aura max zombies mr x cringe tho,1
good remake of the original mr x was a fun type,1
lickers were bad and then mr x started following me into,1
great game mr y is very scary and,1
zombies are scary and mr x is scary i havent,1
good game except for mr x i despise that character,1
both have a stalker named mr x who mercilessly chases them,1
the only annoying thing is mr x though my second with,1
fun scary asf in the mr x tryant s boss fight,1
me in the game is mr x,1
amazing game i love mr x,1
all my homies love mr x,1
lickers and the ivy zombies mr x is perfect i love,1
mr x has given me first,1
mr x scary gary,1
all mr x wants is a hug,1
got a decent story and mr x does set the tone,1
stage going for clock tower mr x is additional although not,1
of comical at others spoiler mr x is so well executed,1
story great overall everything when mr x started to roam the,1
endure the agonising stalking of mr x tyrant and face off,1
wrecking whilst still being fun mr x can kick rocks tho,1
mr x just casually destroyed someones,1
me acting wild i killed mr x without trouble in a,1
mr x is game changing make,1
mr x keeps trying to kill,1
playthrough which was fun the mr x parts are unreasonably scary,1
scary thing is tbh when mr x is chasing you around,1
was really scared especially when mr x was chasing me in,1
you didnt play the game mr x is to op when,1
the anxiety inducing steps of mr x in the background you,1
"screw you mr x i hate you ",1
i like leon best character mr x extended my time by,1
close my eyes i see mr x,1
♥♥♥♥ my pants because of mr x love this game get,1
mr x is more of an,1
mr x is hella sexy i,1
wanna waste bullets well now mr x is after you so,1
being chased by the dreaded mr x himself or you re,1
a certain aisle for when mr x chases you,1
"oh how we laughed until mr x trapped me in a",1
is great you get daddy mr x to thirst for you,1
was a blast and then mr x comes in and makes,1
many tricks to speedrun plus mr x is always terrifying,1
mr x made me ♥♥♥♥ and,1
and let s talk about mr x the moments when he,1
and also wtf why is mr x scary asf,1
they say the reason mr x is so hell bent,1
does mr x do pornos,1
same the added threat of mr x stomping the corridors made,1
the years i expected tyrant mr x to be a much,1
pimp mr x,1
go on a trip to mr x s preschool and kidnaps,1
screamed out loud after learning mr x can get into the,1
"i want to make  mr x being called tyrant is",1
feel true survival horror also mr x is so ͡°👅 ͡°,1
the time in the world mr x does not run he,1
yes i liked it when mr sex was chasing me it,1
great story mr x is funny big man,1
"here  the leechers and mr x does get the heart",1
had a better introduction of mr x rather than boom here,1
mr x has not appeared yet,1
chills from childhood especially with mr x around its a must,1
like make happy good fun mr x is like my dad,1
sandwiches when i got a mr x burger with bacon,1
or claire a leon b mr x is the most terrifying,1
game and fun except for mr x being after you the,1
it scratches the itch ps mr x was a bad mechanic,1
this game is diabolical mr x makes me want to,1
room and i can hear mr x outside,1
just don t bother shooting mr x,1
by the sudden appearance of mr x out of nowhere with,1
leon very fun game and mr x was peak i like,1
i think mr x wants me he keeps,1
mr x can go pound sand,1
of re2 with regard to mr x etc a lot of,1
but got ♥♥♥♥♥♥♥♥ especially when mr x is hunting me at,1
the most perfect game also mr x is incredible,1
is great particularly rpd and mr x is a lot of,1
again as not leon wish mr reddit mod didn t follow,1
mr x made me poop myself,1
mr x is really scary please,1
mr x is stalking me through,1
like to play horror games mr x chases you after about,1
being chased by mr x reminds me of my,1
when will mr x be romanceable,1
was not too fond of mr poker face chasing me it,1
behind the door or when mr x is getting close to,1
navigate around the area while mr x is chasing u,1
no spiders absolutely great but mr x is going to haunt,1
survival horror game ever made mr x is very sexy 10,1
keren tapi mr x nya ganggu banget,1
always the looming threat of mr x and yet there is,1
corridor is on coffee break mr x s footsteps pant ♥♥♥♥♥♥♥♥♥♥,1
why does mr x punch me what did,1
repeatability on the negative side mr x pretty much ruins the,1
mr x made me want to,1
mr x got me bricked up,1
you get a lucky crit mr x is fun the first,1
concerns a specific individual though mr x although it s not,1
feel like an action shooter mr x is another huge highlight,1
faces and get destroyed by mr x multiple times and there,1
mr x makes me poopy my,1
zombies and incessant patrols from mr x a definite 8 10,1
mr x was giving me heart,1
out the story more and mr x are fun and scary,1
to the atmosphere but difficult mr x was slapping me around,1
hide seek with mr x is so much fun,1
hearing mr x s footsteps makes me,1
mr x makes me go crazy,1
mr x is terrifying he is,1
interesting after the appearance of mr x,1
change when i run into mr x pray for my sanity,1
highlights won t say more mr x is amazing he s,1
the lack of music and mr x being a royal pain,1
"design incredible lighting design  mr x is a walking anxiety",1
epic but that mr x guy is very mean,1
mr x is kinda fine i,1
i also felt as if mr x was not really as,1
i am to scared from mr x,1
and who was chased by mr x while it did have,1
mr x more like mr penis,1
mr x needs a hug,1
play time the use of mr x was also very unique,1
game the gameplay mechanics like mr x were absolutely terrifying and,1
well as a main character mr x following you around the,1
i ♥♥♥♥♥♥♥ hate mr sex,1
are fantastic and i love mr x chase sequence he never,1
i really experienced beforehand and mr x became one of the,1
yo mr x stomping around had the,1
im just so afraid of mr x even now,1
you decide to take off mr x hat,1
game the moment i saw mr x won t play again,1
i hateee you mr x i hate you and,1
ada are hot too much mr x 8 10 would piss,1
item management and gun play mr x will keep you on,1
go let it go what mr x gon give it to,1
playing leon s story and mr x was always scaring the,1
takut bgt dikejar mr x,1
not a huge fan of mr x even though i do,1
mr x gives me the nervous,1
enjoying it so far although mr x is giving me a,1
mr x want to know your,1
remake if you can handle mr x,1
states in games and thought mr x would ruin my experience,1
forth while being chase by mr x was annoying i don,1
i just met mr x he s a ♥♥♥♥♥♥♥,1
little every time i saw mr x and i dont know,1
game love the tension of mr x following you but i,1
i think the take on mr x in the game was,1
i m actually afraid of mr x how can i delete,1
mr x makes me ♥♥♥♥ myself,1
mr x is ♥♥♥♥♥♥♥ terrifying whenever,1
essentially rely on birkin and mr x to make the game,1
scawy and very good mr x can go kill himself,1
as scary as ever and mr x while sometimes being a,1
mr x can suck my ♥♥♥♥,1
mr x is cooler than nemesis,1
mr x leave me alone tf,1
downloaded a nude mod for mr x d,1
leon sexy kennedy mr x made me alt f4,1
a million the lickers and mr x scared the ♥♥♥♥ out,1
mr x got me shaking in,1
the second time you encounter mr x isnt as impact full,1
try it on hardcore and mr x made me sh t,1
the last the addition of mr x a relentless and imposing,1
mr x is fcking gay,1
of y all wanna ♡♡♡♡ mr x but more power to,1
happy to play even when mr x grips me up and,1
you should 100 shoot mr x s hat off he,1
game hear me out but mr x or this entire game,1
stubbornness to go through it mr x first time when i,1
thud thud thud that is mr x stomping towards you,1
mr x always gives it to,1
s very tense because of mr x and other gameplay elements,1
mr x you viral cultured freak,1
mr x is annoying but in,1
to move the bookcases while mr x is chasing you spoiler,1
i m him ♥♥♥♥ mr x gave me 30 heart,1
and love the iconic characters mr x is a terrifying treat,1
very fun game to play mr x was really creepy and,1
mr x breaks a wall run,1
i wanna eat mr x,1
can t go wong without mr x giving it too ya,1
bro the parts where mr x is stalking you are,1
mr x is into slapping raccoon,1
a great job i hate mr x with all my heart,1
1 2 hours just before mr x turns up only ♥♥♥♥♥♥♥♥,1
good horror game and fun mr x is holding me hostage,1
where leon is gaped by mr x,1
game so much i hate mr x highly recommend,1
it s pretty fun until mr x becomes a mechanic and,1
a quality headset to hear mr x d,1
both sides of the story mr x is way too scary,1
was absolutely petrified the moment mr x showed up aside from,1
heart attack spoiler that ugly mr x with his ugly fedora,1
amazing if it werent for mr x scaring the ♥♥♥♥ out,1
then to play catch with mr x,1
mr x is aw horny and,1
threat of the relentless tyrant mr x adds an extra layer,1
you also have to fight mr eye man some little men,1
mr x can suck on one,1
little ♥♥♥♥♥ but its ok mr x makes me scream like,1
with the game first is mr x during the police station,1
mr x is kinda hot,1
mr x gave me severe ptsd,1
10 ammo not enough ammo mr x s footsteps 1000000 100,1
graphics and gameplay is outstanding mr x didn t like me,1
mr x you make mine poop,1
here is going to be mr x some love him others,1
8 5 btw f u mr x take the l,1
feels so good the tyrant mr x stalking you adds thrilling,1
mr x is fcking scary,1
edge but that first playthrough mr x stalking your every move,1
engaging enemies including the persistent mr x and ever evolving g,1
i loved the part when mr x held me like a,1
but the final boss fight mr x gotta say that was,1
mr x friendly guy,1
a lady dimitrescu mod for mr x,1
mr x opens up that front,1
your nightmares with this mod mr x will just be a,1
the edge of your seat mr x is relentless and keeps,1
i trained mr x around the map i,1
mr x is vary spooky man,1
is very slow the tyrant mr x walks faster that our,1
scary dealing with mr x overall really amazing zombie,1
nearly perfect if not for mr x in the original game,1
feel of re2 and hearing mr x s stomp in the,1
leon kennedy should ve kissed mr x then they wouldn t,1
my pants after i confront mr x 100 10,1
type is far superior to mr x who is very annoying,1
would rather be pegged by mr x multiple times,1
mr x is very progressive and,1
that it was decent fun mr x is as horrifying as,1
mr x beat my ass for,1
stop running after you have mr x on your game walk,1
awesome just perfect but mr x is so anoying and,1
and enjoyed it also ngl mr tyrant is kinda hot in,1
peed a little when encountering mr x,1
t love getting chased by mr x,1
you ll find out there mr x is very friendly non,1
is exciting and feels rewarding mr x is a perfect looming,1
claire is such mommy material mr x is so hooooooooooooooooot i,1
10 10 game but mr x kept abusing me,1
mr x patrolling the police station,1
mr x a predator fr,1
such a great game and mr x gave me some hearth,1
ada said to leon and mr x really right in front,1
feeling new i like that mr x has more to do,1
find everything the first time mr raccoon statues can only be,1
i have only several complaints mr x is stressful at first,1
mod made mr x naked erect lmao,1
funny asl 2nd playhtough watching mr x try to catch me,1
mr x kinda reminds me of,1
and relentless tyrant known as mr x the ai is unpredictable,1
mr x gives sexy daddy energy,1
very irritating if you active mr x early to avoid this,1
re imagining of the original mr x made me ♥♥♥♥ myself,1
i m so terrified with mr x,1
mr x is albanian,1
babes in europe i hate mr x and lickers,1
my first playthrough oh and mr x sucks but not enough,1
city police department running from mr x and escaping the city,1
just buy this game also mr x is the scariest villain,1
mr x gave me ptsd ty,1
combat feels nice and rewarding mr x is only annoying on,1
replayability here the ai for mr x as a stalker enemy,1
mr x gave me nightmares,1
evil 2 until i met mr x from that moment on,1
cutscene attacks are scarier than mr x,1
awesome game mr x is annoying as hell,1
mr x made me wet myself,1
i blew mr x,1
especially with the introduction of mr x t 00 a towering,1
get a mod that makes mr x super aggressive lol he,1
guys did you know mr x has a youtube channel,1
mr x sucks,1
forth i could do without mr x i personally don t,1
segment played it twice now mr x really scary in rpd,1
perspective is implemented well cons mr x is scary at first,1
i didn t really like mr x all that much but,1
download mod to remove mr x though its pretty easy,1
and smooth gameplay zombie mechanics mr x now prior to this,1
10 10 game and its mr x now mr x is,1
puzzle here unlock something there mr x is actually a terrifying,1
put it down even when mr x appeared at the worst,1
outside of the threat of mr x i got to experience,1
big man named mr x with a fedora chasing,1
love this game so much mr x made me want to,1
effects shines in this game mr x in this remake is,1
enemies like the lickers and mr x towards the end that,1
and of course there s mr x constantly chasing you and,1
strong but i ♥♥♥♥♥♥♥ hate mr x he actually gives me,1
what if mr x was called mr sex🗿,1
looks amazing the addition of mr x was genius you re,1
to have a heart attack mr x gon give it to,1
mr x was pretty spooky but,1
about it and also ♥♥♥♥ mr x i hate that guy,1
mr x overrated,1
i got chased my mr x into a cramped room,1
loved resident evil 2 mr x was a good guy,1
it s great in everyway mr x can be annoying but,1
mr x hot frfr,1
not limited to hunk nemesis mr x ♥♥♥♥♥♥♥ wesker of all,1
s revamped and gripping and mr x dude s a nightmare,1
i see mr x even when im not,1
4 graphics are phenomenal 5 mr x keeps you on your,1
by the crocodile more than mr x,1
messed up will happen or mr x would pop up and,1
mr x is a scary man,1
what if his name was mr sex,1
design and relentless pursuit of mr x create an atmosphere of,1
mr sex is too scary,1
loved it when mr x said it s x,1
horror game ive ever played mr x is the best,1
game specially with no more mr x mod i couldn t,1
mr x is so scary that,1
ai behavior of enemies like mr x can be more frustrating,1
shot off mr x s hat game beat,1
lesser resources to be found mr x or tyrant depending on,1
mr x is too scary make,1
i saw mr x and i ran i,1
graphics great atmosphere great gameplay mr x decent length if your,1
especially with the presence of mr x,1
your ammo and initially seeing mr x are the most scary,1
mr x the world s most,1
bullets store important items avoid mr x etc i ve fully,1
i hate mr x all my homies hate,1
its worth it i hate mr x and his stupid little,1
mr x rizzed up claire 10,1
bullet mannagment the fear from mr x everything about this game,1
mr x big woman beater,1
mr x chased me in circles,1
the ever looming steps of mr x the tyrant just around,1
bloody amazing i d let mr x stomp on me any,1
chasing you everywhere i hated mr x it s like leave,1
and even more so with mr x roaming the halls too,1
you will be caught by mr x who continuously stalks you,1
can call him the chad mr x,1
mr x had me ♥♥♥♥♥♥♥♥ myself,1
and not that traumatizing until mr x comes out of butt,1
just say that i think mr x sort of ruins every,1
not even got to the mr x and im dreading it,1
i love leon mr x very scary don t,1
mr x gave me a good,1
or the constant threat of mr x but because every encounter,1
mr x too scary,1
horror game the tyrant aka mr x doesn t need anything,1
mr x smacked my ass,1
crawling when you finally meet mr x he will roam around,1
the puzzles in this game mr x can go suck my,1
more leon more claire more mr sex less birkin less zombie,1
one of the main antagonist mr x i ve played claire,1
feel and sound like guns mr x is a fantastic tyrant,1
especially when being chased by mr x the characters look so,1
back to play as leon mr x was well so glad,1
more mr x mods pls,1
mr x scares the ♥♥♥♥ outta,1
they feel trivial to beat mr x is awesome with how,1
mr x is too quiet,1
mr x scared me so bad,1
mr beast,1
got my ♥♥♥♥ rocked by mr x would get it rocked,1
mr x gave me ptsd from,1
mr x is kinda bad tho,1
excellent my biggest gripe was mr x i appreciated how he,1
example i also really like mr x here he now walks,1
i see mr x in my nightmares he,1
there too but um yueah mr x game me nightmares but,1
mr x that s your personal,1
mr x would be named mr,1
mr x guapo,1
mr x is a hottie,1
locations have been juxtaposed and mr x keeps the adrenaline pumping,1
punched in the jaw by mr x uninstalled great game,1
mr x is really really hot,1
chase thanks to this game mr x 3 btw first re,1
their ♥♥♥♥♥♥♥ minds over this mr x is absolutely terrifying the,1
mr x kinda hot,1
excellent game having the mr x on me all the,1
mr x scary steamhappy,1
was enjoying the game before mr x was on my ass,1
mr x need to share his,1
marred by only one thing mr x is the single most,1
at the same time and mr x as a stalker enemy,1
mr x makes me shart my,1
was too terrified to face mr x and i couldn t,1
i think mr x has a thing for,1
mr x is nice he ll,1
mr x stole my virginity,1
game never felt boring and mr x even gave me a,1
mr x his abs leon and,1
most incredible part begins when mr x tyrant starts chasing you,1
the dodge is unavailable and mr x is follow you for,1
playthrough well maybe except that mr x keeps pestering the player,1
after this game 9 10 mr x nemesis,1
none just to get through mr x chasing down the player,1
when you are hunted by mr x but that you can,1
iconic enemies like lickers and mr x make their return and,1
right when you get comfortable mr x shows up the game,1
mr x türkiye deki malum birine,1
mr x is honestly not that,1
to you the tyrant aka mr x has far exceeded nemesis,1
i want mr x to choke me,1
do a remake right ♥♥♥♥ mr x though,1
doable one annoying thing though mr x he s insufferable following,1
mr x big scary man,1
weight after being chased by mr x,1
panicked and screamed ♥♥♥♥♥♥♥♥♥ whenever mr x is in hot pursuit,1
mr sex made me mr shart,1
i would hate the tyrant mr x chasing me everywhere but,1
t like the sewer monster mr x is awesome just as,1
i hate mr x like why you chase,1
recommend the mod that gives mr x the x gon give,1
i just made it to mr x and he literally scared,1
mr kennedy,1
and a awesome story and mr x is a big big,1
mr x dominated me and i,1
great game but mr x gets annoying pretty quickly,1
f ck mr x but except this gentleman,1
sacrificing herself for leon against mr x claire throwing sherrys pendant,1
of being on edge with mr x stalking the ♥♥♥♥ out,1
is super horrible esp when mr x kicks in compared to,1
late to the party and mr x has given it to,1
using mods to remove mr x and make headshots realistic,1
mr x big scary,1
need a romance feature with mr x,1
launch game realise mr x exists close game,1
mr x can you please leave,1
when i played through it mr x gave me a full,1
leonleonleon 3 aside from mr x freaking me out a,1
very good tension and evading mr x is a fun challenge,1
dont shoot mr xman s hat off,1
i was genuinely scared of mr x,1
re walking through rpd and mr x walks around the corner,1
such as the iconic tyrant mr x the encounters with these,1
mr x might be the scariest,1
characters beside their sidekick and mr x is always there it,1
g virus zombies lickers and mr x are much more interesting,1
like the tyrant lickers and mr x are nothing short of,1
♥♥♥♥ mr x s one shot at,1
and white acab man ♥♥♥♥ mr x,1
are many opinions about the mr x implementation in this remake,1
aight ada s a baddie mr x is an abusive father,1
mr sex is scary,1
mr gex,1
great story and the horrifying mr x it s hella fun,1
mr x is like that one,1
i approve this game play mr x son of a betch,1
see that giant c bastard mr x is meahhhhhh nemesis is,1
story ♥♥♥♥♥♥ amazing characters and mr x gon give it to,1
trouble here not so much mr x is probably the largest,1
mr x is the scariest part,1
mr x traumatized me and then,1
mr x can peek through the,1
my dad is mr x,1
disappoint and there is also mr x the same nightmare that,1
enemies themselves are amazing visually mr x is amazing for tension,1
cherry é muito chata 2 mr x detesto que ele seja,1
mr x now chases me in,1
thought it was fun also mr x is obnoxious and does,1
i quit where ♥♥♥♥♥♥♥ tyrant mr x started to chase me,1
the music that plays when mr x starts chasing you is,1
mr x footsteps gives me ptsd,1
made mr x my ♥♥♥♥♥,1
seconds immediately when i saw mr x,1
leon however this guy called mr x killed my dog one,1
killed weren t actually dead mr x was scary as hell,1
when mr x show up i pee,1
mr x sex update,1
mr x makes me sad,1
a full of jumpscare especially mr x the worst nightmare the,1
cool game very scary when mr x chasing,1
scares and the fact that mr x follows me around gives,1
haha mr x go dunkdunkdunkdunkdunk,1
this experience for me with mr x thanks to mods this,1
now i know why mr x is called mr x,1
didnt fully like was when mr x became a thing but,1
very fun i cheered when mr x died during both leon,1
my friend modded mr x out of the game,1
amazing game mr x is very spooky,1
very short very fun game mr x gives me nightmares,1
mr x is scary and i,1
mr x is a great guy,1
doesnt get in your way mr x is another dinosaur in,1
mr x comes out of nowhere,1
just wanna say maybe mr x is in love with,1
worse you can mod away mr x it s fun to,1
the first and the improved mr x also this game is,1
argument to be made that mr x is not a good,1
because going against nemesis made mr x feel pathetic in comparison,1
mr x scary me like,1
don t like the fact mr x just ignores you if,1
i like being stalked by mr x it makes me feel,1
mr x footsteps 10 10,1
good game but mr x big boi that stalk,1
it to ya every time mr x is in pursuit step,1
bored 10 10 fun asf mr x can suck my nuts,1
ahh mr x just when i thought,1
they pulled it off too mr x is plenty scary and,1
mr x broke my ribs,1
tension while being chased by mr x 100 10,1
mr sex grabbed me and i,1
mr x makes me feel things,1
mr x has rizz,1
my heartbeat increase 1000 when mr x appears replay this game,1
the horror even chased by mr x who can t be,1
increase difficulty to hardcore and mr x was annoying not intimidating,1
why mr x kinda hot though all,1
mr x jump scared me the,1
mr x made me ♥♥♥♥♥ my,1
i need a hug from mr x,1
how the game mechanics do mr x always creeps me out,1
pretty fun biggest complaint is mr x went from terrifying to,1
best remake mr x in a swimsuit 3,1
scenarios first time through hearing mr x s footsteps echo in,1
the sound of mr x s boots struck actual,1
kinda became comedic how randomly mr x appeared out of no,1
7 10 mr x is really unnecessary in,1
waiting for me there and mr x slowly entering the room,1
nostalgia factor to be amazing mr x is one of the,1
great mechanics in between the mr x encounters and how the,1
and great mechanics inbetween the mr x encounters and how the,1
mr x nice,1
mr x get a life,1
impossible the constant pressure from mr x felt a bit much,1
i shat myself when mr x popped up 10 10,1
finish re4 buy re2 sees mr x quit the game and,1
cope with these tight corridors mr x isn t scary he,1
back for one second without mr x sticking his fist up,1
this game until i see mr x,1
mr x has maximum rizz,1
the blood rushing feeling of mr x on your arse can,1
remake of resident evil 2 mr x in this remake is,1
aint no way mr x isn t black,1
mr x worst nightmare is clock,1
the gameplay is smooth and mr x is a really scary,1
mr x ain t so scary,1
cant man i ♥♥♥♥♥♥♥ cant mr x makes me sh t,1
mr x might actually jump through,1
me when mr sex shows up i shidded,1
mr x is your biggest fan,1
i swear mr t walks slightly faster when,1
fun stuff but keep mr x away,1
jesus christ mr x scares the ♥♥♥♥ out,1
idea of constant pursuit by mr x which is a much,1
mr x is intimidating,1
mr x is so fine,1
mr x 😨,1
i understand people love the mr x pursuit mechanic but it,1
aware of your presence or mr x following you for a,1
h1 mr x r34 goes hard h1,1
loved this game but ♥♥♥♥ mr x and he s loud,1
hit just in case if mr x was near during my,1
mr x punch,1
remake is the addition of mr x i mean who does,1
outside of boss fights 3 mr x is annoying more than,1
mr x was too scary i,1
by zombies and lickers and mr x always carrying a knife,1
mr x ♥♥♥♥ off mate,1
side of the story neutral mr x as a gameplay element,1
mr x scary2,1
mr x made me sh t,1
i loved everything except a mr x following you around at,1
when leon hit mr x with that gas station,1
up truly enjoy this game mr x was great i love,1
play it after first encountering mr x but came back to,1
download the mod that gives mr x a massive dong it,1
that emanates throughout you when mr x rounds the corner unexpectedly,1
omg mr x is always chasing me,1
the enemies are unique especially mr x being constantly hunted always,1
quit game after i met mr x ruined whole experience,1
this game is ing amazing mr x is ing terrifying graphics,1
mr x takes a fat dump,1
of fresh air playing against mr x was a very unique,1
mr x is terrifying but rocket,1
beautiful game and sound design mr x was also fun,1
clamp your cheeks while screaming mr x please leave my butt,1
paced list list 3 tyrant mr x was a bit annoying,1
atmosphere and the unpredictability of mr x and the zombies chasing,1
mr x footstep s haunt me,1
mr x makes me wanna cry,1
much enjoying the game until mr x showed up from there,1
even better with the no mr x mod sorry not sorry,1
does anyone have mr x nude mod,1
on that later the document mr raccoon and the safe s,1
is so good because the mr x is handsome,1
ramake of a 1998 game mr x loved by the majority,1
and did not know about mr x chasing you,1
otherwise intelligent fun game and mr x isn t cool or,1
mr x made me scream 10,1
cuz i m scared of mr x,1
good ass game that bastard mr x is haunting my damn,1
don t know about this mr x guy people keep talking,1
the best re game yet mr x is quite clingy but,1
when mr x start chaseing me i,1
love simulator and a dumb mr x ddd,1
very sex game but mr x always rape me,1
characters are beyond incredible and mr x is horrifying,1
negative is the prominence of mr x makes the game so,1
gets boring never scary and mr x on standard difficulty at,1
dimitrescu in it 11 10 mr racoon,1
mr x looks like my ex,1
mr x a generational dickrider,1
ada are charming protagonists and mr x is the best stalker,1
below regarding running speed and mr x the lickers are much,1
scary when u have the mr x chasing you around and,1
mr x wants to clap my,1
mr x terrified me alot,1
always being hunted especially as mr x makes an appearance throughout,1
game looks beautiful and tyrant mr x constantly looking for you,1
aren t too hard tyrant mr x is scary as hell,1
from more complicated puzzles mod mr x out of the game,1
my pants hearing and seeing mr x chasing me across the,1
mr x is scaryyyy,1
zombies to the bosses to mr x it was a blast,1
mr x made me soil my,1
i dreamed of leon and mr x for a whole week,1
start game enjoy game find mr x mr x runs at,1
mr x best chiropractor in raccoon,1
make a big deal about mr x but he is barely,1
damn lickers and a whole mr x chasing my ass 10,1
not like was the immortal mr x that chases you everywhere,1
top when everything is incredible mr x is a villain that,1
legend with zero disappointments except mr x tbh mr x take,1
avoiding enemies completely spoiler and mr x aka the tyrant reflects,1
to fight and the tyrant mr x is absolutely terrifying even,1
is amazing getting chases by mr x is horror the dark,1
you will panic when seeing mr x and you will panic,1
dieses remake davon auch lieben mr x wirkt jetzt sogar noch,1
the controls are satisfying and mr x going around rpd trying,1
actually this game and troll mr x again haha,1
good game but i hate mr x,1
around the police station by mr x who is relentless in,1
level design is really good mr x scared me when i,1
even a bioweapon like mr x know how to fashion,1
solid a bit overrated and mr x has nothing on jack,1
gagged mr x and william birkin for,1
plus the increased prevalence of mr spooky largeman ends up dramatically,1
i hate lickers and mr x,1
mr x got less scary when,1
remake mr x is scarier than remake,1
played re village but this mr x guy is really annoying,1
hallway with a licker and mr x chased me amazing game,1
im exploring always meet with mr gentleman x ughhh makes me,1
everybody is gangsta until mr x start walking,1
all my expectations but man mr x is one tough ♥♥♥♥♥♥♥♥♥♥♥,1
mr x gave it,1
how much of a threat mr x is in this game,1
bullets store important items avoid mr x haha i finished this,1
that happen but to throw mr x at you right off,1
mr x s boss theme haunts,1
in the prison area with mr x,1
my body when i saw mr x for the first time,1
mr x make me pp my,1
and the creepy sound design mr x still makes me nervous,1
being chased and under threat mr x aka tyrant minor spoilers,1
mr x is a very large,1
mr x is scary especially when,1
another door but at least mr x doesn t make it,1
found a way to avoid mr x finally have decent weapons,1
chasing me around like bruh mr x aint the top g,1
graphics great characters and scary mr x 10 10,1
ivys or being punched by mr x and while recovering by,1
felt ok with the game mr x was annoying and made,1
mr x chasing you is scary,1
planning one step ahead and mr x omg he follows me,1
less scary the fact that mr x never once managed to,1
is excellent by my god mr x is a ♥♥♥♥ to,1
a zombie or god forbid mr x comes into the room,1
in it is wonderful but mr x is annoying and kept,1
remove the ♥♥♥♥♥♥ mr x,1
popping out from behind doors mr x trying to hit me,1
mr cex,1
all fun and games until mr x appears,1
seram apalagi kalau dah ketemu mr x,1
mutated william birkin the indomitable mr x and it boasted a,1
despair atmosphere the ai of mr x was interesting to play,1
one mag making the tyrant mr x look way better and,1
mr x on that sigma male,1
beautiful and sound was amazing mr x is also very well,1
plot i am terrified of mr x and frankly everytime i,1
leon sexy kennedy is handsome mr x hunting like your mama,1
such a massive influx of mr x leon stories hmmmmmmmm well,1
fun but mr x gets annoying after a,1
mr x stop walking please i,1
😤 and i really hate mr x the tarant or that,1
excelente juego cuando te presigue mr x de verdad te cago,1
was mildly heavily spoiled but mr x tyrant while a decent,1
mr x do be kinda looking,1
station the boss battles suck mr x is the only cool,1
it the first time having mr x chase you through half,1
more depth to the lore mr x stop chasing me seriously,1
mr x is a ni,1
up for the abundance of mr x and my ever present,1
mr x appears in an unexpected,1
mr xxxtentacion,1
fun and actually pretty spooky mr x damn footsteps keep pissin,1
massive cheeks clappin kept alerting mr x,1
addition is the reintroduction of mr x as the main stalker,1
mr x is just swole nick,1
and love how they made mr x,1
love the game mr x scared me a bunch,1
of naked claire ada and mr x who at this point,1
the story running around with mr x was fun,1
review if you also think mr x got a fat dumpy,1
mr x touched me many times,1
notch good story and visuals mr x can suck it though,1
pros mr x the characters the gameplay,1
city design enemáků bossové příběh mr x je absolutně boží claire,1
different location by baiting them mr x always knows where you,1
you in the game 4 mr x adds to the game,1
satisfying way also the fella mr x second half not as,1
i had no experience with mr x and his pursuit that,1
they aren t really present mr x t 00 tyrant wasn,1
mr x is a friendly gentleman,1
is excellent you can hear mr x footsteps when he is,1
mr x surprise sex,1
i have ever playd and mr x is the best part,1
players time speaking of which mr x should ve been included,1
the unforgettable and menacing stalker mr x who s footsteps could,1
didn t see mr x throw it back do,1
good game but mr x is only in the,1
two campaigns hooray i found mr x to be not as,1
mod to get rid of mr x,1
your toes when the tyrant mr x comes in you have,1
inserted into other items whilst mr x stalks you relentlessly as,1
not designed around them capcom mr x is nothing more than,1
mr x is scary gud game,1
it ended lol that s mr x the graphics are really,1
very pretty claire is hot mr x could choke me and,1
rocket launcher to blow up mr x,1
mr x is big scary,1
nice and scary and yeah mr x is haunting me to,1
of funny zombies infected and mr x etc today was so,1
when mr x comes out to play,1
ruined by some loser called mr x or the tyrant he,1
hard to kill and yes mr x haunts my dreams 7,1
as the other characters are mr x is very menacing as,1
mr x is still the scariest,1
just skins and weapons and mr x stuff which is fine,1
sound absolutely scary and hearing mr x roam around the halls,1
dread and occasional action especially mr x as someone who doesn,1
my pants multiple times when mr x would come through a,1
รู้สึกเกมมันน่ากลัวจริง แค่ mr x,1
horror games so i disliked mr x of course glad that,1
mr x hits hard,1
gotta stop the review cos mr ♥♥♥♥♥♥♥ x is coming,1
that mr x fellow is quite menacing,1
the tyrant a k a mr x the stalker enemy that,1
police station layout you have mr x on your tail with,1
the sexiest men alive and mr x made me squeal for,1
great a i especially for mr x a lot of contents,1
bang tapi saya takut sama mr x,1
manageable and challenging and seeing mr x for the first time,1
mr x and licker make me,1
mr x likes taking my booty,1
shes amazing sometimes i saw mr x becuase i always juked,1
zombies scary to face again mr x is the best remade,1
i was jaded and figured mr x would be incapable of,1
♥♥♥♥ u mr x,1
again almost pissed self when mr x came at me and,1
mr x is a one of,1
were present in the original mr x stalking you throughout the,1
their own way the way mr x is introduced is also,1
arcade y shoot em up mr x mr x serves as,1
sf un and sacdary although mr x can heck off,1
of story full of frights mr x sneaking up on me,1
shotgun into a wall thankfully mr x stomped across the police,1
e g backtracking sponge zombies mr x etc,1
mr x never leaves my side,1
fun game mr x is a beast,1
sense of tension outside of mr x resident evil 2 falls,1
mr x is sex,1
rests due to anxiety issues mr x sucks though and that,1
i was exiting a door mr x came out of nowhere,1
you can t pat mr x on his bald head,1
quibbled to me i found mr x more annoying than scary,1
really scary especially the imposing mr x who can appear out,1
00 tyrant popularly known as mr x this is exactly what,1
10 10 mr x gave it to me,1
that then the appearance of mr x may be enough to,1
cosmetics for the bonus modes mr x is obviously a great,1
with the constant fear of mr x stalking you it kept,1
i like when mr x rail me in library,1
mr x is my bestie 33333,1
constant tension from tyrant s mr x footsteps all the time,1
mr x go brr,1
modern sensibilities proper scary because mr x gone give it to,1
prescence of being hunted by mr x this game checks all,1
me in this game was mr x chasing almost the whole,1
mr x is so big and,1
mr x made me poop,1
i hope mr raccoon goes to hell before,1
mr x gave me stress induced,1
the unrelenting predator that is mr x this game is filled,1
when mr x walked up to leon,1
gets more another type zombie mr x scare uninnstall,1
hearing the loud footsteps of mr x as he trails behind,1
he goes by the name mr x,1
mr daddy x will keep you,1
good and its cool how mr x made an appearance that,1
it but watch out for mr sex,1
enemy is more scary than mr x with the loud thudding,1
when you get punched by mr x through a wall,1
it s the perfectly scary mr x is terrifiying and the,1
for shooting your hat off mr x,1
cg movie when meet licker mr x will better,1
lack of inventory storage or mr x forcefully causing you to,1
mr x makes me audibly scream,1
like theres one that turns mr x into thomas the train,1
hehe i can mod mr x to wear a speedo,1
very good mr x scares the ♥♥♥♥ outta,1
mr x makes my ♥♥♥♥♥♥♥ smaller,1
i can recommend this game mr x can give your heart,1
but i found the revamped mr x to be really annoying,1
cant sex mr x bad game,1
but claire chung s father mr x bong doesn t like,1
the new pursuit mechanic with mr x as he stalks you,1
a 9 10 too many mr raccoons,1
turing the corner and seeing mr x is terrifying and i,1
mr x is my daddy now,1
mechanics of the enemies spoiler mr x this 7 feet tall,1
time i still enjoyed it mr x is honestly just a,1
pissed myself i hate you mr x,1
mr x came and gave it,1
good game genius genius genius mr deed guy,1
mr x is not nice,1
maybe except the part where mr x was chasing me on,1
expect it a lot bro mr x go chase chase and,1
mr x is big ♥♥♥♥♥♥,1
cool game mr x scary,1
the sound of mr x s footsteps haunt me,1
update for ray tracing also mr x has a big alien,1
second half was alright wished mr x stayed a little longer,1
mr x raped me,1
management « mixed » • mr x is a great feature,1
games i ve ever played mr x is a little ♥♥♥♥♥,1
is until the game throws mr x at you i m,1
in the game that is mr x mr x will hunt,1
pros mr x cons mr x,1
mr x is just a silly,1
can sex mr x,1
by far in my opinion mr x does an amazing job,1
mr x shivered my timbers while,1
simplistic shoot the orange spot mr x if you know nothing,1
mr x and one licker corned,1
1 bullet or 60 headshots mr x is in the game,1
mr x big mean makes me,1
was terrified in anticipation of mr x i then bought it,1
stay still to long or mr x will track you down,1
would be better if mr x was purple but its,1
like horror games invincible enemies mr x some crude but faithful,1
resident evil 2 and honestly mr x is by far the,1
phew finally thats last of mr x it was in fact,1
and a half hours in mr x is scary and i,1
up for what they cut mr x is quite possibly the,1
it from the back from mr x okay love you bye,1
games ive played and the mr x gonna give it to,1
so epic besides running from mr x that was for real,1
jump scares the best is mr ex comes out it even,1
playing as claire i let mr x catch me teehee for,1
are ones like thomas as mr x ok tried the vr,1
bad time for your ankles mr x is a completely random,1
great the chase sequence with mr x was also exciting if,1
than a few times by mr x busting through walls like,1
monsters like the lickers and mr x is equally impressive the,1
play hide and seek with mr x by the way this,1
the puzzles have been removed mr x has gone from being,1
thrill of the chase by mr x gave a real sense,1
their toes the incorporation of mr x as an ever present,1
more with these simple puzzles mr capcom also good game,1
mr x is scawy,1
up extra loot especially when mr x is following you around,1
boom boom mr x don t give it,1
and it was great fun mr x stalking you around the,1
id bang mr x,1
mr x did indeed give it,1
is that there is a mr x that dies quickly on,1
game with an amazing story mr x really is going to,1
mr x you bastard i can,1
still due to how perfect mr x s tyrant ai is,1
ggez looped mr x for 40 gens and,1
most part though i felt mr x got very annoying for,1
of a giga chad – mr x clearly skipped leg day,1
sound of footstep approaching from mr x definitely recommend this game,1
a little hot i hate mr x,1
installed a mod that turned mr x to thomas the tank,1
of puzzles bosses and environment mr x one of the best,1
mr x is fat,1
hear a g monster plus mr x got a heart pounding,1
burn zombies with the flamethrower mr x is great too makes,1
and lacks spook creep • mr x feels out of place,1
fok you mr x,1
ass handed to me by mr x and a licker like,1
your luck everyone knows what mr x footsteps sound like too,1
game is cool but mr x is mean fr fr,1
♥♥♥♥ mr x but it is cool,1
the superfluous complaints such as mr x not having two flaming,1
mmmm mr x ⣿⣿⣿⣿⣿⣿⣿⣿⡿⠿⠛⠛⠛⠋⠉⠈⠉⠉⠉⠉⠛⠻⢿⣿⣿⣿⣿⣿⣿⣿ ⣿⣿⣿⣿⣿⡿⠋⠁⠀⠀⠀⠀⠀⠀⠀⠀⠀⠀⠀⠀⠀⠀⠀⠉⠛⢿⣿⣿⣿⣿ ⣿⣿⣿⣿⡏⣀⠀⠀⠀⠀⠀⠀⠀⣀⣤⣤⣤⣄⡀⠀⠀⠀⠀⠀⠀⠀⠙⢿⣿⣿ ⣿⣿⣿⢏⣴⣿⣷⠀⠀⠀⠀⠀⢾⣿⣿⣿⣿⣿⣿⡆⠀⠀⠀⠀⠀⠀⠀⠈⣿⣿,1
the remake i remember was mr x s theme it was,1
im shidding my pants screw mr x,1
be disabled is very interesting mr x is the most memorable,1
still freak out at hearing mr x stomp around in the,1
of the games main antagonist mr x is always felt as,1
inclusion of the tyrant aka mr x are a great addition,1
i heard that sound when mr x was around it scared,1
there the input of making mr x chase you halfway of,1
turnoff for me is when mr x appeared and started looking,1
mr x kinda mid,1
bald dude called mr x keeps chasing you no,1
easier to find out where mr x is,1
i liked the scenes with mr x were especially nerve wracking,1
as a survival horror game mr x lickers zombie dogs and,1
knife on bosses and trolling mr x this game turned me,1
worst story is fun and mr x is a scary mofo,1
is so good and when mr x follows you and you,1
mr x will make you sh,1
is the only time that mr x is intimidating though once,1
its awesome and mr x is an ♥♥♥♥♥♥♥,1
to play more horror titles mr x is scary as ♥♥♥♥,1
i will move on b mr x b i love this,1
⠄⣸⣿⣿⣿⣿⣿⣿⣿⣿⣿⣿⣿⣿⣿⣿⡿⠣⣿⣿⣿⣿⣿⣿⣿⣿⣿⠄ ⠄⣿⣿⣿⣿⣿⣿⣿⣿⣿⣿⣿⣿⣿⠿⠛⠑⣿⣮⣝⣛⠿⠿⣿⣿⣿⣿⠄ ⢠⣿⣿⣿⣿⣿⣿⣿⣿⣿⣿⣿⣶⠄⠄⠄⠄⣿⣿⣿⣿⣿⣿⣿⣿⣿⡟⠄ swiggity swooty mr x coming for claire leon,1
stop even for 1 second mr x on your neck although,1
to make players feel unsafe mr x can go many more,1
i almost stopped playing when mr x showed up i ended,1
to a special man named mr x every were i go,1
game it seemed as though mr x knew where i was,1
mod the game to have mr x be freddy fazbear to,1
add sex for mr x,1
mr x s fedora,1
9 9 10 mr x in a thong isn,1
title and the vr mod mr x and the lickers are,1
and for leon motherfu ng mr x ok mr x is,1
acting is on point even mr x is as menacing and,1
i grew up with and mr x has never been so,1
of places and the having mr x show up straight away,1
really enjoyed the game although mr x annoyed the hell out,1
mentioning the big man himself mr x this big bastard leads,1
mr x step on me 3,1
claustrophobic corridors the lickers and mr x taking advantage of this,1
few attempts but not forever mr x is amazing he adds,1
✅ a persistent terrifying antagonist mr x that creates constant tension,1
mr x can bang me anytime,1
i peed my pants whenever mr x start to chasing me,1
so much edit i met mr x and ever since he,1
i ve played all year mr x really is a game,1
later and finish exploring b mr x b the best and,1
mr x is bloody annoying,1
content ghost survivors great replayability mr x is iconic,1
it i personally terrified by mr x because of how big,1
mr x is a confirmed simp,1
pants every time i hear mr x s earthquaking footsteps,1
m at the point where mr x chases you and i,1
except the boss fights and mr x thankfully the og soundtrack,1
gamemodes and infinite weapons also mr x do be lookin kinda,1
opposite reason as well when mr x comes into the picture,1
biggest fan of those being mr x the side character bits,1
made game once i met mr x the first time it,1
you won t even see mr x the guy everyone made,1
was however done brilliantly here mr x was also extremely well,1
got so stressed when mr x showed up i have,1
great game mr x and the lickers will,1
you play that mothaf cka mr x gonna give it to,1
modding community horny at times mr x go brrrrrrrrrrrrrrrrrrrrr 10 10,1
s an absolute madness having mr x chasing you in virtual,1
mr x scary pls help,1
will definitely get chased by mr x again also hunk and,1
mr x tips fedora m lady,1
basically hide and seek with mr x,1
take away from replay value mr x was fun the first,1
modded mr x out of the game,1
evil 2 without talking about mr x truly one capcom s,1
blowing up mr x with a rocket launcher,1
while i never really disliked mr x s greater inclusion here,1
galore and being chased by mr x if you re a,1
every time i see mr x i scream,1
hard enemies on hardcore difficulty mr x on my ass all,1
minor gripe is the famous mr x who at one point,1
or the scariest of all mr x he is one of,1
mr x corners scary,1
the zombies are very realistic mr x is awesome and threatening,1
to ya mod and the mr x speedo mod,1
graphics are a massive upgrade mr x is intense adding the,1
bangst feel surviving nya apalagi mr x nya,1
ass alligator encounter spoiler and mr x were cool as heck,1
good atmosphere and the wonderful mr x keeps me company when,1
stalking mechanics of the tyrant mr x keep things interesting if,1
un muy buen survival horror mr x es un reql,1
can install nude mods for mr x 10 10,1
the claustrophobic hallways and rooms mr x and the lickers will,1
resident evil franchise also ♥♥♥♥ mr x you absolute piece of,1
i hate and love spoiler mr x spoiler,1
walks resident evil 2 like mr x from behind a crashed,1
mr x made me take a,1
running away from mr x and then there s,1
gave me many jumpscares and mr x was so menacing this,1
would not recommend since mr x has the urge to,1
game but now that ♥♥♥♥♥♥♥ mr x has appeared i don,1
i knew mr x was in this i,1
birkin is awesome in both mr x is great also cons,1
evil 2 they somehow made mr x better than nemesis,1
this game only just saw mr x as the other 18,1
the first playthrough with spoilers mr x chasing me it s,1
mr x do be kinda fine,1
are hilariously badly designed balanced mr x the game s signature,1
the key out the tyrant mr x appears he appears as,1
i wish mr x would take me out,1
atmospheric and incredibly well designed mr x is terrifying a near,1
and i can say that mr x isn t as annoying,1
this game i sometimes wish mr x wasn t on my,1
the squeaky feet mod for mr x is what makes it,1
come at me mr x and again and again,1
got over my fear of mr x and was able to,1
good scares mr x makes me very nervous,1
the adventures of mr x and the redfield lineage,1
summary mr chuckles likes to play tom,1
great game but mr x gonna give it to,1
police station is a treat mr x chasing you is more,1
mr x is sexy af,1
is fine as for details mr x sequences is mostly good,1
game what a solid experience mr x has gave me goosebumps,1
zombies were fun to kill mr x was an s tier,1
all time leon kennedy and mr x,1
thrilling and the parts with mr x prove one of the,1
of the runtime fairly silent mr x s theme the ending,1
fun but mr x is scary,1
i want to see is mr x,1
arrival of the fashionable miniboss mr x is when the game,1
you can remove mr x if you think he,1
game are so fun and mr x makes it super stressful,1
playing on easy maybe make mr x not be in 1st,1
mr x never gonna give you,1
10 10 would juke mr x s dumbass again,1
ever you encounter the infamous mr x which is quite often,1
original re2 getting stuck between mr x and a licker is,1
my pants everytime i hear mr x big feet,1
heart racing as much as mr x stomping in your direction,1
bruh i mean mr x slap,1
was enjoying this game until mr x appears having to run,1
or the menacing footsteps of mr x give you the sense,1
a lot wrong amazing graphics mr x actually stalking you instead,1
i fart it 10 10 mr x nude mod erect gives,1
all of the zombies into mr x,1
the most is the tyrant mr x but also the most,1
leon different villain characters for mr x and cosmetic guns story,1
story goes with the infamous mr x aggressively power walking after,1
got used to the game mr x will come and destroy,1
it the only negative was mr x who was a bit,1
class bio hazard known as mr x stalks them throughout the,1
jump a few times and mr x and lickers stressed the,1
are sadly no highlight but mr x makes up for it,1
the other mainly dealing with mr x for me as much,1
so bad then they introduce mr x and it s terrifying,1
i can say is that mr x is as scary as,1
♥♥♥♥♥♥♥ awesome the atmosphere and mr x he is terrifying it,1
mr x has the presence and,1
very good mr x was awesome and scary,1
liked very scary with mr x,1
frustrating and watch out for mr x that was a really,1
the graphics the tension when mr x follows you its just,1
you can mod mr x with a g string,1
story leon just wait until mr x finds you,1
yourself with every enemy being mr x lickers or g4 burkin,1
at home watch out for mr x and lickers and pretty,1
versatility puzzle difficulty hoe ass mr x aneurysm,1
mr x is awesome the sound,1
mr x is very scary 10,1
ending and the design of mr x is pretty good,1
zombies are hideous and when mr x appears i almost always,1
much fun but beware of mr x,1
10 would give it to mr x again,1
the second run game mode mr x was great he really,1
this game is good except mr x which is easily the,1
mr x has been walking towards,1
oh my ♥♥♥♥♥♥♥ god mr x is so hot i,1
as said before and ofc mr x hunting you throughout the,1
and plays just as well mr x is a brilliant inclusion,1
mr x go walk walk walk,1
fun game mr x is scary lol,1
it s a legitmate masterpiece mr x gives me more anxiety,1
mr sex will come for you,1
the thump thump thump of mr x getting closer and closer,1
ever done 🔲 elon musk mr beast h1 13 16 frequent,1
and they re down b mr x b he s so,1
this game for therapy until mr x chase the hell out,1
that scary aside from the mr x chases and thought it,1
mr x go kabom,1
weapons and side story also mr x isn t that bad,1
the relentless unforgettable presence of mr x this isn t just,1
i m ready to become mrs leon scott kennedy,1
great from the zombies to mr x it s amazing the,1
the enemies are terrifying especially mr x and he is one,1
do not like the lickers mr x fun to loop around,1
a big issue then came mr x f that guy i,1
more control over how much mr x they run into he,1
all your stuff and sends mr x after you then it,1
is hot and so is mr x,1
bom o problema é o mr x que foi o que,1
where clair was naked and mr x was actually thomas the,1
careful of mr x scary af,1
ewwww guns and that angers mr mrs x so he walks,1
could appear at any moment mr x is absolutely terrifying when,1
sound is just amazing and mr x is scary as ck,1
instance the loud stomps of mr x made me shiver many,1
re exploring previously locked areas mr x relentlessly following you it,1
mr x isn t friendly,1
mr x gon giv it to,1
good 69 10 beware of mr x though if you ve,1
to do fall flat yes mr x does have his own,1
en b h2 run from mr x h2 i haven t,1
being hunted by a naked mr x with rubber duck noise,1
simultaneously feels fresh spoiler thiccboi mr x spoiler is bae,1
knock off for the unnecessary mr x who chases you around,1
when you have to escape mr x or when you fight,1
epic oooooooooooooooooooooooooooooooo ahhhhhhhhhhhhhh mr x is spooooooooo ahhhhhhhhhhhhh oh,1
mr x sure as hell is,1
my pants alot especially when mr x appeared,1
i also feel that having mr x stalking you around every,1
protagonist is as well having mr x chase you around makes,1
lickers are more scarier then mr x and the tyrant boss,1
acting and story is fantastic mr x s footsteps was terrifying,1
least 10 times screw you mr x i hate you,1
reality again the fear of mr x or tyrant is inevitable,1
game are the tyrant pursuer mr x and mutant murder machine,1
mr x get shrexeed,1
of the game having the mr x character chase both characters,1
the addition of a tyrant mr x chasing you around survival,1
any video game ever also mr x is scary and creepy,1
unfair to fight against and mr x is one of the,1
heard the thumping footsteps of mr x the screeching screams of,1
so i dont count so mr x is the worst part,1
play as a tofu however mr x is not as good,1
susuk momok stalker yang dikenali mr x dalam pada itu leon,1
got to play as ada mr x big scary,1
crashes when saving mr x final fight elevator is,1
boss fights which is awesome mr x is awesome though he,1
hide an unexpected enemy encounter mr x alone gest so much,1
accolades from players and solidified mr x as a recognizable household,1
heartwarming and satisfying spoiler u mr x u this beautiful beast,1
more potent being chased by mr x was so intense i,1
end the atmosphere gameplay graphics mr x oh my god this,1
keys and being followed by mr x everywhere you go as,1
i can hear mr x s footsteps in my,1
mr x makes me poop to,1
mr x should be the winner,1
mr x is spooky s,1
the memes and how beloved mr x is in the end,1
mr x nude erect models and,1
claire a pawg mr x a dawg and this,1
had a hard time with mr x the way he stomps,1
remake was really scary plus mr x is one hell of,1
her purpose i also liked mr x the guy who is,1
me tense the entire time mr x is relentless and you,1
the adrenaline damn always having mr x follow you hearing his,1
100 100 mr x help me fix my,1
more action games alike while mr x s still horrifying the,1
other game could thank you mr x,1
to manage your ammo properly mr x is terrifying as hell,1
first run though that dang mr x claire is bae 3,1
very intense and fun gameplay mr x is super duper cool,1
really fine heals and ♥♥♥♥ mr x its a very good,1
game they just drop unkillable mr x on you and he,1
mr x knows how to fight,1
after being simultaneously chased by mr x and a licker but,1
gud gam but mr x scary men plz no,1
mr x did it better than,1
more annoying than dealing with mr x who is more of,1
you the lickers and especially mr x will play with your,1
mr x be like,1
that mr x guy is scary af,1
mr x will haunt me for,1
guud game mr x very scary,1
well ada is unbelievably sexy mr x is terrifying and does,1
somewhat enjoyed the game until mr x showed up i said,1
with almost no health while mr x gives it to you,1
favourite games of all time mr x still manages to freak,1
low poly models i remember mr x especially always have a,1
is a perfect fit spoiler mr x is wildly improved both,1
and scarier than the og mr x is perfect scary and,1
and every encounter has weight mr x adds constant pressure without,1
mr x go brrrrr,1
yeeehaww this game was epic mr x was totally rad and,1
nice oh and i forgot mr x you can t imagine,1
mr x s stomping along with,1
killing zombies getting chased by mr x hell yeahhh,1
tension brought the game by mr x especially in your scenario,1
playing and checking out and mr x is fun to deal,1
out of breath its dangerous mr x would come onto you,1
grownups” for the moments where mr x just makes you go,1
he was 10x faster then mr x t 00 i love,1
despite being blind and finally mr x who hunts you down,1
ll have a great time mr x can be a bit,1
in regards to these enemies mr x has also been greatly,1
mr x just wants to hand,1
however i have nightmares from mr x to this day,1
the tension building anxiety of mr x stomping his way around,1
fear of being chased by mr x and hoping i don,1
monsters hands the tyrant aka mr x is now a dangerous,1
remake of the 1998 classic mr x is so much fun,1
i missed last mr racoon,1
♥♥♥♥♥♥♥ incredible mr x almost made me ♥♥♥♥,1
and i can t beat mr x with no ♥♥♥♥♥♥♥ ammo,1
that basically lets you destroy mr x and make fun of,1
mr eggs very big,1
10 if you download the mr x gon give it to,1
immersive challenging exciting mysterious mr x constant footsteps serves as,1
and are simply asynchronous spoiler mr x is not really chasing,1
one point you run into mr x an infamous tyrant large,1
mr x reminds me of zi,1
the heavy dominating footsteps of mr x however one gripe i,1
game 5000x better especially when mr x decides to bust through,1
game wont let me fight mr x,1
have your first encounter with mr x damn this guy caused,1
ran from mr x and went into the,1
really did not enjoy 1 mr x the pursuing tyrant can,1
game because of the tyrant mr x guy cus he made,1
your plans t 00 aka mr x aka mr t who,1
i was never once scared mr x isn t scary at,1
get the point its f mr x him just following u,1
10 10 would recommend if mr x would just leave me,1
of what was done with mr x hell even the cutscenes,1
is a survival horror masterpiece mr x makes me a sad,1
of replayability fun to mod mr x is by far my,1
you can hear exactly where mr x is also the echo,1
best re2 best survival horror mr x is terrifying and makes,1
mr x made my pants go,1
ai and sound design of mr x and his footsteps is,1
the game play the ambiance mr x all of it i,1
and gets even better once mr x shows up b gameplay,1
to kill the zombies and mr x is more annoying than,1
very spooky mr x fists me haard,1
this game was amazing mr x was stressful the characters,1
i do not like mr sex,1
the claustrophobic atmosphere along with mr x chasing you in real,1
the chad mr x,1
people new to the series mr x 10 10 leon s,1
of em oh and that mr x roaming around the place,1
you and your loved ones mr x,1
common complaint 2 t 00 mr x mr x is first,1
zombies start to feel boring mr x arrives i think this,1
from successfully avoiding zombies or mr x to solving puzzles there,1
bruh mr x seggsy but he took,1
places for reasons and finally mr x is much less scary,1
you also load up a mr squeaky x mod squeaky footsteps,1
mr x ruins this game i,1
mr x got me quaking flushed,1
scarier smarter amazing graphics and mr x so much more terrifying,1
place still worth the play mr x should be able to,1
is dark and creepy when mr x shows up your anxiety,1
you with the upgrade to mr x who alone makes the,1
i quit the game when mr x was in the game,1
t get me started on mr x you don t know,1
throw in a good bit mr x is fffffffffff terrifying even,1
is awesome as well hearing mr x s footsteps on another,1
of a zombie yes please mr x is great the pursuit,1
bad moments here and there mr x can be a bit,1
however some elements such as mr x s relentless pursuit and,1
after a bit of time mr x is a b tch,1
of graphic weapons upgrade and mr x,1
notch gameplay modifications loads of mr x and redfield lineage must,1
some parts like tyrant or mr x as some people refer,1
enemies like the lickers and mr x make their return and,1
had in a while and mr x is a moogle meng,1
mr x is the best part,1
become just outright terrifying when mr x comes into play would,1
mr x be lookin kinda cute,1
mr x made sure i wore,1
scary game scary i gave mr x a speedo tho,1
all of these however is mr x he constantly follows you,1
classic though the overuse of mr x can get tedious,1
came face to face with mr x i was shaking in,1
mr x was f cking scary,1
well to the source material mr x will keep you on,1
juke tha ♥♥♥♥ out of mr x then it s a,1
what can say mr x is pengting you know,1
are terrifying especially the relentless mr x whose pursuit adds an,1
great game but ♥♥♥♥ me mr x is a mega ♥♥♥♥♥♥♥,1
mr x is now my daddy,1
to avoid the 10 beast mr x throughout the game more,1
its most successful feature is mr x he was strictly a,1
police station the inclusion of mr x in all campaign modes,1
the remake the role of mr x has been also been,1
with god mod and no mr x don t let fear,1
course the thundering footsteps of mr x reminding you that you,1
mr x slapped my ass so,1
for me would be then mr x i found him annoying,1
my pants when first encountering mr x,1
away a lot especially from mr x,1
love of the original also mr x gonna give it to,1
mr x that s all i,1
more like mr flex,1
shouldn t be able to mr x makes the game just,1
i hate and love mr x because he scares the,1
mr x made me piss and,1
good grafik mr x jump scare,1
and first time i meet mr x i was just nope,1
packed with zombies lickers dogs mr x poisonous abominations not so,1
mr x got me spooked,1
that really bothers me is mr x really gets on my,1
main story is engaging and mr x s presence is defiantly,1
well enemies are more spongy mr x is more annoying and,1
of cute girl got to mr x having him lumber after,1
♥♥♥♥ out of me when mr x came into the mix,1
beat the game even if mr x is nearby there is,1
roll my eyes at ever mr x was handled very well,1
done dr birkin and tyrant mr x are the main villains,1
played love the game except mr x p,1
horror in years great graphics mr x annoyed me a bit,1
wanna say f ck you mr x,1
to be cautious when exploring mr x is a beast who,1
over use of the tyrant mr x resident evil is survival,1
the sound of footsteps from mr x gives me anxiety,1
scared and getting chased by mr x makes it fun and,1
when your being chased by mr x the story of this,1
again as i read this mr x guy doesn t follow,1
the very first encounter with mr x is something i found,1
cat in rpd because of mr x and lickers i miss,1
mr x is the real star,1
for a certain person named mr x,1
terror in a game before mr x came for my ass,1
install mr x squeaky mod if baby,1
spending my time running from mr x completely ruined this game,1
great remake mr x is still an annoying,1
got my skull cracked by mr x a couple of times,1
here kind of thing the mr x mechanic and zombies and,1
in recent memory but the mr x gon give it to,1
in that safe room but mr x is gonna give it,1
existing which were the routes mr x was exclusive to we,1
a tale of mr x s struggle to continue,1
jumscared a few times by mr x,1
and familiar panic soundtrack is mr x s theme black impact,1
the unnecessary elements such as mr x rampaging throughout the rpc,1
at least buy it for mr x,1
a steal at that point mr x gon give it to,1
every step i hear from mr x raises my heartbeat and,1
my biggest complaint is that mr x goes from scary to,1
trying to run away from mr x and never really scaping,1
want to play much when mr x came to the pd,1
games is terrifying once mr x shows up amazing game,1
mr x said he was gon,1
parte con el otro personaje mr x malo los bosses van,1
jump scares and the popular mr x chase awesome story and,1
in the game tyrant aka mr x is actually very thoughtful,1
i fckin hate when mr x is coming for me,1
p s watch out for mr x you ll need to,1
an option to turn off mr x,1
eventually have to contend with mr x play in the dark,1
mr x could have at least,1
thump thump thump thump thump mr x good game btw 3,1
mr x can hear them checks,1
heart attack when mr x walks around the corner,1
bullets solving a puzzle as mr x rounds a corner cannot,1
is a threat as for mr x i honestly cried oh,1
to avoid the infected and mr x for others who are,1
my attraction to the game mr x is an annoying thing,1
stressful during the bits where mr x is chasing you,1
hear the thunderous footsteps of mr x bangin through the hall,1
pretty good mr x reminds me of my,1
i know many people love mr x but his constant following,1
twice for the side stories mr x makes more cameos in,1
be on the lookout for mr x the only problem i,1
complaint so far is that mr x is a bit too,1
game and the fact that mr x keeps chasing you in,1
too scared to continue mr x is a stalker,1
good game much story mr x scary,1
weekend at mr x s,1
when u shoot mr x s hat off he,1
speedo mr x 10 10,1
mr x needs to ♥♥♥♥ off,1
incredible remake and incredible mr x p,1
con este quedo muy impresionado mr x cumple totalmente con su,1
at it until it dies mr x is scary for like,1
zombies 44 lickers and 2 mr x in that one hallway,1
great game mr x is my ♥♥♥♥♥ now,1
improves on re series love mr x,1
just slightly tougher bullet sponges mr x for some reason cannot,1
to playing the rest and mr x is a ♥♥♥♥♥♥♥♥♥♥♥♥,1
mr x is gentleman,1
staind even with the annoying mr x always there to ♥♥♥♥♥♥♥♥,1
i would play it again mr x is one scary son,1
mr x is unnecisseraly annoying however,1
startled every 5 minutes and mr x makes me so stressed,1
running and prepared i enjoyed mr x so much i went,1
you re being chased by mr x and it s footsteps,1
could have looking at you mr x and the way the,1
lickers and also stalked by mr x plus this is my,1
no idea how i forgot mr x the invincible being that,1
around by the tyrant aka mr x is always going to,1
made me ♥♥♥♥ pants when mr x came ♥♥♥♥♥♥ smells my,1
the re engine looks brilliant mr x was scary as hell,1
hide and go seek with mr x while not knowing what,1
mr t don t f around,1
boring the pacing and strucutre mr x brings something new when,1
of fear looking at you mr x the graphics are really,1
and the relentless pursuit from mr x u b full review,1
i don t care for mr x following me everywhere though,1
the game is hiding from mr x terrifying but thrilling,1
great game mr x is now at my,1
i m standing next to mr x making an entrance by,1
enrages the neurobiologist in me mr x is completely pointless and,1
extra polish i really hate mr x in this game the,1
both new and old ones mr x cheesy dialogue highly recommended,1
for a puzzle piece with mr x in my tail is,1
it s worth your time mr x just looks fantastic works,1
in the original game that mr x only appeared in the,1
that won t matter when mr x is stalking you around,1
really well plus they made mr x all kinds of awesome,1
enemy types story twists and mr x daunting footsteps to keep,1
pretty great mr x touched me in weird,1
zombies were bullet sponges and mr x but having played for,1
birkins mr x ada wong police station,1
can consistently be avoided even mr x throws punches so telegraphed,1
good game but mr x is stupid and ruins,1
in this game all from mr x the tyrant making me,1
game omg and i looooove mr x he can break my,1
but man is it tense mr x has had volumes written,1
approves cop this guys even mr x approves ⡴⠑⡄⠀⠀⠀⠀⠀⠀⠀ ⣀⣀⣤⣤⣤⣀⡀ ⠸⡇⠀⠿⡀⠀⠀⠀⣀⡴⢿⣿⣿⣿⣿⣿⣿⣿⣷⣦⡀,1
death b also known as mr x this monster is strange,1
i know mr x is coming mr x,1
mr x tyrant will give you,1
worse thing a tyrant called mr x he or rather it,1
really have a face like mr x so the puzzle are,1
out the plant 43 section mr x ah yes the iconic,1
campaigns which is actually frustrating mr x aint no threat so,1
escape room simulator with zombies mr x lickers g boss game,1
it s good mr x is very scary weeeell,1
to put them down and mr x is pulse pounding great,1
part is when you encounter mr x no other way to,1
badass game even with mr x rearranging my face with,1
hug mr trenchcoat guy for extra points,1
had a heart attack when mr x was chasing me,1
issue here is how annoying mr x can be but he,1
villain in the form of mr x note that the game,1
might just get back up mr x chasing you is genuinely,1
10 10 mr x made me sh t,1
wasting dozens of rounds on mr x mr x s stomping,1
you ll be facing is mr x he will be by,1
the tyrant also known as mr x and he is here,1
franchise in my opinion pros mr x characters setting atmosphere music,1
by this creepy guy called mr x i really adore this,1
a great game didn t mr x stalking you through hallways,1
you on your toes with mr x,1
under control they introduce the mr x to test your skill,1
ve ever played the tyrant mr x is one of my,1
like the first one and mr x is probably the scariest,1
movement controls re7 inventory management mr x is terrifying intense and,1
zombies and bosses zombies and mr x s ai are great,1
it bearable example would be mr x staying down and not,1
behinds you and you see mr x,1
here we go again that mr x aka fedora hat boi,1
and plenty scary to fight mr x in particular just does,1
like tyrant for one or mr x however you want to,1
mr x is like a redditor,1
explore minor spoilers ahead spoiler mr x follows me which makes,1
i bought this for mr x and i dont regret,1
keep you coming back despite mr x,1
how everything would plan out mr x makes an incredible return,1
technically this game is phenomenal mr x is annoying but you,1
just run on pass them mr x in this really reminded,1
mr x broke my jaw,1
scary especially after you meet mr x i nearly quit because,1
a zombie or panic inducing mr x you cannot hide bless,1
the best survival horror experience mr x one of the most,1
the scenes and parts with mr x add so much tension,1
ending was abrupt though final mr x boss battle seemed lame,1
hulking sexy mass known as mr x there are puzzles exploring,1
is certainly keeping me entertained mr x is terrifying,1
on my ageing gtx 660ti mr x although slow and easy,1
it for me despite this mr x despite just lumbering along,1
game great challenges effective scares mr x 9 10,1
amazing game and remake mr x footsteps scares me,1
mr x lickers in the same,1
know as you do anyway mr x is a ♥♥♥♥ thanks,1
good someone needs to tell mr x that stomping around like,1
locations pretty fast and considering mr x is chasing you the,1
playthroughts of leon a and mr x is still scary 10,1
atmosphere is certainly horrifying mr x adds pressure encourages multiple,1
and navigating it more effectively mr x as i m sure,1
the design of g tyrant mr x wasn t really a,1
zombies zombies and mr x love the remake of,1
it ruins the entire game mr x doesn t even become,1
mr x is spooky but that,1
i love it edit everytime mr x shows up i have,1
i am very scared of mr x just as the game,1
become nuisances after a while mr x gets more annoying than,1
a number of times especially mr tyrant s slaps well worth,1
from the original game plus mr x stepfoots sound,1
possible and merge ammo e mr x is unkillable run like,1
8 shots to the head mr x then again ♥♥♥♥♥♥♥ ruins,1
lonely at the beginning but mr x will make sure you,1
own personal criticism would be mr x although he plays a,1
have been vasty improved on mr x also got a very,1
ammo scarcity mid game this mr x suddenly come and patrol,1
make it a bad game mr x can be annoying but,1
and of course the indomitable mr x if you are a,1
and third acts are great mr x is a ♥♥♥♥♥♥♥♥♥♥♥♥♥♥ the,1
design this is compacted by mr x who can be very,1
really ramps things up when mr x shows up and you,1
out of the way of mr x of the two campaigns,1
game as a kid having mr x chase and punch you,1
many horror games and when mr x came i was legit,1
aware of the tyrant pursuer mr x who will ceaselessly chase,1
graphics a great game despite mr x following you around for,1
well as dodging zombies and mr x is hard to find,1
adore the red vixen mod mr x s stalking is much,1
enemys mutants and the worst mr x you have often no,1
the game the infamous tyrant mr x will be stalking the,1
i also didn t find mr x scary like at all,1
the atmosphere and the diabolical mr x this man walks around,1
11 10 just ran into mr x and fml i alt,1
for a real treat…… and mr x will let you know,1
on this game after encountering mr x,1
ammo and the fact that mr x constantly chasing you gives,1
the police station super iconic mr x is terrifying even though,1
great pacing mr x felt like a amateur,1
thing i dont like is mr x lol,1
regular zombies then lickers then mr x and then all of,1
mr x fight is idiot anything,1
pacing and personally i found mr x a great gameplay element,1
have a profound hate for mr x but i guess that,1
i turned mr x into dr disrespect,1
part about this game is mr x but he is supposed,1
unless you do spoiler the mr raccoon toy challenge spoiler but,1
im deeply terrified of mr x and if i see,1
the mr x guy will follow you,1
extremely terrifying especially when mr x comes around the corner,1
of the sa x and mr x i know the original,1
an action style game and mr x the tension you feel,1
slightly in the second half mr x is one of the,1
against the undead especially when mr x and the lickers start,1
mr x is nice you just,1
impediment jesus christ just die mr x they were correct to,1
be on your toes for mr x all of which are,1
love this also the tyrant mr x so intimidating i mean,1
among the threats you encounter mr x is the best at,1
smeared across the wall by mr x again,1
look fantastic especially birkin and mr x who are all very,1
up and continued the game mr x is really annoying and,1
scary immersive for a tps mr x cons mr x wilson,1
after mr x showed up it made,1
how incredibly well done the mr x tyrant proceeds to stalk,1
retrospect the new threat of mr x added a whole new,1
running from mr x is a great experience,1
being stalked by the unstoppable mr x the story is a,1
when its on sale also mr x gonna give it to,1
is actually scary as well mr x is unstoppable as it,1
be useful against certain enemies mr x provides the player with,1
while you are chased by mr x also with the limited,1
adding more to it now mr x or tyrant if you,1
huh my extraction point relax mr reaper,1
the ground the tyrant aka mr x keeps stalking you it,1
story line wise but forgivable mr x is very clunky and,1
mr x approves,1
head shots are king and mr x is definitely gon give,1
the most disgusting way spoiler mr x makes his return seemingly,1
about the game is hearing mr x s stomps through each,1
i was sneaking away from mr x,1
written just open your eyes mr x a greyish terminator wannabe,1
an unkillable stalker enemy archetype mr x is the highlight of,1
get me wrong but remakes mr x ruins the game for,1
more horror than action with mr x running around it adds,1
100 worth playing also ♥♥♥♥ mr x,1
of shots before going down mr x is super scary and,1
mr x always gonna give it,1
over and over and somehow mr x breaking through the wall,1
mr x more like mr doesn,1
well and looks very pretty mr x gon give it to,1
mr x very cool,1
play i love the characters mr x is an amazing enemy,1
the game play was refreshing mr x is probably one of,1
mr x has slapped me so,1
time leon—claire now leon again mr x stalks throughout the game,1
atmosphere loved the idea of mr x also,1
a leon or even a mr x nude mode instead again,1
you can mod mr x to play thomas the,1
wearing a good headset hearing mr x upstairs and coming towards,1
could i not talk about mr x while the zombies are,1
mr x was chasing me around,1
play also go to hell mr x,1
scary fun except that mr x guy hes just a,1
herbs and ammo and hearing mr x searching for you it,1
ambience and good storyline also mr x is super t h,1
mjuito bom mr x susto,1
short not too long despite mr x seems intimidating he is,1
everything but i wanted to mr x didn t bother me,1
part but i love the mr x and william birkin s,1
i actually played through despite mr x which i disabled using,1
awesome 10 10 would troll mr x again and again,1
very good game screw mr x,1
atmosphere the gore the terror mr x it was almost unreal,1
might be viable to avoid mr x later when he shows,1
i had in this game mr x the tyrant is the,1
mr x likes you give him,1
the rush of terror when mr x bursts through a wall,1
great game mr x is scary and frightening,1
introducing an unstoppable force – mr x a humanoid behemoth that,1
i have to say that mr x is a pain to,1
t recall being stalked by mr x in the original as,1
it to ya seriously ♥♥♥♥ mr x,1
big scary big fun big mr x,1
police station avoiding lickers and mr x walking slowly in the,1
mr x well done,1
have some funny moments though mr x does not approve,1
it while being chased by mr x suprisingly you can buy,1
game only two downsides tyrant mr x is boring and frustrating,1
atmosféra mi taktiež lepšia keďže mr x vás drži pod tlakom,1
action like hunted by that mr x or the shery part,1
their depth and it shows mr x being the epitome of,1
by the semi official name mr x will be tracking you,1
mr x gives me all sorts,1
why wont mr x stop,1
sense that you have weight mr x is a great constant,1
job on tyrant the mutated mr x i don t feel,1
on point the pressure from mr x the worry about lack,1
the scariest experience because of mr x the tyrant,1
were spectacular the lickers and mr x were both terrifying to,1
i have to go with mr x tyrant being pretty underwhelming,1
the map the tyrant aka mr x 	wow just wow he,1
this game is amazing also mr x is kind of a,1
beautiful graphics intense stalking with mr x gore physics zombies are,1
good i like mr x very much much better,1
the re1 remake are included mr x is initially very intimidating,1
mr x gives me anxiety more,1
mr x singlehandedly ruined the game,1
and the far more involved mr x tyrant the only real,1
despite sharing the same maps mr x was absolutely terrifying as,1
screamed out many times to mr x that i did not,1
mr x is terrifying but this,1
the new gameplay revolving around mr x amps up the tension,1
amazing the zombies are amazing mr x is amazing this game,1
care for trying to be mr speedrunner or not save to,1
station still haven t found mr x send help,1
i shot mr x s fedora off and,1
lunge in my chest as mr x chases me down a,1
of slightly mediocre bosses and mr x now for most of,1
mr x spooky,1
ammo or gear i find mr x totally annoying and irrelevant,1
probably just shoot it also mr x is great not nearly,1
on it when this dude mr x started start chasing me,1
let mr x whisper in your ear,1
mr x enough said,1
city para a geração atual mr x na campanha do leon,1
holy f ck sh t mr x wtf sh t,1
realised environments of the environments mr x only adds to the,1
and i think they overuse mr x a bit but still,1
evil fan i truly hate mr x,1
i did enjoy the enemy mr x tryant at fist he,1
got this game for the mr x nude mod,1
if anything s for certain mr x sure is gay busting,1
in i love it while mr x is a bit annoying,1
you want to do the mr racoon achievement i still managed,1
they knew they could mod mr x into something ridiculous how,1
true horror game especially with mr x roaming around,1
fans prefer to call him mr x while my pc isn,1
bakers freaked me out but mr x s thumping around looking,1
mr x is a ♥♥♥♥♥ nemesis,1
mr x gave me a heart,1
with hunting some guy named mr raccoon through the ruins of,1
mr x punched me down an,1
probably heard most about is mr x an unkillable wrinkly terminator,1
you re getting chased by mr x,1
the games major selling points mr x ♥♥♥♥♥♥♥♥♥ this guy is,1
job capcom d 10 10 mr x is making me really,1
is the way to go mr x makes me want to,1
to spice things up with mr x and lickers being some,1
if it weren t for mr x,1
zombie grabs you very scary mr sex,1
gimmick of the game is mr x while this character a,1
through first on pc and mr x still haunts me i,1
but not for weak heart mr x is everywhere,1
mr x makes me go hbfhjwbvfhjew,1
game good zombies bad mr x will give it to,1
its secrets and history and mr x of course consistently hearing,1
8 would give it to mr x again,1
loved the experience i love mr x except when he s,1
they did for this reboot mr x is scarier this round,1
recommend for everyone needs more mr x,1
the game s too dark mr x is annoying not scary,1
though old trenchy the tyrant mr x would sometimes make me,1
tie in nicely with it mr x makes everything a bit,1
mr x is thicc,1
evil is back bb zombies mr x g virus good stuff,1
terror and suspense hiding from mr x invokes the same dread,1
bosses such as the tyrant mr x and g virus infected,1
an update spoilers ahead spoiler mr x does provide a unique,1
terrifying creatures and the infamous mr x along the way you,1
strategy and some puzzle elements mr x is fun at the,1
and the struggle intensifies when mr x decides to show up,1
mr x gay,1
to go for s ratings mr x is a terrifying part,1
or the crows they made mr x to be no more,1
the same as the original mr x is nerve wrenching the,1
lickers are still terrifying af mr x is more intimidating than,1
been very well executed and mr x is probably the most,1
better well the idea of mr x being a predator pursuing,1
could have been especially with mr x being in both scenario,1
great gameplay you will hate mr x it capture the horro,1
i hate mr x i really freaking hate,1
experience possible get the mod mr x gon give it ya,1
fine until you stumble upon mr x that s where the,1
zombies ai as well as mr x can screw up your,1
don t play this game mr x is surely gon give,1
stalked by the ever vigilant mr x in both scenarios now,1
great game but mr x can be incredibly stressful,1
linear at the halfway point mr x who stalks you during,1
ez game mr x is my ♥♥♥♥♥ and,1
very slightly audio almost perfect mr x s footsteps are nail,1
continuous one when the tyrant mr x is chasing you but,1
pew pew zombie bad mr x scary,1
a f ng ivy because mr x wasnt stunned by a,1
damn scared to continue cause mr x so game is damn,1
most importantly the tension from mr x s constant footsteps haunting,1
without the need to make mr x follow you around the,1
after a few hours called mr x he is a very,1
você aprende a jogar o mr x aparece pra estragar a,1
getting fisted by mr x is my new fetish,1
story with brilliant graphics with mr x after me i felt,1
is awesome although perhaps not mr x one time i got,1
mr x gon gave me it,1
reload and save bullet 4 mr x really annoying 5 many,1
and guessing the addition of mr x no matter who you,1
a zombie licker or even mr x will catch you off,1
you are enjoying the new mr x mechanic if not check,1
difficult to deal with sometimes mr x is easy always changing,1
done 5 7 would let mr x punch me again and,1
out of bullets i run mr x hunts me down and,1
honest i ♥♥♥♥♥♥♥ out when mr x showed up,1
just dont be suprised when mr x shows up to ruin,1
great game mr x can kiss my ass,1
guard a few times spoiler mr x spoiler the tyrant who,1
about playing this because the mr x parts of the game,1
lighting in the game plus mr x is terrifying and annoying,1
thumping footsteps and wonder is mr x coming to get me,1
a great game mr x needs to stop being,1
is fun zombies are everywhere mr x is the best stalker,1
and let s not forget mr x—the relentless tyrant who will,1
both campaigns and loved em mr x is a terrifying mechanic,1
damn that mr x,1
form of a big hulking mr x a trenchcoat wearing mutant,1
would be scared again gg mr x ♥♥♥♥ the sewers and,1
compared to re1 much better mr x in stalker mode is,1
every shot count i hate mr x,1
like 2 handgun ammo as mr x wanted to plow my,1
extremely sexy mr x is big dad,1
to kill the bigger monsters mr x is the worst addition,1
other campaign not to mention mr x not even being glimpsed,1
times when fighting something like mr x with his slow wind,1
original aside of that stupid mr x,1
whoever coded mr x in the game is,1
wobbly zombies while making sure mr x ain t gonna give,1
mr x smacks claire around like,1
the desert of the game mr x will give you arduous,1
atmosphere 9 10 replay value mr x,1
to admit that i hate mr x and wish he weren,1
real threat of death but mr x might as well be,1
just resident evil 2 but mr x is gonna give it,1
you can make mr x 9 feet tall and,1
main highlight the unstoppable terminator mr x who now stalks the,1
mr x says hello challenging game,1
me elaborate first of all mr x he is dumb period,1
been more terrifying than when mr x threatens to give it,1
can hear all monsters especially mr x almost near you all,1
things start shaking up once mr x appears the saving is,1
scenarios the alter routes and mr x boii this homies it,1
let s also not forget mr x the sexual tyrant a,1
the atmosphere the zombie tyrant mr g everything was super scary,1
graphics and a nostalgia destroyer mr x i m so happy,1
and that big bast rd mr x are relentless and follow,1
for days once you unlock mr tofu have fun getting chased,1
good game would reccomend mr segz really gets me goin,1
mr x s butt cheeks clap,1
mr x is coming,1
it hits with great impact mr x is really scary sometimes,1
with them imho that and mr x was a bit overwhelming,1
a reach that stretches like mr fantastic then there s the,1
nature of the controls and mr x you either love him,1
11 10 mr x gonna give it to,1
lickers are a nightmare and mr x goes from nearly forgotten,1
stay down probably not is mr x ever going to give,1
scared of the lickers and mr x but i had a,1
is put to the test mr x appears and that s,1
is the best decision ever mr x is scarry as hell,1
an detail gameplay is amazing mr x is scary enemy pacing,1
afraid to look for them mr x was the eye opener,1
ah no mr x don t slap me,1
i d let mr x slap my ass tbh,1
can forget our very own mr x just hearing his footsteps,1
when playing a video game mr x just when you thought,1
put down zombies and relentless mr x mean strategy is more,1
mr x tips his fedora to,1
puzzles e o fato do mr x aparecendo no jogo inteiro,1
to the success of re7 mr x is terrifying the game,1
stop and go for the mr raccoon targets so i can,1
good spooky game mr x can die in a,1
new experience i like how mr x chases you throughout a,1
i use mod to get mr x out of my sight,1
it and what isn t mr x is fantastic in this,1
recommend never want to see mr x again,1
game tyrant a k a mr x is a beast so,1
my only complaint is the mr x sections,1
horror elements looking at you mr x are stressful at times,1
to play resident evil 3 mr x gon give it to,1
game s fun but fk mr x lmao,1
the whole game and taunt mr x because he s useless,1
mr x stalking you throughout the,1
all fun and dandy till mr x comes running for dat,1
and make me dizzy also mr x is too annoying for,1
mr x makes me pensive and,1
mr x is a hoe fo,1
in games anymore it made mr x can t wait for,1
awesome game but mr x,1
lots of extras love hate mr x,1
still good asf exception for mr x,1
mr x recommends this game,1
make you tense up and mr x s boots echo through,1
though next up we have mr x also known as the,1
crap i lost it with mr x so far game is,1
out of no where or mr x chasing me down mr,1
mr japan please make more scary,1
mr x pounded my ass real,1
f but im concern about mr x being the stalker which,1
became scary again clever puzzle mr x cons 1 playthrough can,1
so many good opportunities lost mr x was nicely done big,1
mr x kinda cute aint gonna,1
and bonechilling feeling goosebumps from mr x is somehow gave me,1
mr x made me hyperventilate this,1
impressive but don t expect mr x to be as lack,1
on the a playthrough that mr x isn t always around,1
is birken s gs and mr x the original kept these,1
mr stompy doesn t give good,1
t like about it yes mr x to me he comes,1
not get me started on mr x s footsteps the sound,1
random hp on zombies and mr x can be tedious but,1
is not an action game mr x all i will say,1
ever played i just met mr x so i don t,1
good but that bloody mr x is a scary mister,1
i could do without mr x but other than that,1
the atmosphere is fantastic spoiler mr x is even more intimidating,1
also the change of putting mr x more prominently into the,1
the terrific sound design and mr x appearance enough to make,1
mr x is a bastard this,1
be scary when you have mr x chasing or walking around,1
yes epic i love mr x,1
to keep your cool with mr x chasing you overall 10,1
i didn t forget about mr x that relentless mf made,1
mr x is chasing me while,1
you ada wong constant invincible mr x doesn t add anything,1
waiting behind doors pretty scary mr x pretty scary zombies pretty,1
in a whole new way mr x is anxiety inducing and,1
being chased or hiding from mr x great game can t,1
word puzzle b fuc king mr x b shoot to the,1
hard but overall rewarding game mr x will make you anxious,1
is expanded on and improved mr x is just perfect loved,1
makes you very scared ♥♥♥♥ mr x,1
there s no chance of mr x finding you in this,1
night was the ♥♥♥♥♥♥♥♥♥♥♥♥♥♥ tyrant mr x well that was at,1
graphics and nice character models mr x was not as scary,1
never ending stomps coming from mr x while you wait helplessly,1
like chairs tables doors which mr x just doesn t break,1
like for mr x xd,1
scale remake the tyrant or mr x as he has been,1
in the game and how mr x is always following you,1
great horror game mr t makes it even scarier,1
you will get mad when mr x is after you as,1
aspects of this remake is mr x tyrant who did exist,1
well the only negative is mr x he is not scary,1
im a little annoyed that mr x follows you around after,1
story inconsistencies b not enough mr x 9 5 10,1
to be feared and evading mr x is often an adrenaline,1
it comes to fleeing from mr x so intense clever level,1
the time for example hearing mr x s footsteps thumping around,1
still some design issues though mr x and the sewers needs,1
dealing with zombies lickers and mr x in his new work,1
annoys me occasionally is the mr x ai he s a,1
great gameplay atmosphere decent story mr x graphics optional original soundtrack,1
of more frustrating than scary mr x just constantly wants to,1
it was unnerving to hear mr x stomping around and knowing,1
cool game ♥♥♥♥ u mr x,1
10 would get scared by mr x again,1
does a little tingle when mr x enters the room ingle,1
gripe is the annoyance of mr x he s not scary,1
game i have played btw mr x is terrifying just hearing,1
kisses enjoyed my tour with mr x he is quite the,1
like the constant running from mr x or the amount of,1
i ll touch on first mr x gets real old real,1
how can i escape if mr x appear i liked that,1
open the other issue is mr x himself now the first,1
as always audio atmosphere tension mr x lickers item management pacing,1
puzzles and quite scary with mr x following you around deserves,1
did not like is the mr x segment were he follows,1
mr x is real and he,1
wet my knickers by making mr x a serious pain in,1
but i can t befriend mr x,1
this characters the tension knowing mr x is somewhere in the,1
playing hearing the sounds of mr x stomping through the department,1
kill one zombie sometimes 2 mr x like what the other,1
or keep pressing forward ♥♥♥♥♥♥♥♥♥ mr x won t stop following,1
the scares are both unpredictable mr x for example and some,1
known stalker and head crusher mr x making it a recurrent,1
many times i m dizzy mr x seriously is more of,1
nonsense no way to kill mr x nonstop backtracking and no,1
tenho medo do mr x,1
raccoon city police station as mr x chased me and a,1
this remake is absolutely perfect mr x is really amazing and,1
and survival horror perfectly if mr x doesn t scare the,1
i kept smoking mr x s weed that i,1
lickers and the nearly unstoppable mr x while this game does,1
being chased by mr x was fun,1
pants again in re3 remake mr x is a little ♥♥♥♥♥,1
♥♥♥♥ my pants because of mr x again,1
me ♥♥♥♥♥♥♥♥ my pants with mr x,1
re2 and thier use of mr x is very well done,1
many scare i scare of mr t,1
and finally being chased by mr x is more nerve wracking,1
get the mod that makes mr x go away so you,1
h1 9 10 h1 i mr x gon give it to,1
the over use of the mr x tyrant i remember him,1
oh yeah and f you mr x,1
fun except mr x too much for me,1
before the linear path to mr x last but not least,1
actually a good game until mr x shows up he can,1
modded to have mr x in a speedo 10,1
mr x is dummy thicc,1
what do i not like mr x he is very difficult,1
tie almost the suspense that mr x puts in you when,1
of including the fully transformed mr x it s actually offensive,1
mr x is a good boy,1
scared of licker and tyrant mr x xd better experience with,1
because it s singleplayer and mr x is just unkillable i,1
playing claire a leads to mr x death in the mid,1
it s great fun and mr x can really terrorize you,1
mr x is sexy,1
own spin on some aspects mr x is a bit annoying,1
going to progress the story mr x what in the fuq,1
s bless bro shout out mr x,1
meaning hearing the footsteps of mr x as he hunts for,1
few words leon you bastard mr x mr x oh you,1
down yes i mean you mr x resources are rare in,1
fov slider no numbers however mr x is pretty annoying and,1
overwhelmed later h1 good ol mr x h1 i love the,1
mr x please no go away,1
infected or are pursued by mr x titles like these have,1
into one gameplay to include mr x as well mr x,1
spooky zombie mr x man big pp,1
but god help you if mr x is coming to give,1
story i also love how mr x can follow you through,1
such as the spoiler tyrant mr x hunts you down as,1
from the ps days but mr x breaks this game capcom,1
and always watch out for mr x,1
mr yes please buy,1
with this remake just remember mr x gon give it to,1
sustos y suspenso p d mr x que rompebola que sos,1
the enemy designs are awesome mr x is one of the,1
awesome gameplay is amazing and mr x is annoying af with,1
more scarier don t let mr dmx give it to ya,1
choose and good use of mr x ok i ll admit,1
of a disappointment i hate mr x leon runs like a,1
because you never know when mr x can come behind you,1
mr x got daddy issue man,1
we have two bosses here mr x and william birkin they,1
was 10 outta 10 until mr x gave it to me,1
the year was dominated with mr x memes and countless youtube,1
better graphics everything is here mr x the lickers willam and,1
in the neck mod out mr x from the game after,1
someone or even shooting off mr x s hat which makes,1
game even when chased by mr x,1
great game very scary and mr x is a terrifying unstoppable,1
after you meet claire again mr x can be a pain,1
sweet the new mr x ai thing which stalks,1
to play hard to survive mr x is a pain in,1
when mr x showed up in front,1
was being chased by mr x i got away only,1
throw at you cough cough mr x final pro that i,1
of terror being chased by mr x getting a short demo,1
gon give it to ya mr x is just so terrifying,1
too spooky when mr x is coming for you,1
john f kennedy versus mr x tag ķerenes labsporno nexusmods,1
leon and mr x really do be lookin,1
faster and faseter then aaaaaaaaaaa mr x s massive boneher thank,1
mr x makes me wanna pee,1
of facing a licker or mr x a big difference of,1
they so choose to examine mr x brings a following to,1
mean ada is james bond mr x has a nice fedora,1
graphic and most important that mr x scared the ♥♥♥♥ out,1
to dispatch the game introduces mr x who is a constant,1
of hide and seek from mr x is too good,1
goof around like little gremlins mr x looks funny too i,1
a bit iffy but understandable mr x is now a stalker,1
sound design good voice acting mr x is back and he,1
making it a direct clone mr x just randomly wandering around,1
of the game is definitely mr x capcom did a really,1
like the final fight against mr x other than that it,1
end boss is a cheater mr x is a cheater sherry,1
is the same structure now mr x appears in both scenario,1
mr x makes this game except,1
brother play and damn that mr x my heart rate still,1
that are truly threatening checked mr x guaranteed him gonna give,1
never actually scary rework of mr x well worth it at,1
part of the game is mr x who changed from a,1
♥♥♥♥ out when i hear mr x stomping towards me,1
played the game up to mr x and then i was,1
true to the original game mr x stalking you can get,1
tension and girly screams when mr x starts catching up to,1
as others have pointed out mr x ruins that aspect in,1
mr x ripped me a new,1
gameplay punishing and unsettling also mr x is an idiot i,1
the stomp stomp stomp of mr x wandering the halls to,1
zombies horrifying creatures and especially mr x the sound mr x,1
mr x ♥♥♥♥♥♥ gave it to,1
super tense especially once spoiler mr x spoiler shows up definitely,1
mr x spikes my anxiety levels,1
to mention the imposing tyrant mr x for his old friends,1
t like this incarnation of mr x i felt like it,1
more engaging the addition of mr x is both a fun,1
i want mr x to smash me,1
being in trouble and letting mr x chase me around it,1
horror around every corner and mr x adds to the intensity,1
of a clunky classic ♥♥♥♥ mr x tho,1
10 would get decked by mr x again,1
i literally the reason why mr x chases claire i spoiler,1
escape the r p d mr x is also back who,1
should the zombies are freaky mr x is scary loud and,1
mr x comming for you leon,1
a terrifying atmosphere provided by mr x s continuous stalking of,1
mr x cometh,1
part of bosses was definitely mr x after meeting this guy,1
if you kill mr x you will get an,1
mr x gives me the willies,1
an amazing remake overall also mr x is gonna give it,1
with the all to infamous mr x,1
and one scary dude aka mr x highly recommended for any,1
enemies in the distance or mr x walking towards you adds,1
is more intense than hearing mr x s footsteps right behind,1
mr x literally ate my arse,1
with limited ammo features like mr x who will chase you,1
tongues and then the mighty mr x who s stomps will,1
hallway while being chased by mr x can be very nerve,1
mr x will hunt you down,1
genre with re sh also mr x is to this day,1
atmosphere the game makes and mr x s theme is glorious,1
hot leon strike strike hot mr x strike take it to,1
dlc no shame take that mr x ahem anyway using the,1
scare is the licker and mr x who always popped out,1
a fantastic job even though mr x kinda kills some of,1
ten times scarier h1 yes mr x is that horrifying h1,1
you turn the difficulty down mr x i have been kinda,1
can go suck my ars mr x gonna give it to,1
mr x gives me more anxiety,1
out of no where hearing mr x stomping around and bashing,1
mr x stomping is terrifyng,1
just shat my pants seeing mr x lifting a heli as,1
this game the tirelessness of mr x i know it is,1
resident evil fan do it mr x is a scary fiend,1
this is fine for maybe mr x or a similar boss,1
i will live and ya mr x was not fun to,1
just buy it or mr x will chase you in,1
modded mr x to have x gon,1
honest the distant footsteps of mr x are just way to,1
edge of my seat with mr x constantly hunting me down,1
i love when mr x realigns my ♥♥♥♥♥♥♥ molars,1
100 would get punched by mr x again,1
mr x had given me x,1
the horror to the franchise mr x is freaking terrifying sometimes,1
ᵗʰᶦⁿᵏ ᴵ ᵛᵉ ˡᵒˢᵗ ʰᶦᵐ mr x ┳┻ ┻┳ ┳┻ ┻┳,1
of fresh air the way mr x stalks you is something,1
t bother with shotgun spoiler mr x feels shoe horned in,1
remake game is terrifying especially mr x big contender for goty,1
the game was frightened of mr x in the original resident,1
up to the max when mr x starts following you around,1
leave you with nightmares of mr x s footsteps in the,1
zombies are too durable and mr x can teleport looks great,1
i m just saying btw mr x gon give it to,1
pelo mapa incluindo o famoso mr x agora se você me,1
this generation soundtrack mainly the mr x theme the rest ranges,1
your ammo when encountered with mr x as you can more,1
make a c story where mr x is always on your,1
10 would be pounded by mr x again no hoemo,1
because its scripted and idiotic mr x who make me stop,1
one hell of a time mr x can f off though,1
loved it at first then mr x appeared i absolutely hate,1
with a licker zombies and mr x running after you the,1
to play it because of mr x lol,1
those of you who modded mr x out gid gud scrubs,1
good game mr x overhyped dont play hardcore,1
alright get the no more mr x mod,1
make all zombies lickers or mr x game becomes fun to,1
who is mr x,1
10 would get pummeled by mr x again,1
then i still feel like mr x is after me,1
today s standards f that mr x guy though,1
t the case spoiler except mr x spoiler the true horror,1
tyrant nicknamed by fans as mr x who is even more,1
in this game because of mr x not to spoil anything,1
10 10 so the new mr x is now costantly chase,1
to be extraordinarily frightened by mr x and thomas the tank,1
game so much i had mr x in my dreams grabbing,1
boom steps of good ole mr x that is the only,1
such as william birkin and mr x but this new found,1
quality of life adjustments and mr x you really can t,1
dunk dunk dunk found you mr x tyrant big guy in,1
be tougher than the original mr x makes an appearance sooner,1
of lickers with zombies and mr x waiting for you in,1
is meant to be killed mr x gon give it to,1
the ever creeping presence of mr x create an atmosphere that,1
scares are perfectly timed and mr x couldn t create more,1
excited to learn more about mr kendo but alas just a,1
graphics great gameplay good story mr x stills give me anxiety,1
mr x really gave it to,1
mr x is single handedly one,1
the g bosses the tyrant mr x which will make you,1
be honest that is until mr x arrived omg i was,1
fetch me their souls mr x,1
horror to both the unstoppable mr x and the seemingly immortal,1
from normal creepy zombies to mr x it makes you want,1
in resident evil and if mr x is anything to go,1
in his entirety claire the mr x tyrant while he is,1
and remember to run from mr x,1
them seem almost too real mr x is by far the,1
all fun and games until mr x punches right back into,1
resident evil 4 much better mr x look different cool with,1
default enemies as mutant the mr x part where he follows,1
keep you on your toes mr x is one of the,1
gun mechanics could improve also mr x makes the game more,1
pretty good mr x is hot,1
through intriguing level design b mr x b the inclusion of,1
modded mr x non modded mr x,1
bit too far oh and mr x is f g annoying,1
10 to 20 minutes of mr x,1
cool game but mr x is a dumb nerd,1
won t finish it eveeer mr x chasing you all around,1
i have ever played 10 mr x surprise mf punches out,1
gorgeous runs as smooth as mr x s head has plenty,1
mr t keeps koolaid maning me,1
a trainer to make sure mr x stays down though i,1
my only complaint is that mr x feels a little over,1
time then there s b mr x b not that much,1
yell at the sound of mr x breaking down your hiding,1
balanced gameplay except for mr fcken x,1
feel very impactful when shot mr x lickers plenty of challenges,1
is easy to tell when mr x is above below or,1
decides to help save her mr x is absolutely terrifying enemy,1
pursue you throughout the mansion mr x is truly the ultimate,1
the year for sure ♥♥♥♥ mr x tho,1
bookshelves quickly and here comes mr x stomping his way closer,1
bringing back the zombies and mr x but the zombies taking,1
stealth especially with the dreaded mr x the game requires you,1
the terror i feel encountering mr x makes the 60 dollar,1
and leon in the rpd mr x terrified the absolute hell,1
this game don t like mr x he does ruin the,1
buying the game i thought mr x was gonna be the,1
bit meh yes i find mr x a bit of a,1
a little too similar overall mr x is a gimmick that,1
environments suspense building off of mr x and distant zombie groans,1
supposedly that got annoying 2 mr x is a large monster,1
points in the story where mr x is present and hearing,1
life when you good ol mr x stimp stomping in the,1
10 10 mr x very scary,1
the chills whenever i hear mr x s theme outside of,1
hear heavy footsteps approaching encounter mr x rush through serveral doors,1
ammunition annoying chase activity with mr x was fun for awhile,1
have to plan your moves mr x is a pain in,1
off first 3 i hated mr x he stopped me getting,1
mr x naked mods are the,1
game through with some challenge mr x was far too op,1
beautiful gameplay amazing fear with mr x consistently on edge when,1
if you have not played mr x being a part of,1
the way the zombies moved mr x was not a frustrating,1
entertanment i liked everything besides mr x he s just really,1
mr x s footsteps remind me,1
h1 mr x tyrant ✔ 	 h1,1
tension then you add in mr x and it takes it,1
back when you play it mr x is always at behind,1
outta knives outta ammo mr x is comin for that,1
been more like the original mr x is more intimidating than,1
leons story first and having mr x chasing you around was,1
break mechanic might be spoiler mr x spoiler although spoiler being,1
kafaları patlıyo lağımda kaplumbağaları vuruyom mr x karakolda beni takip ediyo,1
you after that idea of mr x to hunt you through,1
with the game is the mr x character the game has,1
scares made fantastic by putting mr x in every path and,1
f mr x seriously the best mechanic,1
didn t get to meet mr x but from what others,1
you put in new mods mr x turning into the untitled,1
people knew this going in mr x is only supposed to,1
those with weak heart 10 mr x a k a the,1
the form of the tyrant mr x mr x is an,1
designed the gameplay with him mr x unlike in the original,1
amazing remake but mr x i ve never hated,1
i did get rid of mr x all together so i,1
little stiff at times good mr x gon give it to,1
in the station how did mr x die with claire but,1
wanna believe me go check mr x s transmitters implanted on,1
between those booming steps of mr x chasing you don t,1
people seem to not like mr x but i personally consider,1
can i say except for mr x who is such a,1
mr x really does give it,1
favorite game with the pursuer mr x putting it to a,1
look a lot better tyrant mr x now stalks you throughout,1
has taken to calling him mr x has been immensely improved,1
away from zombies and specially mr x loved this game totally,1
9 5 10 sound zombies mr x and most sound effects,1
out of me and when mr x enters the rpd its,1
this one add a better mr x and many things that,1
through all the plants lickers mr x and g3 just to,1
the biggest division amongst players mr x is crafted in such,1
it happens rarely the way mr x is put into the,1
that isn t the case mr x is now way more,1
there is also issue of mr x some love some hate,1
fun as well as scary mr x tyrant is a fond,1
will dramatically change because of mr x which is why i,1
great gameplay amazing horror survivor mr x nice story lacks more,1
i also did not find mr x to be a problem,1
i remember are in there mr x who was originally only,1
only negative was i found mr x irritating when i was,1
just wow finally got to mr x and had to stop,1
game and the addition of mr x and the segment with,1
it down when running into mr x,1
like the old titles when mr x enters the game and,1
mistakes will be punished severely mr x he s gon give,1
when running from things like mr x but this adds to,1
to be dealt with even mr x has huge limitations on,1
help me mr x keeps finding me what,1
met mr x for the first time,1
it does have its issues mr x while easy to deal,1
mr x is most definitely gonna,1
inclusion of the ever menacing mr x a hulking behemoth that,1
out the surroundings the atmosphere mr x ruins this for me,1
walk little bit smarter lickers mr x we still don t,1
check it his name is mr x or tyrant there are,1
being the chase theme for mr x which unlike the original,1
don t hate the way mr x was implemented in this,1
embrace the meme lord mr x,1
the zombie s i encountered mr x which i can honestly,1
die from zombies lickers and mr x i was young when,1
the following backtracking running from mr x lickers nostalgic video cut,1
to the original design though mr x is done very well,1
because i heard how terrifying mr x is so i had,1
with kendo only leon also mr x appears in the a,1
returns ammo is sparse and mr x is always just a,1
mr x nuff said,1
keeps the scares fresh and mr x a constant threat the,1
especially with limited ammunition and mr x is a powerful and,1
importantly how scary and terrifying mr x is he is so,1
the much deadlier lickers and mr x resident evil 2 is,1
but with some minor changes mr x gonna get ya,1
is always a huge relief mr x from the original re2,1
that were annoying for example mr x the tyrant who hunts,1
	 con 3 scary blood mr x can become tedious on,1
is great people ♥♥♥♥♥ about mr x and hard to kill,1
just be careful or mr x gon give it to,1
leon hides from mr x sent by chris to,1
exact game with updated graphics mr x is horrifying the game,1
mr x needs to mr rest,1
characters happened in different scenarios mr x scares me every time,1
fantatic gameplay brilliant atmosphere mr x is a beast only,1
you try to escape from mr x to stand in room,1
at times when you hear mr x s footsteps off in,1
complain about that git gud mr x is actually fairly easy,1
of code veronica x also mr x is a p33 p33,1
for that original start up mr x is thigh,1
positive aspect of this game mr x you ve likely seen,1
thing about this game is mr x s secret buldge,1
gaurd no more tank controls mr x will eventually give it,1
it s actually not even mr x is more annoying than,1
to the re arrival of mr x who stalks you throughout,1
from the new soundtrack the mr x one it makes him,1
playing cat and mouse with mr x i think i only,1
10 10 would let mr x bend me over his,1
10 would be punched by mr x when avoiding lickers again,1
mr big pretty boy gonna give,1
presence of our old friend mr x tyrant i don t,1
get the thong mod for mr x,1
other complaint about the game mr x tyrant in this game,1
may work not enough health mr x stalking you may promote,1
threatening gore is crasy and mr x is quite insane to,1
run but it seems that mr x s pursuit script is,1
a hat and longcoat named mr x would be chasing you,1
bad that i still hear mr x walking even when i,1
much different from a scenario mr x on both scenarios bulletsponge,1
same with the arrival of mr x he just shows up,1
mr x my god they have,1
i hate mr x or whatever they call,1
the little shot of the mr x canister being dropped was,1
mr weaver keeps following me in,1
still here when you hear mr x get closer the anxiety,1
b scenario example birkin cuts mr x the tyrant in half,1
as annette dying twice and mr x still showing up for,1
game is how they remade mr x he adds a perfect,1
it the ambience the enemies mr x gonna get ya everything,1
whole survival horror back now mr x im hearing alot of,1
most importantly being chased from mr x throughout the whole police,1
being terrified of the unstoppable mr x stalking me to the,1
mr x is gonna definitely gon,1
mr x is so scawy d,1
story✔ production quality✔ sound✔ lickers✔ mr x✔ dlc✔ this is probably,1
while constantly being hunted by mr x i also like the,1
a 1 hit kill from mr takes it up the ass,1
very good game yea mr x is my senpai 33,1
who complains that the tyrant mr x is to challenging is,1
original i don t like mr x though i found he,1
from zombies to lickers to mr x to william birkin s,1
and modernized in all aspects mr x is just annoying though,1
chill of playing the game mr x nemesis lvl1 hahahaha is,1
mr x is an unbeatable because,1
but one stands out is mr x and man is he,1
t happen so fast and mr x from b side of,1
tons of fun and yes mr x gon give it to,1
10 10 would let mr x give it to me,1
are ♥♥♥♥♥♥♥♥ scary the tyrant mr x still scares me even,1
enemies being spongy and about mr x but i don t,1
to the original story arcs mr x great improvement on this,1
hard and panic inducing when mr x is chasing you on,1
f k mr x,1
anymore they stay there spoiler mr ♥♥♥♥♥♥♥♥♥♥♥ x i don t,1
take it all away 11 mr x was overrated and underused,1
took lessons from pro freerunners mr x put on a nice,1
time to time cause of mr x leon and claire have,1
don t want to leave mr x s spooky house of,1
t even need to mention mr x since all the memes,1
into a room two lickers mr x behind me and then,1
part with the two lickers mr x haven t gone back,1
get a heart attack from mr x again,1
was tedious was waiting for mr x to wander off on,1
an extent then there is mr x who destroys all fun,1
scary than no ammo and mr x standing in the way,1
had to complete fear with mr x came around the story,1
of the game list the mr x distracts a little from,1
real hearing the footsteps of mr x rooms away and how,1
and story beats the undecided mr x can be annoying but,1
and the mighty rework on mr x s involvement in the,1
it anyway the thrill of mr x chasing you is real,1
amazing remake the horror elements mr x chasing you down the,1
buying it already but remember mr x gonna ♥♥♥♥ you up,1
me hard kisses n hugs mr x from your blonde police,1
a f cked over by mr x lickers birkin and zombies,1
myself with sherry and allow mr x to crush my head,1
in the own zone by mr x again,1
be careful out there rookie mr x is a mean one,1
chase the character through doors mr x also shows up in,1
mr x is mean,1
disappointing enough here comes this mr x character that you can,1
why i did not enjoy mr t changes from the original,1
people who will complain about mr x being too hard or,1
by deadly agents either the mr x or a cleverly placed,1
later then dont mind me mr zombie just keep doing whatever,1
crazy good game mr x 10,1
everything went well until mr x showed up he gonna,1
did not know who is mr x claire leon etc but,1
nice some are not but mr x is funnier than ever,1
highly detailed compared to interiors mr x isnt scary enough needs,1
me that all changed with mr x there was a solid,1
while hearing the sound of mr x footsteps getting closer i,1
newer titles like 4 6 mr x is just a tedious,1
mr x is ♥♥♥♥♥♥♥♥♥♥,1
the scares the fact that mr x is gonna give it,1
attempt conversation about it also mr x is mostly just annoying,1
played the best part is mr x he s really terrified,1
genuinely terrifying being stalked by mr x is what nightmares are,1
that said certain things like mr x and the difference where,1
mr x really will give it,1
easy to sadistic and when mr x shows up his behavior,1
depending on the character and mr x could be a little,1
amazing the visuals looks great mr x poses a massive sense,1
times whats your problem shoot mr x 45639874561 1 more times,1
have the mod that turns mr x s music into x,1
new underwear now after seeing mr x for the first time,1
people have even been modding mr x to look like nemesis,1
to enhance that design with mr x now serving as a,1
lets not even talk about mr x overall the typewriter penalty,1
being scared when you hear mr x s footsteps in the,1
mr x in the 2nd run,1
mr x will give it you,1
the lickers or the infamous mr x once you ve finished,1
threat and the sound of mr x s boots stomping on,1
didn t like running from mr x but he isn t,1
claire and leon meeting up mr x b scenario introduction it,1
while hearing the footsteps of mr x was downright terrifying it,1
the major difference is that mr x is scarier than the,1
you thinking running away from mr x was also fun cause,1
will convince you just know mr x in the original game,1
the form of the 15 mr raccoon toys scattered around the,1
to kill them and to mr x chasing you every 10,1
this game other than bosses mr x and hunk tofu themes,1
in modern days at last mr x gon give it to,1
mr x gon give it 2,1
is missing is two more mr x s to make it,1
or how you deal with mr x aka tyrant guess for,1
game the looming sounds of mr x will quickly create dread,1
to disagree with you with mr x if you run far,1
hellholes simply beautiful 10 10 mr x s footsteps haunt my,1
runs quicker when you have mr x chasing you we seriously,1
to you mod and now mr x isnt half as stressful,1
the corner as you hear mr x stomping around in the,1
pro tip any encounter with mr x can be made much,1
incredibly diminutive inventory when suddenly mr x shows up and starts,1
just creepy then there s mr x the game s own,1
the dlc the thumping of mr x s boots that disgusting,1
to the atmosphere especially love mr x game wouldn t be,1
one two mr x is coming for you,1
you feel you need most mr x con autosave on easy,1
or getting slapped around by mr x it s a kayyer,1
re 2 his name was mr x now he is stalking,1
10 would get merced by mr x again,1
other resident evil games however mr x scared the ♥♥♥♥ right,1
this lickers fourth tyrant or mr x he will find you,1
times with the exception of mr x s new theme none,1
models are terrifying and damn mr x is here only to,1
the ambient noise coupled with mr x stomping around trying to,1
thanks to this game mr x is now my daddy,1
supposed to be unfair 4 mr x you ll get used,1
mr x wants to know your,1
mr x done gave it to,1
may find certain mechanics annoying mr x zombies being tough sobs,1
more terrifying and annoying than mr x,1
could allow us to wear mr xs fedora hmm,1
the first half also the mr x monster everyone keeps talking,1
dislike about the game is mr x that end up being,1
me myself and mr x,1
and stutters smooth 60fps ♥♥♥♥ mr x cons them zombies never,1
scares me a lot 2 mr x his foot steps and,1
have good ai as well mr x also adds a whole,1
afterwards when moving past them mr x isnt killable or stopable,1
still waiting for mr x to give it to,1
they re a real treat mr x turns re 2 into,1
were amazing and the new mr x adds to the intensity,1
the other enemy actually spawns mr x does add a nice,1
even getting three free dlcs mr x could be annoying though,1
i am scared of mr x irl now thanks capcom,1
me shoot mr x at his favorite hat,1
fantastic remake mr x intro was perfect please,1
of comments complaining about spoiler mr x but he s nothing,1
as a scenario except for mr x that starts following you,1
model or better known as mr x unlike the original this,1
60 to be chased by mr x you won t be,1
is ready for remak3 spoiler mr x gon give it to,1
game capcom has ever made mr x gon give it to,1
mr x can enter the main,1
mr x following me into a,1
when it first came out mr x has evolved from his,1
lets talk about them 2 mr x some people talk about,1
relève pas les poursuites avec mr x et l erreur de,1
react and even the unpredictable mr x it s perfect and,1
time a zombie licker or mr x is nearby,1
🔹pure remake 🔹much more scarier mr x 🔹more content h1 negative,1
bloodier than ever before while mr x and the lickers are,1
trouble or you hear the mr x steps right after the,1
me was when tyrant aka mr x first showed up towering,1
killed by mr x,1
a threat in this game mr x tyrant will follow you,1
mr x is like my ex,1
you re being chased by mr x there are a lot,1
mr x whack lickers whack 10,1
immersive adaptive survival horror experience mr x is ♥♥♥♥♥♥♥ amazing he,1
avoid threats especially handy against mr x and find much needed,1
and worry about them later mr x is an unneeded and,1
as people like to complain mr x was a perfect inclusion,1
spooks and a side of mr x gon give it to,1
just said surprise mofo with mr x who kept me on,1
if you ll excuse me mr x is knocking at my,1
of the series saying that mr x ruins the game i,1
good game but did mr x really need to default,1
give it 12 10 if mr x able to go in,1
zombies 2 lickers and spoiler mr x himself spoiler waiting for,1
run like a b itch mr x does a good job,1
mr x and licker really scared,1
spoiler felt a bit recycled mr x is annoying not fear,1
classic ps anyone saying that mr x ruins the game does,1
anxiety that you feel whenever mr x shows up out of,1
fan can enjoiy the game mr will always traumatize me,1
down by the utter unit mr x again,1
the monsters are strong and mr x is gon give it,1
game content coming in february mr x is terrifying and reminds,1
great game mr x really makes the game,1
tension especially when you meet mr x in a hallway with,1
contains one minor spoiler re mr x gameplay in the middle,1
mr x i don t feel,1
6 7 headshots the tyrant mr x is more annoying than,1
when i saw mr x for the first time,1
now but they finally delivered mr x is like r kelly,1
things for me is if mr x begins to cry like,1
was up until i saw mr x for the first time,1
an extremely good job with mr x hearing his distant footsteps,1
1 2 mr x is coming for you,1
would scream and run from mr x again,1
part with crashed helicopters and mr x patrolling realized i had,1
bullet left breathing heavily and mr x is marching outside 10,1
wasn t a fan of mr x at first but i,1
10 would get stomped by mr x again buy this game,1
overall a good game mr x could have been handled,1
good use of 3d audio mr x is quite good at,1
me so far survival horror mr fckn x even in 3rd,1
stupid tyrant wasting my time mr x alone makes this game,1
pumping nevermind the fact that mr x stalks you harder than,1
de nostalgia é incrível likers mr x claire leon annette william,1
howdy fellas mr x killing machine damn this,1
but there s nothing like mr x chasing you down that,1
mr mad hatter is not playable,1
game because of all the mr x memes on twitter,1
the elephant in the room mr x there will be a,1
client continue the save game mr x beside me when enter,1
where things are timer mechanic mr x tho the added tension,1
go guns blazing especially when mr t chases you down at,1
problem when trying to escape mr x in a pinch you,1
say too much more finally mr x himself jesus this guy,1
me wait until you meet mr x as for the other,1
but avoidable unless you get mr x and licker in the,1
to get better ranks unlockables mr x tyrant is implemented extremely,1
wants me as bad as mr x,1
dear mr x aka the tyrant top,1
in by the horrifyingly heavy mr x tyrant,1
mr x almost made me stop,1
are a few jumpscare moments mr x will stress you out,1
design is on point story mr dmx story isn t too,1
the design the graphics while mr x is somewhat annoying because,1
really should have been fixed mr x chases you way earlier,1
randomness of the zombies and mr x each playthrough feels unique,1
or the dominating precense of mr x in more well lit,1
impressive leon vs lickers mr x 11 10,1
are slow and exploratory then mr x shows up and it,1
imagine nemesis being there when mr x is already scary in,1
s gorgeous it plays well mr x is effing terrifying worth,1
t get me started on mr x whoever thought having an,1
all fun and game until mr t chases you,1
its the exact same playthrough mr x an unkillable enemy that,1
jesus mr x ♥♥♥♥ off me bro,1
vengence 69 10 not enough mr x,1
am currently being chased by mr x tyrant and yes it,1
mr x lickers and zombies all,1
the game but when spoiler mr x aka tyrant spoiler first,1
fresh mechanic loved enemy variations mr x was annoying lickers creepy,1
write a big review because mr x is behind my a,1
nearly ♥♥♥♥ my pants when mr x bust through the wall,1
interaction between leon and claire mr x ends up being more,1
on the cake especially when mr x comes chasing one tip,1
good 12 10 swiggity swooty mr x is coming for that,1
and being constantly pursued by mr x had me genuinely anxious,1
from bigger threats like lickers mr birken or mr x speaking,1
large man that goes by mr x that would agree with,1
pro s amazing graphics amazing mr x amazing boss fights amazing,1
thump of the footsteps of mr x i can also hear,1
did a great job with mr x some of the music,1
details from notes and dialogue mr x was terrifying and the,1
this game and realy hate mr x,1
people complain about mr x now god knows how,1
keep down and you have mr x stalking you along the,1
aspect to these games pros mr x this guy gave me,1
i say i tip my mr x fedora to capcom for,1
on a zombie sound design mr x foot steps enemies ♥♥♥♥,1
downsides are that stupid outfit mr x wears imo he is,1
is flawless specially when pinpointing mr x s location the gameplay,1
well soiled them running from mr x,1
and the newcomers oh and mr x gonna give it to,1
learn to make mental plans mr x is a welcom change,1
didn t like was spoiler mr x or the tyrant as,1
mr x is relentless for the,1
will in your personal opinion mr x is an amazing mechanic,1
of him being killed by mr x or william like in,1
be advised the tyrant aka mr x who was the hulking,1
nightmares with the licker and mr x when i was a,1
play when the player encounters mr x and was left to,1
more terrifying being chased by mr x is a terrifying experience,1
oh yeah watch out for mr x he s right behind,1
more deadly persistent and unpredictable mr x is the second jack,1
gamer ☑ normal gamer ☑ mr x gon give it to,1
the loud ominous stomping of mr x lots of fun replay,1
of danger you feel when mr x is pursuing is great,1
they re basterds thats all mr x that tyrant ♥♥♥♥ annoying,1
mr x more like mr thanos,1
fine clair thot leon dumb mr x aw lawd he comin,1
through the game the new mr x is kind of a,1
look and creepy stalking of mr x and epic boss battles,1
horror game go ♥♥♥♥ yourself mr x gon give it to,1
the obstacle looking at you mr x it was easy to,1
a disappointment in contrast to mr x lacks bosses while there,1
buy it before mr x gets to you,1
believe me man that ♥♥♥♥♥♥♥♥ mr x new comer to the,1
simply for this reason alone mr x isn t that annoying,1
and the constant threat of mr x they also put the,1
ll know the terror of mr x and his incoming footsteps,1
i need then he came mr suit and tie im screaming,1
mr x owes me a new,1
dogged my footsteps harder than mr x at first it was,1
really spooky game especially with mr x breaking through walls and,1
tyrant mr x reminds me of arnold,1
game is still scary and mr x can still manage to,1
game i ve ever played mr x can be infuriating but,1
mr x isnt in a wheelchair,1
mr x scariest mf,1
are in constant fear that mr x is around the corner,1
jumpscares got me especially when mr trenchy i ll go ahead,1
have some dr jekle and mr hyde going on one day,1
mechanics no more loading doors mr x is now scarier as,1
remake is an absolute beauty mr x hits like a b,1
is simply phenomenal the way mr x has become much more,1
things for a possible re3make mr x may be a formidable,1
mr x notice me senpaiiii me,1
thanks to mr x for making a tension,1
spooky and intense when tyrant mr x showing up and trying,1
b the bad b list mr x becomes tedious not scary,1
if you think tyrant mr x is scary wait till,1
bookcases give me a break mr x,1
ahead with the inclusion of mr x in both scenarios the,1
the door to run from mr x etc is a bit,1
after screaming oh ♥♥♥♥ when mr x busted through a wall,1
kill in the hallway thanks mr x,1
me face my fear of mr x i must admit that,1
damn good tbh and audio mr x s steps feels very,1
past him quietly but suddenly mr fedora appears and forces me,1
head to the next room mr x awaits running out of,1
screaming and running away when mr x came out,1
more efficiently run past them mr x is more of an,1
best character in the game mr x fantastic value,1
a special shout out to mr x screw you my guy,1
on massively especially tyrant 103 mr x which used to only,1
that made b quite challenging mr x tyrant can be a,1
a boss fight as for mr x he can be dodged,1
you re dumb thick and mr x keeps finding you by,1
spoilers i will just say mr x role needs to be,1
an re game again when mr x is following behind you,1
dies by mr x me thank you resident,1
it should be p s mr x is terrifying and isn,1
toes the tyrant t 00 mr x returns but this time,1
re kinda bullet soaks spoiler mr x chasing you adds a,1
are very spooky and buffed mr x has a fedora doggos,1
when mr x barges in through a,1
for umbrella there s also mr x the tyrant he stalks,1
at least 3 times from mr x homing down on my,1
continue at your own risk mr x is absolutely incredible and,1
can t stop playing it mr x is a real foreskin,1
this it s åssuuum sidenote mr x is a ♥♥♥♥♥♥♥ bully,1
s scenario b are seeing mr x for the first time,1
have concerning gameplay is that mr x is a bit too,1
like the funny little hat mr x has it makes me,1
corner or menecing steps of mr x looking for you this,1
claire down also known as mr x i m not kidding,1
much more alive and believable mr x really isn t hard,1
mention has to be for mr x a truely iconic nemesis,1
game cured my depression and mr x helps me manage my,1
and did anyone notice that mr x the tyrant looks like,1
delete mr x thx,1
gun very cool the tyrant mr x chasing you around is,1
t get me started on mr x tyrant the way he,1
to blow their head complete mr x well he is more,1
spoiler so be warned tyrant mr big bad that guy when,1
immersive atmosphere interesting zombies and mr x a cherry on top,1
going to like dealing with mr x but he s so,1
great voice acting amazing controls mr x hard enemies challenging achievements,1
the lickers right up to mr x chasing you about and,1
from the original game or mr x was on the forgettable,1
♥♥♥♥♥♥♥♥♥ ada looks so pretty mr x gives me catastrophic anxiety,1
mr x and lickers in one,1
mr x 10,1
toes though i wish spoiler mr x had one or two,1
talking about the unstoppable tyrant mr x spoiler spoiler however this,1
♥♥♥♥ ♥♥♥♥ cause big ♥♥♥♥ mr x gonna give it to,1
tense inside the claustrophobic corridors mr x aka tyrant literally makes,1
and which routes to take mr x tyrant can be infurating,1
frustrating side though especially after mr x comes into play i,1
work puzzlers have have change mr x is more persistent what,1
about for some weird reason mr x the tyrant that stalks,1
when dealing with zombies 2 mr x that guy always shows,1
trying to avoid zombies and mr x while in any other,1
with puzzles and stalking pedo mr t coming at you with,1
very fun game also mr x is terrifying,1
good pack a punch nice mr x the guy finally does,1
for them i e removing mr x once again if you,1
had the pleasure of meeting mr x at a charity do,1
a modern survival horror classic mr x 10 would mr x,1
in the hardest difficulty 6 mr x always following me i,1
great game f mr x though,1
mr x be looking thicc daddy,1
circles and play tag with mr x again,1
exactly the same for both mr x was even pulled from,1
mr x ruins the game there,1
then the positive things list mr x when i first heard,1
creepy atmosphere and the new mr x is probably one of,1
only one glitch while fighting mr x i was grabbed as,1
t mind being chased by mr x i can t wait,1
complaints i have are that mr x kinda changes up the,1
factor to the game having mr x stalk you from room,1
my favourite part is when mr x tells leon to go,1
the lickers to the infamous mr x there is surely something,1
so play it please spoiler mr x please stop i am,1
crying about and struggling with mr x from the atmosphere down,1
af lickers too lewd and mr x made me call him,1
it uhhh and oh yeah mr x is there and hes,1
twice about shooting or running mr x the big trenchcoat wearing,1
blasting zombies big willy and mr x this remake lacked all,1
gameplay is compact and tense mr x chasing you is very,1
now we have tyrant or mr x to deal with roaming,1
triggered mr x a bit early in,1
the “true” ending the way mr x is implemented in the,1
nemesis the terrifying tyrant i mr x i or trying to,1
ve only just seen spoiler mr x spoiler i hate myself,1
the approaching terrifying footsteps of mr x go buy it right,1
horror feeling being chased by mr x is the most stressful,1
don t waste bullets on mr x lead him on a,1
favourite waifu ada or chad mr x,1
aligator chase scene 3 final mr x fight when he rushes,1
compared from original re2 2 mr x big factor on the,1
mr x keeps eating my ass,1
the main hall go did mr x carry it outside or,1
goty 2019 contender also i mr x gon give it to,1
far is being chased by mr x this causes so many,1
option cutscene audio constantly desyncs mr x is just a ♥♥♥♥♥♥♥♥,1
buy it now also ♥♥♥♥ mr x he s one ugly,1
10 10 mr x gon give it to,1
so great side note hearing mr x s heavy footsteps in,1
hallways and the c4 room mr x his pimp hat and,1
mr x wont leave me alone,1
you fall for it everytime mr x is much much scarier,1
when you see the tyrant mr x the first time it,1
tried to shoot mr x in the chest with,1
pursued by the tyrant monster mr x as he s colloquially,1
t exist in original and mr x never have i played,1
now triggers ptsd flashbacks of mr x stalking the halls around,1
the endless footsteps created by mr x trying to find you,1
in the police station when mr ty shows up 35 years,1
see lots agreeing with me mr x or the tyrant you,1
type gameplay the tyrant or mr x as many of us,1
compared to the originals and mr x is more annoying than,1
more tense and anxiety inducing mr x hnnnnnnnnnnnnnnnnngg  there are,1
mr x follows me in my,1
fak mr x to many jump scare,1
make to it is that mr x is in some points,1
mr x hat simulator,1
a window or door or mr x busting through a wall,1
goty from me side note mr x chasing me gave me,1
wonderful graphics gore galore and mr x in my nightmares for,1
that the devs put in mr x is a challenge compared,1
been changed is still amazing mr x i will admit is,1
i m ok with it mr x is annoying intimidating at,1
installed a mod to remove mr x a hulking monster you,1
still there the return of mr x was such a pleasant,1
a grenade being chased by mr x two lickers and a,1
this is not consensual mr x ♥♥♥♥ off ps buy,1
the that in my opinion mr x gets way too pain,1
back baby tips fedora in mr x s direction,1
telll you a little about mr x aaarrrggghhh he s both,1
got to get chased by mr x all over again and,1
awesome and immediately creates tension mr x footsteps is one exemple,1
i dont like mr x so much i still,1
in my house i think mr x is behind me,1
10 10 story 10 10 mr clean you know what i,1
william g type 2 kills mr x in claire s scenario,1
explore and find collectibles also mr x,1
said it s intense that mr x is tenacious of hell,1
off and collect myself when mr x chased me into rcpd,1
plays when being chased by mr x is terrifying in particular,1
gore 6 characters 7 tyrant mr x 8 william birkin 9,1
course the remastered version of mr x the annoying slow and,1
bit of criticisms though spoiler mr x is clingier than my,1
bullet counts dont waste it mr x makes you ♥♥♥♥♥♥♥ in,1
and i will kill you mr x,1
with zombies and the relentless mr x is crafted to keep,1
fun feels resident evil ish mr x interesting callbacks at times,1
mr x is my husbando bro,1
mr x has been chasing me,1
in the modern age list mr x list shows up in,1
continuing with your current task mr x is much faster than,1
played the original game 10 mr x hats out of 10,1
also have to talk about mr x i haven t played,1
mr x s hat king crocodile,1
mr x stressed the hell out,1
zombies are a real threat mr x is underperforming and the,1
these third parties such as mr x and the lickers it,1
down as a classic negatives mr x is an absolute nightmare,1
it in the long run mr x is very easy to,1
two lickers a zombie and mr x again in all seriousness,1
"can be kind regards to mr x",1
the true mvp goes to mr x if anyone says he,1
and the annoyance that is mr x he just completely stalks,1
hardcore edit 3 analyze why mr x didn t really work,1
itok 1cqrzi5n this guy url mr x or tyrant as he,1
safe wait until you meet mr x who will follow you,1
are comparable to classic re2 mr x is terrifying,1
mr x scared the ♥♥♥♥ out,1
out of ammo and this mr x people are going on,1
have about four complaints 1 mr x is basically jack baker,1
mr x do not interact,1
trying to run away from mr x i never played the,1
is slightly different as well mr x now is like nemesis,1
♥♥♥♥ off mr x,1
your fears boys and girls mr x ain t nuthin but,1
remake game should be ps mr x become more annoying,1
go for assisted easy about mr x in the forums you,1
your pants when the invincible mr x chases you d,1
this annoying u enemies and mr x u of couse i,1
as any other entry also mr x is considerably more terrifying,1
especially when you can hear mr x coming for you and,1
punched into a licker by mr x again,1
1998 nightmares return in 2019 mr x appears runs for life,1
ghost survivors mode is awesome mr x is faster on hardcore,1
im terrified for mr x to show up so,1
t 00 also known as mr x or my personal favourite,1
it is in some parts mr x becomes a lot more,1
but just in case spoiler mr x is relentless here it,1
claire s 2nd campaign 3 mr x hovered around my save,1
experienced in a while hearing mr x stomping around the precinct,1
in the game or how mr x really died the remake,1
mr x popping up everywhere i,1
yes birkin as well as mr x looks absolutely terrifying the,1
imposible of scary when that mr x is coming after you,1
have nothing against running from mr x every now and again,1
with threats i just saw mr x hand and now i,1
sponges capcom pls fix also mr x is fun at first,1
leon currently when you meet mr t mr x tyrant terminator,1
zombies is satisfying in this mr x is also a missed,1
almost all my yes mr x is scary so he,1
frightening than ever the tyrant mr x is a villain that,1
runs around mr x yeah not gonna waste,1
mr x 12 stalkers 10,1
a corner when you hear mr x s theme playing and,1
poorly optimized mr x crane fight too many,1
original with the exception of mr x new mechanic which makes,1
s endless puzzles and evading mr x keep it up do,1
the first 3 hours until mr x appears in all the,1
keep his flashlight on and mr x needs to take a,1
have is from the moment mr x gets introduced it s,1
straight up shooter oh and mr x does get a little,1
lickers and mr x aren t pushovers anymore,1
i m personally terrified by mr x love him or hate,1
god i love mr x crushing my skull very,1
and a huge monster named mr x stalks you all the,1
a 6 11 black man mr x in a trench coat,1
mr x ft licker best combo,1
way also i still hate mr x nobody needs that negativity,1
none of its horrifying atmosphere mr x is pretty much a,1
i didn t even encounter mr x yet and when you,1
is back being chased by mr x appropriate levels of anxiety,1
and then finally clotheslined by mr x and died 10 10,1
but damn when you hear mr x s thudding footsteps do,1
mr x is back and in,1
licker ♥♥♥♥♥♥♥♥♥ wait what wtf mr x where the hell did,1
standout—the heavy echoing footsteps of mr x are enough to induce,1
was rather nerve wracking when mr x is chasing you hearing,1
10 10 would run from mr x for 2 hours again,1
would ♥♥♥♥ my pants over mr x s footsteps again 9,1
game is 10 10 honestly mr x and lickers are absolutely,1
barely had any interaction with mr x his appearance in the,1
min since the music dogs mr x and lack of ammo,1
death by licker simulator mr x s punching bag simulator,1
alert goggling how to kill mr x in police station answer,1
left side got hit by mr x and then ran into,1
encounters mr x ohgodno jpg,1
that damned smile ♥♥♥♥ you mr x,1
after an intense 3 hours mr x is now hunting me,1
more exciting when hunted by mr x most of the game,1
just met spoiler mr x spoiler i m uninstalling,1
head to kill and somehow mr x is kinda annoying you,1
who you played first and mr x only showed up on,1
far capcom really did it mr x is the scarest unstoppible,1
you busy zombies lickers dogs mr x ivies g mutants and,1
same with re3 especially since mr x is much more relentless,1
can t wait to encounter mr x and ♥♥♥♥ my pants,1
across and oh man when mr x finally shows up s,1
puzzles huge and scary bosses mr x will follow you around,1
to change my undies now mr x gon give it too,1
mr x can suck my peen,1
interact with you each other mr x and the enviornment a,1
to the monsters growls and mr x s menacing stomping footsteps,1
did it so much better mr x is way better than,1
moving forward to underground when mr x encounter with ada there,1
quality alongside ada wong and mr x to name a few,1
mr x is wearing a fedora,1
อิเห้ mr x ทำเอาเล่นเกมไม่เป็นสุข สนุกมากกก แต่ไม่รู้จะกล้าเล่นจนจบหรือป่าว ยังไงก็ขอซื้ออุดหนุน,1
awesome game mr x scare the hell out,1
really ♥♥♥♥♥♥♥ good game edit mr x is scary,1
problems for those worried about mr x don t be he,1
it leads edit just met mr x for the first time,1
difficult and truly unfair sometimes mr x is not only introduced,1
to be done especially when mr x is on your tail,1
but ♥♥♥♥♥♥♥ being chased by mr t has never been this,1
was doing supply runs while mr x tyrant was chasing me,1
assets are a bit lacking mr x isn t a persistent,1
much capcom for this also mr x is a b itch,1
one birkin bye my ammo mr x don t even bother,1
out of my seat thanks mr x mr x isn t,1
original outfits for claire leon mr x is wearing a fedora,1
