review,review_length,sentiment,purchased,received_for_free,votes_up,votes_funny,date_created,date_updated,author_num_games_owned,author_num_reviews,author_playtime_forever_min,author_playtime_at_review_min
<3,2,1,1,0,0,0,2026-05-06,2026-05-06,301,141,131,131
"Absolute Masterpiece. 
Honestly i feel like i dont have to say anything else.",78,1,1,0,0,0,2026-05-06,2026-05-06,80,6,367,365
Very fun puzzle horror game. I like the differences between both stories,72,1,1,0,1,0,2026-05-05,2026-05-05,0,5,1014,1014
I love this game!,17,1,1,0,1,0,2026-05-05,2026-05-05,60,11,62,62
"I never played the original RE2 or RE3 back in the day, only the first one. With the remakes out, I figured “why bother,” but after spending some time with this, I was wrong.

Are the controls great? Not really. Tank controls definitely feel dated and take a little getting used to, but after about 10 minutes it starts to click and you’re moving around just fine.

What surprised me most is how well the game still holds up. The pre-rendered backgrounds have a ton of charm, and the tension is real. They packed even more zombies into this one, and walking into a room full of them still gets your heart going.

One thing I do miss in the newer games is the puzzles. The originals feel a bit more involved. Nothing crazy difficult, but they make you think just a little more.

On Steam Deck, performance is perfect now if you use Proton Experimental with the registry fix. It used to not boot at all, but that issue seems fully resolved.

If you’re an RE fan and have been on the fence about the originals, I’d say give them a shot. It’s a very different kind of survival horror, and still a great time.",1104,1,1,0,0,0,2026-05-05,2026-05-05,514,60,298,298
"so i never liked the remake but i never fully played the original as a kid, i just watched my brother play it bc i was too scared to play it back then. My main beef with the remake is it feels soulless. I could tell back then and i can tell now.  To me all they did was take a classic story tied with interesting and unique gameplay and they turned into another generic zombie game where the characters have no interesting qualities. For me the originals work because of how likeable the characters are. The characters are really charming, even irons, who is still a monster like he was in the remake. However in the remake he was a creep and a weirdo and the way that game treats claire in general is really bad, they turn her from a capable collage student whos looking for her brother into a scared woman who needs a man to rescue her in literally every cutscene. They turn leon from a cop who got so drunk he missed his first day on the job because his girlfriend broke up with, but hes still a really good dude hes just flawed, like ya know, a person is into a himbo cosplaying as a cop whod rather hold a man in jail during a zombie apocalypse than help him out where as the original leon gave ben no other choice but to come with him if he wanted to live, and i know leon wasnt always the brightest but he was never downright stupid or cruel enough to watch someones head get crushed right in front of him, and he never demeaned ada or claire. His whole motivation was he wanted to save people and in the remake i just cant tell what this mans motivations are because he changes them literally every cutscene. For the original however, I put 4 hours in today because i was so hooked by the games amazing intro and the way it slowly builds dread and tension while teaching you every thing you need to know to survive without holding your hand. Your first encounter is immediately fight or flight and you will die a few times if you dont know how the controls work with the camera angles, it took me about 5 minutes to get to kendos and an extra 20 actually getting through to the police station because there is no autosave and thats just something i love incorporated into horror games because of how much it ups the stakes its really unique and honestly i can see how modern gamers wouldnt like these controls and the save system because they come across as tedious at first but as you get used to them its not really that bad because the game was designed with these types of systems in mind so it knows what to throw at you at any given moment, you just have to figure out how to survive and thats why i love it. I just think the original in general is superior and i can see myself playing this game all the way through for each character before i get the original resident evil nemesis. To conclude, im really happy capcom rereleased these games, these are lowkey what the remakes shouldve been all along",2916,1,1,0,0,0,2026-05-05,2026-05-05,0,21,493,226
"this hurts me to do but im going to leave a negative review for the DRM
in short great game good port ruined by capcom DRM

so why i dont like the DRM is because when you go offline saves dissapear so you always have to be online for a singleplayer  20 year old game
this bothers me because there are no achievements or any online functionality like no RENET or any leaderboards so its stupid to not be able to play this offline

i have also had a few crashes once i tried to save and it crashed, another time i went through a door in the later game and it crashed

the only bad thing about this is the DRM capcom added because i have heard if you buy this straight from GOG there is no DRM 

the game itself is amazing and adds a lot more compared to RE1 like i was amazed you could shoot off zombies arms and legs plus playing as the other character is more interesting because you get new paths 


if you were to get this port just buy it from GOG",950,0,1,0,2,0,2026-05-05,2026-05-05,373,30,722,708
"ohoo, this is where the franchise has peaked and a big turning point for expanding the game's main storyline after the events of Resident Evil (1996). improved graphics, new weapons, new characters/survivors, new system (zapping system), and overall faster paced in decision making. a very good improvement after the first game, but that doesn't necessarily mean that it is better than RE1 or RE3, they're all perfection in their own unique ways that differentiate on what makes them so special and memorable for all the console players back in the '90s.

i didn't like the game, i [b]loved[/b] the game. just recently completed the Claire A route and Leon B route, i can tell you dead in the eyes that it is a FUN ride. i didn't get the time to try the additional features after finishing the game but from what i've gathered so far in my experience it was worth my time to play it.

while i understand the whole DRM-thing going on last time i reviewed Resident Evil (1996), it didn't hinder or nor bothered me a bit in terms of how it performed. you can play the rest of the game modded or unmodded but i'll leave that entirely up to you to decide. in my own case i did mod the game like last time, just with an exception of not installing HD or any of that AI generated graphics as i believe it'll lose the game's charm with all the HD smoothness, just isn't my cup of tea to mod a relic from the past, especially when it is a very old game that's just perfect as is with the whole bit-crushed pixels of 320x240, no anisotropic filtering, no antialiasing, no nothing.

a solid game and definitely worth your time despite the reputation it has gotten for the issues & complaints people say about the 3 trilogies, i personally don't find it problematic even though in a professional moral stand point it is indeed kinda stupid to label it DRM that was first released 30 years ago, people already cracked it but it's whatever.

again - despite the mixed reviews, i think it's still worth it when it went on sale or -50% like the rest of the original trilogies. i recommend buying it went it goes on sale to buy it 5 bucks, but you can buy it right away for 10 bucks if you wish to show support. all up to you.

good luck blowing the rotters dome's, survivor.",2258,1,0,1,0,0,2026-05-05,2026-05-05,124,38,713,713
I really enjoyed this game and I think its better than the first one which is already good. I felt like I was more limited in resources for most of this game until the end which made the game have more tension. It was also definitely scarier as well (im bad with horror lol).,275,1,1,0,0,0,2026-05-04,2026-05-04,171,21,501,501
PEAK,4,1,1,0,0,0,2026-05-04,2026-05-04,1785,349,56,56
Leon's Scenario = ADA!,22,1,1,0,0,0,2026-05-04,2026-05-04,0,45,324,324
"AVOID: RE 2 (and RE 1) don't even launch. RE 3 launches but the controls are ♥♥♥♥♥♥. This is terrible and whoever let this crap go on sale should be ashamed.

People have paid money for a product: you need to fix this so we can paly the product.",245,0,1,0,1,1,2026-05-03,2026-05-03,0,15,6,5
"Absolute classic, on the short side but there's good replayability (4 playthroughs to do everything).",101,1,1,0,0,0,2026-05-03,2026-05-03,0,3,775,451
"Tbis is a very different  game from the remake when it comes to  atmosphere and gameplay, I remember playing this game on my PS2 Fat when I was 7. Back then I was never scared of it and always thought the gameplay felt a bit sluggish. But replaying it now, it's actually very fun and surprisingly snappy for a PS1 game.
While the first Resident Evil feels like a fever dream, this one really feels like a proper early 90s action movie   it’s got major Aliens and Terminator 2 vibes. Great game overall, but only play it with Classic Rebirth + Seamless HD. Otherwise it’s almost unplayable

9 out of 10
The remake is the batter game but this game is still very fun for what it is


אני זוכר ששיחקתי בזה על הפלייסטיישן 2 הפאט שלי כשהייתי בן 7. אז בכלל לא פחדתי ותמיד הרגשתי שהגיימפליי קצת כבד ולא זורם. אבל עכשיו כשאני משחק מחדש — וואו, זה כיף מטורף וזורם ממש טוב יחסית למשחק של הפלייסטיישן 1.
בעוד שהראשון מרגיש כמו חלום חום הזוי, זה מרגיש כמו סרט אקשן קלאסי משנות ה-90' — יש בו וייבים חזקים של ""הנוסע השמיני 2 "" ו""שליחות קטלנית 2"". משחק מעולה",1042,1,0,0,0,0,2026-05-03,2026-05-03,487,12,1292,1292
The Residents are pretty Evil here....,38,1,0,1,2,0,2026-05-02,2026-05-02,0,20,1757,1639
Best Resident Evil game of all time.,36,1,1,0,0,0,2026-05-02,2026-05-02,881,76,626,626
"I took a hiatus from playing games for about 60 days (I’m getting old/am old). Saw RE2 had finally made it to Steam. One day later, I’m back. Oh Gaben, you knew exactly what it would take.

Now give us Code: Veronica.",217,1,1,0,0,0,2026-05-02,2026-05-02,0,16,680,90
Just how i remember it from the N64 version back then......tho there are some extra things added to it that ive never seen.......resident evil 2 has always been an nostalgic piece of art to me....the key bindings aren't to bad......its a good challenge and a learning process from the N64 controller,299,1,1,0,1,0,2026-05-02,2026-05-02,125,28,36,36
يا حلاوة يا طراوة يا سموم القيض امان امان,41,1,1,0,0,0,2026-05-01,2026-05-01,0,12,272,272
Tyrant but with no hat,22,1,1,0,0,0,2026-05-01,2026-05-01,356,130,415,415
"Great game, ive been told the second game is MUCH better than the first game tho I will be honest while this game is really good and enjoyed it I do think the RE2 remake is better despite the stuff that got removed.",215,1,1,0,0,0,2026-05-01,2026-05-01,199,32,619,619
"Great game, fun to play a classic banger like this one. Only gripe is there is no achievements to earn. Still recommend it though",129,1,1,0,3,0,2026-04-30,2026-04-30,345,16,803,245
"Its great, it's sold, it's Resident Bloody Evil 2 for gods sake, shut up!",73,1,1,0,0,1,2026-04-30,2026-04-30,0,10,2142,2142
What can I say. Absolute classic and one of my childhood games. Really glad to see it here after all those years. Works just fine without additional modding.,157,1,1,0,2,0,2026-04-30,2026-04-30,362,61,1089,1089
"monsters, guess after this there'll be one less to worry about",62,1,1,0,0,0,2026-04-30,2026-04-30,0,2,585,585
brilliant game worth every penny,32,1,1,0,0,0,2026-04-29,2026-04-29,109,2,1511,1511
"Still a classic, albeit not a huge masterpiece. 

Some context: unlike nearly the entire rest of the series, I haven't played classic 2 or classic 3 since around the same time I first picked up Resident Evil 1 Remake, well over twenty years ago. And since it's been a few years since I played the 2019/2020 remakes, I figured I'd try the old versions again.

That wave of nostalgia hit and it really is still a wonderful game. I will say that if you're trying this for the first time, do it on Easy - these are TANK tank controls, and will definitely take 20-30 minutes to get used to. But once you're in, it's a very charming puzzle-based survival horror game.

Positives: The game isn't at all hard to understand or get into, it's never really boring, and you don't stay in one area for too long, unlike some of the other RE games. The licker scene especially is still iconic, just very chilling.

Negatives: ♥♥♥♥ the fights with G Birkin and the Super Tyrant in particular, plus those little G-spawn and roaches. You know the drill.

Also, and this might be a little bit controversial...the game just isn't scary? I was a little underwhelmed because I remembered this game being terrifying in my childhood, but then again, I was five years old. But I don't think I had any real fear or nerves the entire playthrough. The raw material that would later be perfected as the 2019 remake is definitely still there, but I guess this standard of horror really stopped working on me ages ago.

More negatives: each given run is actually quite short, which doesn't really make it better that getting a complete story out of it requires playing the same game FOUR freakin' times. That's an evil abuse of my time, even for 1998. The remake somehow making the runs way longer yet still not fixing this issue is even more evil, but that's for later.

More positives: Despite you basically knowing the full canon story by the time you finish Leon B, Claire B still offers some unique spooks and features, such as a confrontation with Mr. X on the RPD balcony and Chief Irons meeting an even more grisly end than before. So it's not ALL bone-dry repetition. 

Overall, a fun game and still worthwhile, but obviously dated and remade to perfection since.",2257,1,1,0,0,0,2026-04-29,2026-04-29,0,7,3291,3290
"I waited so long to be able to play the 2 most bad azz characters in the OG Resident Evil 2 Leon and Claire again on steam the wait was so worth it! I kind of wish every Resident Evil game had a A B way of playing the game! The best thing about the game is being able to Speed Run the game to unlock the best weapons so much fun to be had!

I Give This Game A AB / 10",369,1,1,0,0,0,2026-04-29,2026-04-29,720,51,1638,1638
"I never write reviews but ♥♥♥♥♥♥♥, what a great game, If u don't wanna read all just check pros/cons
-Pros: Excellent game, not too long It took me8 hrs to beat but I've seen ppl do it in avg 4 hrs
-Cons: Setting up my controller was a nightmare until I figured out I had to change my layout to KB and mouse, then u can remap your keys ingame, this game has no cons other than this, Its super fun, Its cheap, has great replayability, go for it, get it from here on a bundle or on GOG u won't regret it.

 I thought graphics were bad at first but I was so wrong, I love the graphics, the suspense music, the gameplay, there's a learning curve to be able to play and enjoy this game but I think this is what made the experience awesome, I played (rented) this game when I was a kid (didn't finish it tho) and I remembered It was awesome but not this good, If I hella enjoyed it now, this was a beast of a game back on It's era for sure, If u like horror/survival/suspense games give this a try because this is THE example of what a retro survival game should be.",1064,1,1,0,0,0,2026-04-29,2026-04-29,0,2,728,728
"Funny Leon Kennedy, good game",29,1,1,0,0,0,2026-04-29,2026-04-29,141,2,472,472
"Finished ClaireA/LeonB. I have never seen a game so much like its remake but so different at the same time. Many of the same areas and plot points are there but things are handled much differently in terms of exposition and pacing. I think the Sherry sections are done way better in the original as she gets more screen time leading to a more believable connection.

The only thing bringing this down compared to the remake is the gameplay. While everything is improved upon from original RE1... there are way too many zombies in some areas where it feels like it turns into more of a shooter than a horror game. Some rooms will have 5-6 zombies in your way you just have to take out. 

I could blab about the changes for ages but Its just an entirely different experience that should be played if you enjoyed the remake.",825,1,1,0,0,0,2026-04-28,2026-04-28,0,161,732,732
"I absolutely love Resident Evil 2—especially the original 1998 version. It’s such a great game and one that really stuck with me growing up. I remember playing it with my older brothers when I was a kid, and it used to scare the living hell out of me. Over time though, I grew up with it, and it became one of those games I can always come back to. I even remember playing it again on the PlayStation 2—I just couldn’t get enough of it.

Claire is easily my favorite character. I love her to death—she’s my favorite overall, no question.

The remake is also fantastic and did an amazing job bringing the game back in a modern way while keeping what made it special. Overall, I’d say this game is incredible—honestly, it feels perfect down to the very fine details. It’s a total chef’s kiss.

The only thing I didn’t really like was Claire’s ending section in the lab where you have to get the cure. That part can be really frustrating and feels like a bit of a pain.

But even with that, the game is still amazing. Definitely one of my all-time favorites.",1055,1,1,0,1,0,2026-04-28,2026-04-28,164,88,147,147
Classic survival horror.  Good to see where this series began.  I'm starting with the originals before playing the remasters.,125,1,1,0,1,0,2026-04-28,2026-04-28,780,378,618,618
"This game is one of my favorites of all time and the Steam release brought back the same rush and feeling of nostalgia while looking great doing it. You play as both Leon and Claire in their own seperate scenarios in Raccoon City, solving puzzles, managing scarce equipment and small inventory space, while slowly uncovering the secrets of a viral outbreak. Its still impressive how the two different storylines intertwine and how decisions you make in scenario A changes your scenario B, making replayabilty very high, something not even the 2019 remake could emulate properly. 

The Steam version cleans up visuals and runs well while keeping the classic fixed-camera, tank-control, and vibe that might feel clunky (at first) to a modern audience but it also makes everything more tense and atmospheric. The story is still creepy, tense, and clever. The 2019 remake is slicker and more modern (over-the-shoulder camera, smoother combat), but it’s a different experience — the original’s charm and dread are its own thing. If you love classic survival horror or have nostalgia for this game, this Steam (or GOG) release is a must-play.",1136,1,1,0,1,0,2026-04-28,2026-04-28,689,69,439,439
"This game doesn't need a full length review in my opinion, it's a masterpiece of it's time and still holds up today. 

I just want to say thank you to GOG and Capcom for bringing these three RE classics to pc. I hope other developers follow suit and partner up with GOG to revive classic games. Too many golden nuggets still not accessible to the public unless you pay a scalper 200+ euros/dollars to get them. 

Next up Konami give us Silent Hill 1,2, 3 and 4 on steam!",470,1,1,0,4,0,2026-04-28,2026-04-28,0,98,73,73
"The OG Resident Evil 2 is a certified classic... but it hasn't aged quite as well as I expected it to. Over the past week I played and completed both the Claire (A) and Leon (B) scenarios on Normal difficulty. The playthrough with Claire felt more like Easy difficulty - I had a ton of first aid sprays and green herbs in my stash by the end of the game. Leon's scenario felt more challenging, mostly because of the final segment of the game and a couple battles. The scenarios are very similar, probably like 80%+ the same. Honestly, it kind of felt like an artificial way to make the game longer. I didn't use any guides, never looked anything up, and Claire's scenario took me longest at around 7 hours... and half of that time was spent running around in the police station looking for the right place to go. The police station is like a huge puzzle box... whereas the areas of the game that come after the police station mostly feel linear and easy to figure out. The tank controls - while it feels easier to manage in this PC port, it's still awkward and can screw you over in battles, especially when coupled with the three directional vertical aiming - lickers in particular are a pain mostly because of these awkward controls. Mr. X is not really a threat at all for most of this game... you can just run right by him and he won't follow you into the next room... they did a way better job with Mr. X in the remake. Also, this is probably just because the OG RE2 is 28 years old now, but I did not find it scary at all, whereas the remake genuinely got under my skin a few times. These issues aside, I still had a great time playing through the OG Resident Evil 2. It was my first time playing through it since the late 90's when my friend had it on his PlayStation... and I'm pretty sure we did *not* beat the game back then. I've played through the remake/remaster a few times and can tell you unequivocally that the remake is superior in almost every way, except for the atmosphere/vibes. Late 90's/early 2000's games have amazing atmosphere (Deus Ex is another great example of this) and Resident Evil 2 is no exception. If you don't have nostalgia for this OG version of Resident Evil 2, I can't think of many reasons to play it over the remake, especially since the remake is often on sale for $10 to $20 and this OG version costs $9.99. This is still a classic, but unless you want it for the nostalgia, to continue your RE collection or experience the early days of this amazing franchise... buying the remake instead is recommended. In 1998 I would have rated this game a 9.5 out of 10, but aging hasn't been as kind to it as expected, so in 2026 I rate it an 8.5 out of 10.",2692,1,1,0,1,0,2026-04-28,2026-04-28,0,76,813,813
Japanese artificial difficulty slop. Where is quicksave?,56,0,0,0,0,4,2026-04-28,2026-04-29,0,13,235,235
spooky,6,1,1,0,0,0,2026-04-28,2026-04-28,0,28,343,199
"Good game but not better than the first, regardless of whatever else says. Some of this had to do with the development of the game having to restart and then having to rush much of it at the end. Definitely a purchase though.",225,1,1,0,0,0,2026-04-27,2026-04-27,0,105,1167,543
IT IS A CLASSIC! 10/10,22,1,1,0,1,0,2026-04-27,2026-04-27,60,12,511,511
"It's Resident Evil 2! The original one! 
I cannot not recommend this. Even though I already bought it on GOG, I just want this game in my Steam library. 
I wish there was steam overlay and achievements though. If there were achievements, I wonder how they would name the achievement of getting that film from Wesker's desk hhh",326,1,1,0,1,0,2026-04-27,2026-04-27,0,12,523,469
"I've played the remake to death and loved every moment of it, but never played the original game before (was waiting for the Steam release). I have to say that it's on par with the remake for me! It has some stronger aspects like a lot more difference between Claire's and Leon's runs, but it also has weaker ones. Overall a 10/10 experience and I would definitely recommend any Resident Evil fan play this!",407,1,0,1,1,0,2026-04-27,2026-04-27,582,83,672,672
"Absolute peak! I love this game, thanks dad for introducing me to it as a kid.

PS: WHO THE HELL THOUGHT NOT HAVING A TOILET IN THE RPD WAS A GOOD IDEA?!",153,1,1,0,1,0,2026-04-27,2026-04-27,97,5,530,530
"An absolute rollercoaster of a game - with a more fleshed out story and natural evolution of mechanics and gameplay elements introduced in the first installment. 

An iconic work of art to be remembered and preserved as is forever.",231,1,1,0,0,0,2026-04-27,2026-04-27,0,21,723,723
"This Game is Nothing Like The Remake
--------------------------------------------------------------------------------------------------------------------------
The Soundtrack is Better Than The Remake
The A/B Scenario is Better Than The Remake
The Sewers are Better Than The Remake
The Lab Looks Better Than The Remake (Somehow)
Plays Better Than RE1 OG
--------------------------------------------------------------------------------------------------------------------------
The Story in The Remake is Better
Marvin is an Actual Character in The Remake
Kendo The Gun Store Guy is Better in The Remake
The RPD is Better in The Remake
The Zombie Spam Sucks Ass (10 Zombies in 1 Room)
The Voice Acting Still Sucks Like in RE1 OG
Mr X is Kind of Just There",754,1,1,0,1,0,2026-04-27,2026-04-27,280,52,758,758
"I like it, it's just a classic game even it is a bit hard in a way, but it is fun!",82,1,1,0,1,0,2026-04-27,2026-04-27,0,1,510,510
Not much else I can say. It's a great port of one of the best Survival horror games ever made. Still prefer this to remake.,123,1,1,0,1,0,2026-04-27,2026-04-27,0,53,54,42
"This game is one hell of a time, while remake WAS my first experience with RE2 i much prefer the original, maybe it's the feeling of old games or such positives like sound design and the attention on atmosphere and such, but This game IS one of the best RE's and possibly the best survivor horror game ever made, thanks to capcom for putting it on steam,(with DRM is pretty annoying but it's an old game).

I just wish Konami would do the same thing to og silent hill's",469,1,1,0,6,0,2026-04-26,2026-04-26,112,55,556,556
este juego es mejor que el remake y me lo lloran los nenazos.,61,1,1,0,0,0,2026-04-26,2026-04-26,88,18,273,250
"It's a version of the game without auto-aim. Can be annoying to excruciating with the health-based animations slowdown that painfully affect turn speed. 

Controller frequently disconnects and doesn't work again until the game is relaunched, or using a layout that binds controller buttons to keyboard keys. Even then, key binds break and don't work until the game is relaunched. Not very conducive to the punishing finite ink ribbon save system. 

Disregarding my opinion of the game itself (which is now lower than it probably should be) this version is bad. Very disappointing after enjoying the GOG Resident Evil 1996. 

One positive point is that the game allows you to skip door transition cutscenes.",706,0,1,0,1,0,2026-04-26,2026-04-26,954,46,182,182
"/shrug.

Crashes every time I kill the Alligator. Scripted or HP defeat.

So that ruins the experience",102,0,1,0,0,0,2026-04-26,2026-04-26,198,25,3969,409
"[h1]A game that needs no introduction.[/h1]

Ya, the Steam port is shamefully lazy, but the game itself is the objectively best of the original trilogy and probably the quintessential survival-horror game that every gamer should try out at least once. Even though the remake is of course the version you should play first and foremost these days, the original is still very well worth playing, too.
______________________________

RESIDENT EVIL 2
Genre: Survival-Horror
Release: Q1 1999 (PC-Version)

( ) 0/8 Simply one of the worst games ever made. Don't waste any money on this.
( ) 1/8 Bad. Seriously flawed with barely any redeeming qualities. Worth a couple of Cents at best, if at all.
( ) 2/8 Sub-par. Only for hardcore-fans of respective genre / series. Don't pay more than 5 bucks.
( ) 3/8 Meh-diocre. It‘s okay. Don't pay more than 10 bucks.
( ) 4/8 Decent, but not for everybody. Don't pay more than 15 bucks.
( ) 5/8 Good game, Must-play for genre- / series-fans. Worth 20 to 25 bucks max, if you are not a fan.
( ) 6/8 Great game, universal recommendation. 30 bucks would be a steal for this.
(X) 7/8 Outstanding game, a milestone of it‘s respective genre. Definitely worth its full prize.
( ) 8/8 Simply one of the best games ever made. Get this, the prize doesn't matter.",1286,1,1,0,0,0,2026-04-26,2026-04-26,0,350,394,394
Strong 8 /10,12,1,1,0,5,0,2026-04-26,2026-04-26,2197,561,637,637
"“Hey, that’s pretty good!”
Rating: 8/10",40,1,1,0,19,0,2026-04-25,2026-04-25,563,32,631,631
I been enjoying it a lot.  I wish i played these back when i saw them on blockbuster shelfs all the time.  Just scared me i think HAHA.,135,1,1,0,1,0,2026-04-25,2026-04-25,128,11,389,219
Great Classic.,14,1,1,0,0,0,2026-04-25,2026-04-25,0,13,2811,1954
It was cool.,12,1,1,0,0,1,2026-04-25,2026-04-25,229,16,1328,1328
para los nenitos gog que joden con que no es modeable les digo bobos por que es re facil de modear y para los que joden con el drm por el internet avisarles que mi ultima cuenta de internet fue de 20usd.,203,1,1,0,0,0,2026-04-25,2026-04-25,248,43,852,260
"it was really cool to be able to experience the original RE 2, it was pretty different from the remake in several ways and playing the original still felt unique and fresh from the remake. thanks to Capcom and GOG for the steam release",235,1,1,0,1,0,2026-04-24,2026-04-24,0,78,586,586
"Resident Evil 2 is one of those rare games that truly ages like fine wine. Even decades after its original 1998 release, it still stands as a gold standard for the survival horror genre.

The level design alone is textbook material. Every area—especially the R.P.D.—is carefully crafted to balance tension, exploration, and efficiency. The game embraces backtracking as a core mechanic, but instead of feeling repetitive, it becomes deeply satisfying thanks to smart shortcuts and interconnected layouts. Combined with well-placed puzzles, returning to previous areas always feels meaningful rather than tedious.

What really elevates RE2 is its pacing. The game constantly shifts between moments of tension and brief relief, and it does so brilliantly by alternating between characters. But the true standout—the game’s defining feature—is the “Zapping System.”

This system does more than just offer two perspectives. Your actions in the A scenario directly influence the B scenario. Items you pick up, paths you unlock, even certain decisions you make can carry over and reshape the experience in the second playthrough. It creates a layered sense of progression where the world feels persistent and interconnected across both characters.

Because of this, the level design gains an extra layer of complexity. It’s no longer just about navigating spaces efficiently—it’s about understanding how your actions ripple across parallel narratives. And interestingly, even though you’re technically playing alone, you rarely feel alone. There’s a subtle but powerful illusion that the other character is out there somewhere, moving through the same world at the same time, dealing with their own challenges. That shared timeline gives the game a sense of presence and cohesion that very few games manage to achieve.

Another aspect that deserves more credit is the music. RE2’s soundtrack does an incredible job supporting the atmosphere—subtle, eerie, and never overbearing during exploration, but tense when it needs to be. And then there are the safe rooms: stepping into one feels like a breath of fresh air. The calm, almost soothing music creates a stark contrast to the danger outside, making those moments of safety feel genuinely earned and memorable.

Beyond the main campaign, RE2 also offers additional modes like Extreme Battle and The 4th Survivor, which add even more challenge and variety for players looking to push their skills further.

Looking back at 1998, Resident Evil 2 wasn’t just a great game—it was a phenomenon. And even now, it remains a masterclass in how to design survival horror the right way.",2623,1,1,0,4,0,2026-04-24,2026-04-24,1310,89,728,728
"the story is really good compared to the first og, and gameplay as well. The game is a lot more just, get more ammo, get more ink ribbons so you don't have to repeat nearly an hour of progress you lost. Its a lot more fun. However its still has its flaws, such as the end fight, (Spoiler warning) The mutated William birkin end fight in Leons story, can be ridiculously,  tedious, and the game expects you to bring a wealthy amount of ammo before the fight, but i feel like most players died cause they just didn't have enough ammo. There isn't really any indication, it would have been better to have ammo laying around the area, but there wasn't. Another nit pick i have is Claires story being significantly more difficult than Leons, with more enemies, and just not enough ammo, so it becomes tedious process again, and takes away a bit from the enjoyability for me at least. Its a hard game, and its a classic, and im just bad at video games lol, Otherwise the game is pretty good.",985,1,1,0,0,0,2026-04-24,2026-04-24,0,2,770,770
"This game is personally for me games like Donkey Kong Country, Ocarina of Time, Mario 3.
 in other words, the best games I've ever played. I recommend it to everyone.",166,1,1,0,22,0,2026-04-23,2026-04-23,383,78,465,168
"""This Resident is so evil.... He might be a real Biohazard.. too...""",68,1,1,0,8,1,2026-04-23,2026-04-23,494,111,854,845
good stuff,10,1,1,0,0,0,2026-04-22,2026-04-22,0,17,625,625
"I'm one of those old farts who played this back in '98 when it first came out. Was incredible back then, and it's aged pretty well. The remake was good, and is obviously graphically superior, but the original just had such an atmosphere of dread and isolation. It just had a ""feel"" to it that the remake totally missed. I'd pick this version any day of the week.",362,1,1,0,0,0,2026-04-22,2026-04-22,0,19,656,210
"My favorite video game. I remember being a kid, playing this game while my mom would be at work so she couldn't see me trying to play. This is the first game that genuinely scared me to the point of not playing anymore. I have so many great memories playing this game, and I'm glad CAPCOM put this on steam. Thank you CAPCOM.",325,1,1,0,0,0,2026-04-22,2026-04-22,0,38,680,472
True gem. THE GOAT!,19,1,1,0,0,0,2026-04-22,2026-04-22,280,66,746,315
this and the remake both are GOLDEN!,36,1,1,0,2,0,2026-04-21,2026-04-21,0,11,483,413
4/1/26 WE WERE HERE,19,1,1,0,0,0,2026-04-21,2026-04-21,0,97,140,140
"This game is awesome and hilarious, sadly it has an unnecessary DRM here on steam even though it's the GOG version. 

So if you hate DRM just buy it on GOG other than that game is awesome as is and there are some cool mods for graphics and other stuff too.",258,1,1,0,7,0,2026-04-21,2026-04-21,252,2,710,710
"All thanks to GOG and Capcom for bringing this masterpiece after so many years, it's not the best version but the more the classics become available the merrier.",161,1,1,0,31,0,2026-04-21,2026-04-21,204,27,8,7
Swag,4,1,1,0,1,0,2026-04-21,2026-04-21,217,45,3411,2111
Its charming and overall a fun experience with pretty good puzzles,66,1,1,0,1,0,2026-04-21,2026-04-21,0,4,297,187
Pretty nice,11,1,1,0,0,0,2026-04-21,2026-04-21,0,45,656,656
"I'm really late to Leon's party, but I have to say, RE2 is truly an amazing sequel. It improves on pretty much everything from the first game: the movement and shooting feel noticeably better, the map was much easier to memorize, and overall, I just had a significantly better experience. Plus, having more bindable keys right out of the box (sprinting with shift!) is absolute perfection.

However, just like in the RE1 port, the Steam overlay isn't working. I really wish they had put a little more effort into this release rather than adopting a ""let's grab the GOG version, slap DRM over it, and call it a day"" approach. It is what it is.",644,1,1,0,10,1,2026-04-20,2026-04-20,462,62,862,862
Not as good as I remember or as good as 1 (Spencer mansion is just as far better setting overall) but still a great game.,121,1,1,0,2,0,2026-04-20,2026-04-20,946,21,706,706
Love it,7,1,1,0,0,0,2026-04-20,2026-04-20,0,2,668,313
this game has a bug - it makes my Leon spin around.,51,1,1,0,0,0,2026-04-20,2026-04-20,0,15,184,184
"RE2 could be the greatest survival horror game ever made. I thought the first game was quite good for what it was, but EVERY aspect is improved in 2 to an extreme level. More unique weapons, much better looking models and pre-rendered backgrounds, and the story is phenomenal. This is a much darker version of the story that would be told in the remake, there were some truly jaw-dropping moments that I wont spoil here. I think the greatest strength this game has over the remake is the Scenarios and ""zapping"" system. Whether you play Leon or Claire first the routes, gameplay events and even boss fights will change dramatically. It makes the story feel so much more complete, and really makes the duo protagonists feel like a team. The game is short & sweet but loaded with replayability, you basically get 4 campaigns alongside Extreme Battle Mode, 4th survivor and Arrange mode. Oh yeah theres also the DRM thing Steam added... its stupid but you wont notice unless your rig is quite old.

I absolutely loved this game, and if you are second guessing a playthrough because you've already played the remake or you think the tank controls are too dated I urge you too reconsider! They shower you with health and ammo as well even on Normal mode, so its a great entry point for newcomers as well.

""Its up to us to take out Umbrella!""",1341,1,1,0,0,0,2026-04-20,2026-04-20,288,32,1339,1338
"THIS GAME IS MADE BY THE GODS THEMSELVES! IVE NEVER PLAYED A GAME SO CINEMATIC, ACTION PACKED AND ON TOP OF ALL THIS, ACTUALLY CHALLENGING! THE ZAPPING SYSTEM HAS TO BE ONE OF THE MOST AHEAD OF ITS TIME MECHANIC EVER BRO! I LOVE THIS GAME, AND THIS GAME WILL FOREVER BE MY FAVORITE! GG<3",287,1,1,0,1,0,2026-04-20,2026-04-20,273,20,1209,1209
pretty good... pretty... pretty... good... :O~,46,1,1,0,0,0,2026-04-20,2026-04-20,169,19,1198,1198
"Like so many have said with writing reviews; I wish there was a neutral option. Like, I get that this is a port for the PC, which is fine. However, I wish they would have added some better option customizations, like being able to control the volume for voices. I have the volume pretty low, but when there is a cutscene, my ears are getting blasted by outdated sound quality from 1998.

All-in-all, its still the same game I grew up playing and that's what we all want. Just wish there better sound options or being able to have the 180 turn function that was added to later games.",582,1,1,0,0,0,2026-04-20,2026-04-20,0,2,260,260
"Ok, so, I think compared to 1 the design in 2 is not very good. RPD is great, then we're in some short sections like the sewer, a lab, a parking garage. What I love about RE is the sense of being trapped in a place, like the Spencer mansion, and it never seemed like you stayed anywhere that long. Again, RPD is great, and it's cool when you loop back in a few times, but nothing after RPD feels memorable at all. I also think the remake hits all the notes from this one, and adds a ton of content. I think if you are mulling over OG v Remake it is OK to play remake, but both games are so short that you can do both! It's still a very good game, and a very good RE game, but it was less my jam than 1.",702,1,1,0,1,0,2026-04-19,2026-04-30,0,21,498,491
"I spent all my Saturday evening playing this GEM of a game once again for the 500th time on my Steam Deck and I had a blast!

This was overdue by so many years that I can't comprehend why Capcom did not bring the PC versions of all the RE trilogy to the most widely used PC platform for the past two decades until 2026! it blows my mind just knowing these games were not available for PC anywhere at all for the longest time.

I am aware GOG.com did it first a couple of years ago HOWEVER, Steam remains to be the most present platform for PC anywhere and it brings the accessibility of this game to millions of players all around the world so easily!

I will be clear, I had to resort to youtube tutorials to learn how to set it up correctly to play on my steam deck. but once I did all that, the game plays wonderfully!

If you don't like to tinker with your PC games at all, you might become frustrated with this one as, straight ""out of the box"" will not work correctly. So you are forced to change the configurations but once again, there are content creators out there that can cater to your needs and show you how it is done. 

Not only that, the community tab has a lot of resources as well. 

I recommend RE2 and the other two for the original trilogy FOR THE REST OF MY LIFE!!",1298,1,1,0,1,0,2026-04-19,2026-04-19,0,4,985,244
pure survival horror,20,1,1,0,0,1,2026-04-19,2026-04-19,1207,12,688,688
still a lot of fun to play even after all these years,53,1,1,0,0,0,2026-04-19,2026-04-19,440,160,282,282
"the GOAT, recomendo o mod Classic REbirth",41,1,1,0,1,0,2026-04-19,2026-04-19,1034,154,447,447
Only reason I'm leaving a negative review is because setting up a controller to work right is difficult. Sometimes when I load up the game to the main menu the dpad will allow me to move down but not back up. IDK what causes it but it's just a bad port due to clunkiness of getting it to work properly. Game is great though if you can get past dealing with tank controls which have not aged well in my opinion.,410,0,1,0,8,3,2026-04-19,2026-04-19,0,29,332,157
"Great game overall. Played Claire's campaign so nothing to say about Leon's. Compared to the first one (1996) Resident Evil, I kinda miss the 3D item inspects, But the item pouch and the reduced amount of blue herbs was a nice balancing touch.
Played on Linux and didn't need much tinkering. Had one noticable artifact at the end of the game but othewise nothing serious. After searching through ProtonDB I only had to do the same regedit fix via protontricks to allow the game to launch. RE1996 didn't have save crash issues for me but this had and that was pretty simple fix too. For anyone encountering those issues here is a snippet from ProtonDB that I used:
[i]
Tinker Steps:Set launch options, protontricks

WINEDLLOVERRIDES=""ddraw=n,b"" %command%

Install/Verify the reg file for relevant language using ProtonTricks.

Open ProtonTricks > select the game > default win prefix > regedit > once regedit is open use the import option and select your languages reg file

Easiest way to find the file is go to Steam, right click the game and select ""browse local files"" then copy the reg file and paste it to your desktop (you can delete it from desktop once done) as this will aave you navigating so much in regedit
Save Games:Saving

The game will crash every time you attempt to save without this chage;

Create a folder called RE2Save in the games compat folder (you will need to make sure you have show hidden files enabled to get there) -

/home/deck/.steam/steam/steamapps/compatdata/4249110/pfx/drive_c/

Create the RE2Save folder here.

After that; open regedit again via protontricks, navigate to;

HKEY_CURRENT_USER > SOFTWARE > CAPCOM > STEAM_R EVIL2

There is a save path reg file there, double click on the current path (under the data tab, furthest right) to edit it and change it to;

C:\RE2Save\

DO NOT LEAVE OUT THE FINAL BACKSLASH LIKE THE OTHER USERS REPORT OR YOU WILL STILL GET ISSUES

You do not need to enable any proton compatibility layers, just make sure to put the launch command once you've done the reg file import and save path edit.

- CrtlAltEvil from ProtonDB
[/i]",2101,1,1,0,0,0,2026-04-19,2026-04-19,1018,91,701,701
Mi Resident Evil favorito. Con el mod RE-ENHANCE cambia totalmente la experiencia.,82,1,1,0,0,0,2026-04-19,2026-04-19,0,175,613,201
"I actually played the game unlike some people, on steam Ag3nt, did not beat it he only played for six minutes and quit, what a baby!!",133,1,1,0,2,0,2026-04-19,2026-04-19,330,40,709,459
"this game is a classic, grew up playing this on PS1. needs full controller support",82,1,1,0,0,0,2026-04-19,2026-04-19,62,12,399,109
"Unlike the RE1 port, I'm actually willing to give this one a positive review, just barely albeit. This port suffers the same flaws as the RE1 port. No steamworks, no achievements. and rather poor settings for the modern year. Also DRM for some reason even though the game is 28 years old and is easily emulated for years. However, this port actually adds a HUGE bonus content that brings the rating up. I played all four scenarios for this review, and after finishing the first two, I noticed a new hard mode option upon starting the third scenario. This mode was an absolute blast and made the game refreshing after replaying it dozens of times. Hard mode reduces ammo pickups and makes the zombies unbreakable tanks. Random headshot crits like in Re1 directors cut and RE3 are added to help balance the increased health. As someone who is very experienced with this game, these changes really remixed up the formula and made me rethink certain moves. Made the experience very fresh for the first time in awhile. Besides this, 4th survivor and Tofu survivor are unlocked from the start, removing the annoying replays to unlock the bonus modes.
Overall, I do recommend this port for new fans and those that have never experienced the original game. Just pick it up on sale, as I would not pay $15 for it.",1304,1,1,0,0,0,2026-04-19,2026-04-19,408,106,1038,936
"As far as I can tell this is a great port, everything works just fine, and it's a great game. Coming back from playing re0/1remake with their atrocious 360* movement mixed with fixed camera angles, this game feels like heaven compared to that. It's easy to see how much better the tank controls work with the fixed camera angle. Now I'm not getting stuck running in circles between screen transitions. How did the post 2001 games mess that up?
Anyways, great game, very fun",474,1,1,0,0,0,2026-04-18,2026-04-18,153,33,525,525
"RE2 Classic: Runs well and looks good for a 1998 game
Gameplay wise a bit more action oriented compared to RE1C and throws you into the fray immediately. Puzzle are simpler than RE1C and ammo feels more plentiful though you can still run out if you get a bit to trigger happy. Bosses are much tougher than the first games which tend to go down pretty easily.

Controls: Everything worked as intended and plays best with D-pad. Button can be configured under options. 
Soundtrack: Has some great atmospheric tracks but i think the first game is overall more consistently better.

Cons: Apparently their is no cloud saves. Which would be the only con i have with the game.
I waited to long to use the smg and found out at the end that it's good at mowing down lickers.

Overall a good rerelease of a ps1 classic.",819,1,1,0,0,0,2026-04-18,2026-04-18,0,3,664,358
"A classic masterpiece that still holds up in 2026 as it did when I first played it in 1999. The story, soundtrack, characters. Everything is just top notch and improved on what the first game brought. Since this is the PC port, it comes with exclusive content like hard mode and extreme battle. But the port needs to be fixed further as hard mode and some extras disappear every time you exit the game. Even if you've saved your progress. Still, a solid 10/10.",460,1,1,0,0,0,2026-04-18,2026-04-18,0,2,2837,1901
maybe tank controls aren't so bad,33,1,1,0,0,0,2026-04-18,2026-04-18,382,51,379,379
"Absolute claireema
(Recommended to use/install re enhanced mod for enhanced graphics and additional features such as configure keyboard binds and FHD resolution)",161,1,1,0,1,0,2026-04-18,2026-04-20,0,12,900,897
a classic. enough said.,23,1,1,0,0,0,2026-04-18,2026-04-18,0,17,568,255
leon so hot,11,1,1,0,1,0,2026-04-17,2026-04-17,147,11,262,83
"if fixed camera angles and tank controls are things you love, this is actually one of the best Resident Evil games probably.

the remake is still better (it would be weird if it wasn't) but this game is actually pretty fun.

I don't think it's that scary when compared to modern Resident Evil games though, even when I ran into an enemy off camera it was more annoying than frightening.",390,1,1,0,0,0,2026-04-17,2026-04-17,0,100,620,620
"A good port, I only had one issue where my controls were all messed up.. but I fixed it by restarting my PC. fun gameplay and scary.",132,1,1,0,0,0,2026-04-17,2026-04-17,99,31,360,67
"I love that game, it's amazing but the remake is better",55,1,1,1,0,1,2026-04-17,2026-04-17,0,2,377,377
these graphics suck,19,0,0,0,0,10,2026-04-17,2026-04-17,75,34,81,30
bring back my childhood memory,30,1,1,0,0,0,2026-04-17,2026-04-17,0,7,113,113
Does this game remind anyone else of the rancid smell of vomit soaked in to carpet? It does for me because that smell lingered in my bedroom for at least a year as a kid whilst I lovingly played this game. Bravo I say! Bravo!,225,1,1,0,0,0,2026-04-17,2026-04-17,1329,105,399,396
"Very fun, honestly a bit better than the remake, easy 10/10.",60,1,1,0,0,0,2026-04-17,2026-04-17,86,16,688,688
"[h1] Almost Perfect [/h1]
[u] 9/10 [/u]
RE2 is awesome. Although, the graphics, sounds and gameplay are almost identical to the original, RE2 still somehow finds a way to improve. The story is much more compelling then the original RE, and the characters are presented in a much more interesting way, making them more memorable and likable. The levels in RE2 are simply iconic too. Very well designed, very atmospheric and a blast to play around with. The puzzles are simple, but still very enjoyable to solve. The only major issue I have with RE2 (and the Remake for that matter) is the scenarios system. Instead of having two story paths leading to four different campaigns, which often contradict each other, I would have much preferred to have one story path leading to two, more thought out and well crafted campaigns. I don't mind that decision on its own, as it would certainly help with replayability. But it can lead to some head scratching in the later RE games, when someone references an event from RE2 that you've never seen because you accidentally played the non-canon path. If they made it obvious that Claire A - Leon B was the canon path, and Leon A - Claire B the non-canon, alternative universe path, then I wouldn't have an issue with this at all. But there is no way to know which path is canon, untill you play RE6. In case you're planning to play through the franchise for the first time, let me save you the headache and tell you that Claire A - Leon B is the canon path. Regardless, RE2 is still a phenomenal game, and honestly I enjoyed it more then the Remake. However, I would recommend playing both versions, as they are fundamentally different games and offer very different experiences.",1718,1,1,0,3,0,2026-04-17,2026-04-17,363,75,773,773
"RE2 is one of my favorite games of all time. After only playing this game on the N64, the graphics of this port blew me away. That being said this port is not perfect. I saw a lot of people had problems with the fact that it has DRM but I never noticed a problem (I'm just a casual). The only problem I really had was the controls. It took me a while using the logitech hub to get the controls how I like them, but once I honed it in, the experience was amazing. I highly recommend this.",487,1,1,0,0,0,2026-04-17,2026-04-17,0,2,887,492
"game plays perfectly, absolute most favorite game and this hit the spot",71,1,1,0,0,0,2026-04-17,2026-04-17,140,7,459,355
"Oh...sorry about that, Babe!",28,1,1,0,0,0,2026-04-16,2026-05-05,340,69,630,630
easily one of the best games in the franchise,45,1,1,0,0,0,2026-04-16,2026-04-17,188,26,854,473
best game from capcom,21,1,1,0,0,0,2026-04-16,2026-04-16,106,10,284,174
"Works perfectly on Linux right out of the box.

Compared to RE2 Remake (which I have completed four times and even got the platinum for), I will definitely replay this one at least once more. That said, the remake still feels better overall mainly because of the added content and how complete it feels.

It is not a major downside, but I don’t really understand why Capcom removed the inventory item inspection feature from RE1 (1996), especially since it sometimes revealed hidden items.

This was my first time playing the original RE2, and I really liked it. If this were the ‘90s, it might have been one of my all-time favorites. Next, I will try RE3 maybe the original will end up beating both RE2 and the RE3 Remake, which got a lot of criticism.

Also, a small moment that got me (spoiler alert): [spoiler] when I used the purple key on the first-floor right-side door, I opened the menu less than a second after hearing glass break… instantly got jumpscared and knew a Licker was coming :D [/spoiler]",1009,1,1,0,0,0,2026-04-16,2026-04-16,0,27,557,557
First game i've ever played in my life and here I am playing it again it's just as worth as playing as the first time <3 so good and fun it's def worth to pick up if you're into the classic games.,196,1,1,0,0,0,2026-04-16,2026-04-16,0,5,223,223
9/10,4,1,1,0,0,0,2026-04-16,2026-04-16,0,82,407,407
"After the rough launch for linux, and the bad drm. This game is peak, the tank controls do not age as bad as people say. the puzzles are really fun to solve, and this is in fact a play the game kind of game, with 4 main stories you can play, there are in fact 4 other side modes you can play serving so much content that is there without having to pay extra, the classic RE games out perform the remakes in a lot of cases. Pick up this classic and enjoy.",454,1,1,0,0,0,2026-04-16,2026-04-19,0,24,998,642
"I am loving the original so far, one question. How do you guys manage your ink ribbons? because I come from the time of modern rpg's where you save every 5 minutes lol so how much game time should be enough to save the game? lol",228,1,1,0,0,1,2026-04-16,2026-04-16,387,68,225,21
"Another 10/10 experience. Scenarios A and B are well done, unlike in the Remake, where they don’t even make sense. The story also feels different from the Remake. I actually prefer this game’s story. Overall, I think this game is better than the Remake, although the Remake is also a very great game, except for the A and B scenarios.",334,1,1,0,3,0,2026-04-16,2026-04-16,53,6,778,777
"Despite the existence of the remake, RE2 OG is still an amazing experience. Classic tank control survival horror, along with a unique zapping system where actions in your Part A playthrough effect the Part B playthrough. The part A/B playthroughs also compliment one another's storyline unlike the remake, which in turn ends up creating four distinct playthroughs. While I love the remake, the original game is still a timeless classic very much worth playing today.",466,1,1,0,4,0,2026-04-16,2026-04-16,0,87,1072,1072
10/10 The Residents were very Evil too,38,1,0,0,0,0,2026-04-16,2026-04-16,0,8,672,672
Beat both Leon A and Claire A both simultaneously at the same time on another platform. A great game that is a lot scarier than the remake. Pain in the ass just to get it running on Steam Deck. Capcom please remove that crappy DRM and make this game run on Steam Deck and my life is yours.,289,1,1,0,1,0,2026-04-16,2026-04-16,0,31,324,324
I haven't been able to play because it doesn't recognize controller on handhelds...,83,0,1,0,1,0,2026-04-15,2026-04-15,0,18,7,6
"The remake was too lenient on me compared to this. Running into the licker only minutes after entering RPD for the first time spooked me when the cutscene played, despite Leon's goofy reaction lol.",197,1,1,0,0,1,2026-04-15,2026-04-15,0,6,109,109
"So so good, I like the remake, it truly is a great game, but I ♥♥♥♥♥♥♥ love the original. It's just got a magic that they weren't able to entirely capture in the bottle on the second attempt. 

I'm so glad that it's on Steam now but as far as I understand it they decided to put DRM into the game for some godforsaken reason, and that sucks ass.",347,1,1,0,0,0,2026-04-15,2026-04-15,862,164,780,780
game is scary but its fun to continue,37,1,1,0,0,0,2026-04-15,2026-04-15,67,4,365,123
"Classic! It's not just nostalgia, it actually does hold up very nicely.",71,1,1,0,0,0,2026-04-15,2026-04-15,0,288,32,32
"Resident Evil 2 is such an awesome sequel, I was hooked until the very end.

I wasn't at all familiar with this game's story, so I was curious how RE2 would feel compared to RE1's setting, given that the majority of that game took place in a single (albeit restricted) mansion. This game feels a bit less like uncovering a mystery, and more so like dealing with the aftermath- and going on an adventure. I initially found this game felt much more difficult than the first, but after getting some proper ammo and managing to clear out the zombie infestation, the rest of the game was smooth-sailing. Not a cakewalk, but, the initial impression may make you think the difficulty leap compared to the first is a lot bigger than it actually is.

Saves this time are finite too - you can only save at a typewriter, provided you have have an ink ribbon (RE1 has infinite saves during your first Jill playthrough only, supposedly). It's a consumable, and so you can't really save scum. Not being able to save too frequently may add to the tension for some, but I found that this game never unfairly killed me in a way that cost me any real progress. There's more than enough ink ribbons for you to finish the story comfortably, so although it's a bit of a currency, it's not really something you need to worry about.

Being a blind playthrough w/ no walkthrough, it took me about 7.6 hours to finish this game (Leon A Story), but there's more to see. I'd only gotten ""stuck"" once, and it was pretty brief.

The only issue I had was that the game crashed once; I played on Steam Deck but I'm not sure I feel comfortable blaming SteamOS / proton.

I also wouldn't say it's [i]mandatory[/i] to play RE1 before this, but, you'd be robbing yourself of some semi-significant context.

Anyway, yes! I'd absolutely recommend checking out RE2 if you enjoyed the first game, or are favorable towards older games and love survival horror w/ environmental puzzles!

[h1]Steam Deck[/h1]
I played this on [b]Steam Deck[/b] but it didn't work out of the box: I had to change my proton version to ""Proton Experimental"", and the default controls were strange (start to aim??). That was easily remedied in SteamOS's controller settings menu, but [b]the game did not save my custom input bindings[/b], meaning I had to reset them every time I restarted the game. Also, [b]the graphics options don't appear to work;[/b] I couldn't play at a higher resolution than its default settings. Hopefully this is addressed ([i]ideally[/i] with no tinkering)...and remove the unnecessary DRM while you're at it.",2574,1,1,0,15,0,2026-04-15,2026-04-16,0,297,458,458
"Thank you for bringing this masterpiece back to PC, GOG <3",58,1,1,0,6,1,2026-04-15,2026-04-15,0,49,691,207
"Okay, I'll admit that I was introduced to this series through the remakes, so I'm going to review it through that lens. I was too young to play these on release, and even if I was ""allowed"", I don't think I could've navigated via tank controls then.

But! I'll say that these games are wonderful!

The RE2 remake is probably the best of all the remakes, yet I think that having The Tyrant, Mr. X, show up in the A Series runs is the wrong call. He's too intimidating/overpowering for an A run. The meta-game knowledge you get from a second playthough allows you to navigate his shenanigans [sic: giant fists]. I've played Claire A and I'm in the sewers on Leon B, and even though I think that the Mr. X sections were contained due to system limitations, it was still more enjoyable that I only have to interact with him in a B playthrough - like a reward! I love when games reward you for playing them more deeply than the average player.

Also, the linking between Series is simple, yet effective. I upgrade inventory slots on Claire because of her Grenade launcher, but now my steak too juicy on Leon because I have a machine gun and a magnum with a lot of ammo. I like that this game is okay with giving you too many bullets on powerful weapons - actually let's you use them without feeling like you're punishing yourself.

Not without flaws, namely the sound design (footsteps, bullet casings) and endgame music (oh we're just blasting an alarm for the rest of the game and there's a decent chunk left?), but despite that, and knowing where it sits on the timeline of all game development, I honestly wish that the Remake was more to form: no Mr. X in the A Series, no Orphanage section (gruelingly punishing for not understanding that you're actually hidden under a table with no cloth draped over it), and way more posters of babes scattered on the walls (we used to be a proper society).",1902,1,1,0,1,1,2026-04-14,2026-04-14,246,32,755,633
"[h1]A City Of Nightmares![/h1]
Command Leon S. Kennedy, a rookie cop who stumbles onto the carnage reporting for his first duty, or play as Claire Redfield, desperately searching for her missing brother. Immerse yourself in the ultimate test of survival. Face your fears in this terror- filled classic edition of Resident Evil 2 for PC containing more horror, more mutant creatures and more evil than before.

🔷RE 2 (1998) Steam/PC Edition Improvements:🔷
[list]
	[*]Extra game modes at the start (4th Survivor, Tofu Survivor, and Extreme Battle)
	[*]Custom outfits and special weapons
	[*]PC includes both the original U.S. and original Japanese versions of the game, these show up as Original Mode and Arrange Mode respectively.
	[*]Arrange Mode adds auto-aim, moves some items and enemies, gives 3 Ink Ribbons per pickup instead of 2, makes enemies easier to kill, changes the death sequence, and uses S as the top rank instead of A.
	[*]Easy mode starts the main game with an infinite machine gun and does not unlock secrets.
	[*]Many Graphic Option Settings (Display, Antialiasing, Scaling Method, Etc)
	[*]All 4 localizations of the game included (English, German, French, Japanese).
	[*]The Steam/PC version has its own extra Hard Mode
	[*]The Steam/PC version has a gallery
	[*]Improved DirectX game renderer
	[*]Able to skip door animations
[/list]

[url=https://steamcommunity.com/groups/ATReviews]Follow My Review Group Here![/url]

💾Graphics - This game is very old, so the visuals will not hold up, especially on a bigger screen. Now I did use the RE Enhanced mod and that made the experience so much better, and gave the whole game a remastered look. To me, this is the way to play the game. The visuals are all redone and the cutscenes are enhanced as well. Here is the mod I used to give this game the true remastered look: https://www.moddb.com/mods/reenhance-re2. I will say comparing the visuals to the original Resident Evil 1, this game is a significant upgrade! The environments are really detailed and show amazing environmental storytelling. Seeing the Police Station in its damaged and chaotic state really gives you an image of urgency and desperation. I love the visuals in this game, especially with the RE Enhanced mod.

🎮Gameplay - Resident Evil 2 is a huge jump compared to Resident Evil 1. Many quality of life improvements, harder enemies, and multiple playthroughs really add up to the experience. Resident Evil 2 offers 4 different playthroughs. Leon A/B and Claire A/B. B scenario being the true ending, but unlocked once completing the A scenario. In terms of puzzles, this game is pretty easy compared to RE1, which is a plus for me. The overall gameplay is harder when it comes to the enemies, especially on hard mode. You do have a lot of ammo in this game compared to its predecessor, but playing on the hard mode does improve that issue a good bit. You also have a really unique mechanic called the Zapping System. I suck at explaning it, so I’ll just copy and paste it from someone who explains it much better than I could. Here's a description of the Zapping System and how your actions carry over:
[olist]
[*]What you do in Scenario A affects Scenario B.
[*]The Weapon Locker: In the RPD basement weapons locker, you will find a Submachine Gun and a Side Pack (inventory expansion). Do not take both in Scenario A! Leave one (or both) for the Scenario B character, as they will need the help against deadlier foes.
[*]Cordite / Shutter: Using the cordite to close the shutters in Scenario A will prevent zombies from breaking through those windows in Scenario B.
[/olist]
The game also offers 3 special game modes. The 4th survivor is basically finding the extract and escaping, but dealing with many dangerous threats along the way. Tofu is similar to 4th Survivor, but much harder. And the best one is Extreme battle mode. This mode gives you a handful of characters to play as, find the bombs and escape. Each character has their own loadout, and every encounter and ammo locations are completely randomized. This is the way to experience RE2, with tons of fun game modes and its fun story and added difficulty setting.

📜Story - Resident Evil 2 has a great story. Now is it deep? Not really! To be honest if you want a deeper story, play the remake as that does a fantastic job with it’s story section. For the original, I still enjoyed it; and for its time it was a true classic! You will come across some interesting characters along the way as you make your desperate escape out of Raccoon City. You will come across villains, bosses and obstacles along the way. Reading the memos around the RPD gives some insight of the chaos that was happening before your arrival which I also really enjoyed.

🕛Playtime - This game is actually pretty long! You have multiple difficulty settings, up to 4 playthrough and special game modes and content to unlock. I added up to 9 hours with just two of the playthroughs alone!

🎧Sound - The music in this game is incredible. Older Resident Evil games always have amazing soundtracks. The voice acting has seen a massive improvement compared to the first Resident Evil game. Also the enemies (especially the Lickers) sound terrifying! 

❗Bugs❗- I haven’t really encountered any bugs here. The game played pretty good and saw no issues on my end.

🔅Performance - Performance is good. You should have zero issues with playing this game, especially with how old it is! No stutters or crashes either. 

✔️Pro’s✔️
[list]
[*]Great level design
[*]Amazing soundtracks
[*]Awesome zapping system
[*]Extra game modes & difficulties
[*]Fantastic game location & setting
[*]Zombies have more unpredictability
[*]More variety & density of enemies on screen
[*]Total of 4 playthroughs (Leon A/B & Claire A/B)
[*]Huge improvement in visuals compared to RE1
[*]Secret unlocks (weapons, costumes, game modes)
[/list]

❌Con’s❌
[list]
[*]Only 30 FPS
[*]No Steam overlay support (Mod fixes this)
[/list]
        
🏆Rating - 10/10
This game is easily worth the full price!

🔗Conclusion - This is the Resident Evil 2 game to play! The amount of content, enemies and cool locations you get to explore is so amazing! The remake is phenomenal and almost a 10/10, but they removed some things from the original which was annoying. The game has all the goodies, like the Zapping system, all the minute but cool enemies to see (even if they are in a small part of the game) and the locations you get to see are all here! If you played the remake, then still try this game out! Also give the RE Enhanced mod a shot! It’s totally worth it.

https://store.steampowered.com/app/4249110/Resident_Evil_2_1998/

Links to help you in Resident Evil 2 (1998):
[olist]
[*][url=https://www.moddb.com/mods/reenhance-re2] RE Enhanced Mod [/url]
[*][url=https://drive.google.com/file/d/1kyfMoy9U9OS890hkT6l-X7DycsQy72rW/view] Steam Overlay Fix (drag & drop to main directory) [/url]
[*][url=https://archive.org/details/ResidentEvil2VersusGuide/mode/2up] RE2 Strategy Guide [/url]
[*][url=https://steamcommunity.com/sharedfiles/filedetails/?id=3698726570] Unlockables, Rankings, Secrets, Modes, and 100% [/url]
[*][url=https://steamcommunity.com/sharedfiles/filedetails/?id=3698064318] Ultimate Survival Guide [/url]
[/olist]",7265,1,1,0,2,0,2026-04-14,2026-04-14,692,251,583,565
Better than the remake.,23,1,1,0,0,0,2026-04-14,2026-04-14,256,39,569,569
Resident Evil 2 takes everything from the first game and adds on more. Arguably contains the most iconic aspects of the franchise,129,1,1,0,0,0,2026-04-14,2026-04-14,187,17,414,414
Love love love this game ...but it won't work on steam deck neither will 1 and 3 :( tried all the YouTube solutions and they didn't work ......please please please Capcom make them steam deck verified 🙏🏻,203,1,1,0,0,0,2026-04-14,2026-04-14,169,10,587,441
"You're still as beautiful as the fist day i met You

Still the best Resident evil game and the best survival horror game ever made after all these years",152,1,1,0,9,0,2026-04-14,2026-04-14,4669,188,371,298
"Originally in RE2, back when we were young and got maybe 1 big game every 6/7 months, a birthday and Christmas, we actually had time to keep playing after we beat it and get all the unlocks. Now we're cursed with a 500 game backlog, but in 1998, we only had one new game to enjoy for awhile. So as I did with RE1, I decided to keep going and unlock everything. 
I unlocked A game with Claire, B game with Leon, A game with Leon, B game with Claire,  I unlocked extra outfits, infinite ammo for sub machine gun, infinite ammo for rocket launcher, I did everything you could do.

But this time there was Hunk (an Umbrella operative) and Tofu (a tofu Umbrella operative), extra characters in a gauntlet game mode and the proto Mercenaries game. 

Hunk was easy and I unlocked him quickly, but TOFU, that ♥♥♥♥, Tofu, you had to WORK for it. You had to, for no reason I ever understood or learned since, beat the game 18 times. No other conditions. Just beat the game, in any way, with infinite ammo, as much first aid as you want, take your time, but do it 18 times. Who the ♥♥♥♥ is beating this game 18 times? By the time you unlock everything else you beat it 5 or 6 times total. That just leaves mindlessly beating it over and over...and over. So I did, because this was all I had until Final Fantasy VIII released months later.

At one point I lost count.

So every time I beat it, I wasn't sure anymore if this was the last time or if I had to do it 3 more times? I'd beat it again, is Tofu unlocked? No, ♥♥♥♥. Okay, 3 hours later, I had to of unlocked him this ti- 
NO. ♥♥♥♥. I didn't. Ugh, okay, again.

It got to the point I swear I beat it the right amount, had to of, I definitely beat it 18 times, feels like more, was it actually 22 times? Is it random? I don't ♥♥♥♥♥♥♥ know, but I finally got him, and got tore tf up because ♥♥♥♥♥♥♥♥ Tofu has only a knife and he's fat and takes up a lot of space to get attacked easily. And when he did, he squeaked. He squeaked a lot.
But who gives a ♥♥♥♥, I did it, I finally unlocked everything.

Cut to 28 years later, it's on Steam and Tofu is ALREADY UNLOCKED ♥♥♥♥.
All the obnoxiousness has been removed, graphics smoothed out, remastered.
This is the best way to play RE2 in 2026.",2231,1,1,0,4,2,2026-04-14,2026-04-21,596,120,14,14
"replaying this game will always be like playing it for the first time
simply this game is absolutely incredible and the best one
same atmosphere like in the past
i will always remember my very first playthrough years back
love this game and its a must to play <3",262,1,1,0,2,0,2026-04-14,2026-04-14,60,27,459,331
"RE Code Veronica, Outbreak 1, 2, Umbrella Chronicles and Darkside Chronicles with co-op when?",93,1,1,0,1,0,2026-04-14,2026-04-14,1007,36,44,44
"Reasons to not recommend this port:
1) it's the GOG version without any good additions and has a DRM for absolutely no reason. Anyone out there can pirate multiple versions of the game without a problem, or even buy the GOG version that has no DRM. WHY DID CAPCOM PUT DRM IN THIS?!

2) Some annoying bugs: F9 shows the reset screen for a split second and dissappears, so I have to hold it and that more often than not closes the game entirely. Aiminig downwards sometimes makes the character spin in place. Alt-tabbing sometimes makes the game not just black but also freezes it.

Tbh just go and buy the GOG version, Capcom made sure the Steam version isn't worth your money.",676,0,1,0,16,2,2026-04-14,2026-04-14,83,38,469,469
"Old school cool Resident Evil 2!

Sure, the remake is also cool and all but this is the early genre goodness and still shines as bright as a diamond, especially on the content front cos we have actual scenarios here with meaningful differences instead of just the same story, same areas, different character of the remake.

My only complaint are the voices as they sound very low quality and crackly, which makes conversations potentially hard to follow as there are no subtitles.

Other than that, this is still a great game and absolutely worth a grab especially on sale!",579,1,1,0,0,0,2026-04-14,2026-04-14,555,28,576,535
.,1,1,1,0,0,0,2026-04-14,2026-04-14,194,103,702,702
birkin skin bag,15,1,1,0,0,0,2026-04-14,2026-04-14,234,6,496,496
Joya 2,6,1,1,0,0,0,2026-04-14,2026-04-14,94,35,790,730
7/10 [Good],11,1,1,0,0,0,2026-04-14,2026-04-14,0,108,520,405
It's a bit shocking just how different the game starts compared to RE2R. it's very fun seeing the differences between them!,123,1,1,0,1,0,2026-04-14,2026-04-14,471,323,17,17
"Still a nearly perfect game even three decades later. I first played RE2 three years ago, having zero nostalgia for pre-RE4 Resident Evil games or for games with fixed cameras and tank controls, and after taking ten minutes to figure out the controls, I was hooked and loved the game from start to finish. It's still that good.",327,1,1,0,1,0,2026-04-14,2026-04-14,0,2,536,236
"peak, remake was actually kinda needed for this game, but still was a great game overall",88,1,1,0,0,0,2026-04-14,2026-04-14,0,5,504,504
steam asked me to recommend so i said yes,41,1,1,0,0,1,2026-04-14,2026-04-14,97,16,1708,899
"The game is the best, but steam version is unstable in Win11, it crashes frequently. Buy GOG version instead.",109,0,1,0,3,0,2026-04-14,2026-04-14,0,2,45,45
better than the remake,22,1,1,0,1,2,2026-04-14,2026-04-14,230,16,518,315
I've always wanted to play the original and now I can. The controls took a little bit of time to get used to but I'm having a lot of fun.,137,1,1,0,1,0,2026-04-14,2026-04-14,0,31,645,297
"Still one of the best game ever made up to this day

Get Classic Rebirth + Sourcenext mod patch + CRT Reshade if you want to feel the authentic retro way to play this game.",172,1,1,0,5,0,2026-04-14,2026-04-14,684,41,74,71
.,1,1,1,0,1,0,2026-04-13,2026-04-13,0,83,643,183
the best resident evil soundtrack ever made,43,1,1,0,3,0,2026-04-13,2026-04-13,335,62,541,383
Peak.,5,1,1,0,1,0,2026-04-13,2026-04-13,0,8,259,259
สนุกมาก สนุกเหมือนเดิม,22,1,1,0,1,0,2026-04-13,2026-04-14,98,29,406,389
"If the RE2 remake is a sleek reimagining, the original is the pure, unfiltered blueprint. It may show its age in places, but what made it special was never tied to its moment. It's still, plain and simple, a great game.",219,1,0,0,60,0,2026-04-13,2026-04-13,2669,1483,887,887
most gog and emulator mods work on this version. game is a classic,66,1,1,0,1,0,2026-04-13,2026-04-13,0,15,1264,484
Main reason I bought this version was to play Hard mode and it's much harder than expected. Still really fun though (got it for 50% off),136,1,1,0,1,1,2026-04-13,2026-04-13,0,12,437,289
very good,9,1,1,0,0,1,2026-04-13,2026-04-13,255,37,684,684
"Works on Steam Deck now, it didn’t at launch because of Capcom’s DRM (which should not even be included in the game but that’s a whole other topic). Valve fixed it by tweaking Proton Experimental, so set that as your Proton version. Great to have these on a handheld as they’ll probably never come to Nintendo Switch. Enjoyers of 1990s Capcom should pick this trilogy up. If you’re only playing on Windows and not Steam Deck, there’s a strong argument for just buying the GOG version as they are superior to everyone who isn’t a lazy Steam Deck owner.",551,1,1,0,4,0,2026-04-13,2026-04-13,0,89,54,54
"love this game!!! i hope capcom will add outbreak, chronicles and  operation racoon city too!!",94,1,1,0,1,0,2026-04-13,2026-04-13,0,3,1685,725
So glad these are finally officially available! Shame that Capcom doesn't see any value in them; the current REmakes just do not live up to the classics. The original RE games are still the best way to experience them. This and the fan RE mods make this the ideal way to play for all three of the original titles.,313,1,1,0,0,0,2026-04-13,2026-04-13,0,32,581,581
ta bueno,8,1,1,0,0,0,2026-04-13,2026-04-13,192,110,589,589
I HATE THIS GAME. I HATE PUZZLES. I HATE SURVIVAL. I HATE I DONT KNOW WHAT IS AROUND EVERY CORNER! None the less I will keep playing this game. very fun and I will always support capcom. 10/10 will play this over and over again. CAPCOM BRING BACK EVERY SINGLE CLASSIC,267,1,1,0,1,0,2026-04-13,2026-04-13,0,3,75,62
gawd yessss,11,1,1,0,1,1,2026-04-12,2026-04-12,360,24,65,51
"The game is amazing, but it definitely needs more support from the devs. Some small improvements would make a big difference, like Steam screenshots support, controller compatibility, and resolution fix. 🗣️

Some of these issues are part of the game's “identity” since it's an older title, some fans will say, “If you don’t like it, play the PS1 or get the remake - this game is perfect as it is.” But come on, it was released on Steam just weeks ago... why not improve these small things?

There are already community patches that fix some of these problems, so it wouldn’t take much effort for the developers to implement similar updates officially... That's why badly I give a negative review right now, feels more like paying to access an old archive, than purchasing a beautiful old game with current support.",814,0,1,0,11,1,2026-04-12,2026-04-18,462,12,33,33
enjoyable,9,1,1,0,0,0,2026-04-12,2026-04-12,96,49,404,404
I liked it :33,14,1,1,0,0,0,2026-04-12,2026-04-12,121,5,778,767
Masterpiece!,12,1,1,0,0,0,2026-04-12,2026-04-12,0,17,100,100
"the goat 😏 unfortunately the door skip its a bit slow at me idk how to fix it, in re1 its instantly",99,1,1,0,1,0,2026-04-12,2026-04-12,97,70,443,180
"This game absolutely the best Classic OG Games you want to play over & over .
Just Finished scenario A & B , Ton of fun .
 Resident Evil 2 Classic old school is quite simply a masterpiece .",189,1,1,0,0,0,2026-04-12,2026-04-12,75,7,672,672
one of the greatest game of all time. shame re2r didn't keep some of the iconic areas from the original game. 9/10.,115,1,1,0,1,0,2026-04-12,2026-04-18,0,39,265,240
"me see resident evil 2
me play resident evil 2
me happy",57,1,1,0,1,0,2026-04-12,2026-04-12,0,17,662,662
Loved it. This is actually significantly better then the RE-make. Just more fun and engading? I also reaallly hate the bits they cut from OG Resident Evil 2. This feels grander and significantlly bigger then the REmake. Werid that this has more depth and is much more fun then the REmake. Not saying the REmake is bad. But damn! This is easily up their as one of my favorite games of all time! I had a blast playing this again.,427,1,1,0,0,1,2026-04-12,2026-04-12,586,92,552,552
"This game absolutely rules and is a more than worthy successor to RE1. Of the OG trilogy this one rivals the first game so closely that fresh off a playthrough I may just rank it above it (and that's saying a lot. I adore RE1). I think 1's route variation wins me over just a bit more but the atmosphere and art direction of this one deliver in absolute spades. RPD is a brilliant hub and the latter end of the game builds on the secret lab themes of the first nicely (I do still like the understated, lonely feel of 1's lab but the focus on developing Umbrella's twisted experimentation here is fantastic). The A/B route structure also gives a really rewarding sense of replayability and keeps the narrative experience fresh. To this day I still internally debate whether I prefer Leon A/Claire B or Claire A/Leon B!

Yes, the DRM is silly and it shouldn't be on the end user to make this release properly definitive, even if it is easily avoided using Mulderland's guide (seriously just go look this up, fixes everything in a cinch) but it will not stop me from giving this absolute classic the thumbs up it deserves. This and Resi 1 remain titans of the series and I will gladly sing their due praises.",1205,1,1,0,0,0,2026-04-12,2026-04-12,0,37,1028,691
"This game is a classic and one of my favorite games of all time, but this version seems busted. Halfway through my first playthrough, the action button stopped working. I got it working again by uninstalling the game, deleting all the files (except my saves) on my PC, then reinstalling the game again. Such a hassle. For many other games, I would have just quit, but I wanted to relive my childhood with this one. I also checked and there seems to be a lot of people affected by this annoying bug. I recommend everyone play this game at some point, but not like this.",568,0,1,0,2,0,2026-04-12,2026-04-12,0,39,949,248
It's RE2. Stop looking at the reviews and play the game.,56,1,1,0,1,1,2026-04-12,2026-04-17,220,10,309,242
The game that got me into RE. 10/10,35,1,1,0,1,0,2026-04-12,2026-04-12,261,8,432,432
"Resident Evil 2 is quite simply a masterpiece, Capcom at their peak and one of the greatest games made.",103,1,1,0,0,0,2026-04-12,2026-04-12,0,363,768,250
Litteralty love that they added these. When Is Konami gonna lock in?,68,1,1,0,0,0,2026-04-12,2026-04-12,0,8,142,142
"I have no idea how many times I played this game. I have ran this on probably 4+ different platforms. Back in the late 90s when it came out on PS1. Later on PS2 again, following that on PSP and now on PC. There is certainly a nostalgic sentimentality involved when I think of this game, and not just the original trilogy (all of which are some of my favorites), but this game in particular. This was the first game I played in the series, or in general the genre. Even after over two and a half decades later I still love playing this as much as I did as a kid.

I can't really describe how this felt. I remember my very first time I shot the shotgun in Leon A scenario. I fired and a zombie was cut in half. My 11 year old self lost his ♥♥♥♥. The awe and joy, back then games weren't like this. This is even before I knew I could aim up to pop the dome. Not only can I recall the experience, I know exactly where I was, who I was with, what time of day it was etc etc. It was a defining moment in gaming experience in my life. Nostalgia factor? ♥♥♥♥♥♥♥ check.

Anyway this is the original fixed camera survival horror. For those who are only familiar with the modern remakes, this was way different. You fought the controls as much as zombies fought you. Eventually you were the expert, but it wasn't easy or intuitive as over the shoulder third person shooting we are more familiar with now. Still even now when I play it, I hardly struggle.

This game (and as well as other RE/Dino Crisis games) ooze atmosphere an tension. The soundtrack, from the ambient sounds, to footsteps, to zombie moans to licker tick etc etc. It all feels so distinctive, it all feels like you are in this tense fight for your life scenario. Even when I play modern games in the same genre. It always comes back to this. To further my point when I play RE2R and RE9 I still use the old BGM. The safe room BGM, the RPD tunes, etc etc. They were phenomenal. It creates such a strong aesthetic impact you will rarely find nowdays.

Game itself it actually simple. You run around solving puzzles and occasionally putting  a cap in someone's ass. Game supplies you with plenty of hardware. You play as either Leon or Claire. Each having two scenarios A and B. Each being complimentary to the other. Some decisions you make in Leon A will impact Claire B and so forth. While in today's standards that is nothing to write home about, back then that was groundbreaking. Do I leave that SMG for Claire, or the side pack? Or both?

Game primarily can be summed into proper route and inventory management. In itself the game is not difficult, and looking back on it, that was the correct thing to do. Gaming back then was still in it's infancy. Majority of us were kids. No way I'd be playing no damage SSS DMD runs back then...The game pretty much is strategically saturated with ammunition to kill everything that moves, while still managing to feel tense, suspenseful and enjoyable.  While in this time and age I played so many games with some insane audiovisual feedback for shooting.  Something like Cultic, Selaco, Doom Eternal on and on are just marvels, I still can't describe how my face lights up when I blast a zombie or few heads off with a shotgun. Or when I pull out the magnum and heads go boom. To this day, nearly three decades after, it is all so satisfying...

Story in all reality is silly. Especially considering how outdated the graphics are, no motion capturing, voice over being like someone's friend's had a drunken weekend recording so on and so forth. Yet still, Racoon City incident is iconic. I don't have to explain why. RE9 just came out and we still have not got past it. Racoon City incident is as iconic as Doom's Mars, FFVII's Midgar, Counter Strike's Dust II (yeah I went there, ♥♥♥♥ off) on and on. When I think of survival horror I think of Racoon City and Spencer Mansion. I Think of Leon, Claire, Chris and Jill. This game's impact is monumental, and if you can get past the outdated aesthetics. You will see why,

There is really not much to say here. I have been playing video games since I was maybe 5-6 years old. Back when Doom was out and it was all the rage. I lived through Build Engine games. Duke Nukem, Shadow Warrior, Blood, Tomb Raider, Fallout, Final Fantasy on and on, this is one of those giants. I don't say that lightly. There is a damn good reason so many of us point back to this (and RE3 Nemessis). This nearly three decades after it's inception, is still absolutely superlative.",4522,1,1,0,1,0,2026-04-12,2026-04-12,0,73,724,573
good game that i like to play,29,1,1,0,0,0,2026-04-12,2026-04-12,0,12,1355,705
"It's a classic for a reason. If RE1 wrote the book on survival horror, then this refined and perfected it while paving the way for the bombastic action the series would later incorporate in RE4. Honestly, I think I prefer this to the remake, which I played first.",263,1,1,0,2,0,2026-04-11,2026-04-11,0,21,767,767
Yep its good.,13,1,1,0,0,0,2026-04-11,2026-04-11,0,73,241,183
Evet,4,1,1,0,0,0,2026-04-11,2026-04-11,176,89,20,19
Iconic.,7,1,1,0,0,0,2026-04-11,2026-04-11,0,85,155,155
"Mostly builds upon everything the first game did, having both characters have their own routes is so cool and the zapper system just makes it better, wish they used it more! Leon and Claire are both fan favourites for obvious reasons, jill and chris can be quite wooden in the first game. RPD is a top 5 video game location of all time, the flow of finding the keys and exploring just feels so good. 

Lickers are very cool, but the Ivy's and spiders feel very one note to me, and the boss fights in this game are a step down from 1 and 3. In fact one you leave the RPD the game feels a lot more aimless, and becomes significantly linear. 

About on par with RE1, the remake is one of my favourite games of all time and playing this has made me appreciate it even more. 

9/10",776,1,1,0,0,0,2026-04-11,2026-04-11,153,34,406,406
"Great game, must play. Even if its old gameplay still holds up and is really fun.",81,1,1,0,0,1,2026-04-11,2026-04-11,0,22,975,975
"Absolute gem of a classic. I use to get anxiety working myself to boot this up on my PS1. Then I'd lose myself in the world of RE and Racoon City. This was peek RE for me way back. Still is (maybe just nostaglia). It might have the old tank controls but still goes toe-to-toe with the remake of it. And for how old it is, that's impressive. Such a masterpiece. 

If you haven't experiences the OG RE2. Do it. It's $4. No reason not to!",435,1,1,0,12,0,2026-04-11,2026-04-11,615,175,612,612
"wooooow, this is great",22,1,1,0,0,0,2026-04-11,2026-04-11,165,29,742,247
"This is also available on GOG for anyone who prefers a completely DRM free experience. Thank you, Capcom, for rereleasing these absolute masterpieces.",150,1,1,0,1,0,2026-04-11,2026-04-11,553,188,74,55
"Just played Leon's story, honestly, pretty great considering I gave up on the remake. I thought it was too, ""hard."" Even this was hard to adjust to, I beat the game on easy mode because the beginning pissed me off so many times with so many zombies being unpredictable. That's just me playing terribly, definitely recommend for anybody who is familiar with the Resident Evil franchise like myself.",397,1,1,0,1,1,2026-04-11,2026-04-11,0,9,4959,4959
"Wow.

Typically, when I go back and play the original verison of a game I played for the first time as it's remake, I typically can appreciate the game for it's time but still feel as if the remake is just vastly better. This is one of the first cases where I feel like the original was just as fun.

I liked Resident Evil 1 Remake, but the game was too annoying and difficult for me to really love it or have any desire to play it again anytime soon. Resident Evil 2 however is much more streamlined and easy to understand.The RPD is much easier to memorize and navigate compared to the Spencer Mansion, and the amazing soundtrack always kept you on your toes. There are much more resources compared to RE1R, but I felt like that helped out with this game as I always had enough Ink Ribbons to be able to enjoy the game instead of being worried I'll die to some thing and have to slog my way through the game again. I think part of it is that the game is much easier than RE1R, but I honestly prefered it that way. I was also shocked by how different the game was from the remake. The enemy placement was a lot different, and there was a lot more enemy variety. It made the game feel like a new experience even though I've played Resident Evil 2 Remake dozens of times. I can't say this game is better or worse than Remake, it's just different. And I like that because I was able to see how awesome this game was for it's time and how it really laid the foundation for Remake and the series going forward.

The story was also was pretty good. RE1R's story felt like a silly afterthought that really could have been an email, and although this game's story is no RDR2, for the time it was really impressive, and I was pleased with how it took itself seriously in a way that really enstilled the fear of environment and gameplay.

The only dissapointment I have to say about this game is the zapping system. For years, I have heard about amazing this system is, and how much better the A/B routes are in the original game over remake. They're better, but barely. I can only really think of one meaningful decision that impacts the B playthrough, at least what I noticed. It's mostly the same puzzles again, just like 2 remake. The story is more consistant than RE2R for sure, but you still end up doing the same puzzles Leon already did and it really makes no sense. I was expecting entirely new puzzles and enemy placement by how people described it, but it was really underwelming and overhyped. But I won't hold that against the game because I don't hold it against RE2R. I just see the B route as a slightly different way of replaying the game, and here it's the same thing.

I don't have major negative things to say about the game, and I never found it frustrating like RE1R. I can see myself replaying this many times, and I really liked it. I'm looking forward to Resident Evil 3: Nemesis now!!

10/10",2920,1,1,0,0,1,2026-04-11,2026-04-11,862,162,623,623
"Clair B is superhard, It's real zombie souls-like that you should try once. If you give up, you're normal.",106,1,1,0,0,0,2026-04-11,2026-04-11,0,45,303,303
RE2,3,1,1,0,0,0,2026-04-11,2026-04-11,0,34,1062,361
Ada Wait,8,1,1,0,2,1,2026-04-11,2026-04-11,285,10,930,924
"after finishing the game, I can say that this game can go toe to toe with the remake even when it does lack in modern controls/support. Good Game try it if you've only played the remakes and latest titles.",205,1,1,0,0,0,2026-04-11,2026-04-11,116,20,261,261
fun,3,1,1,0,0,0,2026-04-11,2026-04-11,0,1,36,36
goated with the sauce? better than the remake? yes...,53,1,1,0,0,0,2026-04-11,2026-04-11,0,20,387,387
better than the og but metal gear solid walks all the old RE games like diseased dogs straight to euthanasia,108,1,1,0,1,1,2026-04-11,2026-04-11,341,80,501,310
"Great port, very fun game with alot of replay value. 
It was cool to see how Leon started his resident evil adventures in the original game. I had never beaten OG 2 so it's dope that it's on pc and it works with no problems whatsover.
I think I prefer this over the remake as I'm writting this.",296,1,1,0,0,0,2026-04-11,2026-04-11,0,111,508,508
Great port,10,1,1,0,0,0,2026-04-11,2026-04-11,289,28,1190,1190
I think by now we all know this is the best game every made...,62,1,1,0,0,0,2026-04-11,2026-04-11,377,3,386,337
Yes,3,1,1,0,0,0,2026-04-11,2026-04-11,32,12,616,616
"While the remake did a great job imo, we need to go back to basics (plus, I still prefer the original over the remake). So glad to see this classic on steam, complete with all the bonuses, unlockables, and Extreme Battle mode. Gotta love the setting, the lore, the characters, the soundtrack and the gameplay, including the puzzles, combat and survival horror aspects. I still find it amazing that you have 4 different campaigns: Leon A, Leon B, Claire A and Claire B. A very detailed game. Well... A classic is a classic.",522,1,1,0,2,0,2026-04-11,2026-04-11,0,212,59,57
"While the controls take a little getting used to and in my opinion a little tweaking in the setting, this is a very fun game and is a great way to experience the original Resident Evil 2.",187,1,1,0,0,0,2026-04-10,2026-04-10,15,2,1136,197
"While it is my favorite of the series, i've encountered more issues the more I play. First it was controller issues where mine just randomly stopped working until I messed around with steam controller configs. Now when I pause and go back the entire game freezes.

Avoid and just use an emulator.",296,0,1,0,1,0,2026-04-10,2026-04-10,0,24,284,234
"‘There was this …incident…. 
Involving zombies…
In a mansion…’

There’s just something magical about this one, still extremely fun to play nearly 30 years after it came out. From the haunting piano soundtrack and so-bad-it’s-good voice acting to the wider scope of plot and action, it’s all aged much like Leon himself (slightly grizzled but still cool as hell). 

It required a little bit more effort than the first one to work on Deck but if I can do it, so can you. Cheers to DeckWizard on YouTube for the clear, helpful and short guide. 

Halfway through my second playthrough now and excited to step step back into the world of survival horror again. A great amongst 1998 greats.",684,1,1,0,1,0,2026-04-10,2026-04-10,0,8,543,376
Classic,7,1,1,0,0,0,2026-04-10,2026-04-10,0,6,1086,196
nice,4,1,1,0,1,0,2026-04-10,2026-04-10,0,5,549,549
re2 1998 one of the best video games ever made send tweet,57,1,1,0,0,0,2026-04-10,2026-04-10,0,34,550,543
The best survival horror RE game.,33,1,1,0,2,0,2026-04-10,2026-04-10,1631,104,424,245
It just works. GOG has the DRM free version.,44,1,1,0,2,0,2026-04-10,2026-04-10,555,76,2073,1302
Still holds up,14,1,1,0,1,1,2026-04-10,2026-04-10,0,23,718,452
"First time playing. I liked this one a lot more than the first one. Although the puzzles are way too easy, the rest was more scary and more challenging. The (massively) increased number of enemies makes rooms a lot more interesting, and the QOL changes like the map actually showing your position make things a lot smoother. The two scenarios are really cool and the little things that carry over to Scenario B are really fun.

PC port can have some issues. I would recommend playing with the Classic REbirth patch. It is based on the Japanese version, so you'll have to play Arrange mode for the American (harder) difficulty, and the ranking goes up to S instead of A. 4th survivor and Tofu survivor being unlocked instantly is also pretty lame imo, but not a huge deal. Game ran perfectly, had no controller issues either on a PS5 controller once I patched the game.

Also, worth mentioning that this is literally the GOG version with added DRM. Very lame. But the game itself is great",991,1,1,0,2,0,2026-04-10,2026-04-10,381,70,464,464
"Best game in the series now on steam. Only problem with this port would be no cutscene skip, even though you can skip doors, but you could just mod it in if it bothers you that much. And no auto aim in original mode, but just git gud lol",237,1,1,0,1,0,2026-04-10,2026-04-10,203,17,770,770
game is obviously fantastic...is re2 original...incredible..especially with hd mods...but the steam version is GARBAGE since they put in Enigma DRM...simply buy the GoG version from their site without any DRM. Better 100%.,222,0,1,0,18,0,2026-04-10,2026-04-10,0,4,852,852
"Goated as always, remove DRM please capcom",42,1,1,0,1,0,2026-04-10,2026-04-10,264,92,300,300
Re1 remaster is great but i like this even more. Level design is so consistent and the music is something else. Given I played the remake first I was expecting more Mr. X but the zapping was fun as well so each have pros and cons.,230,1,1,0,0,0,2026-04-10,2026-04-10,96,20,886,886
cool,4,1,1,0,0,0,2026-04-10,2026-04-10,306,36,571,571
I missed playing these classics. Thank you Capcom for feeding us again.,71,1,1,0,3,0,2026-04-10,2026-04-10,550,20,123,77
ah good old tank control so fun,31,1,1,0,0,0,2026-04-10,2026-04-10,0,168,924,778
That classic score that plays when you enter RPD for the first time never gets old.,83,1,1,0,0,0,2026-04-10,2026-04-10,0,154,481,479
contains at least 2 evil residents,34,1,1,0,1,1,2026-04-10,2026-04-10,260,54,286,286
"Ohhhh the nostalgia, my childhood. It's so peak. Someone else said this game is like getting cozy with a warm blanket and I couldn't agree more. This is one of my favorite horror games and one of the greats. If you haven't played it, do yourself a favor and pick it up.",269,1,1,0,0,0,2026-04-10,2026-04-10,0,13,391,207
I have played almost all the resident evils mostly the remakes and the originals and it is nice to have the originals for resident evil 2 and 3 on steam.,153,1,1,0,0,0,2026-04-10,2026-04-10,52,11,500,231
"Another masterclass, 28 years later and it still one of the best game i have played in my entire life and i'm not exaggerating. I absolutely love every second of this game and i lost the count of how many times i finished it. Think i'll never get tired of it.

A game that takes me back to the good old days and simpler times in life, but also when games where made with passion, dedication and love.",400,1,1,0,1,0,2026-04-10,2026-04-10,0,152,1080,260
MY FIRST EVER VIDEO GAME AND IT'S STILL SOOOO FREAKING PEAK,59,1,1,0,1,0,2026-04-10,2026-04-10,217,28,524,272
"Original will always remain the best! Remake is good, but I'm having a blast! On my second playthrough with Claire B with whole different perspective with different items. 10/10",177,1,1,0,0,0,2026-04-09,2026-04-09,0,8,743,242
"After playing RE9, I replayed RE2 remake, and I was ITCHING to play RE2 OG, and almost broke down and just emulated it. So this game at the literal perfect time for me personally. Emulation is fun, but I much prefer just being able to boot up Steam and everything works out the gate.

RE2 original is a fantastic game. There is just something about the graphics that speak to me. It's so 90s, and it feel very warm, like a blanket. Which I know is weird to hear from a zombie game.

If you've already played the remake and question if you should bother with the original, my personal opinion is 100% yes, only if you're familiar with retro games and you don't have a problem with stepping back in time.

The tank controls will feel very odd at first. I literally died at the intro because I forgot how to walk ha. But after like 10 mins/you get to the station, somehow the controls will feel second nature.",906,1,1,0,0,0,2026-04-09,2026-04-09,0,14,83,83
NO ACHIEVEMENTS? WHAT THE ♥♥♥♥ CAPCOM?,38,1,1,0,0,1,2026-04-09,2026-04-09,839,20,25,25
worth every single minute,25,1,1,0,0,0,2026-04-09,2026-04-09,128,26,571,571
RE2 baby,8,1,1,0,1,0,2026-04-09,2026-04-09,0,16,728,728
"I noticed that the movement is smooth compared to the old versions. Good job, Capcom!

Also, you can play the game offline. I don't know why some people say they can't.

Code Veronica next, please?",197,1,1,0,0,0,2026-04-09,2026-04-09,0,3,111,42
nice  game,10,1,1,0,0,0,2026-04-09,2026-04-09,123,13,576,576
"[b] IMPORTANT NOTE: I have finished both Leon and Claire's campaigns but I was playing with both the Classic Rebrith and Seemless HD mods installed, which requires you to launch the game with a seperate executable file. All of that to say, that's why my playtime is low, even though I've played a lot of the actual game and feel comfortable in reviewing it [/b]

An excellent game! So after playing through Resident Evil 3 Nemesis, I wanted to play the original RE2 as it’s such a legendary game. I am approaching this one differently to RE3 though, whereas with that game, I hated the remake but ended up loving the original, and with this one, I liked the remake, so I mainly was just interested to see what the original was like. So what did I think?

Like I’ve mentioned in the past, I love the PS1’s graphical aesthetic especially when it comes to horror games, and here it’s no different. The character models still look decent, especially for this being a late 90s game. Obviously the faces are static, but considering some of the other 90’s games I’ve played, this one stands out. Plus I did play with the HD mod, which makes everything look more smooth and like an actual remaster rather than just an updated GOG port.

The OST is of course incredible too with the save room music being so iconic and even some other tracks like the main hall RPD track. It also made me appreciate the sound design more, specifically since the game uses fixed camera angles and oftentimes the camera will be pointing in the opposite direction from where the enemies are coming from, so you have to rely on the sound to tell if you're doing damage to enemies and how close they are as you fire away.

As for the story, I’ll talk about both campaigns individually. I did a Claire A and Leon B route. Claire’s campaign, I remember liking more in the remake, since you have Sherry and Claire’s dynamic which is very endearing to watch, and it’s pretty sad when you see how ruthless and mostly non-caring her parents are. You encounter Annette Burkin in both campaigns but what I like about Claire's is that it shows the bit of the humanity that is still in her and that love she has for Sherry, whereas William seems to just care about his research. Also there’s the encounters with Chief Iron’s who I found to be a bit more comical in this version, especially when he’s threatening Claire with a pistol in the cutscenes, while she literally has a grenade launcher in her hands. Dude I can blow you up, BBQ you or melt you with Acid rounds, I win the who has the bigger gun contest lol Gameplay wise, I like Claire’s weapon line up, as her grenade launcher is just an awesome workhorse weapon to have with its multiple ammo types and good for crowd control. She also gets the crossbow, which is actually very effective at taking out zombies quickly, but it fires 3 bolts per shot, so you have to use it wisely.

Leon’s campaign I found to be good but less interesting overall. I found the running gag of him saying no one ever listens to him to be funny and his relationship with Ada is nice to watch grow. I did find his campaign more challenging overall, as I seemed to run into way more licker’s with him and they just eat shotgun rounds for breakfast. Plus you have Mr. X, who obviously is not the full on stalker like he is in the remake and basically was proto Nemesis, before RE3, but the few entrances he does have were pretty cool. Especially the one where you see him slowly walking towards the security camera. You can pretty much just run past and avoid him until the end when you do need to have a boss fight with him. Leon’s weapons are decent as I liked his pistol more, especially when you find an upgrade for it, and the shotgun is awesome with its upgrade. And the magnum is just great at clearing out rooms full of zombies. The flamethrower sucks hard though.

But ya, ya other than that the gameplay loop is still satisfying with the usual survival horror gameplay, though I did find the puzzles to be a little too easy compared to RE3, which had way more complicated ones.

Overall, a great game and I can see why fans of the series hold this one up there as one of the best. It does make me want to go back and replay the remake as I think I’d have a better love and appreciation for it now.",4301,1,1,0,1,0,2026-04-09,2026-04-09,0,138,14,14
"DRM, no direct support for Steam Deck
No effort was put in this release, just buy the trilogy from GOG, at least it's DRM-free",126,0,1,0,23,4,2026-04-09,2026-04-09,420,12,134,32
Amazing game didn't expect it to be soo good like the remake.,61,1,1,0,0,0,2026-04-09,2026-04-09,66,41,686,332
better than remake,18,1,1,0,3,1,2026-04-09,2026-04-09,0,26,560,560
"Holy moly if you have alr played re2r you will defo enjoy this, it does have tank controls but they are 10x times better than in re1r",133,1,1,0,0,0,2026-04-09,2026-04-09,93,10,341,341
so goated,9,1,1,0,0,0,2026-04-09,2026-04-09,0,5,544,503
10/10,5,1,1,0,0,0,2026-04-09,2026-04-09,417,339,13,13
"""Hold your fire"" Leon s Kennedy",31,1,0,0,0,0,2026-04-09,2026-04-09,0,36,1267,232
"great game, saves do not transfer to other devices thats the reason for the time",80,1,1,0,0,0,2026-04-09,2026-04-09,0,21,842,653
"Eu tava com medo do jogo não rodar por conta dos requisitos, 8GB de RAM E Windows 11 são duas coisas que não tenho, mas rodou perfeitamente!

Coisas que gostei:
- Pular a animação das portas é ótimo
- opções gráficas sempre são bem vindas
- Galeria com arte conceitual e modos extras são massa

Coisas que não gostei:
- cadê minha opção de mira automática?
- não dá pra pular as cutscenes? sério? Até na versão de gamecube tinha isso.

No geral, fico feliz só de ter a opção de jogar esse clássico sem precisar de emuladores, pra ser melhor só adicionando conquistas e uma opção nativa de deixar os gráficos e texturas em alta qualidade como em alguns mods.",668,1,1,0,12,0,2026-04-09,2026-04-09,73,37,740,27
Best Resident evil DRM Sucks tho,32,1,1,0,0,0,2026-04-09,2026-04-09,0,10,257,226
i have loved this game since I played it back on my N64. love using the infinite ammo code to mow down the enemies that use to scare me when i was a kid. I bought this during the steam sale for only $5 so it is definitely worth every penny. i would have bought it for $10 when it wasn't on sale. definitely better than paying over 100 dollars for an old console version.,370,1,1,0,1,0,2026-04-09,2026-04-09,0,1,2234,1308
"Leon: It's over...
Claire: No, I have to find my brother!
Leon: You're right, this is just the beginning!

10/10",112,1,1,0,0,0,2026-04-08,2026-04-08,245,3,1451,809
re is re so ya get it,21,1,1,0,0,3,2026-04-08,2026-04-08,0,1,403,288
fun,3,1,1,0,0,1,2026-04-08,2026-04-08,0,62,535,535
That guy's a maniac! Why'd he bite me?!,39,1,1,0,2,2,2026-04-08,2026-04-08,0,7,755,755
Nice,4,1,1,0,0,1,2026-04-08,2026-04-08,238,69,833,483
unplayable on PC unless you allow it to edit your registry,58,0,1,0,5,3,2026-04-08,2026-04-08,124,21,5,5
"I've been waiting way to long for a copy of this to show up here. Best game ever. I hope Code Veronica gets on steam too, I will buy it the moment it does.",155,1,1,0,1,0,2026-04-08,2026-04-08,0,17,661,75
"Takes so much effort to get working on steam deck, Its easier to pirate this game than to play it legally. What where they thinking. It wouldn't take much to fix it either, pure lazyness",186,0,1,0,8,5,2026-04-08,2026-04-08,427,66,192,88
Don't forget to upgrade the game with enhanced textures!,56,1,1,0,0,1,2026-04-08,2026-04-08,148,1,442,362
"its a pain in the ass to get working on steam deck but unfortunately im psychotic enough to enjoy troubleshooting it so i didnt really mind it as much as others

its resident evil 2 so its amazing by default",207,1,1,0,0,1,2026-04-08,2026-04-08,193,39,260,177
"DRM sucks but make no mistake, this game is pure CINEMA.",56,1,1,0,3,0,2026-04-08,2026-04-08,0,8,852,852
It isn't better than 4 but damn is it close.,44,1,1,0,0,0,2026-04-08,2026-04-08,0,18,451,451
Peak,4,1,1,0,0,0,2026-04-08,2026-04-08,36,2,893,893
"Back when I first started playing the Resident Evil franchise in 2023, I inevitably played Resident Evil 2 Remake. While it wasn’t the first Remake I played, having played Resident Evil 1 and 4 Remake beforehand, Resident Evil 2 Remake was the game that made me interested in playing the Original trilogy. Luckily, I had recently bought a PS3 off of a close friend of mine, and Resident Evil 2 (1998) happened to be on the PlayStation 3 store. I bought the game, started it up, and didn’t expect much. This was during a time where I still had the mindset of “There’s no way the Originals can be better. The Remakes just improve on everything the Originals do, right?”, and while I’ll dive deeper into that topic in a future review, I will say that this is the RE game that proved that mindset wrong. Since then, I’ve played through RE2 more times than I can count. And now, with the Original trilogy finally released on Steam, AND on sale, I have another excuse to replay them. And I must say, RE2 is a game that never gets old.

Story:
RE is a franchise that I play purely for the gameplay, not the story. So when an RE game’s story is ♥♥♥♥ (which are most stories in the franchise), I don’t really let it weigh on my overall opinion on the game. But I must say, RE2 has a surprisingly decent story. Not anything groundbreaking or insanely good, but decent. Characters and their motives are consistent. Some even get development that isn’t half assed. Ada, who is a character I strongly dislike, is actually tolerable in her debut here. Likeable, even. It’s a shame subsequent entries ♥♥♥♥♥♥♥ destroy any sense of morality and likeableness in her character. But anyways, I gotta give the story some props. Not half bad.

Resource & Inventory Management:
As a sequel, RE2 decided to go big or go home. And they most definitely did NOT go home. RE2 is bigger in a lot of ways, including enemy count, which has been significantly increased. As a result, the amount of ammo and healing spread across the game is increased, but not to the point where it feels like the entire game is on easy mode. There’s a good balance, so that you still need to think about how you’re using your ammo and what type of ammo you’re using for certain situations. Because things are more bombastic and high stakes, it makes getting through enemy encounters unscathed and successfully saving up stashes of ammo and healing even more satisfying than it was to do in the first game.

Enemy Selection:
There’s a lot of returning enemies as well as a couple new comers. Zombies are back, with some balancing changes to account for the sheer amount of zombies throughout the game. Dogs, crows, and spiders return but essentially the same as they were in RE1. Two new enemies appear: The Lickers and Ivies. Lickers function as a much more fair version of the Hunters from RE1, and their gimmick of being blind is really fun to exploit. Ivies show up in the Labs and are sort of like a puzzle enemy, the solution to their puzzle being fire. I’d call it a pretty good improvement over RE1’s selection.

Puzzles:
Sadly, puzzles haven’t exactly seen an improvement. They’re pretty much on par with RE1’s puzzles. A lot of “use this thing on that”, which isn’t exactly all that engaging. Sliding box puzzles are also back, but at least there’s less of them and they’re all a bit more brief.

Zapping System:
RE2 introduces the zapping system to gameplay. Specific choices the player makes and certain items the player picks up as their first character will have an effect on their second character. For instance, your first character can come across a weapons locker with two items in it. You could take both items, but that means your second character misses out on both of them, so it’s best to leave behind whichever item you think would be best for your second character. It adds another layer of strategy to the gameplay.

Locations:
I think it goes without saying that the RPD is one of, if not, the best, most iconic location in all of gaming. They somehow took something as intricately designed as the Mansion, and one upped it in just about every way, whether it be visually, or physically, with how rooms flow through the building and interconnect with other rooms to provide a location that’s very fun to route through and master. The RPD Parking Lot, Sewers, and Lab are weaker locations, but still a good time, and an improvement over the Guardhouse, Tunnels, and Lab from RE1.

The Four Scenarios:
RE2 offers a lot in the way of replayability, and that’s thanks to the four different scenarios available. Parts of the story, such as how people die or interact with each other, and your objectives can change significantly depending on which character you play as first. The enemies you fight and the items you can find will also change between all four scenarios, and the A and B story intersect at multiple points, with characters from both sides running into each other and interacting. Leon A, Leon B, Claire A, and Claire B are all different experiences that are worthy of a playthrough.

Bosses:
Bosses are also generally better than RE1’s bosses, focusing on the player’s mastery of tank controls and positioning, making bosses much more engaging. What also makes these bosses interesting is that none of them are exclusive to either character. It all depends on which character plays through the first story, and which character plays through the second. This allows players to use the appearances of bosses to string together a timeline of what Leon and Claire are simultaneously doing throughout their time in the RPD.

General Improvements:
There’s quite a bit of improvements that are seen through less significant changes, such as weapon balancing changes (primarily the grenade launcher). QoL improvements primarily come from changes and additions to the inventory like being able to stack items from the item box and being able to use healing items despite being at full health to make space. And, finally, character model and animation improvements. Models look a bit more detailed and clear, and the animations for characters are much less stiff, in most cases doing a better job at visually conveying actions the characters are doing.

Side Content:
There’s much more side content this time around. This game has the first instance of a ranking system in an RE game’s main story. It’s very fun to go for A rank and it requires a lot of planning and strategy that constantly pays off and feels great to achieve. You can unlock two extra modes; 4th Survivor and Tofu Survivor, which are both brutally challenging but fun tests on your mastery of resource management and movement. The secret costumes for RE1 also make a return.

OST:
The OST in this game was ahead of its time. The ambient tracks elevate the already great atmosphere and stick with you. Other tracks emulate sweeping orchestral music. Characters even have motifs. RE2’s OST goes down as some of the best OST in any video game ever despite it’s limitations, and the best OST in the entire franchise.

Final Verdict:
RE2 was a big step in the survival horror genre, and it had a lot of pressure to successfully take that step instead of falling flat on its face. But it didn’t just take a step. It took a ♥♥♥♥♥♥♥ leap and stuck the landing. RE2 is what I’d consider to be a perfect sequel. The stakes are heightened, there’s improvements all over the board, and there’s more content to partake in. It’s also just an amazing ♥♥♥♥♥♥♥ game, and one of my favorite games ever, being the second best entry in the RE franchise (right behind Resident Evil 4 Remake), in my humble opinion. Don’t miss out on one of the best survival horror experiences ever.

9/10",7753,1,1,0,0,0,2026-04-08,2026-04-08,317,71,109,109
,0,1,1,0,0,0,2026-04-08,2026-04-08,122,50,577,577
I highly recommend this game with the Classic REbirth mod. I also recommend checking out RE-Enhance mod.,104,1,1,0,6,0,2026-04-08,2026-04-08,0,112,460,181
"I love the resident evil franchise, and this is the top game. Resident Evil 2 1998 version is my favourite resident evil game by far. To me this game did everything in Resident Evil 1996 and just improved. It is great to go back and see where Leon S Kennedy and Clair Redfield start. 

I used to emulate this game (specifically the game cube version) but now it is on steam it just is so much easier access. To me this is the top for Resident Evil, my personal number 1. I love it's fixed camera angles and the characters voice lines. 

Capcom if you are reading this please give us Code Veronica, i need to see what happens with Clair Redfield.",649,1,1,1,0,0,2026-04-08,2026-04-08,428,148,3916,3118
Pretty good for it's age.,25,1,1,0,1,0,2026-04-08,2026-04-08,292,46,487,487
Good game,9,1,1,0,0,0,2026-04-08,2026-04-08,556,181,413,413
10/10 Just like the Remake. God I love Resident Evil,52,1,1,0,0,0,2026-04-08,2026-04-08,0,47,93,63
"[b] Best Classic Resident Evil [/b]

This game holds a special place in my heart, takes me right back to my childhood when i was too scared to progress and would just play the first 30 minutes or so over and over again until i was brave enough to just play :D

I love how the choices you make in scenario A have consequences in scenario B for the other character great attention to detail and gives the game replay value.

The tank controls might not be for everyone but its not so bad once you get used to it, for a 28 year old game its still impressive how much content they managed to pack into it that they even had to put it on 2 discs back then.

Would of been nice if they added achievements to the classic RE games as well as Dino Crisis 1/2",749,1,1,0,2,0,2026-04-07,2026-04-07,2009,20,882,660
Classic horror experience. Tank controls are way easier to learn than you might think.,86,1,1,0,0,0,2026-04-07,2026-04-07,0,22,1311,1057
"Even after 28 years, this game is a masterpiece",47,1,1,0,0,0,2026-04-07,2026-04-07,74,6,425,259
"Classic.
Don't bother with people crying cause they can't mod peter griffin with leon clothes in in the game, only 5 euros for one of the best game ever created",160,1,1,0,1,0,2026-04-07,2026-04-07,425,94,609,183
its the original resident evil 2. yes i recommend it,52,1,1,0,1,0,2026-04-07,2026-04-07,597,37,678,495
best RE classic game ever,25,1,1,0,0,0,2026-04-07,2026-04-07,0,3,731,520
Launcher is annoying and the game has so many input glitches that can't be fixed by closing and restarting,106,0,1,0,5,0,2026-04-07,2026-04-07,0,9,884,149
"Does not run at all on steam deck without tinkering with protontricks and wine settings, and even then still without working fmv cutscenes, and even then with saves not being loadable for no reason . Better off emulating the psx version or getting the gog version running if you're playing on deck",297,0,1,0,43,6,2026-04-07,2026-04-07,162,1,17,17
og resident evil 2 was my first resident evil game that i tried while i was a kid and i replayed it more than 20 times on playstation 1 and emulators and now it's officially released on steam and omg it's sooo freaking cool!! my most favorite RE game ever!!!,258,1,1,0,3,0,2026-04-07,2026-04-07,804,149,1636,321
"Though I played its predecessor, Resident Evil 2 was the game that made me into an RE fan. It's one of my favorite games of all time and it still holds up after all these years (after applying some QoL modifications).

Also, DRM on a game as old as this is ridiculous and it shouldn't have ever been applied to this port. If only there was some way of easily getting around it.... ;)",385,1,1,0,0,0,2026-04-07,2026-04-07,0,11,467,467
CONTROLLER SUPPORT IS A NIGHTMARE,33,0,1,0,1,0,2026-04-07,2026-04-07,0,6,130,130
its a good april fools joke,27,1,1,0,1,0,2026-04-07,2026-04-07,0,5,1025,493
"Perfect classic games, at first the controls seems very hard and later on after mastering, this game is piece of cake. Respect to Capcom for delivering us this masterpiece and Happy 30th year to all Resident Evil developer teams for still making bangers to this day",265,1,1,0,0,0,2026-04-07,2026-04-07,0,14,1140,375
"Claire my beloved
10/10",24,1,1,0,1,0,2026-04-07,2026-04-07,0,19,1034,1034
so cheesy but so amazing and perfect and awesome and oh my god tank controls are fire i suppose,95,1,1,0,0,0,2026-04-07,2026-04-07,136,28,1250,1186
"⠀⠀⠀⠀⠀⠀⠀⠀⠀⠀⠀⡀⣠⡶⣖⡀⠀⣀⡀⠀⠀⠀⠀⠀⠀⠀⠀⠀⠀⠀⠀⠀⠀⠀⠀⠀⠀⠀
⠀⠀⠀⠀⠀⠀⠀⠀⠀⠀⣼⠞⣩⣾⡿⠟⠒⢻⣶⣵⣠⡀⠀⠀⠀⠀⠀⠀⠀⠀⠀⠀⠀⠀⠀⠀⠀⠀
⠀⠀⠀⠀⠀⠀⠀⠀⠀⢰⡏⣼⣿⠛⣆⣤⣾⣷⣿⣿⣻⣿⡢⡀⠀⠀⠀⠀⠀⠀⠀⠀⠀⠀⠀⠀⠀⠀
⠀⠀⠀⠀⠀⠀⠀⠀⠀⠸⣿⣿⣿⣿⣿⠿⢋⣩⠟⢿⠿⣿⣿⣇⠀⠀⠀⠀⠀⠀⠀⠀⠀⠀⠀⠀⠀⠀
⠀⠀⠀⠀⠀⠀⠀⠀⠀⠀⢿⣷⢸⣿⢯⡾⣟⣻⡶⠸⢶⣾⡿⣉⡀⣤⣤⡀⠀⠀⠀⠀⠀⠀⠀⠀⠀⠀
⠀⠀⠀⠀⠀⠀⠀⠀⠀⠀⠀⠻⣿⣿⡞⠃⢉⡛⠁⠀⠻⡿⢱⣿⣿⣿⣿⣿⣶⣦⠀⠀⠀⠀⠀⠀⠀⠀
⠀⠀⠀⠀⠀⠀⠀⠀⠀⠀⢀⣴⣾⡼⢆⡀⠐⣤⡁⠈⣠⣿⣛⡿⢮⣢⠙⢍⣆⠅⠀⠀⠀⠀⠀⠀⠀⠀
⠀⠀⠀⠀⠀⠀⠀⠀⠀⣰⣿⣿⣿⣿⣼⣻⣆⢥⣴⣶⢿⣻⡵⠒⣾⠛⠀⠘⠚⠀⠀⠀⠀⠀⠀⠀⠀⠀
⠀⠀⠀⠀⠀⠀⠀⠀⢸⣿⣿⣿⣿⡏⠳⣿⣿⣶⣿⠹⢾⡿⠖⢦⣿⡆⠀⠀⠀⠀⠀⠀⠀⠀⠀⠀⠀⠀
⠀⠀⠀⠀⠀⠀⠀⠀⢛⣿⣿⣿⠿⣿⣗⡿⠛⠻⣷⢿⣿⣿⣷⣿⣿⣇⡄⠀⠀⠀⠀⠀⠀⠀⠀⠀⠀⠀
⠀⠀⠀⠀⠀⠀⠀⠀⠈⢿⣿⣿⡀⢀⣽⣿⣦⡀⠈⢱⡄⠘⣿⡽⠋⠈⢟⡄⠀⠀⠀⠀⠀⠀⠀⠀⠀⠀
⠀⠀⠀⠀⠀⠀⠀⠀⠀⠈⠻⣏⡿⡟⠁⡟⠋⠛⢶⣾⣿⣾⣿⣷⡀⠀⢸⣜⠄⠀⠀⠀⠀⠀⠀⠀⠀⠀
⠀⠀⠀⠀⠀⠀⠀⠀⠀⠀⠈⣿⡛⠛⠦⣼⣄⡀⠀⠉⠛⢿⣹⡈⢻⣦⣿⣿⣿⡢⠀⠀⠀⠀⠀⠀⠀⠀
⠀⠀⠀⠀⠀⠀⠀⠀⠀⠀⠀⢻⣷⡂⠂⠈⢛⡟⢶⣠⣄⣴⣿⣿⣗⢌⣿⣿⣿⣷⣞⠛⢷⣢⡀⠀⠀⠀
⠀⠀⠀⠀⠀⠀⠀⠀⠀⠀⢀⣼⣿⡍⣀⠀⠘⢧⡀⣩⣿⣿⠿⣿⣿⡿⠿⣿⣿⣇⣿⣷⣤⡈⢫⡢⡀⠀
⠀⠀⠀⠀⠀⠀⠀⠀⠀⣠⣾⣬⣛⠛⠉⣿⣿⣿⣿⠏⢙⣻⣷⣌⣿⣶⣄⣤⣿⣿⣿⡿⠻⣿⡄⡉⠚⣴
⠀⠀⠀⠀⠀⠀⠀⢀⣔⣽⣷⠞⢛⠻⢳⠶⢷⡾⡶⣾⠿⣟⢋⣼⣻⣿⠛⠿⠿⠟⠁⠀⠀⠈⠓⠶⠚⠕
⠀⠀⠀⠀⠀⠀⠀⢸⣯⣽⣯⠏⡲⣥⡌⢯⣤⢧⣧⢉⣠⣿⣯⣿⣿⢇⠀⠀⠀⠀⠀⠀⠀⠀⠀⠀⠀⠀
⠀⠀⠀⠀⠀⠀⠀⠸⣿⣿⣟⣛⣧⣬⣗⣿⡿⣯⣿⡟⣿⣿⣿⣿⣿⣷⣆⠀⠀⠀⠀⠀⠀⠀⠀⠀⠀⠀
⠀⠀⠀⠀⠀⠀⠀⢰⣿⣿⣿⣯⣿⣿⣽⠻⠉⠂⢹⣿⣿⢿⣿⣛⣫⣾⢷⣣⠀⠀⠀⠀⠀⠀⠀⠀⠀⠀
⠀⠀⠀⠀⠀⠀⠀⣸⠷⣜⣿⣿⣿⣿⣧⠁⠀⠀⠀⢚⣿⣿⡿⠿⠛⠁⠘⢯⠆⠀⠀⠀⠀⠀⠀⠀⠀⠀
⠀⠀⠀⠀⠀⠀⢠⣿⠀⠀⠉⠉⢉⣾⠎⠀⠀⠀⠀⠀⠙⣷⡀⠀⠀⠀⠀⢹⣾⠀⠀⠀⠀⠀⠀⠀⠀⠀
⠀⠀⠀⠀⠀⠀⣾⡇⠀⠀⠀⠀⣼⡋⠀⠀⠀⠀⠀⠀⠀⠈⠻⣦⠀⠀⠀⢠⣿⠀⠀⠀⠀⠀⠀⠀⠀⠀
⠀⠀⠀⠀⣠⡾⠋⠀⢀⠀⣠⡾⠋⠀⠀⠀⠀⠀⠀⠀⢀⡴⠟⠋⠀⠀⣠⡾⠃⠀⠀⠀⠀⠀⠀⠀⠀⠀
⠀⠀⢠⣾⣿⡉⠀⠀⠀⣼⡏⠀⠀⠀⠀⠀⠀⠀⠀⢠⡾⠃⠀⠀⢠⣶⣟⠀⠀⠀⠀⠀⠀⠀⠀⠀⠀⠀
⠀⠀⢸⣌⠀⣻⠖⠒⠞⢏⡇⠀⠀⠀⠀⠀⠀⠀⠀⢿⣿⢦⣤⣤⣤⠛⡏⠀⠀⠀⠀⠀⠀⠀⠀⠀⠀⠀
⠀⠀⣿⣿⣷⣦⣤⣤⣾⠟⠁⠀⠀⠀⠀⠀⠀⠀⠀⠘⢳⣤⣀⣀⣀⡴⡞⠀⠀⠀⠀⠀⠀⠀⠀⠀⠀⠀
⠀⣼⠿⠿⠿⣿⣿⣿⠃⠀⠀⠀⠀⠀⠀⠀⠀⠀⠀⠀⣸⣿⣿⣿⣿⡯⠀⠀⠀⠀⠀⠀⠀⠀⠀⠀⠀⠀
⢰⣯⡴⠶⢾⣼⡟⠁⠀⠀⠀⠀⠀⠀⠀⠀⠀⠀⠀⣰⣿⠟⠁⠀⣨⣷⣦⡀⠀⠀⠀⠀⠀⠀⠀⠀⠀⠀
⠋⠀⠀⠀⠀⢹⡄⠀⠀⠀⠀⠀⠀⠀⠀⠀⠀⠀⠀⣿⡇⠀⠀⠈⠀⠀⠈⡻⢲⡆⠀⠀⠀⠀⠀⠀⠀⠀
⠓⢲⡂⠒⠂⠚⠇⠀⠀⠀⠀⠀⠀⠀⠀⠀⠀⠀⠀⠙⠛⠑⠛⠀⠀⠀⠈⠉⠛⠇⠀⠀⠀⠀⠀⠀⠀⠀",1238,1,1,0,3,0,2026-04-07,2026-04-07,0,743,6068,6068
"Unfortunately, I'll never be able to fully explain how special this game is to me because words simply can't describe it. OG Resident Evil 2 isn't just my favorite in the series, it's also the best game ever made for me. This was Hideki Kamiya's first game as director. His excitement and passion were perfectly captured in the play. 
The storytelling, impeccable atmosphere, magnificent creature designs, perfect puzzles, peaceful sountracks and most importantly voice acting. Everyone is perfect but Paul Haddad (Leon voice actor) was something else. He holds a very special place in my heart. I often talked to him on Facebook. I remember he showed me his movie collection. He was depressed that things weren't going well for him before he passed away due to his mental health and physical health and was struggling financially too. I think he deserved more praise in the acting field as a voice actor and should've gotten more parts because he was such a talented voice actor. He unfortunately lost his battle with cancer back in 2020. I even spoke to his brother, Matthew Haddad. And he didn't even know his brother was famous. He was very happy when people sent him condolences.

RE2make was good, but unfortunately I don't think it can ever replace the original because there were things I really didn't like about the Remake. Therefore, I recommend everyone play the original version. It costs almost as much as a bar of chocolate anyway. Besides, I don't know who it is, but there's an employee at Capcom who really loves adding DRM to old games. Tell that guy to stop doing it because this is almost 30 years old. Enjoy the game.",1639,1,1,0,211,1,2026-04-07,2026-04-10,158,28,787,561
"Plays perfectly, no random crashes like Re3.",44,1,1,0,0,0,2026-04-07,2026-04-07,0,19,188,188
,0,1,1,0,0,0,2026-04-07,2026-04-07,221,21,304,227
"Amazing, only played on ps1 not pc but its amazing",50,1,1,0,0,0,2026-04-07,2026-04-07,295,86,1090,1090
I am this old.,14,1,1,0,0,0,2026-04-07,2026-04-07,279,42,345,300
"Chack Register.
The program REQUIRES you to inject something into the registry.
I do not feel safe doing this and it's one of the only games I've ever had asked to change things in my registry.",193,0,0,0,4,2,2026-04-07,2026-04-07,1289,500,14,14
just finished leon scenario a im about to start claire scenario b im aboslutely loving this game.,97,1,1,0,17,0,2026-04-07,2026-04-07,0,5,350,350
This game is true peak,22,1,1,0,1,0,2026-04-07,2026-04-07,274,23,334,334
They should add achievements to this game and the other og resident evils. Also there is giant spiders in this game.,116,1,1,0,23,3,2026-04-07,2026-04-07,0,25,338,338
after losing my n64 copy this is a great way to re-play,55,1,1,0,0,0,2026-04-07,2026-04-07,147,28,449,188
I'd give this a recommend but I don't like that I have to allow this to edit my PC registry just to play. That's ♥♥♥♥♥♥♥ whack as hell. It also makes the game impossible to play on steamdeck without going through a whole ass process just for this one executable. I'm good. I'll go to GOG to buy these games and link them to my steam account that way.,350,0,1,0,2,3,2026-04-07,2026-04-07,0,2,82,82
Get over the tank controls and just play it.,44,1,1,0,1,0,2026-04-07,2026-04-07,148,1,622,296
"This game is genuinely so beautiful. Seeing the original R.P.D. after playing the remake first was a huge deal for me, by the way i love that we see Claire more often while playing leon's campaign and it's a shame they didn't kept this in the remake. 

(although the only thing i liked more about the remake was how they built leon and ada's relationship, i think they make more sense there instead of falling in love so quickly like in the original. go my aeonlings) 


thank you capcom for bringing this gorgeous game to steam, can't wait to try the rest!",557,1,0,0,10,0,2026-04-07,2026-04-08,0,12,2137,2086
Loaded with great content that allows for tons of replayability. Without a doubt worth the purchase if you like/don't mind the tank controls.,141,1,1,0,0,0,2026-04-07,2026-04-07,488,96,1350,842
Favorite classic RE. Great version on in spite of DRM. GOG version side steps that entirely.,92,1,1,0,0,0,2026-04-07,2026-04-07,0,4,543,411
it's a good game i like the music i like the ambience i like the art style i like the gameplay i cant think of something i dislike i think it's good,148,1,1,0,0,0,2026-04-07,2026-04-07,0,74,673,206
It's pretty good.,17,1,1,0,1,0,2026-04-07,2026-04-07,551,202,425,407
Story is peak. Leon is a cutie patootie,39,1,1,0,1,0,2026-04-07,2026-04-07,0,23,404,404
best in the series,18,1,1,0,3,0,2026-04-06,2026-04-06,312,12,1302,1088
I love Resident Evil 2,22,1,1,0,2,0,2026-04-06,2026-04-06,101,17,1514,774
"I never played a classic RE game before.
Bought the game for 5 bucks, installed Seamless HD for a better experience, what a vibe, definitely one of the best old school games i have played. Cant wait to finish and start RE3 Nemesis :)

PS: the game ran really good for me, no crashes, no lags and no bugs, solid 10/10 experience.",328,1,1,0,5,0,2026-04-06,2026-04-06,0,10,824,503
"I personally still prefer the remake for the general improvements made, but the original still holds up to this date, surpassing the remake in some aspects like the B scenarios.",177,1,1,0,3,0,2026-04-06,2026-04-06,141,8,848,723
I'm the guy in the picture on jills desk,40,1,1,0,2,2,2026-04-06,2026-04-06,0,1,614,297
"This game is very fun, yes yes Very Nice, Very Evil!",52,1,1,0,2,0,2026-04-06,2026-04-06,0,64,345,141
peak,4,1,1,0,0,0,2026-04-06,2026-04-06,0,35,423,218
"[i] September 30th, 1998. It's a day I'll never forget. The cop inside me died that day. And that night, Raccoon City was wiped out, thanks to the bioweapons created by Umbrella. Somehow, I made it out. But too many others...weren't so lucky. I was ""asked"" later to join a top-secret government program. Not that I had a choice. The training, the punishing missions...nearly killed me, but at least they kept my mind off everything. If I could just forget what happened that night - the pain, even for a second? This time, it can be different. It has to [/i]",558,1,1,0,0,0,2026-04-06,2026-04-06,233,129,760,34
"Had controller issues, but this is still one of the best RE games",65,1,1,0,1,0,2026-04-06,2026-04-06,0,359,473,261
The best resident evil game snag a copy to relive a old school game.,68,1,1,0,1,0,2026-04-06,2026-04-06,0,88,710,498
Ya babacım oyun iyi güzel de şuna lütfen remaketen daha iyi demeyin. Lağım sectionu sadece bi valveı döndürüp gitmekten geçiyor ve ez yani. Lab kısmında bütün senaryolarda yapacağınız ayrı ayrı şeyler mevcut ama hani onun haricinde bile o kadar sınırlı ki tek bir runda yaptıklarınız basit kaçıyor bence remake'e göre ama lakin oyun yine de zapping sistemini güzel yapmış fakat Mr.X remaketekinin yanında LoLdeki topcu minyonu kalır,432,1,1,0,2,1,2026-04-06,2026-04-06,241,12,446,446
"Hey, it's up to us to take out Umbrella",39,1,1,0,0,0,2026-04-06,2026-04-08,196,64,734,734
pure cinema.LLLEEEEEOOOOOONNNN CCCCLLLAAAAIIIIIRREEEEE,54,1,1,0,0,0,2026-04-06,2026-04-06,218,42,791,193
Really enjoyed playing this classic!!,37,1,1,0,0,0,2026-04-06,2026-04-06,0,25,697,673
"I miss William Birkin's dramatic antagonism I will never ever forgive Capcom for giving Birkin less characterization and argumental importance in the remake like he isn't the main cataclysm of RE2 and 3 events. Let him be evil dude

Nonetheless I do thank Capcom for nerding out on G's character overall in the remake like yeah that monster is actually a character and his mutations have a lot of sense now 

If you mix 1998 William Birkin and 2019 ""G"" monster, you have yourself the best of both worlds",503,1,1,0,2,0,2026-04-06,2026-04-06,133,51,732,390
Can not work on steam deck,26,0,1,0,1,1,2026-04-06,2026-04-06,0,3,527,235
"I have played the Sourcenext PC Port, so ignore my playing hours. I'm not reviewing the port.
I've played this recently for very first time , I have played the remake before. It's really good. I don't think this is better than remake but also not worser than remake, in a way , I think both games are too different to be compared to each other tbh. Because of that, i would actually recommend playing this even if you played the remake, as there's many differences between two and unlike other people, I don't think neither of them are bad and can co-exist with each other (both offer something new). It's solid game, interesting environments, feels good to play and just   to put simply, a great game. If you have played the remake and enjoyed it, i highly recommend giving this a try as well.",794,1,1,0,0,0,2026-04-06,2026-04-06,816,140,16,8
Spot on. All three.,19,1,1,0,0,0,2026-04-06,2026-04-06,0,54,438,212
.,1,1,1,0,0,0,2026-04-06,2026-04-06,48,8,945,945
FINALLY IT'S ON STEAM,21,1,1,0,1,0,2026-04-06,2026-04-06,319,75,577,236
"Very happy to see Capcom finally release the original trilogy on Steam. The remakes are fantastic, but the originals offer an experience that simply doesn't exist in the remakes.",178,1,1,0,0,0,2026-04-06,2026-04-06,1729,17,656,513
"Exactly as I remember it growing up. I didn't personally have any issues with DRM, took maybe 10 seconds to get through the pop ups upon initial launch. Only complaint is the audio completely blasting my ear drums every time I open it, but thankfully I've got a DAC to help with that. Overall no issues and I highly recommend to everyone who grew up playing this game!",368,1,1,0,1,1,2026-04-06,2026-04-06,0,11,647,262
"If, like anyone should, you play Resident Evil with a controller, the controls in this are UNPLAYABLY broken. 
What do I mean by this?
I've used 2 different controllers, the bindings are bound so that shoot and aim are somehow hard locked to the same button. So as soon as you aim you fire. 
Not that bad an issue? You cant open the first door in the game. 
Wait until it gets a patch to fix the broken controls.
 
This is the much bigger issue than DRM issues. (If you care about that, this is literally just the GOG release but on steam, go get that instead. It has the same controller issues) 

I've tried multiple controlers, changing ini files, changing the registry values, launching directly from the exe, launching from the launcher. Nothing fixes it.

Resident evil 1 and 3 works fine. So i have 0 idea why this doesn't. 

Also If you also want to run this on steam deck, be prepared to do all sorts of registry tweaks to get it running also.

I can accept a bare minimum port if it's functional. This aint it.

Update - Tried making my own bindings with steam. It was still double inputting. 
I then thought ""I'll just use the keyboard"" SAME PROBLEM. 

Ironically the only way i can get working controls is on the steam deck after doing the registry signing in desktop mode.",1284,0,1,0,12,3,2026-04-06,2026-04-13,0,17,112,106
"Really glad they brought this to steam, its also upscaled and much better quality than original re2 on PS1.",107,1,1,0,0,1,2026-04-06,2026-04-06,0,2,107,107
"increíble como el culo de Leon, aún todo pixeleado es 10/10. obra atemporal",75,1,1,0,2,0,2026-04-06,2026-04-06,99,3,813,200
Hey... it's up to us to take out Umbrella.,42,1,1,0,2,0,2026-04-06,2026-04-06,246,11,905,905
"Pretty shotty port. No steam cloud, steam overlay, or screenshots. And also the door animations have screen tearing issues idk if that's just a me thing. I'm kinda just paying for door skip button and the fact it shows my playtime on my steam profile woww. But I mean hey the png sure looks cool in my collection library. I might be dumb or something but this is a nightmare to mod. I might refund this and go back to larping RE bro. I'll be back if they ever update.",467,0,1,0,3,1,2026-04-06,2026-04-06,57,3,73,71
"I am so happy they brought the original RE trilogy to steam, I was already excited that they ported Dino Crisis but now with the RE trilogy I can die a happy man. Here's hoping maybe Konami will jump on with the first 4 Silent Hill games ported as well",252,1,1,0,0,0,2026-04-06,2026-04-06,0,84,354,107
"This one and Code Veronica are the best of the original games. I used to sit down and beat Leon A in one sitting when I was a kid because I didn't have a memory card. It is PEAK

PLEASE GIVE US ACHIEVEMENTS",206,1,1,0,71,2,2026-04-06,2026-04-06,0,47,1314,865
"Love the fact that they released the trio on Steam, but alas, twas on April Fools so THERE IS ISSUES! 

-No cloud save. (Huh)
-No achievements (So you can show your parents your big pixel trophies)
-Not playable on SteamDeck. (For the OLED bois).
-Enigma needs to be removed. 

It does start with the bonuses all unlocked, 4th Survivor & Tofu e.g. But remember what Capcom did with Operation Raccoon City? Instead of fixing Windows Live issues, they completely removed it off Steam. I'm guessing they won't fix these either. Luckily the community put together a guide on how to also run it on SteamDeck via Protontricks. Still doesn't remedy the other problems.",661,1,1,0,0,0,2026-04-06,2026-04-06,73,4,1353,74
this game is better than the remake in terms of how the characters and story is.,80,1,1,0,0,0,2026-04-06,2026-04-07,0,10,485,410
sketchy drm,11,0,1,0,7,0,2026-04-06,2026-04-06,0,195,49,49
"Exactly how It was back in the day, The shame of it is this was a good chance to add true widescreen and maybe some achievements",128,1,1,0,1,0,2026-04-06,2026-04-06,326,24,465,213
Classic game,12,1,1,0,0,0,2026-04-06,2026-04-06,0,1,795,791
Si jugas esto y te gusta el remake sos mogolico,47,1,1,0,3,1,2026-04-06,2026-04-06,297,25,313,313
I love old school games and this one is such a blast from the past really addicting and of course so fun to once again play through the events of the Raccoon city with Claire and Leon.,184,1,1,0,5,0,2026-04-05,2026-04-05,134,51,368,290
"Love the original resident evil 2, all time best game, was great to play it all over again on steam, wish there was achievements and cards though! i'm also not a fan of how it loads up, seams like it would take no effort to merge claire / leon into 1 or at the least if i load Lean B after finishing Claire A then it opens the leon game, no point in having to close the game to re open it",388,1,1,0,0,0,2026-04-05,2026-04-05,318,4,944,944
Awesome!,8,1,1,0,0,0,2026-04-05,2026-04-05,0,13,711,711
"First debut's Leon Kennedy and classic gameplay, that's recommended before play resident evil requiem as Grace.",111,1,1,0,0,0,2026-04-05,2026-04-05,0,2,83,83
"Nearly 30 years later and this game is still a masterpiece.
if you're getting into the world of Resident Evil this game is a must but don't play it or any of the original trilogy first I advise you to play the remakes and then if you really, REALLY wanna get some extra lore and experience the beginning of this amazing series then play the OG.
Because the fixed camera and the limited movements will really piss you off but you will get used to it eventually.",462,1,1,0,2,0,2026-04-05,2026-04-05,0,20,455,454
not bad classic game and its pretty fun playing it,50,1,1,1,0,0,2026-04-05,2026-04-05,0,50,68,51
Just the way I remember it. The game that made me an RE fan. A work of art. 11/10,81,1,1,0,0,0,2026-04-05,2026-04-05,247,12,338,205
"Zapping and scenario system is really unique and well done, spices up replay, and gives little satisfying details throughout.",125,1,1,0,0,0,2026-04-05,2026-04-05,30,11,855,855
The game is just as great as I remembered all those years ago. Be sure to download the HD pack and merge it with the japan folder to get those crisp textures!,158,1,1,0,0,0,2026-04-05,2026-04-05,664,19,53,26
After playing the remake of Resident evil 1 I honestly had low hopes but to my surprise this games map is so much better and more often then not there are 2 ink ribbons at every type writer you find which is more than enough saves than you need for this game. I can now see why so many people were anticipating this game back in 2019 when the remake was about to release. the map is almost perfectly connected giving me dark souls 1 map vibes (but not as good). going to give RE3 nemesis after my Claire playthrough then I'll give RE1 classic a go...,550,1,1,0,5,0,2026-04-05,2026-04-05,0,9,935,794
game fun makes brain yippie!,28,1,1,0,0,0,2026-04-05,2026-04-05,225,36,423,127
"To this day, the game is still one of the best entries of the franchise... but... as a Steam Deck user I'm very disappointed. It doesn't play on Steam Deck at all, I tried proton trick but that didn't work either. All because of this registry thing that no matter what I do is required to play the game, tried denying it on my PC, it's either that or don't play at all. Game isn't even verified for Steam Deck and it don't even have cloud saving.  Regardless, you'll be better off just on PC, but if you're hoping to play on the go, not gonna be easy, otherwise just emulate it and hope it even works.",601,0,1,0,6,1,2026-04-05,2026-04-05,0,25,23,23
"im so glad capcom decided to add the original trilogy to steam, quite literally my computer cant run the re2 remake",115,1,1,0,0,0,2026-04-05,2026-04-05,130,144,350,52
"Writing this after finishing Leon Scenario A in normal difficulty.

I loved the remake and playing the original now makes me doubt which one I prefer. Despite the initial shock with the old tank controls, the game holds super well in 2026. I like to describe it as 100% meat with no fat. The puzzles are not overly complicated, and it genuinely feels like you're constantly progressing forward rather than walking around in circles where you get the item for puzzle xyz . Healing items and ammo also felt really well tuned and I learned the hard way that avoiding enemy was a learned skill rather than try to kill every single one.  Overall, it felt really enjoyable to experience this version of the RE2 story and it was quite fun to see where the original and remake deviated in environment design.",802,1,1,0,1,0,2026-04-05,2026-04-05,451,12,275,275
"After playing RE1 1996, this was a ton of fun to run.

The zapping system that the game uses to cause certain things to happen (or not) per scenario is sick as hell. Complete missed opportunity for RE2make. To give one example on this, there is a weapons locker with two items in it—a satchel (for more inv space) or a SMG. 

If you take one on your character’s A scenario, the other item is left for the other character’s B scenario. It goes to show that while both Claire and Leon ran around the building, things were constantly still in motion from both.

The map is fun, the dialogue is golden, and this game actually managed to jump me a few times with those fixed camera angles.

My only gripes is Mr. X, as remake made him a far better stalker/threat. He’s still fun in this one, but he’s just kinda…there sometimes. This, and the DRM.

I recommend Claire A, Leon B.",873,1,1,0,3,0,2026-04-05,2026-04-05,480,16,870,609
"Requiem is chock full of heavy DRM's, let alone what ever minuscule DRM is on the classic trilogy release, yet people are glazing tf out of Requiem. Make it make sense nerds",173,1,1,0,1,0,2026-04-05,2026-04-05,319,172,736,30
"I still love the game, but this release doesn't come without its issues.

It runs fine on Linux, but needs a bit of tinkering. Installing a Registry file, changing a registry key, setting Launch Options.. I wrote a comprehensive guide on it. It's easy, but annoying. As these problems relate to decade old bugs I don't see a fix happening in the future.

Also, the DRM was unnecessary.",385,1,1,0,0,0,2026-04-05,2026-04-05,1867,30,465,281
True cult classic. I feel every gamer should play this at least once in their lives. even just one scenario.,108,1,1,0,0,0,2026-04-05,2026-04-05,0,37,250,182
an 1998 classic that's still incredibly holds up even after being remade twenty years later,91,1,1,0,0,0,2026-04-05,2026-04-05,177,12,1455,1455
"To all playing the game

Press F9 to exit game. 

You're welcome.

Best game in the series for me. Only thing missing is Steam achievements. Bring Code Veronica also please!!!",175,1,1,0,40,0,2026-04-05,2026-04-05,0,26,809,187
"very goated game, though i hate that achievements arent available",65,1,1,0,0,0,2026-04-05,2026-04-05,0,7,374,369
"I never played the old pc port of re2 long ago and I find it impossible to play using just a keyboard, or it just takes alot of getting used to.
Highly recommended game (obv), but use a controller for best experience",216,1,1,0,1,1,2026-04-05,2026-04-05,0,22,114,114
"the graphics and voice acting together create this cute and charming vibe to it. i think the gameplay loop is pretty fun and even addictive. i think it would have been a bit better if it was dark and had sparse lighting to improve the atmosphere. in terms of atmosphere during gameplay i think the remake does it better but in terms of cutscenes, this game has a considerably more cinematic presentation than remake which felt so incredibly flat for me. i do love how i ran into leon so far into my playthrough and you get to leave something for him in the B scenario. i also love that they stay in contact and help each other out. i think i've already secured a couple of routes for leon. i also think chief irons is a lot more intimidating here and oddly enough more subtle than he was in the remake though integrating him into sherry's conflict in the remake did give it a lot more emotional stakes. same with portraying annette as uncaring as opposed to the opposite in the original. i'm just at my first playthrough as claire and at this point i'm at the first birkin bossfight at the tram. it feels really promising so far.",1129,1,1,0,0,0,2026-04-05,2026-04-05,0,7,1212,450
Very Good Game.,15,1,1,0,0,0,2026-04-05,2026-04-05,268,254,670,41
"One of the greatest games ever made, and a good example of a perfect sequel. Four scenarios each with their own set of events and item placement, and it's just such a blast to replay over and over! Definitely a must-play.",221,1,1,0,1,0,2026-04-05,2026-04-05,492,19,614,448
"Negatives: No Steam Overlay. No Steam Deck support. No cloud saves. No native ""quit game"" option. Default controls might be horrible and need to be reassigned. No native controller support, it seems. DRM implementation for absolutely no reason other than they hate you. A horrible launcher with features that should've been implemented into the game itself. No Achievements. Asks for weird Registry Rights when first launching the game.

Positive: Looks fantastic in 4K resolution. Everything loads extremely fast. Door opening animations can be skipped with the press of a button. Everything unlocked from the start. Nostalgia.

I opened and played a bit of RE1-3 and while they are pretty cheap on sale, they are sadly lacking in modern features, including the ability to play cross play between Steam Deck and PC because of a lack of support for the handheld. I've been told its because of the DRM. Why is there DRM for a ♥♥♥♥♥♥♥ game that everyone can pirate and play on emulators? Do you think $5 is really that ♥♥♥♥♥♥♥ sacred, Capcom, to ruin the fans who do purchase your games? I will never understand the greed and hatred they have for their customer base.

Anyway. I wouldn't recommend it because basic features are missing and they couldn't be asked to implement them because they don't give a ♥♥♥♥. If you don't give a ♥♥♥♥, Capcom, don't ask me to. Refunded.",1371,0,1,0,20,2,2026-04-05,2026-04-05,0,53,9,9
an incredible game with ♥♥♥♥♥♥ DRM attached to it for no reason. get rid of it,78,0,1,0,18,3,2026-04-05,2026-04-05,184,10,93,25
"9/10 
Add achievements to this steam import please to make it 10/10!",69,1,1,0,0,0,2026-04-05,2026-04-05,166,7,297,163
nothing short of a masterpiece,30,1,1,0,2,0,2026-04-05,2026-04-05,252,133,753,596
Being able to skip the door animations feels blasphemous.,57,1,1,0,3,1,2026-04-05,2026-04-05,841,45,46,27
"Still an absolute banger!!! I love Leon even if he is polygonal >:)
10/10 worth it port",87,1,1,0,3,0,2026-04-05,2026-04-05,0,17,248,231
Holds up.,9,1,1,0,0,0,2026-04-05,2026-04-05,340,34,500,500
"Definitely one of my favorites to play in the franchise as it is a classic piece of the series. Tank controls and fixed camera be darned, this game is worth it for the story that is. And if you have not played the original but played the remakes, I HIGHLY recommend giving it a go. Not to mention hearing the late and great Paul Haddard as Leon is truly a gem to have when it comes to being the original VA for Leon and set a fun precedent for the incredible VA talents we have had for Leon over the last 28 years. One of the core must play games for ANY Resident Evil fan, new and old.",586,1,1,0,2,0,2026-04-05,2026-04-05,75,4,391,379
"Can’t say enough about this game, one of the games that started it all for me. It’s a blast from the past! don’t know if it would hold up nowadays for people who never played it but for the ones who have, jump back into tank controls and enjoy the nostalgia!",258,1,1,0,2,0,2026-04-05,2026-04-05,0,3,52,52
"September 30th, 1998. It's a day I'll never forget. The cop inside me died that day. And that night, Raccoon City was wiped out, thanks to the bioweapons created by Umbrella. Somehow, I made it out. But too many others...weren't so lucky. I was ""asked"" later to join a top-secret government program. Not that I had a choice. The training, the punishing missions...nearly killed me, but at least they kept my mind off everything. If I could just forget what happened that night - the pain, even for a second? This time, it can be different. It has to.",550,1,1,0,0,0,2026-04-05,2026-04-05,85,2,2769,2264
"Just get it on GOG. GOG works right out of the box, no need to download extra BS to make it play and no gay ass Capcom(tm) DR-f*king-M!


(_)_)::::::::::::::::::::D~~F U Crapcom~~~",183,0,1,0,11,4,2026-04-05,2026-04-05,98,10,11,11
I cannot say how thrilled i am to have this on steam. 10/10,59,1,0,0,0,0,2026-04-05,2026-04-05,0,11,237,226
"Classic, top 10 games of all time.",34,1,1,0,1,0,2026-04-05,2026-04-05,0,2,304,304
my inner child is crying happy tears,36,1,1,0,0,0,2026-04-05,2026-04-05,27,1,385,385
"Played so many different versions of this game, and they're all wonderful, even today. Truly an incredible game and a milestone in survival horror. The level design, the enemies, the characters, the story, the music. Everything about the game works. I love this game.",267,1,1,0,0,0,2026-04-05,2026-04-05,0,24,415,185
"This port is sh1t. It has DRM and it doesn't have any significant visual improvements or even gamepad support. You can still turn it into a good port thanks to the beautiful fans who make enhancement mods, who should not be the ones doing Capcom's job. There is a .exe by Mulderland that automatically installs all the enhancements that's worth getting.
I still give my thumbs up because I want Capcom to see this trilogy as worthy of having available, and even more so after seeing the direction they decided to take with the RE Engine games.",543,1,1,0,0,0,2026-04-05,2026-04-15,118,62,21,21
you know what capcom? thanks for making claire wobble that dumptruck for 4.5 hours in 240p with 42 polygons total 10/10,119,1,1,0,0,0,2026-04-05,2026-04-05,0,116,1083,393
"I remember being a child watching my uncle play these games on his ps1. Scared the hell out of me. Now that it's finally on steam i can experience it for myself, and I gotta say, I am having a BLAST. Great game all around, havent encountered any issues whatsoever. & now as an adult i get to experience a childhood game that i always wanted to play. 10/10 in my book, but i might be biased. Either way, KUDOS TO YOU CAPCOM.",423,1,0,0,0,0,2026-04-05,2026-04-05,203,24,287,237
"Yes, yes...for the love of god, YES!!

I've been waiting for a PC port of this classic come to steam
in ages, and now this & the other 2 RE classics are on steam sale
...and at 50% off too.

Pros: the PC port of the PS1 classic has all the features from
its other ports, including the additional modes: Extreme Battle,
4th survivor, Tofu survivor. fully supports Xbox controller, including
the use of analogue joystick.

Cons: the only downside: in terms of control settings, they completely
left out the auto-aim feature...so the struggle is that you have to manually aim.

However, there is a silver lining...the Konami code works on here.
just look it up online, enter it according to whatever source you find
it from, and all weapons; from your pistol onwards will have infinite ammo
with no reload...so the only items you need in your inventory, are heals & keys.

I managed to clear Leon (Scenario A) last night hours ago, making sure to
bring plenty of heals, and saving whenever necessary. so if you love Resident Evil,
including the retro versions, then I recommend starting with this one first...for me,
RE2 was my first ever PS1 classic & thus, holds a special place in my heart!",1212,1,1,0,0,0,2026-04-05,2026-04-05,0,34,1440,319
"Not only does Enigma Protector look like really terrible 90's era malware with obvious translation issues but it throws an error when trying to use Proton.
Save yourself the time and money on these games, just buy them on GOG where there is no malware like DRM to break things for you.",285,0,1,0,215,12,2026-04-05,2026-04-05,0,1,8,8
very good game I see why some fans say this is the best of the fixed camera era. The horror is great it is there but isn't overwhelming like 7 the puzzles aren't difficult unlike CV or 0 and the game isn't punishing you with extreme amounts of exploration and backtracking like 1 If you want to start playing the fixed camera angle games I believe this is the one you should start with.,386,1,1,0,0,0,2026-04-05,2026-04-05,34,22,825,146
It is exactly as you remember it. Nice that all the bonus modes come unlocked immediately so you don't have to grind for them if you don't have the desire to do it. Worth a shot if you haven't played the OG yet. Especially for $5.,230,1,1,0,0,0,2026-04-05,2026-04-05,188,29,390,265
"this game saved my broke bum life

unfortunately DRM RUINED my broke bum life",77,0,1,0,2,3,2026-04-05,2026-04-05,0,14,308,163
"Unlike the remake, this game actually gives you a reason to play all four scenarios because they actually differ more than just ""play as Ada or play as Sherry."" 
 
This game probably has my favorite start to any Resident Evil game ever. In the first game you start in the mansion, investigate a bit and then find the first zombie. Here you just straight up get thrown into action, you already know what you signed up for, the sequel to Resident Evil and the start is perfect. Getting to the police station is a challenge, it teaches you that its pointless killing every enemy, the fundamentals of the whole gameplay loop. 

Also hey, Leon actually interacts with and saves Sherry",683,1,1,0,1,0,2026-04-05,2026-04-05,172,19,623,555
"Conquered my childhood fears with this one lol (thanks dad)

Nothing I can really add to what has already been established with the legend status of RE2 OG, but only that there's something that fixed camera angles and tank controls will always dominate in  instilling fear and paranoia more than over-the-shoulder horror thats in the current formula of modern RE, both are good dont get me wrong, but you can't shake that fear of not always having control over anticipating what nasties are hiding across from your limited viewpoint, and RE2 OG nails it perfectly.

Felt good to finally beat the OG after putting it off for so many years lmao, great stuff and thank you Capcom for making a a great PC/Steam port of the classics for modern audiences.",749,1,1,0,0,0,2026-04-05,2026-04-05,245,41,1732,727
"bad: Ignoring the back and forth which is the whole loop, puzzle are non a thing basically, horror comes and goes, the characters and some weird story choices, game's fire.
Old review (the controls are totally ♥♥♥♥♥♥ out of nowhere, can't press A anymore, so no inventory and interact. Sad, everything else was going good till now.)

good (compared to RE1 remake): Exploration is funny, more action, resource management is a sinusoid, really low ammo, no ammo for a lot, ton of ammos given, and so on. Dialogues can be funny at times even tho they come out as cringe most of the times.

side note: being a port of an old game doesn't mean that the new release shouldn't or couldn't have achievement as a side progression or completion, better accessibilities option and a better keybinding/controls menu.",804,1,1,0,0,0,2026-04-05,2026-04-07,223,53,493,331
"I'm happy to see these older classics come to modern PC platforms finally. I ran through Claire's campaign and had a great time with the game. RE2 is a game I have fond memories of from when I was a young lad. I remember being in a local mom and pops store and they had just got the game in and was showing the opening CG movie on their big screen. I had played and loved the first game and I HAD to have this one. Bought it right away and took it home and the rest is history. It was so much bigger in scope than RE and I felt I got my money's worth, for sure.

So, what about this particular Steam release? The launcher gives quite a few options so I can set it up to look how I want it to on my PC and my handhelds. I like that. I like being able to play it full screen and take advantage of my MSI Claw 8AI's 8 inch screen. It's awesome.

What's not awesome? 

Well...No cloud saves. Why, Capcom? Why? Lazy? Rushed? What gives? With the rise of so many handheld PCs, people are playing their games more and more on multiple devices. Get with the program, please.

Also, I don't have many games that demand I write stuff to the registry before I launch the game. This process wrecks Steam Deck compatibility unless you go in and write the registry to the game using Proton Tricks and then you have to create a new folder for saves and go back to the registry and choose that folder as the save game path. It's not difficult, just a hassle to play such an old game. 

And last...Enigma. Capcom...why? These games are 25-30 years old. Anyone who wanted to pirate them over the years have done so already. So many people were willing to throw their money at you for these games. My buddy and I talked about that for the last several years. Capcom doesn't like money, because the OG trilogy would print money. Then, they finally get released. With DRM. You can go right now, at the time I write this, and get the GOG versions DRM free, for the same price. 

All that said, I'm happy to have these in my Steam library. I absolutely love RE2 and I'll keep playing it here. Add cloud saves and I can forgive all the other crap. Achievements would have been cool for people who enjoy hunting them.",2192,1,0,0,2,0,2026-04-04,2026-04-04,460,51,274,260
"As grateful as i am to the remake for getting more people to play resident evil, i will always say the og resident evil 2 is the better version of the game",155,1,1,0,8,1,2026-04-04,2026-04-04,121,4,686,165
"What a sequel, what a game!!!

The only problem is Capcom's lazyness on the PC front .. no achievements, no cloud saves, no Steam overlay .. also .. DRM for 25 years old game

Nuff said ..",188,1,1,0,2,0,2026-04-04,2026-04-04,490,70,672,672
"Resident Evil 2 is one of the greatest games of all time. I've waited decades for this to release on STEAM. Enhance mod is simple to install. Happy days.

The anti DRM circle jerkers can lick a zombies rotten ball sack.",219,1,1,0,2,1,2026-04-04,2026-04-04,808,15,420,6
"NO, try harder Capcom.",22,0,0,0,3,1,2026-04-04,2026-04-04,16722,199,9,9
"One of my favorite games of all time, endlessly replayable. Really nice surprise just seeing the og trilogy just show up on steam.",130,1,1,0,0,0,2026-04-04,2026-04-04,249,16,781,285
"It’s a masterpiece of survival horror, however it needs a patch for the steam deck. You need to go through hoops to get it running on the deck. Otherwise love it, I got it running on the deck with some tweaking and it runs great on it. Hopefully capcom can fix it so that it actually runs on the steam deck without needing to go and do all the fixing by ourselves.",364,1,1,0,6,0,2026-04-04,2026-04-04,451,68,820,132
Same as the old game,20,1,1,0,0,0,2026-04-04,2026-04-04,0,1,468,468
showing claire first on the launcher is #beastmode. only complaint is that it takes some elbow grease to get this working on the steamdeck.,139,1,1,0,1,0,2026-04-04,2026-04-04,437,4,419,419
"ITS FINALLY ACCESSABLE!! 
(now add outbreak with dedicated servers pls capcom.. and CVX)",88,1,0,0,1,0,2026-04-04,2026-04-04,134,13,35,35
"This is my favorite game ever made with no exceptions, but i'm giving it a negative review because this release is very poor. No steam overlay, no steam cloud support, no achievements, forced drm, weird controller issues. Very lazy port!",237,0,1,0,16,4,2026-04-04,2026-04-04,145,23,350,189
woof woof,9,1,1,0,0,0,2026-04-04,2026-04-04,100,46,365,213
"[i] A bizarre incident occurred in the outskirts of an American suburb called Raccoon City. It was later revealed that the terrible disaster had been caused by the T-virus: a mutagenic toxin created by the international enterprise, Umbrella Incorporated, for use in bio-weapon experiments. The Raccoon City Police Department's special S.T.A.R.S. unit immediately began an investigation in the affair. The case was apparently closed thanks to the efforts of S.T.A.R.S. members Chris Redfield and Jill Valentine. But the Umbrella Corporation's experiments were far from finished. [/i]",582,1,1,0,1,0,2026-04-04,2026-04-04,165,97,26,26
"لعبة عظيمة لعبة رهيبة لعبة من كاميا اعشق صلعته يا ناسسس

هذي من افضل الالعاب اللي لعبتها بحياتي 
تصميم اللعبة نفسه رهيب الالغاز اللي فيها مو الغاز رياضياة معقدة وسوالف زي هيك بل الغازها عن طريق ادارة مواردك والمساحات اللي عندك وهالشيء تطبيقه باللعبة عجيييب وتصميم المراحل شيء عظيم وتوزيع الاعداء في المراحل عشرة من عشرة وحبيت طريقة ربط السيناريوهات ببعض وانه كيف كل سيناريو ممكن يختلف عن الثاني باشياء مثل الادوات او حتى مستر اكس يظهر في السيناريو""بي"" والبيسنغ باللعبة تحفة اخخخخخخخ

وشكلني رح اروح اختمها على هارد ما تشبعت منها واللي يساعد على اني اروح اختمها على هارد هسة هو اني حفظت الخرائط كلها من كثر ما ضعت...يب وانا بلعب اللعبة ما غشيت من اليوتيوب ولا حتى اني ركبت مود .... وهذي من أسهل الـعـشـرات اللي بعطيها في لعبة من غير ما أفكر مرتين 

بس الصراحة اللي بتذكره من الريميك انه مستر اكس كان له قيمة اكبر هناك المهم المهم..... الريميك بدي ارجع اسوي له اعادة تختيم حتى اقرر مين افضل الكلاسيك او هو 
لكن الآن بخلص الهارد في الكلاسيك في السيناريوهين",953,1,1,0,5,1,2026-04-04,2026-04-04,167,19,1210,848
"I must say I am surprised capcom dropped the trilogy on steam on April fools at that.
However by playing this game again I realize how much these games fill a certain vibe to me that even the remakes however good they are (Except 3 remake that game is terrible) don't have.
as for the port I think people are blowing it way out of proportion sure the DRM exists but it didn't bother me at all, I also do not use upscaling mods or whatever i think they kill the vibe because you can tell its upscaled from pixels and it just looks like spaghetti in some parts.

All in all thank god we have the originals here don't have to go to duckstation or dolphin emu no more its here in my beautiful library and its AWESOME.

Hopefully code veronica next to be ported and life is good.",774,1,1,0,2,0,2026-04-04,2026-04-04,168,38,523,302
nice,4,1,1,0,0,0,2026-04-04,2026-04-04,0,18,354,352
"Certified banger!!

I will buy this game wherever it exists, every time.

Much like the GOG verison Xinput controllers don't work. Here is the fix:
Go to game folder: steamapps\common\4249110_Biohazard2\english
Delete the dinput.dll

all done.",243,1,1,0,83,3,2026-04-04,2026-04-04,1082,11,6,5
leon sexy kennedy,17,1,1,0,0,1,2026-04-04,2026-04-04,73,5,515,172
AHHHHHHHHHH!!!!! I HAD A HEART ATTACK FINDING OUT THE ORIGINAL TRILOGY GOT ONTO STEAM!!!!! AHHHHHHH!!!!,103,1,1,0,0,0,2026-04-04,2026-04-04,0,2,223,128
"Love Re2 same as I do RE1/3 the oldies are the Goldies. 

So Resi 2 takes place inside the RPD for the most part and sets up this whole legacy that raccoon city is built around.
You get to play as Leon, the witless wonder.
Or Claire, Brother of Chris from Resi 1. 
Both have different routes more so in this game than in the RE2remakes and I think that is what makes this title the definitive way to play RE2 as there is so much content missing from the remakes that RE2 missed or changed for a more modern audience. 
Both characters get a different selection of weapons and even things to do throughout their stories again similar to RE2remake but again this one just has better areas which they go to and have different cutscenes and outcomes depending on weather you run the A or B scenarios which are also deeply expanded on in this version more than the REmake...see where I am going with this...This one is just ultimately better and has way more replayability.

The Voice acting like RE1 follows into this one it is absolutely shocking but it makes the games cheesy and charming and just a delight to play. Maybe 30 years ago this would have been a terrifying game to play but in todays world of gaming franchises, it's tame.

Overall RE2 is one of the better of the RE titles and it sits in my top 5, it has it's problems like most older games do but with modern modding and such you can apply better graphics and 360 controls to make it so much better aswell as quick turning. These small QoL changes make them so much better than they should be.

However couple of issues with this port, you can't access Steam Overlay no matter what you do unlike in RE1 where there is a workaround so I hope this gets addressed as I am someone that likes to post/screenshot my times and stuff.
Other than that I will keep it short RE2 is amazing, I am a little bit annoyed that I verified my files after an issue and the Save folder is in the same folders as the executable and this somehow overwrote my saves and I was literally just about to fight Final Birkin and now all that data has been overwritten so I am a little disappointed by that but it just means I get to go again even faster next time.

9/10 RE2 has one flaw and that is that it is way to ♥♥♥♥♥♥♥ easy.",2264,1,1,0,0,0,2026-04-04,2026-04-04,251,127,593,148
90%,3,1,1,0,4,0,2026-04-04,2026-04-04,811,548,664,664
"I wanted to play this, but it doesn't start at all.
I'm disappointed and refunded it for this reason.
If you got any suggestions that can make me play, I'd love to hear them and if I get to play, I will revise the review.",221,0,1,0,6,0,2026-04-04,2026-04-04,0,71,6,6
Classic,7,1,1,0,0,0,2026-04-04,2026-04-04,174,70,390,390
Please add achievements Capcom,30,1,1,0,1,0,2026-04-04,2026-04-04,496,1,500,438
Dammmm good old game.,21,1,1,0,0,0,2026-04-04,2026-04-04,2027,43,78,39
"It was the year 2000. I was eight years old and I was spending the day at my grandma's house. My Uncle had a PlayStation 1 and I noticed he was playing a game I've never seen before...It wasn't Super Mario 64, it wasn't Pokemon or anything else I was playing at the time. It was something I had never seen before. Suspenseful ambient music, no HUD, just a cop running through an alleyway killing zombies.

I asked him if I could play and he let me try it and I couldn't even for the life of me, I could not figure out how to aim. I was just thinking, like, 'Oh you just move and attack with just one button' but no, you needed two buttons. One to aim and one to shoot.

At this point, this game had really piqued my interest at such a young age. Every time I would visit my Grandma's house, I would ask my uncle if I could play this game. Just a little bit at a time; I didn't really play too much but it was enough to spark an interest in a series that I'd never heard of before.

It wasn't that long after the GameCube came out and RE2/RE3 and the RE Remake and RE0 came out. 

Out of all the games in the series at that time, it was Resident Evil 2 that had stood out to me from its gameplay, graphics, and story that had really made me dive deeper into the lore of Resident Evil.

From then on out, the rest was history: I started collecting the games and merchandise, playing them across various consoles, and really took an interest in the series as a whole. Heck, one of the only conspiracy theories I generally believe is that a zombie apocalypse is possible because of this series. Even recently at New York Comic-Con in 2025, I had my copy of Resident Evil 2 on GameCube autographed by Alyson Court, the voice actress of Claire Redfield, with the quote ""What's going on in this town?"" written across the cover.

Although this game has been on various consoles and since the GOG release has been much more accessible to people in a legitimate fashion, having this on Steam now gives it an even further reach into audiences that have been untapped. 

This game may not be the ""magnum opus"" of the Resident Evil series. That may be the Resident Evil remake on the GameCube. It may not be the most action-packed adventure like Resident Evil 4. To me, Resident Evil 2 1998 has been my all-time favorite video game and nothing has since changed that opinion of mine. I forever love the series and I will forever love this particular game.

..I hope those, whether new to the series or long-time veterans, enjoy this game as I have since I was 8 years old.",2559,1,1,0,3,0,2026-04-04,2026-04-04,456,33,268,93
"Both Scenarios played + extras, love this game so much!
Next orig. Resident Evil 3!",83,1,1,0,0,0,2026-04-04,2026-04-04,0,23,485,485
they gotta nerf me and leon,27,1,1,0,0,0,2026-04-04,2026-04-04,0,24,718,361
These residents.... they're getting evil....,44,1,1,0,1,0,2026-04-04,2026-04-04,93,17,671,490
nice,4,1,1,0,0,0,2026-04-04,2026-04-04,765,47,562,390
Great to see the original trilogy on steam . The OG games look truly horrible on modern screens so do yourself a favour & download RE-ENHANCE for the gog version as it works just fine for the steam one & makes the games pre rendered backgrounds look glorious ( instructions in the discussions page ),299,1,1,0,0,0,2026-04-04,2026-04-04,163,16,11,11
The nostalgia hit is real,25,1,1,0,0,0,2026-04-04,2026-04-04,1015,135,277,89
scary,5,1,1,0,0,0,2026-04-04,2026-04-04,0,44,247,247
Its the OG of course I would recommend this game.,49,1,1,0,0,0,2026-04-04,2026-04-04,0,5,845,369
"This game was my childhood. First played it on PS1 in like 2005 when I was only 4 lmao, then got it on GOG Galaxy when it released them, then bought them AGAIN on Steam because I absolutely love the OG Trilogy. Sure, it came out 3 years before I was born. But this game cemented my love for Resident Evil as a series and Zombies as monsters. Say what you want, it's outdated, the tank controls are bad, the camera angles are confusing. I don't think any of this personally. Its nostalgia in such a good way. The OG Trilogy is amazing, and I'm glad that those who are interested in playing the old RE titles finally have access to it now. Though the DRM stuff is rather disappointing ngl.",687,1,1,0,0,0,2026-04-04,2026-04-04,0,19,198,24
interesting but id go for the remake imo,40,1,1,0,0,0,2026-04-04,2026-04-04,89,14,17,17
this game is so good. its the first RE game i fell in love with and i could play it over and over again without getting bored. i highly recommend!,146,1,1,0,0,0,2026-04-04,2026-04-04,0,12,294,180
"While REmake1 I think does everything the original does and better, I still think the original RE2 has a lot to offer that people won't find in the remake--saying that as someone who loves both versions. The OG RE2 has to some degree the atmosphere is a little better in places, the A/B B/A scenario is much tighter and better executed, some cutscenes and character interactions IMO were executed better in the OG, and not only that, but the OG RE2 has literally one of the best OSTs of the entire series, and it makes the experience so much better.

I do love REmake 2, but I still think the original has a lot to offer on it's own, and hasn't been outclassed by it's successor.",679,1,1,0,0,0,2026-04-04,2026-04-04,0,81,310,310
"I remember playing this game on PlayStation 1 as a kid and having to close my eyes whenever they showed a picture of a zombie from the first game. I was that scared. A friend of mine brought a floppy disk with a playthrough tutorial, and we played it together so it wasn’t as scary.

10/10 memories.",299,1,0,0,26,1,2026-04-04,2026-04-04,859,87,331,132
"I can't believe i'm actually giving a bad review on one of my favorite games of all time growing up in the 90s, but it needs to be said.

Do not buy this Steam version, you'll be heavily disappointed. I'll keep this as short as possible.
There's NO controller support whatsoever. I've tried everything, and nothing.  (using Ps4 controller) 
My D pad works, circle works, square works, but for the life of me X does nothing. I can't open doors of fire a weapon. Unless I hold down R1 which fires automatically which is dumb. I wouldn't expect vibration since this is the original pc version from the 90s but cmon, at least give an option to mirror the keys to a controller button
Its 2026 and they didn't think to edit in some controller support?

In short, just go with the GOG version. From my knowledge, I believe they have this game with controller ready straight out of the box. 
Don't waste time on this, you'll be disappointed.
The DRM crap is also stupidly annoying. It'll edit in something in your registry. (which I didn't like at all.
 
- RE3 worked way better with controller, but that one also has audio issues with intro FMV's. Cmon capcom get your ♥♥♥♥ together.

In closing, just get it on GOG or stick to your emulators.  ---------- April 5th updated edit ----


I finally got the controller working..I was just about to purchase it on GOG, however, not sure if this will fix the issue with other people.

In the startup settings menu, I put
 ""Enabled AF 16X""
 ""Enabled MSAA8X""

Once I did that my controller could use X and the button layout seems normal, aside from Square being used as a cancel button, which is fine. Obviously no vibration since this is the original ""PC"" version from the 90s.

Hopefully it stays working, but if this is a glitch based on setting input at launch -they really should have fixed this initially. 

I've changed my rating to recommended, unless something else goes wrong.",1921,1,1,0,1,0,2026-04-04,2026-04-05,0,6,362,41
Still better than the remake. Much easier than I remember it being as a kid in 1998.,84,1,1,0,1,0,2026-04-04,2026-04-04,0,56,529,529
This is a certified hood classic,32,1,1,0,3,0,2026-04-04,2026-04-04,834,105,2008,458
"Old game is still good game.

This is one of the first times i've played in nearly two decades and im having a blast. It sucks we have DRM through the steam version, but I personally am not experiencing any issues.",214,1,1,0,0,1,2026-04-04,2026-04-04,977,30,161,92
"This is just a genuine capcom W the port is great people complain about it having a launch engine to pick settings but it makes sense with the port because of the game orginally having 2 discs to seperate Leon from Clair. The game runs amazingly and look fantastic, truly a survival horror classic. I fully recomend new players to play this atleast once, im so glad its on steam now.",383,1,1,0,0,0,2026-04-04,2026-04-04,143,10,147,31
"I was very excited to play, and I enjoyed it a lot! I played the RE2R a ton, and really like it - it was cool to see the original. I had no problems while playing! :)",166,1,0,0,1,0,2026-04-04,2026-04-04,0,2,355,337
The Enigma Protector DRM makes this game unplayable on steam deck,65,0,1,0,10,2,2026-04-04,2026-04-04,461,14,5,5
"THE SCENARIO A FINAL BOSS IS ONE EVIL RESIDENT. 

Still a timeless classic. I love this game. Even though I've beaten it a long time ago, it was fun getting to re-experience everything (I still jump at some of the scenes lmao).

To those who have never had the chance to try it back then, take the chance to play it now ❤️",322,1,1,0,9,1,2026-04-04,2026-04-04,52,5,751,435
G IS MY CREATION!,17,1,1,0,1,1,2026-04-04,2026-04-04,138,22,406,107
im to dumb for this game,24,1,1,0,0,0,2026-04-04,2026-04-19,225,55,358,358
10/10 Classic masterpiece.  Please add achievements and Steam Deck support!,75,1,1,0,2,0,2026-04-04,2026-04-04,0,222,204,204
heat,4,1,1,0,0,0,2026-04-04,2026-04-04,0,35,47,47
GOOOOOOOOOOOOOOOOOOOOOOOOOOOOOOOOOOOOOOOOOOOOOOOOOOOOOOOOOOOOOOOOOOOOOOOOOOOOOOOOOOOOOOOOOOOOOOOOOOOOOOOOOOOOOOOOOOOOOOOOOOOOOOOOOOOOOODDDDDDDDDDDDDDDDDDDDDDDDDDDDDDDDDDDDDDDDDDDDDDDDDDDDDDDDDDDDDDDDDD,201,1,1,0,0,0,2026-04-03,2026-04-03,329,37,204,204
"So glad Capcom released these. They really came out of nowhere. Was dying to play the original trilogy again and BOOM, here they are.

This is the complete RE2 experience. The only difference between the original is all of the extra modes are unlocked from the beginning including the battle mode. It kind of sucks these are inherently included since it can be fun to unlock them on your own. The guns and costumes are still able to be acquired, though. 

There are some modern features included such as resolution and framerate selection (60hz being the tope end), some visual selectors such as anti-aliasing and v-sync, skippable door animations (no cutscene skips that I'm aware of), and mappable buttons within a new menu.

If you love the original games, they're all here in their fullest form. No technical issues to speak of. They all run great. I got them at 50% off which is awesome. All 3 games for $15. If you can score that deal, do it!",954,1,1,0,0,0,2026-04-03,2026-04-03,0,28,472,247
This 30 year old game from Capcom does not work when i bought it on steam for the steam deck. Reminds me when they released Devil May Cry 3: Special Edition on steam 15 years ago and never got it to work so they delisted it. Perhaps it will function on peoples systems when the steam sales have ended. Very cool Capcom :) 👍👍,324,0,1,0,3,2,2026-04-03,2026-04-03,0,3,5,5
"Probably the best game in the series. Story is absolutely BUSSIN'!! And Claire is 🔥


(Big ups for ma boy Leon tho 💪🏼)


DRM sucks but eh.. $5 is worth it for this gem!!!",170,1,1,0,3,0,2026-04-03,2026-04-05,124,44,149,149
FEED US CAPCOM,14,1,1,0,2,0,2026-04-03,2026-04-03,0,37,20,20
"Valve has pushed an update to Proton Experimental that has fixed the DRM launcher errors for these games on Steam Deck/Linux, so at least you can actually play them now despite Capcom's ♥♥♥♥♥♥♥♥. Still, we should still be asking for Steam Cloud support at least because it's frankly ridiculous that we're still getting new game releases that don't have that in 2026.",366,0,1,0,5,2,2026-04-03,2026-04-11,609,58,721,721
I died 7 times before making it to RPD,38,1,1,0,2,1,2026-04-03,2026-04-03,224,19,133,68
"Right now, this is completely unplayable for me. 

We need a version with improved textures. 

Please add Steam Deck support. 

Please add filters and scanlines. These features are standard in every retro game compilation nowadays.

Please add FULL support for ALL major gamepads. My Apex 5 isn't working.

Add achievements. 

Or, simply remove the DRM so that users can fix everything themselves instead of you.

P.s. The same goes for Dino Crisis 1,2.",453,1,1,0,1,0,2026-04-03,2026-04-03,484,59,8,7
This is a petty no just because steam overlay doesn't work without you having to do some ♥♥♥♥♥♥♥ in the files Ik that's a small stupid thing but I'm using steam for a reason lmao I want my steam features to work and drm icky nasty ew,233,0,1,0,1,0,2026-04-03,2026-04-03,333,197,30,6
residents are evil uwu,22,1,1,0,0,0,2026-04-03,2026-04-03,0,27,711,251
"My game won't launch, probably due to that DRM. Buy the GOG version.",68,0,1,0,2,0,2026-04-03,2026-04-03,223,22,15,15
"Play the GOG version, the GOG version is better",47,0,1,0,2,0,2026-04-03,2026-04-03,138,4,9,9
Just gotten the complete ending and the game runs FLAWLESLY only problem is that this game has DRM other than that this game is PEAK so get it while its cheap!!!,161,1,1,0,0,0,2026-04-03,2026-04-03,0,20,553,553
"DO NOT PLAY WITH MOUSE AND KEYBOARD

Also, this game is objectively better than the remake.
Edit: After playing the game more, I can confidently say that it's one of the greatest games ever made",194,1,1,0,2,0,2026-04-03,2026-05-07,143,166,1762,1762
One of the greatest games of all time now on Steam! Now all we need is RE Code Veronica X on Steam and we'll have every mainline Resident Evil game on Steam. Also for the sake of completing my library relist RE Operation Raccoon City.,234,1,1,0,0,1,2026-04-03,2026-04-03,733,20,879,188
"THIS GAME IS MY EVERYTHING OMFG YESSSSSSSSS

Also CHANGE YOUR KEYBINDS WHEN YOU FIRST CAN
Why was wasd 2846?????",112,1,1,0,0,0,2026-04-03,2026-04-03,134,15,86,50
Enigma DRM :<,13,0,1,0,3,0,2026-04-03,2026-04-03,0,5,13,13
"There was really no reason for me to buy this since I pretty much own every version of this game and have been playing it since 1998. That said, since this and RE1 and RE3 were released on GOG a while back, I always support these classics by buying them anyway because I'm hoping it helps Capcom realize people still love these OG games and will hopefully entice them to officially remaster them (like the OG Tomb Raider games) and add achievements.

As far as how these games perform, they pretty much require no configuring and are good to go right off the hop (at least for me)! Out of the three games, RE1 was the only one I had to make a slight control change within the game settings. Lastly, for everyone complaining about DRM.. If you own the GOG versions of the OG trilogy, simply replace the executable files to the GOG versions and problem solved. I think it's cool you have the option to do this but in my case I leave it alone because it doesn't effect my experience with the game and I want my playtime to be recorded anyway.",1039,1,1,0,1,0,2026-04-03,2026-04-03,99,1,425,102
better than the remake,22,1,1,0,1,2,2026-04-03,2026-04-03,0,186,177,100
Good for nostalgia,18,1,1,0,1,0,2026-04-03,2026-04-03,0,2,432,193
"Glad to see one of my childhood games on steam, Thank you Capcom.",65,1,1,0,1,0,2026-04-03,2026-04-03,1277,40,543,215
I wont gaslight myself into liking this. Holy slopjob controls.,63,0,0,0,2,5,2026-04-03,2026-04-03,167,13,112,81
Amazing. Classic. They need to add the high rez textures from the modding scene and a few other QoL mods but its solid. Fun to play again.,138,1,1,0,1,0,2026-04-03,2026-04-03,0,4,330,183
"This game is great! I just finished Leon A now I'm starting Claire B I strongly recommend that you play this over and over because it will complete your life! I mean without it you're nothing.

CLAIRE B Does not disappoint! get this game today!",244,1,0,0,0,1,2026-04-03,2026-04-04,0,23,321,321
"Thank you capcom for letting play as TOFU (the greatest character of all time) please make a RE game for TOFU. He really needs it, he`s very powerful as he can kill anyone if they take a bite out of him (perfect protagonist) as this was shown in the Hong Kong comic that glooms over me, on my wall. As this is the greatest piece of media I`ve witness. I beg you capcom TOFU need more love and attention that ♥♥♥♥♥♥ Leon ♥♥♥♥♥♥♥ Kennedy.

Pros of TOFU
-sexy
-very strong and he`s littery a cure to the zombies
-can defeat hunk
-he`s swag 
-probably really tasty too

Cons of TOFU
-capcom not making a game about him

overall a 9/10 in my book Thanks for the port tho.
PS. bring The Darkside Chronicles as tofu is an enemy in that game",733,1,1,0,8,2,2026-04-03,2026-04-03,0,12,208,21
"[h1] Claire Redfield: The Heart of Survival Horror [/h1]
[quote] 
To me, the 1998 original of Resident Evil 2 is more than just a game; it is a tribute to the most remarkable character in the franchise: [b]Claire Redfield[/b]. While I enjoy the remake, only this version captures her true essence. 
[/quote]
[h2] Why She Is So Special [/h2]
As a man, I find Claire's character to be an incredible representation of what makes the other sex so uniquely powerful and admirable. It’s not just about her being ""tough""—it’s about [i]how[/i] she is strong.
[list]
[*] [b]Love as a Mission:[/b] Her journey to find her brother Chris isn't just a plot point; it's born from a deep, selfless appreciation for her family. This level of empathy and dedication is something you rarely see highlighted, making her search feel incredibly human and noble.
[*] [b]Pure Character:[/b] Claire isn't a trained soldier; she’s a student with a leather jacket and a motorcycle. Her bravery feels earned because it comes from the heart, not from a tactical manual.
[*] [b]The Emotional Core:[/b] Her bond with Sherry Birkin in the 1998 version remains one of the most touching storylines in gaming history. She brings a level of compassion to the survival horror genre that is unmatched.
[*] [b]Grace Under Pressure:[/b] She faces the nightmare of Raccoon City with an unbreakable spirit, proving that kindness and strength can go hand in hand.
[/list]
[h1] Verdict: 10/10 [/h1]
[b]Claire Redfield is my favorite character for a reason.[/b] She embodies a unique blend of empathy, appreciation, and courage that makes her truly stand out. You play Resident Evil 2 for the atmosphere, but you love it because of Claire.

Her bond with Chris is the spark that starts it all, and her heart is what keeps the light burning in the dark.",1808,1,1,0,4,2,2026-04-03,2026-04-03,0,110,17,5
Doesnt run on steam deck,24,1,1,0,1,0,2026-04-03,2026-04-03,84,2,5,5
goty,4,1,1,0,2,0,2026-04-03,2026-04-03,104,23,180,134
"Finally the OG trilogy is on Steam, even though you can buy them on GOG its still great to have them on steam, they run well, graphics still look good for a 20+ year old game and the iconic cheesy VA's are great.

ADD CODE VERONICA ONTO STEAM CAPCOM

Only complaints is no achievements and the addition of DRM",309,1,1,0,30,0,2026-04-03,2026-04-03,43,6,56,24
"Easily the best Resident Evil game and one of my favorite videogames of all time in general.

I still absolutely adore its story, the soundtrack is legendary and it's overall just so fun to play, highly recommend checking this one out if you haven't yet! It makes me happy seeing this game finally come out on Steam.

I also recommend getting Classic Rebirth working for this game as it makes the experience 10x better.",419,1,1,0,1,0,2026-04-03,2026-04-03,0,94,530,167
"September 30th, 1998.It's a day I'll never forget. The cop inside me died that day. And that night, Raccoon City was wiped out, thanks to the bioweapons created by Umbrella. Somehow, I made it out. But too many others...weren't so lucky. I was ""asked"" later to join a top-secret government program. Not that I had a choice. The training, the punishing missions...nearly killed me, but at least they kept my mind off everything. If I could just forget what happened that night - the pain, even for a second? This time, it can be different. It has to.",549,1,1,0,0,0,2026-04-03,2026-04-03,124,5,33,24
"How the hell am I going to play a game with the aim & action button broken? Can't even open the first door in the game, and they're selling it just like this?",158,0,1,0,1,1,2026-04-03,2026-04-03,689,98,620,57
"Please remove the crappy Enigma DRM which prevents me from playing this on the Deck. >:( Also no achievements or cloud saves for a 2026 release, wtf Capcom?!",157,0,1,0,24,0,2026-04-03,2026-04-03,907,10,20,10
"This has to be a joke. They took a perfectly good GOG port, bloated it to 6x the size (each language is basically a separate copy), broke saving so it can crash the game and then slapped russian malware on the top.",214,0,1,0,12,1,2026-04-03,2026-04-03,792,7,8,8
"""RE Fans"" would call me an elitist for playing this game but its just so good man",81,1,1,0,1,0,2026-04-03,2026-04-03,610,79,281,251
"Finally the original 3 have been made accessible on a platform i use(Shoutout to GOG, who is even reason these games are even up on pc in the first place) 
I absolutely adore these games i grew up with them my entire life, since i was 6 years old and having nightmares for a straight week from the 1st resident evil game 
22 years later and i'm still buying and owning every RE game main, side title on every system and the CGI 
 movies. admittedly though My love for RE has for sure paused around the newer era of RE.
RE2 has been a joy to play again and being able to play Claire Redfield as i remember her, someone who impacted my life hugely growing up has been a fun trip down memory lane.
from the time played, everything works and runs fine.

My only gripes with these additions is there's no steam overlay to screenshot completion times etc. 
and also the addition of a DRM for a game that's probably been emulated a billion times by this point. An odd choice but this is capcom, who still havent released Lost Planet 2 from it's GFWL prison cell that they showed very well that it's about money when they released RE5 from it but not LP2.",1155,1,1,0,7,0,2026-04-03,2026-04-03,467,24,436,131
"September 30th, 1998. It's a day I'll never forget. The cop inside me died that day. And that night, Raccoon City was wiped out, thanks to the bioweapons created by Umbrella. Somehow, I made it out. But too many others... weren't so lucky. I was ""asked"" later to join a top-secret government program. Not that I had a choice. The training, the punishing missions... nearly killed me, but at least they kept my mind off everything. If I could just forget what happened that night - the pain, even for a second? This time, it can be different. It has to.",552,1,0,0,0,0,2026-04-03,2026-04-03,616,56,337,5
Add steam achievements!! atleast do something to make it different from the GOG version other than DRM. still a fun time either way but I want extra replayability,162,1,1,0,1,0,2026-04-03,2026-04-03,435,26,4134,254
9/10,4,1,1,0,0,0,2026-04-03,2026-04-03,552,58,406,406
Excellent game as always! Highly recommend playing the original games along with the remakes.,93,1,0,0,0,0,2026-04-03,2026-04-03,238,32,405,405
get DRM out otherwise amazing game,34,0,1,0,10,2,2026-04-03,2026-04-03,0,2,154,83
"Resident Evil 2, developed and published by CAPCOM Co., Ltd. and later made available on PC platforms like GOG.com, represents a defining moment in the evolution of survival horror—one where the genre’s core ideas were not only refined but expanded into something far more ambitious and cohesive. Set against the catastrophic downfall of Raccoon City, the game drops players into a world already consumed by infection, where the horror is not creeping in from the edges but has fully taken hold. This shift in context gives the experience an immediate sense of urgency, as every location feels like part of a larger, collapsing ecosystem rather than a contained incident.

A major strength of the game lies in its dual-protagonist structure, following Leon S. Kennedy and Claire Redfield through overlapping but distinct scenarios. This design does more than simply offer replay value—it builds a layered narrative that rewards curiosity and attention. Each character experiences different events, encounters unique allies, and approaches the same locations from varying perspectives, creating a sense of continuity that was rare at the time. The way these scenarios interlock gives the story a dynamic quality, making the player feel like they are witnessing multiple facets of a single disaster rather than replaying the same sequence with minor changes.

The gameplay itself refines the survival horror formula into a more polished and engaging loop. Resource management remains at the heart of the experience, with limited ammunition and healing items forcing players to think carefully about every encounter. Combat is deliberate rather than empowering; even basic enemies can be dangerous if approached recklessly. This tension is balanced by thoughtful level design, particularly within the Raccoon City Police Department, which serves as a sprawling hub filled with puzzles, shortcuts, and hidden connections. Navigating this space becomes a central part of the experience, as players gradually unlock new areas and piece together efficient routes through previously hostile territory.

Visually, the game pushed the capabilities of its time, using detailed pre-rendered backgrounds to create environments that feel both grounded and oppressive. The urban decay of Raccoon City is conveyed through subtle environmental storytelling—overturned vehicles, blood-stained corridors, and makeshift barricades all hint at the desperate attempts to contain the outbreak. Character models, while simple by modern standards, were expressive enough to convey personality and emotion, particularly in key story moments. Paired with a carefully crafted soundscape that blends ambient noise with sudden, jarring cues, the game maintains a constant sense of unease without relying excessively on cheap scares.

What truly elevates the experience is its pacing. The game alternates between moments of quiet exploration and bursts of intense danger with remarkable precision. Just as players begin to feel comfortable, the game introduces new threats or unexpected encounters that disrupt their sense of control. This ebb and flow keeps tension consistently high, ensuring that the player never fully relaxes. Decisions—whether to conserve ammunition, which paths to take, or how to manage inventory—carry lasting consequences, reinforcing the survival aspect at every turn.

The narrative, while rooted in familiar horror tropes, benefits from a stronger sense of character and emotional grounding than many of its contemporaries. Leon’s journey from inexperienced rookie to capable survivor and Claire’s determination to find her brother provide personal stakes that anchor the broader disaster. Supporting characters add further depth, contributing to a story that feels more cohesive and engaging than the series’ earlier efforts. Although some elements, such as voice acting and dialogue delivery, reflect the limitations of the era, the overall narrative remains effective due to its clarity and momentum.

Even when viewed through a modern lens, Resident Evil 2 (1998) retains a remarkable level of impact. Its mechanics may feel deliberate and occasionally rigid compared to contemporary standards, but these qualities are integral to its identity. The fixed camera angles, deliberate controls, and emphasis on planning over reflexes all contribute to a carefully constructed experience that prioritizes tension and atmosphere above all else. Rather than feeling outdated, these elements serve as a reminder of a design philosophy that values restraint and intentionality.

In the end, Resident Evil 2 stands as a cornerstone of survival horror, not simply because it improved upon its predecessor, but because it demonstrated how far the genre could evolve without losing its core identity. Its combination of layered storytelling, thoughtful design, and relentless tension creates an experience that remains compelling decades after its release. It is a game that understands exactly what it wants to be and executes that vision with confidence and precision, securing its place as one of the most important titles in gaming history.

Rating: 8/10",5148,1,1,0,0,0,2026-04-03,2026-04-03,30728,18180,557,444
always on drm,13,1,1,0,0,0,2026-04-03,2026-04-03,280,70,22,9
I am glad GOG managed to get it on Steam! I will award them the highest honor i can bestow. (buying the game on GOG). 10/10 Classic,131,1,1,0,82,6,2026-04-03,2026-04-03,1554,52,333,315
"Finally got to play Resident Evil 2 (1998) on PC, and I’m honestly glad I did.

Coming from the Resident Evil 2( 2019), this feels like a completely different experience — slower, more tense, and way more deliberate. The fixed camera angles and tank controls might feel outdated at first, but they actually add a unique kind of fear and atmosphere that the remake doesn’t try to replicate.

I really liked how the game doesn’t hold your hand. Exploration feels meaningful, resources are limited, and every decision matters. It’s less about action and more about survival and planning.

If you’ve only played the remake, this is absolutely worth trying. It’s not just an “old version” — it’s its own style of horror.

Classic for a reason.",738,1,1,0,1,0,2026-04-03,2026-04-03,0,19,301,88
"- it has enigma 
- no steam overlay
- no steam deck compatibility
- no steam cloud
- my steam controller doesn’t work (it does with the gog version)",148,0,1,0,134,20,2026-04-03,2026-04-03,547,69,1037,239
"Truck Driver: That guy's a maniac! Why'd he bite me!?

https://www.youtube.com/watch?v=PcDjo_uKeF4",98,1,1,0,0,0,2026-04-03,2026-04-03,775,80,54,16
"Thanks Gog. It took nearly 30 years to get this here. Now we no longer have to dump ROM files and emulate to play this game.

Though I do find it weird that the listed requirements for the game says 6 GBs of VRAM on your GPU is needed. It seems very over the top for the specs listed, even though I'm certain an early 2000s PC could run this game without any issues.",366,1,1,0,4,0,2026-04-03,2026-04-03,1416,242,120,120
"Resident Evil 2 is still one of my favorites of all time.

[To play this game as well on Linux proton/Steamdeck you need to add the Registry just like Dino crisis]

if you are getting the ""Registry"" error from the launcher don't worry there's a fix for this, Before going into the details, open your game folder ""SteamLibrary/steamapps/common/4249110_Biohazard2"" from there pick any language for example ""re2_english.reg"", open the file with Kate or any text editor, on the Save Path add ""Save Path""="".\\Saves"" it should fix the saving crashes, when you play the game and save with the typewriter you need to save inside the folder ""Saves"" and the text should appear as green because if you try to Create new save from the top it shows as blue text which means it is corrupted (that was from my experience or maybe the color doesn't make any difference, i can't really tell).

Now to bypass the Registry just like Dino crisis, install ""Protontricks"", open Protontricks from your terminal, select ""Resident Evil 2 (1998): 4249110"" it should be named like this, after that select ""Default Prefix"", Run Regedit, from there you can see on the top left named ""Registry"" select ""import registry file"", get your Resident evil 2 folder where you installed, there should be a file named ""re2_english.reg"", Import that and it should be good, close the protontricks and go to the steam command launch, add ""WINEDLLOVERRIDES=""ddraw.dll=n,b"" %command%"" and play the game.

compared to the first RE game, RE2 FMVs are working perfect in fullscreen, i didn't have any issues with this port asides from the saving crash but we got it, it could be related to the old PC port bug.",1662,1,1,0,15,1,2026-04-03,2026-04-03,901,275,358,58
"The remake is really good, but I think the original is still better. Just watch the opening cutscene.",101,1,1,0,0,0,2026-04-03,2026-04-03,0,12,372,14
the original. its good,22,1,1,0,0,0,2026-04-03,2026-04-03,0,6,808,321
Huge W to Capcom for releasing this on Steam.,45,1,1,0,0,0,2026-04-03,2026-04-03,341,58,15,13
peep the survival horror,24,1,1,0,0,1,2026-04-03,2026-04-03,347,24,705,365
A must play!,12,1,0,0,0,0,2026-04-03,2026-04-03,171,4,557,296
holy peaknessssss,17,1,1,0,0,0,2026-04-03,2026-04-03,0,5,40,39
goated game cant believe its finally on steam!,46,1,1,0,0,0,2026-04-03,2026-04-03,1118,58,2415,105
"THE BEST RESIDENT EVIL BY FAR

pls capcom bring code veronica to pc",69,1,1,0,0,0,2026-04-03,2026-04-03,147,10,531,195
Ada WAIT!,9,1,1,0,11,0,2026-04-03,2026-04-03,4282,96,13,9
Peak,4,1,1,0,0,0,2026-04-03,2026-04-03,258,43,481,452
It looks like we’re not going to find your brother after all…,61,1,1,0,3,1,2026-04-03,2026-04-03,552,52,135,42
"One of the greatest games of all time. It marked the debut of two of the most beloved protagonists in the history of video games. 
RE2 took everything that made the first game great and improved upon every single aspect. Incredible soundtrack, atmosphere, and level design.
To this day, along with the remake of the first game, these are the best entries in the franchise, followed very closely by RE3 Nemesis.
If you’ve only played the Remake of this game, you should give it a try since a lot of content that was in the original was cut, especially in the B scenario.",569,1,1,0,0,0,2026-04-03,2026-04-03,0,15,677,78
"September 30th, 1998. It's a day I'll never forget. The cop inside me died that day. And that night, Raccoon City was wiped out, thanks to the bioweapons created by Umbrella. Somehow, I made it out. But too many others...weren't so lucky. I was ""asked"" later to join a top-secret government program. Not that I had a choice. The training, the punishing missions...nearly killed me, but at least they kept my mind off everything. If I could just forget what happened that night - the pain, even for a second? This time, it can be different. It has to.",550,1,1,0,0,0,2026-04-03,2026-04-03,172,38,671,56
"That guy's a maniac, WHYDHEBITEME?!",35,1,1,0,2,2,2026-04-03,2026-04-03,518,32,309,107
Nothing can beat that classic vibe. Takes me back to a time I barely remember.,78,1,1,0,0,0,2026-04-03,2026-04-03,639,90,476,248
Remove the Enigma DRM. The game is from 1998 People who want to pirate it have already done so.,95,0,1,0,58,1,2026-04-03,2026-04-03,0,16,7,7
"I was really excited to play this game on Steam finally but it doesn't work on Steam Deck.
Than the next issue ALL THE BONUS UNLOCKABLES ARE AUTOMATICALLY UNLOCKED

This is the biggest drawback that it isn't just simply a toggle to enable all the unlocks instead of being unlocked at the start.
A lot of the value of the game is to unlock everything by multiple playthroughs and attempts which this gets rid of the huge value of replaying the games multiple times till you get every extra unlock.",496,0,1,0,11,0,2026-04-03,2026-04-03,615,85,168,12
Already beaten it on GOG but ABSOLUTE CINEMA!!!!!,49,1,1,0,0,0,2026-04-03,2026-04-03,81,49,19,19
"I cannot even launch the game.  When I try to do so, I get a prompt that says ""Chack Register"" and a prompt that asks ""Do you want to register the registry?""  Naturally, I hit ""no"" because this is suspicious as Hell, and then nothing happens. 

As someone who physically owns the PC version from 1998, I'm super bummed they couldn't put some effort into porting a 28-year-old game to Steam.",390,0,1,0,6,8,2026-04-03,2026-04-03,503,36,5,5
"Ada Wait!

The game runs great. Adding Enigma DRM when the game is DRM free on GOG is.... a choice. I own it on GOG as well, but I really wanted to play it on the Steam Deck without issues.  That's something that really needs to be addressed.",242,1,1,0,3,0,2026-04-03,2026-04-03,4776,68,503,41
I have been waiting for the day to come where I could finally buy this game for the 8th time.,93,1,1,0,0,0,2026-04-03,2026-04-03,0,11,12,11
"No offense, but...

RE2 Classic 1998 > RE2R 2019",48,1,1,0,9,3,2026-04-03,2026-04-03,855,59,602,6
"the game that makes me love gaming, thanks capcom.",50,1,1,0,0,0,2026-04-03,2026-04-03,0,5,625,521
Take me down to the Raccoon City where the Zombies Juicy and the gals are pretty!!!,83,1,1,0,0,0,2026-04-03,2026-04-03,0,47,1070,131
GABE N MY LIFE IS YOURS,23,1,1,0,0,0,2026-04-03,2026-04-03,161,19,564,187
"It has perfect controller support, looks about as good as it could for a basic 1:1 copy of the windows 98 cd-rom, cant really complain much! 9.3/10, knocked some off cus the audio seems more close to the n64 port? Which was kinda crispy from the beginning lol. Otherwise, top tier port.",286,1,0,0,0,0,2026-04-03,2026-04-03,394,80,80,55
"September 30th, 1998. It's a day I'll never forget. The cop inside me died that day. And that night, Raccoon City was wiped out, thanks to the bioweapons created by Umbrella. Somehow, I made it out. But too many others...weren't so lucky. I was ""asked"" later to join a top-secret government program. Not that I had a choice. The training, the punishing missions...nearly killed me, but at least they kept my mind off everything. If I could just forget what happened that night - the pain, even for a second? This time, it can be different. It has to.",550,1,1,0,4,2,2026-04-02,2026-04-02,0,2,487,289
"One of the best games of 1998, I instantly fell in love. A must play even if your not a fan of horror or zombies. I've beaten this game so many times and on every platform and still cant get enough. First run in over 20 years and I do a Scenario A, Grade B, 2hrs29min and seconds. God i love this game.",302,1,1,0,0,0,2026-04-02,2026-04-05,0,31,303,271
I appreciate that the OG resident evil trilogy was ported to steam all are great games but part of me wishes they were full remasters with modern controls and updated visuals with widescreen support while maintaining the classic look,233,1,1,0,7,3,2026-04-02,2026-04-02,110,41,126,122
good soup? the best soup,24,1,1,0,0,0,2026-04-02,2026-04-02,506,350,1349,481
"I've just sat down and played through Leon A (under 2 and a half hours, A rank, unlocked the Infinite Rocket Launcher. I'm an Old Head.)

This port to Steam is identical to the port offered by GoG. It lacks achievements, there are no Steam trading cards, the Steam Overlay doesn't work, and there are no cloud saves. Also, bafflingly, Capcom has opted to put their bespoke DRM in the game despite the fact that it has been available on GoG for nearly two years, DRM free, which means anyone who wants to bootleg the thing has already done it.

But I'm still giving the game a recommendation, because it's the original Resident Evil 2, and the more platforms it is available on, the better. GoG is doing the lord's work by making sure that these old PC games function correctly on modern hardware in the year of our lord 2026 -- I couldn't even get the PC version of this game to function correctly on my Gateway computer back in 1998, I was forced to buy a PSX to play it -- and that is very important to game preservation.

If you want the game without DRM, the option is there for you. I own the GoG version and have the installer backed up on an HDD, just in case. But for the purpose of convenance and keeping a solitary library, I'm happy to pay $4.99 to get one of my favorite games ever made on Steam.

If Steam is your go-to platform for gaming, GoG's port of Resident Evil 2 is well worth having here.",1410,1,1,0,5,0,2026-04-02,2026-04-02,1463,28,208,160
"So happy to have the 1998 classic on a modern setup! The Zapping System is something I really missed, of seeing how your choices in Leon's story affect Claire's run is still brilliant. The soundtrack alone makes this worth it.

[b]• P.S.[/b] [spoiler]The R.P.D. has never felt more nostalgic. Truly a masterpiece of the PS1 era 💿[/spoiler]",341,1,1,0,2,0,2026-04-02,2026-04-02,227,80,120,120
"I bought these games in support of Capcom rereleasing them but these versions are just terrible. I went back to compare 2 and 3 with the gamecube releases, which were fantastic ports and it doesn't even compare. The audio quality is bad, voices sound crunchy and muffled, so do FMV's but for whatever reason sound effects sound crisp. It's controller support is wonky triggers and Dpad aren't recognized, custom bindings in game don't save. It stutters in odd intervals, and it's locked to 30fps no matter what, which is understandable but detracts some merit considering it's a PC port and some effort should have been put to that. Also the launcher settings don't actually change anything visually, those options don't seem to do anything. Then there's Linux performance. Due to DRM the game won't go past the launcher and you have to go in and mess with files to get it working. But then also saving can crash the game so you have to fix that too. The only reason I can see someone buying this is for mods, but even then the DRM is there to punish you for enjoying a game that if anyone wanted to pirate they could have easily done years ago, and it's even on another storefront without DRM, so they essentially screwed steam by giving the worst version here. don't buy this. It's incredibly dissapointing.",1309,0,1,0,8,0,2026-04-02,2026-04-02,0,5,275,25
now only thing missing is adding code veronica,46,1,1,0,0,0,2026-04-02,2026-04-05,56,9,273,273
"Still the best of the series.

Now works with Steam Deck out of the box with Proton Expirmental",95,1,1,0,1,0,2026-04-02,2026-04-10,0,89,305,299
THANK YOU CAPCOM MY WISH HAS COME TRUE!!! classic Resident evil are my childhood games and i love to playing them so much. If you are new fan to Re series i totally recommend these classic games,194,1,1,0,0,0,2026-04-02,2026-04-02,499,103,177,11
Way better than the SLOPPA demake. Come home white man.,55,1,1,0,2,2,2026-04-02,2026-04-02,418,46,526,11
It has HARD MODE :D,19,1,1,0,0,0,2026-04-02,2026-04-02,0,2,1072,178
One of the greatest games ever made. Now in my steam collection.,64,1,1,0,0,0,2026-04-02,2026-04-02,321,92,441,296
"get rid of the DRM, its not needed. It tanks performance, makes the game larger and messes with support for certain controllers. do better capcom. GOG has a DRM free version that frequently goes on sale for the same sale price as here. It's less than a Gigabyte and you own it forever.",285,0,1,0,5,0,2026-04-02,2026-04-02,75,6,39,24
"Runs beautiful, thanks for bringing this on steam.",50,1,1,0,0,0,2026-04-02,2026-04-02,0,15,599,117
Leon Submissive Kennedy Debut; I enjoy,38,1,1,0,0,0,2026-04-02,2026-04-02,0,12,601,39
"It's RE2 which is one of the best games ever made. Port is fine. However, it has no achievments, AND unlike the GOG version, these have DRM for some dumb reason. Buy these original games on GOG instead of Steam. Capcom needs to understand how much they are hurting their loyal fans.",282,0,1,0,9,1,2026-04-02,2026-04-02,2223,46,103,102
"it's awesome, a classic and absolutely worth your time",54,1,1,0,0,0,2026-04-02,2026-04-02,0,91,989,185
"RE 1-3 meh...RE 4 and beyond awesome!!
---
Explanation: RE4 revived the series with its dynamic controls and a natural camera etc pre-RE4 RE was a chore, with static angles clunky controls... seems Capcom agreed and remade 1-3 to revise them to the 4 golden standard…and they are the best REs.",293,0,1,0,0,2,2026-04-02,2026-04-02,2857,3034,6,6
"""Oh! Sorry about that babe! I thought that you we're one of them!""",66,1,1,0,2,2,2026-04-02,2026-04-02,140,24,645,255
Alright now we need Code: Veronica,34,1,1,0,9,1,2026-04-02,2026-04-02,469,48,23,23
"Hey, it's up to us to take out Umbrella.",40,1,1,0,3,0,2026-04-02,2026-04-02,132,40,697,10
the best,8,1,1,0,0,0,2026-04-02,2026-04-02,276,38,491,12
Incorporates 3rd-party DRM: The Enigma Protector,48,0,1,0,19,4,2026-04-02,2026-04-02,114,3,5,5
"Adding Enigma DRM makes this an interesting take on the zapping system. As in, it zapped any drive I had to buy this.

Refunded. Capcom, if you're going to insist on shooting yourself in the foot, then I suggest you stop being cowards and aim elsewhere.",253,0,1,0,26,7,2026-04-02,2026-04-02,3693,166,5,5
Best RE game,12,1,1,0,5,0,2026-04-02,2026-04-02,1574,26,660,88
"Dumbass game doesn’t have Steam Deck support.
10/10 I’d recommend it.",69,1,1,0,0,1,2026-04-02,2026-04-02,200,7,257,56
"played all the new games and thought id give this a whirl, tho im not a fan of tank controls and fixed camera, game is still pretty fun. really cool to see how far the series has come",183,1,1,0,0,0,2026-04-02,2026-04-02,0,17,1411,82
"September 30th, 1998. It's a day I'll never forget. The cop inside me died that day. And that night, Raccoon City was wiped out, thanks to the bioweapons created by Umbrella. Somehow, I made it out. But too many others...weren't so lucky. I was ""asked"" later to join a top-secret government program. Not that I had a choice. The training, the punishing missions...nearly killed me, but at least they kept my mind off everything. If I could just forget what happened that night - the pain, even for a second? This time, it can be different. It has to.

⢿⡹⣏⣿⡽⠟⠛⠉⠉⠉⠉⠉⢉⣩⣽⣿⣿⣿⣿⣿⣿⣿⣭⣭⣍⣉⡉⠉⠙⠛⠻⣽⣮⡙⢮
⢯⣳⡿⠋⠀⠀⠀⠀⠀⠀⣠⣶⣿⣿⣿⣿⣿⣿⣿⣿⣿⣿⣿⣿⣿⣿⣿⣶⣄⠀⠀⠀⠹⣟⢦
⣻⡼⠁⠀⠀⠀⠀⠀⢠⣾⣿⣿⣿⣿⣿⣿⣿⣿⣿⣿⣿⣿⣿⣿⣿⣿⣿⣿⣿⣧⡀⠀⠀⠸⣧
⣏⡇⠀⠀⠀⠀⠀⢠⣾⣿⣿⣿⣿⣿⣿⣿⣿⣿⣿⣿⣿⡿⠛⢿⣿⣿⣿⣿⣿⣿⣧⠀⠀⠀⣿
⡞⡇⠀⠀⠀⠀⢠⣿⣿⣿⣿⣿⣿⣿⣿⣿⣿⠿⠟⠋⢡⣦⣄⡀⠹⣿⣿⣿⣿⣿⣿⣆⠀⠀⡽
⣝⡇⠀⠀⠀⠀⣾⣿⣿⣿⣿⣿⣿⣿⣛⠉⠀⠀⠀⠀⠀⢉⣉⣛⡓⠙⣿⣿⣿⣿⣿⣿⠀⠀⣞
⣎⡇⠀⠀⠀⠀⣿⣿⣿⣿⣿⡿⢛⣭⡿⣿⡄⠀⠀⠀⣼⣿⣿⢿⡻⣷⣽⣿⣿⣿⣿⣿⠀⠀⣞
⢮⡇⠀⠀⠀⠐⣿⣿⣿⣿⣿⠁⣿⣿⣄⣸⡏⠀⠀⠀⣽⣿⣧⣠⣷⢸⣿⣿⣿⣯⢻⣿⠀⠀⣞
⢧⡇⠀⠀⠀⠀⢿⣿⣿⣿⠙⠦⢻⣿⣿⡿⠃⠀⠀⠀⠹⣿⣿⣿⠏⠞⣽⣿⡿⠀⣸⡏⠀⠀⣞
⡞⡇⠀⠀⠀⠀⠸⣿⣿⣿⡀⠀⠈⠉⠋⠁⣀⠐⠀⣠⠄⠉⠛⠉⠀⢀⣿⣿⣁⣴⡿⠁⠀⠀⡽
⡽⡇⠀⠀⠀⠀⣠⣼⡿⣿⣷⣶⣄⠀⢀⣀⣬⣿⣯⣉⠀⠀⠀⠀⣠⣾⣿⣿⣿⠟⠁⠀⠀⠀⣽
⣳⡇⠀⠀⠀⣰⣿⣏⣀⣠⣯⣟⣿⣿⣿⡋⢉⣹⢯⣿⣿⣦⣶⣟⠻⠛⠋⠉⠁⠀⠀⠀⠀⠀⢾
⣳⡇⠀⠀⠀⣿⡷⢯⡿⣽⣳⢟⡾⣽⣳⣟⣯⣟⣻⣼⣻⣿⡆⠉⢷⡀⠀⠀⠀⠀⠀⠀⠀⠀⢿
⢷⡇⠀⠀⠀⢹⣿⣯⣟⣳⢯⡿⣽⣳⠿⣼⣳⢯⣷⣯⣷⣿⠀⠀⣸⠁⠀⠀⠀⠀⠀⠀⠀⠀⢿
⣯⣷⠀⠀⠀⠸⣿⢿⣾⣽⢯⡷⣯⣛⣿⣳⢯⡟⢯⡛⠍⡗⠦⢀⡿⠀⠀⠀⠀⠀⠀⠀⠀⠀⡿
⣽⢻⣄⠀⠀⠀⠻⣞⣽⣿⣞⣧⣟⡿⣭⡿⣾⣗⡬⣁⡠⠁⠀⣸⠇⠀⠀⠀⠀⠀⠀⠀⠀⢰⢧
⣽⢫⡿⣦⡀⠀⠀⠈⠙⠛⠿⣷⣯⣿⣽⣿⣿⣿⣿⣿⣿⣶⣿⣯⠀⠀⠀⠀⠀⠀⠀⢀⡴⣛⢮
⢾⣹⢧⣀⠙⢲⠦⣤⣤⣤⣤⣬⣯⣽⣿⠿⣯⣟⣾⣳⢯⣟⡿⣿⣧⣤⣤⣤⣤⡴⣞⢯⢳⡝⢮",1199,1,1,0,5,0,2026-04-02,2026-04-02,552,56,19,19
"‎Finally, the OG Trilogy is available right here on Steam!
‎
‎Thank you so much to a friend of mine (who insists on remaining anonymous) who gave me this game as a gift. 
‎Stay awesome, pal!
‎(^_^)
‎
‎I still vividly remember the Biohazard 2 on PlayStation 1 consists of two discs. Disc 1 contains Leon Kennedy’s campaign (Leon A/B), and Disc 2 contains Claire Redfield’s campaign (Claire A/B).
‎Now? Everything is digitized and stored in the cloud. Which might sound weird if you went back in time and told gamers in the 90s about that revelation.
‎Most 90s gamers would definitely be shocked—they'd probably ask you how many floppy disks ""the cloud"" could hold!
‎X3
‎
‎And because at the time a game can have two or even more discs, imagine the effort to make or buy shelves just to store our glorious collections neatly.
‎The two-disc system utilizes a ""zapping"" feature where actions in one character's story impact the other's playthrough.
‎We typically start with one character (e.g., Leon Disc 1) and, upon beating it, receive a save file that allows us to play the alternate character's scenario (e.g., Claire Disc 2) to see the full story.
‎
‎The game was originally meant to fit on one disc, but it was switched to two discs late in development.
‎While the PS1 version required swapping discs, the later Nintendo 64 port managed to fit the entire game onto one cartridge.
‎
‎So glad to know that now old and younger generations can play---or at least try this OG by themselves.
‎Truly solid proof that the originals will always be in demand.
‎And has stood the test of time itself.
‎:3
‎
‎Rest in peace, Paul Haddad (the original VA of Leon S. Kennedy), you must be so proud in the afterlife, knowing the legacy will continue across generations.
‎(T_T)
‎
‎So, hey!
‎It's up to us to take out Umbrella!
‎(づ ᴗ _ᴗ)づ♡
‎",1825,1,1,1,2,0,2026-04-02,2026-04-02,0,316,28,28
my childhood game i always love this game,41,1,1,0,0,0,2026-04-02,2026-04-02,262,22,15,14
"Why add DRM when the game is 30 years old and is still being sold on GOG DRM free?

Game only works by tinkering with reg files and applying a DLL Override launch command as otherwise it throws up a reg file error every time you try to launch from the config page. 

Saving also requires you to make a new folder in the games compat data folder and edit the save path reg file to it otherwise the game will crash every time you attempt to save because the reg file system is ancient and thinks it is meant to be saving to an F drive folder by default instead of the C drive. 

Also, where the hell are the subtitles Capcom? Because they don't exist but are listed in the description as being “improved”. Last time I checked this game never had subtitles.",754,0,1,0,35,1,2026-04-02,2026-04-05,951,180,347,310
"This game brings back memories, my first ever resident evil game I ever played

Nothing beats a good old classic

Like they say old is Gold",139,1,1,0,1,0,2026-04-02,2026-04-02,0,19,268,91
Remove DRM from this classic ( my review will change when it's removed from both dino crisis 1 & 2 and all 3 of the og re games),128,0,1,0,12,1,2026-04-02,2026-04-05,0,27,8,8
Please remove the DRM.,22,0,1,0,15,0,2026-04-02,2026-04-02,224,18,7,6
Exceptionally good game,23,1,1,0,0,0,2026-04-02,2026-04-02,311,197,631,300
"It's the original G.O.A.T.
4 campaigns, each with distinct differences between them. Good food for a good price.
Just be sure to play Arrange mode if you want the auto-aim functionality. Original mode is probably based on the earliest Japanese versions, which probably didn't have auto-aim.",292,1,1,0,2,0,2026-04-02,2026-04-02,0,122,1395,82
Takes me back to when I got this on the original play station when I was 9,74,1,1,0,0,0,2026-04-02,2026-04-02,0,2,126,105
"i thought i was being lied to on april fools but, april fools?",62,1,1,0,0,0,2026-04-02,2026-04-02,238,30,278,97
"This is a really good game, and I highly recommend it to newer fans of the series like myself who started with the remakes, especially because the A/B scenario is much more substantial here 

However capcom have been really stupid here by adding DRM on top of that there's no inherent steam functionality, screenshots and overlay do not work, there is functionally no reason to buy this over the GOG port",406,0,1,0,23,2,2026-04-02,2026-04-02,225,37,14,14
"!! There are two fixes for Linux listed in this review !!

RE2 is awesome. This plays exactly like the Dino Crisis port but with worse controller support. Please fix that. Otherwise the game feels and looks good.

Shoutout to Chedd for providing this fix for Dino Crisis 1 & 2 to make the game at least playable on Linux. This will work for RE as well. I am running Bazzite currently. 

****** LINUX / STEAMDECK FIX ******

You need PROTONTRICKS installed, you also need to set Resident Evil 2 compatibility mode to Proton 8 in the Steam properties.

So, try to run the game, the game will throw an error when a pop up comes up asking you to essentially register a .REG file.

Open Protontricks and then select the default prefix, open REGEDIT.

Back on Steam, right click Dino Crisis and get yourself to the installation folder.
Should look like: /home/chedd/.local/share/Steam/steamapps/common/xxx_Biohazard2

Now once here, right click the re2_(yourlanguage).reg file and copy it to your home folder, example: /home/chedd/


Now go back to the Protontricks REGEDIT.
Click on REGISTRY in the top left. ""Import Registry File"".
In the ""Look in"" box, select drive ""/""

Open the home folder, ""USERNAME"" folder. Select the re2_(yourlanguage).reg file and press open.

Close it all down.

Go back to Steam and go into Resident Evil 2 properties and enter WINEDLLOVERRIDES=""ddraw=n,b"" %command% in the startup properties.

All should work.

****** SAVING ON LINUX/STEAMDECK FIX BELOW ******

Fix for saving in Linux below:

Edit the re2_{language}.reg reg key and replace the Windows path with the following path "".\\Saves""

Restart your game and you can now save. You can test this quickly by going to Special > Extra Battle > Stage 1 > Any Character > Run towards the top of your screen and there is a typewriter you can try to save on. If the game doesn't crash then you did it correctly :)

****** END OF TROUBLESHOOTING GUIDE ******",1932,1,1,0,1,0,2026-04-02,2026-04-02,0,8,156,63
"Not recommending the game for the following reasons.

A) There is no controller support on the stupid mandatory 'launch' game screen. Also has stupid mouse only actions where you need to allow a register edit permission.
B) Once you start the game you have to exit the game via Alt + F4 as there is not 'game menu' or at least to what I can tell, which allows you to close the game down. (Controller)
C) Since 'Issue A' is a thing, it doesn't work on SteamDeck.
D) Would love to have achievements in the game, it would have given it more playthrough value.

Other than that... It's £3.99 for Resident Evil 2. Does what it says on the tin. Not noticed any crashes yet so can't comment on performance, but it's just one of those lift and shift money grab titles... I just wish it worked on SteamDeck which is the main reason I wanted it.",835,0,1,0,5,5,2026-04-02,2026-04-02,271,4,63,11
"Amazing to have the originals on Steam, now bring Code Veronica to steam",72,1,1,0,3,0,2026-04-02,2026-04-02,654,16,336,24
DRM,3,0,1,0,4,1,2026-04-02,2026-04-02,811,28,6,6
"Game does not like Linux and Steam Deck, get the GOG one, i got the RE3 in GoG and it works there.

If you're on windows,  Feel free to get to it.",146,1,1,0,2,0,2026-04-02,2026-04-02,268,10,578,6
STEAM PORT FINALLY,18,1,1,0,0,1,2026-04-02,2026-04-02,0,7,75,45
"It's just peak, and Claire's and Hunk's classic outfits are so damn good.

- DRM on games as old as these is crazy.
- No steam overlay/screenshots without having to fix it yourself.",181,1,1,0,0,0,2026-04-02,2026-04-20,0,45,407,407
"""Ooooh, Sorry about that babe?""
""What's going on in this town?!""",65,1,1,0,1,1,2026-04-02,2026-04-02,361,5,330,89
Remove DRM and add achievements + cloud saving. Otherwise it's a classic game,77,0,1,0,7,0,2026-04-02,2026-04-02,368,25,15,15
"[h2]If suspense doesn't kill you... something else will.[/h2]
The title above is from the back of the CD jewel case of the game. I still remember it 28 years later.

Back in 1998, this was a mind-blowing game, the tension, the atmosphere, the horror, the graphics (on a huge CRT TV, it looked much better than on modern monitors). Thumbs up for the feels alone.

Can't say the same about the port itself, it's bare-bones, basically a minimum viable product, but it works at least, that's what matters the most. Doesn't seem to work with a controller, so I played a bit with the keyboard (no mouse either) and it was surprisingly good, managed to run through the first couple of screens with no damage or shots fired, still remember exactly where each zombie was. Not sure how people who never played this will do, 'cause it starts off pretty brutal, no tutorials, no hand-holding. New players would probably be better off starting with RE1 (1996).

Glad I can have it in my collection, maybe it's new trend of bringing back the classic titles, wish more work had been put into them to properly respect the originals.",1116,1,1,0,1,0,2026-04-02,2026-04-06,499,62,21,21
"doesnt work on steam deck/linux without some annoying tinkering, it would be wonderful if a proton update took care of that (same with RE 1, RE 3 and Dino Crisis too) its cool to have these on steam but a bit sad they wont run on steam deck or the upcoming steam machine, also WTF is up with DRM on 30 yo games, especially when DRM free copies are on GOG? im reccomending this because the OG RE trilogy is must play imo but its just sad the BS attached to the steam release.",474,1,1,0,2,0,2026-04-02,2026-04-02,263,9,377,9
"September 30th, 1998. It's a day I'll never forget. The cop inside me died that day. And that night, Raccoon City was wiped out, thanks to the bioweapons created by Umbrella. Somehow, I made it out. But too many others...weren't so lucky. I was ""asked"" later to join a top-secret government program. Not that I had a choice. The training, the punishing missions...nearly killed me, but at least they kept my mind off everything. If I could just forget what happened that night - the pain, even for a second? This time, it can be different. It has to.",550,1,1,0,2,0,2026-04-02,2026-04-02,225,25,5,5
"The Original Classic Resident Evil 2, I'm Happy To Relive The 1998 Experience Once Again.",89,1,1,0,2,0,2026-04-02,2026-04-02,38,3,24,15
You're as beautiful as the day i lost you,41,1,1,0,2,0,2026-04-02,2026-04-02,412,148,652,38
"Timeless masterpiece of horror, it's nice to finally have the whole OG trilogy on Steam.

X seal of approval, here's hoping for a Steam Deck compabillity.",154,1,1,0,1,0,2026-04-02,2026-04-02,0,14,247,25
"September 30th, 1998. It's a day I'll never forget. The cop inside me died that day. And that night, Raccoon City was wiped out, thanks to the bioweapons created by Umbrella. Somehow, I made it out. But too many others...weren't so lucky. I was ""asked"" later to join a top-secret government program. Not that I had a choice. The training, the punishing missions...nearly killed me, but at least they kept my mind off everything. If I could just forget what happened that night - the pain, even for a second? This time, it can be different. It has to.


GOAT of the horror genre, thank you steam for bringing greatness to our screens once again",643,1,1,0,1,0,2026-04-02,2026-04-02,297,6,20,20
not bad,7,1,1,0,0,0,2026-04-02,2026-04-02,221,26,1422,220
One of the greatest PS1 games ever made. This game started a life long addiction to this game franchise.,104,1,1,0,0,0,2026-04-02,2026-04-02,183,7,517,53
Clears remake. Top 3 ps1 game.,30,1,1,0,0,0,2026-04-02,2026-04-02,282,101,283,28
CLAIRELCAIRELCIARE,18,1,1,0,0,0,2026-04-02,2026-04-02,47,7,195,99
"""Alright... let me go back to the beginning.
My fight against bio warfare all started in a zombie infested ghost town.
It was September 1998; my first and only day as a police officer.""",185,1,1,0,2,0,2026-04-02,2026-04-02,238,6,20,19
Game does not work on Steam Deck or Linux. Super disappointing. I was hopping to get to play the game I bought without having to do a bunch of file editing.,156,0,1,0,5,3,2026-04-02,2026-04-02,140,31,30,5
"Thank you, Capcom!",18,1,1,0,0,0,2026-04-02,2026-04-02,913,100,618,5
As beautiful as the day i lost you,34,1,1,0,0,0,2026-04-02,2026-04-02,325,42,182,26
"It was 1998. I was a student in a trash school getting ready for computer class. The teacher didn’t teach us anything instead, he played Resident Evil 2 and took control of all the students’ monitors so we had to watch this stupid dumbass get bitten by zombies over and over again for 35 minutes for more than 2 weeks, because dumbass didn’t know how to shoot and kept dying maybe he couldn’t read, he even asked us kids if anyone knows. If you can’t be a good teacher at least be a good player. Later some kids told their parents and the head of the grade found out, so he stopped playing in class but getting paid by the school to play 18+ games in front of children? He should have been fired.

I was still mad at that stupid ♥♥♥♥♥♥♥ idiot but the fact is, that’s how I got to know Resident Evil games. Later I bought the game and played it myself, I remember turning off the sound just to keep going but ♥♥♥♥ it, I beat the game and loved it. I also played on a PSP emulator in college and had fun, never thought I'd play again but I did since it's on Steam today. I still remember most of the puzzles and routes, but one thing that feels special is when I press X and Space Bar together to fire a bullet, it always brings back that computer class from 1998. 

Btw when I went to tell him how to shoot I found he was playing Bubble Bobble instead. That one was more suitable for him.

[u] [url=https://store.steampowered.com/curator/43342176-Why-Not-Games/#browse] My curator page[/url][/u]
https://steamcommunity.com/sharedfiles/filedetails/?id=3697746517",1560,1,1,0,2,2,2026-04-02,2026-04-02,3795,1038,57,57
It made me think of my childhood.,33,1,1,0,1,0,2026-04-02,2026-04-02,129,8,621,10
"I have been waiting for this day, I wanted og re2 on steam for so long. 

10/10 game, I love resident evil 🙏",108,1,0,0,0,0,2026-04-02,2026-04-02,0,2,393,46
Absolute garbage controller support just like DC1 and 2. Refunded. ♥♥♥♥ you Capcom.,83,0,1,0,2,9,2026-04-02,2026-04-02,319,18,5,5
"If you grew up with classic survival horror, Resident Evil 2 isn’t just a game it’s a core memory.

Coming back to RE2 (1998) feels like stepping into a time capsule where atmosphere mattered more than action, and every bullet counted. The fixed camera angles, pre-rendered backgrounds, and tank controls might seem dated to newcomers, but for OG players, that’s exactly where the magic lives. The tension, the uncertainty, the iconic sound design it all still hits.

Playing as Leon S. Kennedy in his rookie days is something special. There’s a charm to his character here less polished, more human that makes his journey through Raccoon City unforgettable. Watching him grow from a naive cop into someone who can survive the nightmare around him is part of why this game sticks with fans.

The police station remains one of the best-designed locations in gaming history equal parts puzzle box and death trap. Every hallway tells a story, every door feels like a risk. And let’s not forget the soundtrack subtle, eerie, and perfectly timed.

For longtime Resident Evil fans, RE2 (1998) is comfort horror at its finest. It’s not just nostalgia it genuinely holds up as a masterclass in pacing, atmosphere, and survival design.

This is where legends were made and where Leon became Leon.

Rating 10/10⭐

September 30th, 1998. It's a day I'll never forget. The cop inside me died that day. 
And that night, Raccoon City was wiped out, thanks to the bioweapons created by Umbrella. Somehow, I made it out. But too many others...weren't so lucky. 
I was ""asked"" later to join a top-secret government program. 
Not that I had a choice. 
The training, the punishing missions...nearly killed me, but at least they kept my mind off everything. 
If I could just forget what happened that night - the pain, even for a second? 
This time, it can be different. It has to. 
~Leon S. Kennedy",1878,1,1,0,2,0,2026-04-02,2026-04-02,363,58,58,28
"An awesome classic. Played this back when it was released on the original Playstation. It was a significant improvement over the original in almost all areas. It also had 4 different playthroughs to play, depending on the character you picked. After you complete a playthrough with a character, you can then play the game with the other character and witness the story from a different point of view. Since both characters have differences in both of their playthoughs (A and B), you could get 4 different variations of the story. Great stuff. This game, despite being much better than the first, in my personal opinion lacked a little of the atmosphere of the original. But it was still the pinnacle of the PS1 era. It has been remade since then and for younger players who can't stomach the tank controls and obsolete graphics it may be a better buy. But if you want to experience or re-experience the classics, you can't go wrong with this game. Especially at the 5 euros i paid for it. Recommended!",1002,1,1,0,1,1,2026-04-02,2026-04-02,882,104,9,9
"One of the greatest games ever but remove that ♥♥♥♥♥♥♥ DRM man. 
Are you stupid Capcom?",87,0,1,0,23,2,2026-04-02,2026-04-02,0,25,25,25
"September 30th, 1998. It's a day I'll never forget. The cop inside me died that day. And that night, Raccoon City was wiped out, thanks to the bioweapons created by Umbrella. Somehow, I made it out. But too many others...weren't so lucky. I was ""asked"" later to join a top-secret government program. Not that I had a choice. The training, the punishing missions...nearly killed me, but at least they kept my mind off everything. If I could just forget what happened that night - the pain, even for a second? This time, it can be different. It has to.",550,1,1,0,3,0,2026-04-02,2026-04-02,0,17,31,9
"When I think of the term survival horror, I first think of RE2. It was a groundbreaking masterpiece when I played it back in 1999 and it's aged like wine. Just doesn't get old. Very nice to have this on steam after all this time.




something something clever quote from re requiem",282,1,1,0,1,0,2026-04-02,2026-04-02,1011,62,273,121
peak,4,1,1,0,0,0,2026-04-02,2026-04-02,379,53,50,6
That rookie cop seems like a nice guy… hopefully one day he skips work for bingo and ends up saving the president’s daughter.,125,1,1,0,5,0,2026-04-02,2026-04-02,438,12,5,5
it's so cool to see capcom still cares about the very old fans out there releasing classics like these!,103,1,1,0,2,0,2026-04-02,2026-04-02,282,88,34,34
"runs better than classic gog version, capcom partnered WITH gog to improve it on steam's release....
Not only that, on sale for $5 and complete compatibility with old gog mods AND has full support for modern controllers.

my only question is... Is there fourth survivor? I'll have to find out!
(to be clear I'm well aware you have to unlock it, but I'm curious if they kept it)",377,1,1,0,3,0,2026-04-02,2026-04-02,583,174,597,193
I checked this dudes desk 50 times (don't ask why) and found a picture of a young boy. This S.T.A.R.S Captain seems a bit odd.,126,1,1,0,4,0,2026-04-02,2026-04-02,0,16,23,20
Legendary Supra,15,1,1,0,0,0,2026-04-02,2026-04-02,0,135,116,26
I never thought I would ever play og re on steam. Absolute cinema,65,1,1,0,1,0,2026-04-02,2026-04-02,73,3,312,16
"September 30th, 1998. It's a day I'll never forget. The cop inside me died that day. And that night, Raccoon City was wiped out, thanks to the bioweapons created by Umbrella. Somehow, I made it out. But too many others...weren't so lucky. I was ""asked"" later to join a top-secret government program. Not that I had a choice. The training, the punishing missions...nearly killed me, but at least they kept my mind off everything. If I could just forget what happened that night - the pain, even for a second? This time, it can be different. It has to.",550,1,1,0,5,0,2026-04-02,2026-04-02,0,27,634,45
"""Hey, Lieutenant Branagh. Kennedy... reporting for duty.""",57,1,1,0,11,0,2026-04-02,2026-04-02,559,66,87,11
"I brought this as a way to show support as I loved playing it when it first came out and i was still at school and was excited to see it was coming back.

But please for the love of the players add achievements.

Devs can you please add achievements to the trilogy.............",277,1,1,0,3,0,2026-04-02,2026-04-02,0,82,14,14
Top 3 - if not #1 - Resident Evil game of all time.,51,1,1,0,1,0,2026-04-02,2026-04-02,473,21,450,438
"This is one of the greatest RE games of all time, if not the most best way to play re2 of all time. perfect story writing gameplay is top notch. still superior over RE2 remake in every way. this is the best entry for fans that'll love resident evil.",249,1,1,0,2,0,2026-04-02,2026-04-02,0,4,185,90
"Saw it on X and though it was an April fools joke until i went to check it out steam...
Thank you Capcom for giving us the classical RE's",137,1,1,0,0,1,2026-04-02,2026-04-02,162,43,492,37
"I love Resident Evil 1, 2 & 3 So buying these 3 games on Steam was a no-brainer for me because I like flexing my playtime.

What you get here is the GOG versions of the games which is a pretty passable way to experience them. Including texture filtering, Anti Aliasing, variable resolutions etc. And it ran for me pretty well out of the box.

The same cannot be said for some other people:
Some people struggled to get the game running on Linux because the game makes registry changes in the launcher menu that don't really work for Linux, and some other people report that the Steam version apparently has built-in DRM which is so broken that the game just...refuses to launch and throws up an error.

On top of all this, the games come at varying file sizes all the way from 2GB all the way to 4GB...For games that fit on 650MB CDs.

This is another afterthought cash-in by Capcom.

If you REALLY want to play these game properly. I recommend looking into the ""Classic REbirth"" project which has released prior to the GOG version and remains the most optimal way to play the game. If you are savvy you can replace the game files of the Steam version with this version (after carefully following a guide) and play a way better version than what Capcom is offering here.

But as it stands. If you wanna play this game without much fuss? This is a pretty decent way to do so. And you should play them. The classic RE titles are awesome.

But out of principle? This is a downvote from me because of how lazily this was rushed out with its DRM issues that the original GOG version never had, and it is even worse-so because Capcom already caught a lot of flak for how they handled the Dino Crisis 1 & 2 Steam version which suffered from the EXACT SAME ISSUES that the RE games here have.

Some of you might even notice that this review is just the same I wrote for them too with just the names changed to Resident Evil ;)",1918,0,1,0,7,0,2026-04-02,2026-04-02,1064,340,5,5
"Good Job Capcom now Bring Classic Resident Evil (Code Veronica, Outbreak 1,2 and Dead Aim) games too to Steam as well.

Just Do It.",131,1,1,0,524,12,2026-04-02,2026-04-02,1532,54,537,17
"love how half the reviews are basically flooded with people that are either telling you to get the gog version or who’s gonna meme the September 30th speech first, anyways on par with the remake.",195,1,1,0,11,0,2026-04-02,2026-04-02,164,40,52,17
the cop inside me hasnt died yet,32,1,1,0,1,1,2026-04-02,2026-04-02,0,21,881,12
"My favorite resident evil game always. the original still holds as much value as the remake, so happy it's on steam now and more available for people to play",157,1,1,0,0,0,2026-04-02,2026-04-02,0,62,180,11
"Finally able to play the classics on Steam, you know i grabbed the whole trilogy without a second thought. Thank you Capcom",123,1,1,0,0,0,2026-04-02,2026-04-02,0,27,210,29
Just a classic all around love it so much,41,1,1,0,0,0,2026-04-02,2026-04-02,105,26,689,322
I can't believe I lived long enough to see this,47,1,1,1,4,0,2026-04-02,2026-04-02,0,112,47,10
"The game crashed every time I tried to save, so I finished it with no saves.",76,1,1,0,1,0,2026-04-02,2026-04-23,298,29,254,254
what is this keyboard and mouse control???,42,0,1,0,0,2,2026-04-02,2026-04-02,256,47,19,6
"About two months ago, there was this incident, involving zombies in the mansion, located on the outskirts of this city. Chris and the other STARS members discovered that Umbrella was behind everything. They risked their lives to reveal the truth, but no one believed them. Not long after that, all this started to happen.

Let's just say that RE2 OG is still one of the best RE games of all time and for some people, it's even the best in the series. RE2 is basically a perfect sequel that does everything better than RE1. Hell, I'd say that even the remake wasn't better in every shape or form than it's OG counterpart. It's just that good and back in 1998, it scared the ♥♥♥♥ out of everyone, because it basically revolutionized the survival horror genre. The music is perfect, the atmosphere is top notch, characters are amazing, the monster design is chef's kiss, the two scenarios and replayability is just awesome. Also for those who criticize the tank controls I have 2 words for you: SKILL ISSUE",1003,1,1,0,3,0,2026-04-02,2026-04-02,208,26,9,9
is good gaem,12,1,1,0,0,0,2026-04-02,2026-04-02,150,48,1053,260
1998... I'll never forget it.,29,1,1,0,4,0,2026-04-02,2026-04-02,180,5,404,30
"You can FINALLY now play the REAL original Resident Evil trilogy, there's no excuse not to!!! Please play these masterpieces. Tank controls are fantastic if you go out of your way to actually engage with the game! Fix your hearts or die!
Having finished it through steam again, yeah this game is perfect.",304,1,1,0,0,0,2026-04-02,2026-04-05,242,37,673,368
"September 30th, 1998. It's a day I'll never forget. The cop inside me died that day. And that night, Raccoon City was wiped out, thanks to the bioweapons created by Umbrella. Somehow, I made it out. But too many others...weren't so lucky. I was ""asked"" later to join a top-secret government program. Not that I had a choice. The training, the punishing missions...nearly killed me, but at least they kept my mind off everything. If I could just forget what happened that night - the pain, even for a second? This time, it can be different. It has to.",550,1,1,0,1,0,2026-04-02,2026-04-02,133,3,112,45
thanks capcom for classic masterpiece,37,1,1,0,1,1,2026-04-02,2026-04-02,70,29,3500,89
About damn time!,16,1,1,0,2,1,2026-04-02,2026-04-02,2436,167,260,9
❤,1,1,1,0,1,1,2026-04-02,2026-04-02,159,46,7,7
"Gather up my Tank Controls Elitist Friends and enjoy this masterpiece.

Note for the larpers:
Please play the games instead of watching let's plays on youtube.",159,1,1,0,4,3,2026-04-02,2026-04-02,0,36,751,215
Before everyone went to play bingo,34,1,1,0,2,2,2026-04-02,2026-04-02,287,57,526,33
"Late April Fool's Day joke?
Love the classics!",46,1,1,0,2,1,2026-04-02,2026-04-02,672,83,50,13
Classic and fun but the downside no achievements or screenshots or recordings can't do in game.,95,1,1,0,0,1,2026-04-02,2026-04-02,56,60,605,203
"september 30th, 1998. it’s a day i’ll never forget. the cop inside me died tha day…

at first i genuinely thought that this was an april fools prank and could not believe that capcom would just shadowdrop the original ps1 RE trilogy on steam. i’m beyond happy tho, RE2 has always been my favorite game in the franchise and now it’s more accessible than it’s ever been! 

OG RE2 still holds so much value to me, introducing both my favorite character, leon, and location, the rpd. story wise, the original has more continuity than the remake. leon and claire interact multiple times throughout the game and leon even helps out sherry. ughh they’re all so cute i love them so much :’)",682,1,1,0,1,1,2026-04-02,2026-04-02,160,7,621,9
"[b]""Sorry about that, babe.""[/b]

Oh yes, finally this classic masterpiece is on Steam! Genuinely one of the best games OAT. I had such a blast with it, nothing but great memories with this one! It’s enjoyable, replayable, atmospheric, cheesy, and it’s always a joy to play again. Highly recommended!",302,1,1,0,0,0,2026-04-02,2026-04-29,163,25,2656,2355
One of the greatest survivor horror games of all time.,54,1,1,0,1,1,2026-04-02,2026-04-02,255,34,308,257
"I never played the original 3, totally looking forward to it.",61,1,1,0,2,0,2026-04-02,2026-04-02,0,182,16,16
"The Resident Evil Trilogy are some of my favorite games of all time, I was gladly willing to buy them all again on steam. I went to install these games on steam OS (Legion Go S) I had the most confusing discovery that these games require Registry Editor to access the game JUST TO LAUNCH IT... I will continue to play the games on my windows desktop. But until these games can actually be played on steam OS I can't recommend buying these at all.",446,0,1,0,2,0,2026-04-02,2026-04-02,0,24,151,7
YAYAYAYAYAYAYAYAAYAYAYAYAYAYAYAYAYAYAYAY,40,1,1,0,1,0,2026-04-02,2026-04-02,69,11,794,16
♥♥♥♥♥♥♥♥ i was not exspecting this  and i so happy that the game comes with all the secrets unlocked from the start makes the game more playable and fun,152,1,1,0,2,0,2026-04-02,2026-04-02,0,584,508,13
classic,7,1,1,0,2,0,2026-04-02,2026-04-02,1457,124,769,87
"Re2 is an absolute masterpiece. It is a must buy for 5 bucks if you love the franchise or haven't played the game yet. The only flaws are the difficulty being too easy, and there are still no achievements on Steam. We want to be able to grind these games and earn all achievements!

Also, Capcom, please put Clock Tower and Haunting Ground on steam!",349,1,1,0,40,1,2026-04-02,2026-04-02,0,18,109,109
"beat Leon A in one sitting, Resident Evil was made by the gods for us and everyone should enjoy it - Sent from my Steam Deck™

beat Claire B in one sitting. I really like the og games I am glad they are on steam I dont care about DRM - Sent from my Steam Deck™",260,1,1,0,2,0,2026-04-02,2026-04-02,317,53,461,461
"Switch Pro controller doesn't work at all with Steam-input enabled. at most I can press A to confirm, but the game will also constantly register a DOWN-LEFT input",162,0,0,0,1,0,2026-04-02,2026-04-02,736,11,280,41
Infinitely better than the remakes. Didn't ever expect a steam release tho,74,1,0,0,1,0,2026-04-02,2026-04-02,360,13,1737,26
one of the best games ever made..,33,1,1,0,0,0,2026-04-02,2026-04-02,663,23,60,28
"September 30th, 1998. It's a day I'll never forget. The cop inside me died that day. And that night, Raccoon City was wiped out, thanks to the bioweapons created by Umbrella. Somehow, I made it out. But too many others...weren't so lucky. I was ""asked"" later to join a top-secret government program. Not that I had a choice. The training, the punishing missions...nearly killed me, but at least they kept my mind off everything. If I could just forget what happened that night - the pain, even for a second? This time, it can be different. It has to.",550,1,1,0,0,0,2026-04-02,2026-04-02,0,1,14,14
"my favorite resident evil game always <3 the original still holds as much value as the remake, so happy it's on steam now and more available for people to play",159,1,1,0,12,0,2026-04-02,2026-04-02,119,9,116,49
"The ""RE Fans"" got no excuses now. Pick it up. No Complaints.",60,1,1,0,6,1,2026-04-02,2026-04-02,0,73,1200,200
The only April fools joke I can get behind,42,1,1,0,3,2,2026-04-02,2026-04-02,224,5,322,205
"Im grateful for releasing classic on steam capcom but you need to remove DRM, these games have survived for years thanks to the community and modding",149,0,1,0,19,1,2026-04-02,2026-04-02,293,14,788,10
"""You lose, big guy!""",20,1,1,0,2,0,2026-04-02,2026-04-02,0,57,6,6
its a pretty good game i have no issues,39,1,1,0,1,1,2026-04-02,2026-04-02,313,128,581,57
"the initial excitement of getting these games on steam wore off pretty quickly once i realised these are strangely worse versions compared to what you can get on GOG. alt+tabbing is borked, d-pad doesn't work (unless you fiddle around with steam input), you don't get cloud saves weirdly enough, and of course, the ♥♥♥♥♥♥ enigma drm being added to this... ps1 game?

it would still be bad if it was in a more modern title like what happened to the re4 remake a couple of weeks back but the fact that they bothered adding a horrible drm that increases the system requirements to  require a ♥♥♥♥♥♥♥ 6gb vram card FOR THIS 1998 GAME is genuinely absurd. who exactly are they trying to stop with this?

if you're gonna play this, or any of the classic re games that just got added, just go with the GOG versions.",808,0,1,0,36,4,2026-04-02,2026-04-02,182,93,12,12
"Wow... Never thought I'd have my wish granted yet have the monkey's paw curl. One, this version of the game doesn't have auto aim (Not in Original mode) for who knows what reason when the game is intended to have it as an option.  Two. DRM. Think you can run this on a dinky laptop easy peasy? Probably not. And three, and I don't know if I'm crazy or not, but Birkins first fight in Scenario A seems to have a smaller hitbox than what it seems. Learned that out the hard way. Just get the GOG version on their website. Then you can easily mod it with the rebirth patch and reenable auto aim and not have DRM. Will update if anything changes but for now, thumbs down for me. Capcom... I expected better.",703,0,1,0,23,0,2026-04-02,2026-04-02,0,3,194,104
"The launcher window being titled ""4249110_Launcher"" should tell you enough - it's a hastily done job, copying GOG version with minimum alteration. You don't gain any usual benefits from Steam version, not even Steam overlay was implemented - which means you miss out on being able to access notes, screenshots, video recording, and even Big Picture overlay. So you can't even exit the game if you're on controller, you need a keyboard ready for ALT+F4 termination.

The only benefit is being able to purchase the game here. 


At least the price was okay. I'll just replace the executables with SourceNext version through SteamEdit.
The game is great still.",657,0,1,0,39,0,2026-04-02,2026-04-02,2024,15,81,58
"September 30th, 1998. It's a day I'll never forget. The cop inside me died that day. And that night, Raccoon City was wiped out, thanks to the bioweapons created by Umbrella. Somehow, I made it out. But too many others...weren't so lucky. I was ""asked"" later to join a top-secret government program. Not that I had a choice. The training, the punishing missions...nearly killed me, but at least they kept my mind off everything. If I could just forget what happened that night - the pain, even for a second? This time, it can be different. It has to.",550,1,1,0,1,2,2026-04-02,2026-04-02,0,13,9,9
"September 30th, 1998. It's a day I'll never forget. The cop inside me died that day. And that night, Raccoon City was wiped out, thanks to the bioweapons created by Umbrella. Somehow, I made it out. But too many others...weren't so lucky. I was ""asked"" later to join a top-secret government program. Not that I had a choice. The training, the punishing missions...nearly killed me, but at least they kept my mind off everything. If I could just forget what happened that night - the pain, even for a second? This time, it can be different. It has to.",550,1,1,0,1,0,2026-04-02,2026-04-02,0,3,46,6
,0,1,1,0,0,0,2026-04-02,2026-04-02,151,177,1776,10
"re2 has always been weird emulating for me so i was most hyped for this to come to steam. (i could be just dumb as ♥♥♥♥ but og re and re3 nemesis always ran fine when i emulated them so idk) 

everything ran smoothly so far, i didnt expect capcom to add achievements and if you did youre kinda stupid ngl. dont understand the complaint for wanting better graphics, if youre downloading visual mods on a game thats almost 30 years old maybe older games arent for you.

 aside from that if i run into any actual issues with playing i will update my review",553,1,1,0,4,0,2026-04-02,2026-04-02,236,49,50,17
"I highly recommend the game itself, however, the main reason to buy this version, over the GOG version, is convenience, but having to follow a tuotrial, go into desktop mode, download protontricks, to add a file to a registory, so you can play, is silly.

Not to mention, no steam cloud saves, the PS5 versions also have a few extra features like rewind and acheivements.",371,0,0,0,7,2,2026-04-02,2026-04-02,924,23,626,12
YAYAYAY,7,1,1,0,0,0,2026-04-02,2026-04-02,290,75,46,46
Doesn’t work on the Steam Deck—honestly a shame of a release.,61,0,1,0,5,0,2026-04-02,2026-04-02,0,2,42,13
The real Resident Evil 2 is finally on Steam.,45,1,1,0,5,0,2026-04-02,2026-04-02,0,95,168,5
Does not currently work on steam deck which is a shame. Hopefully it's fixed soon,81,1,1,0,1,0,2026-04-02,2026-04-02,317,6,8,7
"Very young Leon starts his first day in police , videos and music are there so its quite cool and retro games i like it. I Fill some magic this night meybe i wil die later but....... yeah its lots of cool staff is coming out.... young teens dont understand this. :D They want me make cry or something i quite stiff guy from rock.....",333,1,1,0,0,0,2026-04-02,2026-04-02,866,457,27,27
"No idea what Chack registry is, not messing up my computer to play this. Why no way to launch the game normally?",112,0,1,0,5,0,2026-04-02,2026-04-02,0,7,7,7
"1998... I'll never forget it.
It was the year when those grisly murders occurred in the Arklay Mountains.
Soon after, the news was out to the whole world revealing that it was the fault of a secret viral experiment conducted by the international pharmaceutical enterprise, Umbrella.
The Virus broke out in a nearby mountain community, Raccoon City and hit the peaceful little town with a devastating blow crippling its very foundation.
Not taking any chances, the President of the United States ordered a contingency plan - To sterilise Raccoon City.
With the whole affair gone public, the United States Government issued an Immediate Suspension of Business Decree to Umbrella.
Soon its stock prices crashed and for all intents and purposes, Umbrella was finished.

Fantistic port of my faveourite RE game. I only wish for auto aim to be present in this version. But ah well. Please play one of the best games in the series.",924,1,1,0,2,0,2026-04-02,2026-04-02,0,6,114,8
"Hell, the cop inside us would've all died that day",50,1,1,0,0,2,2026-04-02,2026-04-02,0,5,17,17
Controller support doesn't work.,32,0,1,0,4,1,2026-04-02,2026-04-02,0,74,5,5
"Completely broken on Steam Deck. Crashes EVEY TIME you try to save, preventing any kind of progress whatsoever",110,0,1,0,2,0,2026-04-02,2026-04-14,407,121,96,96
"September 30th, 1998. It's a day I'll never forget. The cop inside me died that day. And that night, Raccoon City was wiped out, thanks to the bioweapons created by Umbrella. Somehow, I made it out. But too many others...weren't so lucky. I was ""asked"" later to join a top-secret government program. Not that I had a choice. The training, the punishing missions...nearly killed me, but at least they kept my mind off everything. If I could just forget what happened that night - the pain, even for a second? This time, it can be different. It has to.",550,1,1,0,0,0,2026-04-02,2026-04-02,88,1,7,7
Those residents sure are evil!,30,1,1,0,0,1,2026-04-02,2026-04-02,55,13,18,9
"September 30th, 1998. It's a day I'll never forget. The cop inside me died that day. And that night, Raccoon City was wiped out, thanks to the bioweapons created by Umbrella. Somehow, I made it out. But too many others...weren't so lucky. I was ""asked"" later to join a top-secret government program. Not that I had a choice. The training, the punishing missions...nearly killed me, but at least they kept my mind off everything. If I could just forget what happened that night - the pain, even for a second? This time, it can be different. It has to.",550,1,1,0,0,0,2026-04-02,2026-04-02,557,69,19,10
"It’s exactly the same version as the one on GOG—I’ve compared them, and everything is identical, and the “new” launcher displays exactly the same options. The only extra work Capcom did was to add its dreadful DRM and have the game download all languages instead of a single language, as is the case on GOG. Plus, you don’t get cloud saves or achievements. It also doesn't work on the Steam Deck, whereas the GOG version works fine.

But all that aside, RE2 is a wonderful game that I used to play endlessly decades ago by emulating it on Project64 because my PC couldn’t handle RE4 back then xD, and I was happy.",613,0,1,0,14,2,2026-04-02,2026-04-02,211,56,11,11
im so glad this finally came out on steam,41,1,1,0,0,0,2026-04-02,2026-04-02,97,13,177,30
"so fye. was already playing it on the playstation, game looks bangin on a crt. loaded it up and immediately  started shredding through Claire's A Scenario. lowkey had to stop myself because i rather complete in hardware. man this game is ♥♥♥♥♥♥♥ cozy.",251,1,1,0,0,0,2026-04-02,2026-04-02,87,9,504,51
"Masterpiece of a game but a very so so port. ♥♥♥♥ YOU CAPCOM AND YOUR ♥♥♥♥♥♥ DRM. If you don't care for the drm, this is fine but look into seamless hd mod for the best visual's and best way to experience this game. This game surpasses the remake's and all the newer RE games.",276,1,0,0,1,0,2026-04-02,2026-04-02,0,66,53,11
I recommend this game to new players!!! it's very beginner friendly ignore the date btw.,88,1,1,0,0,0,2026-04-02,2026-04-02,0,1,412,12
"Doesn't work on Steam Deck.

To get it working, I had to use Protontricks to manually install the .reg files, I added ddraw to the wineconfig library. I also had to manually edit a registry key to stop crashing when saving.

In the drive _c folder of the prefix /home/deck/.steam/steam/steamapps/compatdata/4249110/pfx/drive_c:
Create a new folder 'Saves'
Open regedit 
Go to HKEY_USERS > S-1-5-21-[..] > Software > CAPCOM > STEAM_R EVIL2
Change the data of ""Save Path"" to C:\Saves\ from F:\Games\RE2\Save

More info by Matze: https://steamcommunity.com/sharedfiles/filedetails/?id=3697576293",592,0,1,0,5,1,2026-04-02,2026-04-02,812,46,57,46
"This is, no joke, the game of my life.

I will replay it every and any time I can, for the rest of my life.

This game is pure art, so if you're an old school or either a newcomer, enjoy every second, cause games like this aren't made anymore!!!!

PS: Just a reminder that Scenarios B in this game MATTERS, as the opposite of the remake (where it's just a copy/paste from the 1st run). So if you finished the game once, come back for the B scenario, the show must (and will) go on!!",482,1,1,0,0,0,2026-04-02,2026-04-02,235,64,109,109
"""You don't get away that easily...""
-William Birkin",51,1,1,0,1,0,2026-04-02,2026-04-02,0,92,54,31
"My initial thought upon seeing the email from Steam announcing that the OG Resident Evil has released seemed like such an april fools joke to me, I'm so glad it isn't. Now the modern Resi fans and larpers have the chance to experience true peak without needing to emulate. They're definitely getting us ready for the Code Veronica Remake.

I also wanna say thank you Capcom for having a literal built in door-skip mechanic. I owe you mine and my future childrens life.
10/10.",475,1,1,0,6,1,2026-04-02,2026-04-02,238,19,103,26
"aside from the janky settings, this is a gem. kinda funny that there's a slight percentage of people who are unable to run the game due to the minimum system requirements lol, best of luck to y'all",197,1,0,1,4,0,2026-04-02,2026-04-02,0,31,571,59
"Ultra based game, one of the best, thanks Capcom. I love it when developers say that nobody wants to play the original, are proven wrong. The GOG release selling well is basically the reason the trilogy is on steam. Even if they're old, these games are important for two reasons:

People still enjoy the originals and these games are what started this franchise in the first place. They should be readily available regardless of the existence of Remakes. I recommend them basically to anyone, and if the tank controls are bothersome, just play on Easy to make things comfortable, would rather people experience than not at all.

Resident Evil 2, the original and the remake, is one of my favourite games of all times and I am so thankful Capcom has extended its reach to a larger audience.",789,1,1,0,1,0,2026-04-02,2026-04-02,0,30,846,104
"September 30th, 1998. It's a day I'll never forget. The cop inside me died that day. And that night, Raccoon City was wiped out, thanks to the bioweapons created by Umbrella. Somehow, I made it out. But too many others...weren't so lucky. I was ""asked"" later to join a top-secret government program. Not that I had a choice. The training, the punishing missions...nearly killed me, but at least they kept my mind off everything. If I could just forget what happened that night - the pain, even for a second? This time, it can be different. It has to.",550,1,1,0,2,1,2026-04-02,2026-04-02,216,21,596,6
"Where's Code Veronica X CAPCOM!? HUH?

WHERE IS IT??",52,1,1,0,2,0,2026-04-02,2026-04-02,0,13,313,48
"Yeah, first day on the job. Great, huh? Name's Leon Kennedy. Nice to meet you.",78,1,1,0,4,0,2026-04-02,2026-04-02,0,4,16,16
"September 30th, 1998. It's a day I'll never forget. The cop inside me died that day. And that night, Raccoon City was wiped out, thanks to the bioweapons created by Umbrella. Somehow, I made it out. But too many others...weren't so lucky. I was ""asked"" later to join a top-secret government program. Not that I had a choice. The training, the punishing missions...nearly killed me, but at least they kept my mind off everything. If I could just forget what happened that night - the pain, even for a second? This time, it can be different. It has to.",550,1,1,0,1,0,2026-04-02,2026-04-02,82,17,20,20
"One of if not the best in the series. The OG's are finally on Steam! 
Thank you CAPCOM!",87,1,1,0,0,0,2026-04-02,2026-04-02,0,277,12,12
"1998...(sighs) I'll never forget it. It was the year when these grisly murders occured in the Arklay Mountains. Soon after, the news was out to the whole world revealing that it was the
fault of a secret viral experiment conducted by the international pharmaceutical enterprise, Umbrella. The virus broke out in a near by mountain community, Raccoon City. And hit the peaceful little town with a devastating blow crippling its very foundation. Not taking any chances, the President of the United States ordered a contingency plan - to sterilize Raccoon City. With the whole affair gone public, the United States government issued an indefinite suspension of business decree to Umbrella. Soon its stock prices crashed and for all intents and purposes Umbrella
was finished. Six years had passed since that horrendous incident...",827,1,1,0,2,0,2026-04-02,2026-04-02,147,29,8,8
"The Residents were evil, twice 😮",32,1,1,0,1,0,2026-04-02,2026-04-02,0,53,13,13
"Regarding the game itself - don't get me wrong, the title is great. The very beginnings of Leon Kennedy and Redfield Family, a rather intriguing story and a lot of replayability value both in the original version of the game and in Remake.

Regarding the port itself? Boy, it's a tricky question.

I already reviewed Resident Evil 3: Nemesis from the classical trilogy. Everything is as bad even here.

The release of the classic games is a great surprise, and I do think that it is a great way to get acquainted with them: you don't have to use emulators or search for a copy, you just pay $5.00 per game and you are good to go!
But is it actually a good choice considering everything which goes on underneath?

The good part - there is now a chance to experience the original RE2, with the original B scenarios which have way more differences than in the Remake.

The underwhelming part? All the same as in RE3:Nemesis.
- No achievement system
- No cloud saves
- The Enigma Protector DRM (WHY?)
- Pixelated image (no proper aspect ratios, no upscale, and I DO NOT mean AI nor RTX/DLSS as some might think).
- Very little options to tweak the game's settings (meaning all you can do is reassign controls and change the resolution)
- The game checks your registry and does some ""corrections"" in it. What for, and why doesn't RE3 have that as  well?

There is actually a launcher coming with the game, which is... you guessed it, useless, because seemingly the settings you apply don't even work accordingly.
If you open the in-game settings menu, you'll acknowledge that the resolution is not what you have chosen in the launcher, and that there are actually controls settings with the opportunity to remap them, which are... not in the launcher!

I do think that there is a need for some tweaks post-release. There is no need for a full-on remaster since we have a remake already, but having some more options in the launcher, removing the DRM from a game which is 27 years old and adding some achievements would be great.

Also, it would be a great idea to include the manual, because for many it would be impossible to navigate in a 1998 game menus nowadays.

Keep in mind, this game is on GOG for quite a while now (since August 2024), and it doesn't have any DRM whatsoever.
The cherry on top? 
""This re-released version of the game was co-developed by GOG."". In the official Steam description.",2399,0,1,0,30,2,2026-04-02,2026-04-02,260,22,7,7
"Might just be the best game of the original trilogy. Still an absolute classic to this day. If you have to play one of the games from the original trilogy, I'd make it this one. A masterpiece of survival horror.",211,1,1,0,1,0,2026-04-02,2026-04-02,221,11,133,17
"September 30th, 1998. It's a day I'll never forget. The cop inside me died that day. And that night, Raccoon City was wiped out, thanks to the bioweapons created by Umbrella. Somehow, I made it out. But too many others...weren't so lucky. I was ""asked"" later to join a top-secret government program. Not that I had a choice. The training, the punishing missions...nearly killed me, but at least they kept my mind off everything. If I could just forget what happened that night - the pain, even for a second? This time, it can be different. It has to.",550,1,1,0,8,0,2026-04-02,2026-04-02,172,48,238,46
"It's nice to finally have this on steam, This was the first Resident Evil game I ever played and I think it still holds up pretty well even when against the remake.",164,1,1,0,1,0,2026-04-02,2026-04-02,117,5,38,27
"Update: Follow this guide to get RE2 running under SteamOS/Linux: https://steamcommunity.com/sharedfiles/filedetails/?id=3697576293

Does not launch on Linux, the launcher will throw an error when trying to start either Claire or Leon's game and it needs to do whatever weird registry step it asks about. And if this is the same level of quality as the RE3 port, then there's a lot more issues inside the actual games. 

Also has weird DRM. Huge bummer.",453,0,1,0,9,3,2026-04-02,2026-04-02,940,10,156,13
best april fools joke ever,26,1,1,0,2,0,2026-04-02,2026-04-02,212,53,13,13
my favorite resident evil growing up. 100% worth buying,55,1,1,0,0,0,2026-04-02,2026-04-02,0,4,61,61
"It's a great game, although my PC has a hard time handling such stunning and powerful graphics",94,1,1,0,40,117,2026-04-02,2026-04-02,566,18,509,20
"DO NOT BUY RE2 FROM STEAM, BUY IT FROM GOG.

Now that that's out of the way: This version of RE2 has a lot of the improvements from the GOG release, adds unnecessary DRM, and doesn't work at all on Steam Deck. This mirrors the exact same issues that DC1 and DC2 had when they came to Steam, and it's been a month since those came out so I doubt Capcom would ever fix those issues here.

Windowed mode is broken, no steam overlay, no achievements, minor graphical issues, and more. These issues persist over ALL 3 original games.

There is absolutely no benefit to buying the game from Steam when all it does is add DRM and be less accessible than the already great GOG releases.

UPDATE 1: It is now possible to play all OG games on steam deck via proton experimental.",768,0,1,0,697,47,2026-04-02,2026-04-10,1390,30,5,5
Not launching on Steam Deck just like on Dino Crisis 2 🥺 Waiting for some tweaks advice 😔,89,0,1,0,7,0,2026-04-02,2026-04-02,90,11,7,6
"I have never clicked add to cart faster than seeing RE, RE2, and RE3 on the steam store",87,1,1,0,4,0,2026-04-02,2026-04-02,410,18,62,17
"September 30th, 1998. It's a day I'll never forget. The cop inside me died that day. And that night, Raccoon City was wiped out, thanks to the bioweapons created by Umbrella. Somehow, I made it out. But too many others...weren't so lucky. I was ""asked"" later to join a top-secret government program. Not that I had a choice. The training, the punishing missions...nearly killed me, but at least they kept my mind off everything. If I could just forget what happened that night - the pain, even for a second? This time, it can be different. It has to.",550,1,1,0,37,6,2026-04-02,2026-04-02,0,11,101,17
"Honestly thought it was a late April Fools joke when I saw RE1, 2 and 3 Nemesis OG's, but they just straight up shadow dropped them like Dino Crisis 1 and 2.

Super cool to officially have them on Steam, they seem to run fine, so looking forward to get into them and hearing those beautiful OG save room themes 🙏",312,1,1,0,181,3,2026-04-02,2026-04-02,228,10,7,7
"As good of a remake RE2 had this version has proper A and B routes
When you play the B route you see what the A route character did during that scenario instead of just a slightly different path which is probably the only thing RE2r was missing, but at least Claire is still a baddie",283,1,1,0,33,4,2026-04-02,2026-04-02,0,13,5,5
it's the squeakquel,19,1,1,0,4,2,2026-04-02,2026-04-02,0,2,60,5
game needed to Chack my Registry hell yeah basketball,53,1,1,0,1,2,2026-04-02,2026-04-02,911,9,31,12
"September 30th, 1998. It's a day I'll never forget. The cop inside me died that day. And that night, Raccoon City was wiped out, thanks to the bioweapons created by Umbrella. Somehow, I made it out. But too many others...weren't so lucky. I was ""asked"" later to join a top-secret government program. Not that I had a choice. The training, the punishing missions...nearly killed me, but at least they kept my mind off everything. If I could just forget what happened that night - the pain, even for a second? This time, it can be different. It has to.",550,1,1,0,77,19,2026-04-02,2026-04-02,424,37,116,5
Capcom decides to release this banger on April fist as a joke,61,1,1,0,18,5,2026-04-02,2026-04-02,475,61,69,17
Best game ever trust,20,1,1,0,4,0,2026-04-02,2026-04-02,113,8,352,18
"September 30th, 1998. It's a day I'll never forget. The cop inside me died that day. And that night, Raccoon City was wiped out, thanks to the bioweapons created by Umbrella. Somehow, I made it out. But too many others...weren't so lucky. I was ""asked"" later to join a top-secret government program. Not that I had a choice. The training, the punishing missions...nearly killed me, but at least they kept my mind off everything. If I could just forget what happened that night - the pain, even for a second? This time, it can be different. It has to.",550,1,1,0,697,127,2026-04-02,2026-04-02,300,31,11,6
"W steam port, Why does it want to Chack Registry though..?",58,1,1,0,14,1,2026-04-02,2026-04-02,0,9,8,7
