review,review_length,sentiment,purchased,received_for_free,votes_up,votes_funny,date_created,date_updated,author_num_games_owned,author_num_reviews,author_playtime_forever_min,author_playtime_at_review_min
gud,3,1,1,0,0,0,2026-04-05,2026-04-05,0,25,416,373
"Putting a review as a big thumbs up to Capcom decission to bring more oldies Resident Evil titles, hoping to bringing back this one to the catalogue. I always was curious about the concept, and I think the problem was that was way ahead of time and Game Windows for Live. I played years after release alone and was a blast! But I leave it until GFWL problems didn´t let me play. Now that is removed, I can play it again and enjoy it. Please Capcom, there is plenty market for these re-releases, or bringing titles like Umbrella Chronicles/Darkside Chronicles with mouse aiming support. I would totally support them here and other storefronts",641,1,1,0,6,0,2026-04-04,2026-04-04,0,14,108,108
"I had fun with this game. It is a 3rd person shooter. The story is not canon, more like a  alternative reality.

I mean, if you just want to run and gun, rhis game is the right one for you. No important story, no difficult riddles, no survival mechanics and mostly no horror.^^

Enjoy, enjoy. :3",295,1,1,0,1,0,2026-04-01,2026-04-01,0,86,158,101
"This game actually isn't that bad, There's some frustrating parts where a million bullets and enemies are chipping away at your health before you can figure out what's going on and you gotta restart about 7 times, but mostly it's a cool parallel trip through the first 3 games crossing story paths with Leon, Claire, Mr. X and Jill, Carlos, and the Nemesis through famous locations along the way. A bit clunky and basic gameplay wise, just shoot bullet spongey zombies, hunters, and other types of RE enemies and move to the next checkpoint as an Elite Umbrella soldier team called The Wolf Pack, who's tech and equipment do not line up with anything that existed in 1998, the fun is the trip through the classic Raccoon City story that ends too soon, but you do get DLC with Echo Six, a different team of good guys working with Jill that almost doubles the game's length. 

You also get to choose to kill Leon at the end, as if you could bring yourself to if you're coming off of Requiem.",989,1,1,0,7,0,2026-03-28,2026-03-30,596,120,824,587
"After setting this game up and playing it till about Chapter 3 where I place EMPs on generators I am reminded just how absolute trash-tier this game is. Bear in mind I was playing offline. Enemy spec ops shoot with pinpoint accuracy and ai teammates do stupid annoying things like running in front of me or running out in the open in front of an entire wave of spec ops and immediately getting flatlined. I know this was designed for online play but it's pretty unplayable in Lights Out. Thinking about it I recall playing this all the time on PS3 with other players and I actually never made it all the way through certain levels to reach the Super Tyrant level, Redemption. Which is a level I really want to play but simply do not have access to. And if you don't beat levels then you don't access later levels in the game, which is fair but also sucks since there simply is content you don't get to experience either due to teammate's incompetence or ai teammates competing to be worse than RE Outbreak ai. I would still have to say RE Outbreak teammate ai is still the worst and sets the brown standard for ai-controlled allies in the RE series, despite all five Outbreak fans glazing that game and shouting from the mountain tops about how great that game was. If not for DRM, there would be a more easy way to join online servers and meet up with either good or moderately experienced players who might actually be able to clear levels that have the MR. X enemies and waves of hunters. Otherwise, it's just not a game that can be played solo. Primary weapons hardly matter, seeing as NPCs like Nicholai one-tap you from behind while a wave of spec ops spawns to your right immediately as you press a button to raise a generator. Game's bad for the sin of making a game only truly playable with other players. This is a hard pass if you don't want the hassle of trying to go online with a game that shot itself in the leg with DRM.",1936,0,1,0,1,2,2026-03-24,2026-03-24,148,65,1258,255
cant even play it freezes in ten min of playing every time i boot it up same part hopefully they fix the issue considering that i paid  for it,142,0,1,0,3,0,2026-03-23,2026-03-23,0,2,76,73
NEED REMAKE,11,1,1,0,26,3,2026-03-22,2026-03-22,0,10,1302,1302
"Loved this game, its really fun to play with 3 other people for the co-op storymode, especially if they've never played this release in the RE universe, but its a pain in the ass to get running without following the WinLive guide. Pretty sure they claimed they would remove all of that from these Windows Live era games, but looks like they just decided to not sell this one and be lazy about it.",396,1,1,0,4,0,2026-03-20,2026-03-20,0,3,1270,1270
goofy,5,1,1,0,0,3,2026-03-13,2026-03-13,0,5,1344,1312
"This game was awesome back on release!! Capcom if you remake this, my life is yours!",84,1,1,0,10,3,2026-03-11,2026-03-11,0,14,262,262
R.I.P,5,1,1,0,4,1,2026-03-11,2026-03-11,69,8,9483,9483
"The scariest thing in this game is Games For Windows Live.
and the U.S. Military.
other than that, it's mid, buy on sale.",121,1,1,0,8,7,2026-03-07,2026-03-07,280,21,840,649
revive online play please,25,1,1,0,6,0,2026-03-07,2026-03-07,0,10,498,488
"I love this game. I recently started it back up due to Requiem and it is amazing. It is made by a different company that had rights to the game at some point, so it plays differently. Definitely a controller game and clunky for its' time. 

Currently in 2026, this feels like a 3rd-person Left-4-dead with basic equipment/perk system and a refreshing take on the Raccoon City Outbreak. Set just before the Birkin lab incident that started the outbreak.

The game offers some unique systems in it. One notable feature is the infection system in which you can be infected and turn into an uncontrollable Crimson Head. When you're infected, your team can mercy you if they don't want to risk being attacked.

Visually it looks amazing. I felt immersed in the Resident Evil universe throughout the entire game. It does suffer from repeating enemy models.

Game still has that ""early access"" feel, though. You can tell it was forced out of the bakery before it was a proper loaf.

Back in 2012, bought this game 5 times (Still have two-sealed), then once more on PC at some point. Played numerous hours and acquired all the trophies throughout every difficulty, solo and multiplayer.

Beware that multiplayer does not work (03/06/2026)",1230,1,1,0,20,2,2026-03-06,2026-03-06,0,5,697,528
"Perhaps I treated you too harshly. 

Please come back",53,1,1,0,18,2,2026-03-05,2026-03-05,241,27,49,49
Game is very action centric and drops everything we love about Resident Evil. I played this on Xbox back then. I don't think this game is too good. Just a weird hypothetical story with a choice at the end and just other things. Very weird for a Resident Evil game. Doesn't hit the mark with me at all. But let me tell you about the Multiplayer when it did work. It was great. You had a team vs team with infected going about. Very chaotic and fun. but that doesn't help the story or gameplay. 4/10,497,0,1,0,0,1,2026-03-05,2026-03-05,293,13,89,89
very sigma,10,1,1,0,0,0,2026-03-05,2026-03-05,0,19,881,878
"I played this game a long time ago, and kinda liked despite it being not good. Would really like to play it now, but it just will not function. I don't care that Capcom Delisted it, that's not an excuse for not supporting your product people already paid money for. some may say who cares? this games Sucked anyway. and to those people I say, your parents probably think you suck too, but you're still allowed to exist, so this game should have the chance to exist too.",469,0,1,0,47,29,2026-03-03,2026-03-03,0,7,815,403
"Bad in a fun way. Needs knowledge of the esoteric to even get running, but fun with friends to laugh at",103,1,1,0,4,1,2026-03-02,2026-03-02,0,9,337,337
This game was so good! Played it tons on the Xbox. Please fix it and bring it back.,83,1,1,0,83,0,2026-02-20,2026-02-20,0,3,21,21
great,5,1,1,0,5,1,2026-02-18,2026-02-18,0,1,3603,3101
please bring it back!,21,1,1,0,49,0,2026-02-12,2026-02-12,165,12,247,247
"By now, everyone knows that this is a bad game. It's not even available on the Steam Store as I write this. If you're reading this, you probably own it already.

So if it's bad, is it still fun? Kinda.

The story is *very* non-canon, with regular run-ins with Leon, Claire, Jill, and others, but they go on wild tangential adventures that are completely incongruous with Resident Evil 2 and 3. And what little story there is barely amounts to anything. It awkwardly wedges your team into scenarios already taking place in other games but doesn't add anything substantial to the lore. You're just a team of gun people on a mission to help or hurt Umbrella, depending on whether you're playing the main campaign or the DLC.

Speaking of which, the DLC is 7 chapters long and has as much content as the main campaign, placing you in the role of the good guys as opposed to the main game's Umbrella team. It's a little better put together, with a few objectives that reach beyond ""kill and survive"", and has more frequent set piece battles. It feels like it got just as much attention and budget as the main game, so it's worth playing if you want the full experience.

The gameplay is bad for a few pretty obvious reasons. It's sloppy as a shooter, it's even sloppier as a cover shooter, the AI is laughably terrible, and the presentation is decent but same-y throughout. One truly annoying feature is a waaaaay zoomed-in FOV, which actually made me nauseous until I got used to it. It's bad enough that I installed a mod (check the guides) to fix it, which was nice, but it made the game unstable and crash more frequently, which was not nice. YMMV.

It has a wild difficulty curve - on Veteran difficulty it had some punishing bottlenecks, and when I kicked the difficulty down to Normal to get through the DLC, my companions would still get regularly mowed down within seconds of an encounter beginning. Your health absolutely melts if you're being shot at by more than one enemy at a time, so if new enemies spawn and catch you unaware, it's a guaranteed restart until you learn those scripts. In terms of enemy design, it's a little strange and disappointing that soldiers are so much more dangerous than zombies, which make zombie-based areas even late in the campaigns feel much easier than soldier shoot-outs earlier on. Considering this is a game heavily influenced by Left 4 Dead, which made zombies VERY dangerous, this is a bummer.

So what about it is fun? It feels nice to be in the Resident Evil world, and I think the game does a decent job capturing a frenetic action style that keeps you engaged in combat even when dealing with the game's plethora of inconveniences. At its best, it can feel like a reasonable facsimile of Resident Evils 5, 6, and Revelations, in that weird horror-themed action rut the series found itself in during that middle era. There's nothing wrong with that style if you're willing to forget how much better the survival horror games before and after are. It can get your adrenaline going, and a few times when my team was fully dead in a tough firefight, I got through by the skin of my teeth in a way that felt very satisfying.

There's about a million better shooters and at least a dozen better Resident Evil games out there, but if you're a series completionist like I'm trying to be, you'll probably still have some fun with it. Just expect to feel equal parts frustration and bafflement at times when you realize this was a product that actually released, and also sold 2 million copies.",3535,0,1,0,5,1,2026-02-12,2026-02-12,900,109,583,583
"Play as the cool bad guys... except this game feels like it was rushed through its development and never finished. I remember playing REORC as a kid and having fun with the coop and pvp, but as an adult, I ended up disappointed, because most the ingredients are here, but it's undercooked and rushed to delivery. Ultimately, a cool concept that seems rushed and incomplete. A full remaster/reimagining would go a long way. I would love to see more Resident Evil games where you get to play as bad guys.",502,1,1,0,7,0,2026-02-05,2026-02-05,870,13,814,814
God I loved this game. Please fix it and bring it back!,55,1,1,0,28,0,2026-01-27,2026-01-27,28,13,1275,757
EPIC!!!!!!!!!!!!!!!!!!!!!!!!!!!!!!!!!!!!!!!,43,1,1,0,0,0,2026-01-24,2026-01-24,176,104,1481,1481
Will have to run as administrator for it to work in 2026.,57,1,1,0,12,0,2026-01-24,2026-01-24,130,36,2209,2129
RE,2,1,1,0,0,1,2026-01-11,2026-01-11,712,17,131,127
"ahhhh dudeeeeeee, just noticed this got delisted... dang capcom you suck smelly sack for that one dawg not even gonna lie...",124,1,1,0,21,5,2026-01-09,2026-01-09,1279,10,55,55
fun game but you can't even buy this anymore,44,0,1,0,42,3,2026-01-08,2026-01-08,1117,55,33,33
Please bring this back. I wanna play coop again,47,1,1,0,30,1,2025-12-28,2025-12-28,616,54,91,91
booo,4,0,1,0,6,3,2025-12-26,2025-12-26,0,4,328,328
Ive put many hours of this game on the ps3 and it was fun but its a different take on the series. controls can be clunky but if you can look past it i would recommend picking it up.,181,1,1,0,1,1,2025-11-30,2025-11-30,172,19,744,704
Leaving a review to say that I like this game and sorry to those that can't have it,83,1,1,0,6,2,2025-11-23,2025-11-23,0,44,226,182
It's not the worst but it's not great either. I'd say it is a blend of modern shooters mashed together even more with Re 5 controls.,132,1,1,0,6,1,2025-11-04,2025-11-04,487,122,942,942
cool game tbh,13,1,1,0,0,0,2025-11-01,2025-11-01,0,138,186,186
"[h1]Resident Evil: Operation Absolute Garbage[/h1]

[i]Experience the Fear: Set in the terrifying world of Resident Evil.[/i]

[h2]Story[/h2]
The game is set in Raccoon City, during the events of Resident Evil 2 and Resident Evil 3: Nemesis. You play as a member of Unit Omega, a special U.S. Umbrella Security Service (U.S.S.) squad tasked with cleaning up the city and eliminating survivors to cover up Umbrella’s experiments. The story is told from the perspective of the “bad guys,” giving a unique view of events from the main series.

[h2]Gameplay[/h2]
Resident Evil: Operation Raccoon City is a squad-based third-person shooter. The game features 12 playable characters, six per team. On the Umbrella Security Service (USS) team: Vector (recon, cloaking), Lupo (leader), Beltway (explosives), Spectre (marksman), Bertha (medic), and Four Eyes (scientist, BOW programming). On the U.S. Special Ops team: Dee-Ay (leader), Willow (recon), Tweed (demolitions), Harley (medic), Shona (field scientist), and Party Girl (sniper).

Each character belongs to one of six classes—Assault, Recon, Surveillance, Field Scientist, Demolitions, or Medic—each with unique skills and abilities.

In addition to single-player, the game offers four-player co-op Raccoon Mode, where USS and U.S. Special Ops teams face off.

Heroes Mode is an online multiplayer mode where you play as Leon S. Kennedy, Claire Redfield, Jill Valentine, Carlos Oliveira, Ada Wong, HUNK, Nicholai Ginovaef, or the new character, Lone Wolf.

[h2]Enemies & Bosses[/h2]
Zombies in the game attack in different ways. If a zombie mutant gets too close, it will try to grab the player. To escape, you need to move the stick quickly. If you fail, your character gets temporarily infected. This gives small bonuses but slowly drains your health. If the infection isn’t stopped in time, your character loses control and attacks teammates until killed—but you can respawn afterward.

Other enemies you’ll face include Lickers, Hunters, and Cerberuses, but also stronger enemies and bosses like the Tyrant.

[h2]Environment[/h2]
The game takes place in Raccoon City during a viral outbreak. Unlike older Resident Evil games, it focuses less on solving puzzles and exploring, and more on fighting and taking cover. Most missions are straightforward, leading you from one goal to the next.

Levels often have multiple paths or side routes, especially in multiplayer, letting you move around strategically. Many areas are designed with cover in mind—walls, cars, barriers, and debris are placed to help players hide and plan attacks.

Some famous locations from Resident Evil 2 and 3 are included, such as: Raccoon City Police Department (RPD), downtown streets and alleyways, and underground sewers and labs

[h2]Visual Design & Sound Design[/h2]
The city is in total chaos. Streets are full of abandoned cars, rubble, and bodies. Fires burn, buildings crumble, and explosions happen everywhere, making it feel like the city has completely fallen apart.

In the background, you can hear distant sirens, collapsing buildings, and the moans of zombies echoing through alleyways. Some monsters, like Lickers or Nemesis, have unique sounds that warn you they’re nearby before you even see them.

[h2]Constructive Criticism[/h2]
You’re unable to reliably adjust the volume for sound effects, music, and dialogue. Technically, the settings exist—but the moment you exit the audio menu, they revert back. This is especially irritating when the blaring music becomes overwhelming and your only workaround is lowering the overall system volume in Windows.

Your AI teammates contribute very little and lack awareness, while enemies display lightning-fast reactions and pinpoint accuracy. Even on Casual difficulty, their damage output can feel unfair. The Lickers in particular are frustrating— their tongues have absurd reach, they can attack you through objects like ceiling grates, and the tongue sometimes snares you and triggers a repetitive and unclear QTE (like pressing C while moving the mouse from left to right) accompanied by a loud piano chord. The entire encounter design feels more bizarre than threatening. Enemies overall have a very stiff and ugly design.

The camera and controls feel awkward from the start, and the game provides no proper tutorial. You automatically snap into cover just by brushing against walls or objects, often when you don’t want to. Yet once you’re stuck against a wall, you can only peek from the right side—never the left—whether due to a bug or poor design, it’s hard to tell. With how many strange mechanics and issues the game has, both seem equally plausible.

Keybindings are another mess. The same button (E) is used for picking up items and lunging forward, leading to constant accidental actions. Weapon switching is mapped to the number 4 key for some reason—an awkward and unintuitive choice.

Even the weapons themselves lack satisfying feedback. Their sound effects are weak, and the lack of impact makes combat feel dull instead of thrilling.

At one point in the story, there’s even a scene where a zombie drives a truck in a deliberate attempt to run down Leon. It’s hard to take the situation seriously when the narrative leans into something that absurd.

Character models are noticeably rough, and the voice work doesn’t do much to improve their appeal. The performances often feel stilted or exaggerated, which breaks immersion rather than enhancing it.

The final battle and the ending fall flat as well—overly dramatic, poorly executed, and unintentionally cringe-worthy.

[h2]The Verdict[/h2]
Overall, the concept of playing as Umbrella security had potential and was an interesting take on the franchise. I played this game in May 2020, and honestly, I’m still not sure what else to say other than: I absolutely hated it. It’s not only the worst entry in the Resident Evil franchise in my experience—it may be the worst game I’ve ever played. I played this solo and have never tried multiplayer or co-op, but I can’t imagine it being any better. I could sit here forever and rant about this worthless game. It’s a buggy, frustrating, and sloppily designed mess where nothing works! Avoid at all costs!

[h2]Rating: 1/10[/h2]",6290,0,1,0,5,6,2025-10-24,2025-10-24,148,185,242,242
great.,6,1,1,0,0,0,2025-10-15,2025-10-15,0,5,4108,4103
,0,0,1,0,4,0,2025-10-04,2025-10-04,0,90,101,101
Put the game back on steam. There's no reason why this should not be on steam store. You're gonna sell ♥♥♥♥♥♥ ass RE: 6 but not this game? Get your ♥♥♥♥ together CAP COM.. We deserve to have this back ready and available. ASIDE FROM THAT. I absolutely love this game and truly see it as a hidden gem in the franchise. Yes it has its negatives (Believe me there are many) but it still deserves recognition and the availability for people to experience. ALSO REMAKE OUTBREAK FILES!!,480,1,1,0,16,2,2025-09-26,2026-03-08,0,9,9641,9641
very good game,14,1,1,0,2,1,2025-09-17,2025-09-17,0,3,444,292
"This game is a hilarious time capsule of an Inafune led Capcom that should be put back on the store for posterity's sake. Its a technically competent and, between 2 campaigns, decently lengthy co-op third-person shooter that, if you have other friends that own it, is now playable with the removal of GFWL. You could do much worse with your friends than play this, like play Umbrella Corps, which is nine years old as of writing and still sold on Steam for $19.99 without expansions.",483,1,1,0,0,0,2025-08-25,2025-10-31,0,19,8,8
"dont waste your money or time, dont play this",45,0,1,0,6,4,2025-07-27,2025-07-27,333,40,156,156
I love RE and this game is fun. It broadens the events of RE 2 and RE 3. The problem is when launching and connecting online does not work because it is dependent on the defunct GFWL.,183,1,1,0,6,0,2025-07-25,2025-07-25,0,22,1218,1218
capcom i beg u plz fix this gem so i can ♥♥♥♥ around with my friends again….. troubleshooting windows live for 2+ hrs in 2016 just to create a lobby still lives in my mind,171,0,1,0,41,2,2025-07-24,2025-07-24,0,18,110,110
A lot of peopled hated it but it was my first re game and  my first ps3 game. Co-op was fun as hell. Crimson heads are a pain . Fighting Nemesis was also Awesome . I hope we get a sequel ! Seeing Umbrellas special forces was also sweet since all we see are stars most of the time. Worth a try on sale .,302,1,1,0,9,0,2025-07-23,2025-07-23,160,64,409,60
"We want this back on the store, without GFWL!",45,1,1,0,38,0,2025-07-22,2025-07-22,0,24,110,110
Could have been really good,27,1,1,0,1,0,2025-07-16,2025-07-16,0,85,279,215
"Thirteen years ago, after the thrill of RE5's couch co-op, I was buzzing for Resident Evil: Operation Raccoon City and its online capabilities. My enthusiasm quickly soured, however. The graphics, the disjointed story, the clunky game play – I just hated it. My friends and I basically speed-ran it back then just to mark it off our list.

Today, after years of new Resident Evil games, I decided to give Operation Raccoon City another shot. And surprisingly, it's actually pretty decent.

It's a fun, fast-paced game that holds up better than I expected, whether you're playing by yourself or with friends online. I'm genuinely enjoying my solo run, and it's making me think about how much potential the story had. Even though it was a critical flop back then, the game play style feels remarkably current. It's almost a shame they haven't revisited this type of experience, especially given its popularity in today's gaming landscape.",936,1,1,0,11,0,2025-07-16,2025-07-16,0,15,954,879
"if i could make the recommendation of this game mixed i would
while the gameplay it fun, its definitely meant to play with friends and is more fun that way
its a spin off of the raccoon city event where ya play as the bad guys - however the characters you get to play as dont have enough conversations with each other, so it feels a little empty
and even on the easiest difficulty, its stupidly easy to die in 2 seconds
it does have great music tho",448,1,1,0,3,0,2025-07-04,2025-07-04,461,45,328,328
Lets go finally playable and saves your progress!,49,1,1,0,1,0,2025-06-28,2025-06-28,0,2,663,92
"Crazy that this game is finally playable again after many years of being unplayable.
servers are still down, but hopefully it will be back up and running when this game is on sale again",185,1,1,0,17,1,2025-06-25,2025-06-25,1773,202,586,586
"Posting a review in the hopes that they also let steam handle the servers so multiplayer is actually achievable. I loved this game when I was a kid, I would love to drag all of my friends into it as well to enjoy it with me.",224,1,1,0,4,0,2025-06-19,2025-06-19,0,6,32,32
"I’ve been playing this game since I was a kid, and honestly ? I still love it.

It’s such a cool twist to explore Raccoon City from Umbrella’s perspective. Playing as a team of elite operatives cleaning up the mess they caused ? That alone is enough to make this game feel unique within the Resident Evil universe.

The characters are super stylish and memorable : Vector, Lupo, Four Eyes… they all have distinct personalities and gameplay styles. And the Spec Ops DLC ? Incredible. It flips the story on its head, and the Spec Ops team (shoutout to Party Girl, Willow, and the gang) are just as badass and fun to play as the U.S.S. crew.

I actually love that the game isn’t canon. It lets the devs go wild with the story, and it works. The WTF moments feel intentional and entertaining instead of lore-breaking. I mean, being able to choose whether or not to kill Leon at the end? That’s insane in the best way. It’s rare to have that kind of freedom in an RE game.

And let’s not forget : the cinematics and character design aesthetic, still gorgeous. The gritty, high-contrast look gives the game such a cool, dark, action-movie vibe that I wish more RE spin-offs had kept.

And honestly, it’s shameful that this game isn’t available for purchase anymore.
Yes, it had bugs. Yes, it was messy at times. But underneath that is a genuinely fun, ambitious, and unique RE experience that deserved better. With a few fixes and proper support, this game could’ve built a real cult following and it’s heartbreaking that new players can’t even try it unless they already own it. Capcom, bring it back. Please.",1604,1,1,0,7,1,2025-06-17,2025-06-17,54,8,506,506
"It's almost everything I've ever wanted from the RE franchise. Finally, a RE game that takes place in the open hellscape of Raccoon city from a 3rd person perspective, shooting through hordes of zombies and scavenging to survive. I love it! But it just quite misses the mark with its imposed limitations. Only being able to carry one First Aid Spray or Anti-Viral spray at a time feels like a gimmick. Being forced to use only one main weapon at a time limits your options and reduces the fun. And at times, the game feels unbalanced when it relies on horde mode and simply spams enemy types to pad progression. Still, it's a fun enough shoot-em-up, and a great romp through all of the classic and most iconic parts of REs 2-3, and worth playing through both campaigns at least once or twice, but probably only once or twice.",825,1,1,0,1,0,2025-06-15,2025-06-15,0,8,1338,1298
Underrated.,11,1,1,0,3,0,2025-06-12,2025-06-12,0,393,957,597
"I don't know why it's letting me post a review since this was never in my steam library but I must seize this opportunity! great action game, guns are punchy and fun, movement is as you'd expect but still can have moments of being oddly satisfying. Teammate AI is alright they can use their abilities and such, heal you and act enough like real people. It's not like RE7 obviously though it still holds it's ground being fun and even better than I remember than when I played it on the Xbox 360",494,1,1,0,1,0,2025-06-11,2025-06-11,213,42,25,25
BETON,5,1,1,0,1,0,2025-06-09,2025-06-09,31,22,1193,1193
"game is still fun though you'll need to edit some files in order to play online, the recent patch that dropped made some QOL (quality of life) fixes that are so-so but breaks the original edit to play online, overall if its cheap enough scoop it up for a fun run with friends with unexpected rpg elements in leveling while expanding on Raccoon City lore",353,1,1,0,1,0,2025-06-08,2025-06-08,288,8,525,525
"This is peak gaming, nothing more, nothing less.",48,1,1,0,4,0,2025-06-05,2025-06-05,425,22,85,85
Capcom fixed the GFWL with an update so if you own the game you can play it now and if you dont own the game im sure youll be able to purchase it soon :),153,1,1,0,30,2,2025-06-02,2025-06-02,0,34,656,163
"Left 4 Dead, Resident Evil style.",33,1,1,0,2,0,2025-05-31,2025-05-31,0,108,167,167
GFWL removed.,13,0,1,0,6,3,2025-05-30,2025-05-30,2186,36,564,564
"I'm hoping with GFWL finally being removed that this will be something I can enjoy with friends again. It's a fun group activity to explore the question of what would have happened if Umbrella or the US Military had a shred of competence during the Raccoon City outbreak? Gameplay loops are a little repetitive, but they don't get frustrating. Co-Op is a must, and I am hoping it comes back soon.",396,1,1,0,7,0,2025-05-29,2025-05-29,0,1,1859,1859
"New update on May 28th, 2025 makes this game playable again since it removed the GFWL stuff. I hope it returns for sale soon.

Overall, this game is meh. If you are a hardcore RE fan, I recommend playing it at least once.",223,1,1,0,49,0,2025-05-29,2025-05-29,0,112,301,277
its peak,8,1,1,0,0,1,2025-05-26,2025-05-26,0,56,1141,1093
game no run gin money,21,0,1,0,3,0,2025-05-21,2025-05-21,0,30,314,314
better than any of the remakes to date i absolutely miss this game,66,1,1,0,3,1,2025-04-07,2025-04-07,0,7,71,71
"GFWL is defunct, so no multiplayer as far as I'm aware. Single player is an enjoyable Gears of War meets Resident Evil experience. Not exactly cannon but some parts could be. I waited for a sale and got the game and all DLC for less than $10, it was worth it. I was still able to get GFWL achievements as of April 4, 2025. YMMV.",328,1,1,0,0,0,2025-04-05,2025-04-05,0,2,3307,3307
"This game had so much potential but ended up feeling like a missed opportunity.
The idea of playing as the elite squads of Umbrella corps during the events of Raccoon City is amazing, but is that enough?
Clunky mechanics, AI is terrible, level design feels repetitive. The only ""Resident Evil"" of this game is the story, but gameplay strayed so far away. Co-op is fun, but not enough.
Plus, the game doesn't even get any more support. It literally cannot be played anymore without going through hell first to get it running.",527,0,1,0,1,0,2025-03-30,2025-03-30,0,294,1576,666
"If you can get this game running past the weirdness that is the archaic and defunct Games for Windows Live, this game is a decent, maybe not great, Resident-Evil-flavored, Xbox-360-era action shooter where you go up against zombies, monsters, and the ever-annoying US military.

This game's main PvE gameplay loop is OVERALL pretty fun for an Xbox 360-era action shooter. However, upon replaying it for the first time to it's conclusion, at least for the main campaign, there are a few moments in the main story missions that take way longer due to some unfair frustrations.

Even on easy, just to have a casual romp through Raccoon City with overwhelming firepower, there are a few things that drag down the main missions, like any given section with a handful or more of the US military. One mission has you restarting generators, and each time you complete a section of that fight, a door opens up with about 12 military dudes who all focus fire, and you can go down in a fraction of a second. And the final mission has a huge fight between 12 or so soldier holding a wall an endless stream of zombies, of which half of them are the more powerful Crimson Head zombie variant. Get ready to die to a lot of unfair crap on that fight if you're playing solo.

The game really shines when it's just you fighting the monsters. With the right loadout, Hunters and Lickers aren't too tough, but there are sections where the game swarms you with Lickers and I can easily see those spots being a sour mark on the game's mixed record for some folks.

Another thing that lends to frustration is the controls. I played it on a controller, and the fact that the ""A"" button is responsible for dodge-leaping to the ground, picking up weapons, picking up ammo, picking up throwables and health items, and reviving teammates, means that, at least in hectic fights like the one before the main campaign final fight, I would be trying to revive a downed bot teammate, dodging past them, then swapping weapons off the ground 2-4 times before finally reviving them, and seemingly forever losing the weapon I chose on the pre-mission loadout screen unless I died and reset to checkpoint.

To me, the good outweighs the bad, but the bad in this game can be extremely frustrating, enough to probably keep me from wanting to replay this game again for a few years. What I wouldn't give for this game to get a remake or re-imagining with modern action shooter mechanics, and less of the 360-era wild-west of action shooter game development jank. Take what works for this game and mash it up with what's expected of modern action shooter controls and handling. And for goodness sake, either nerf or remove the US military. I'm here to shoot zombies, not dudes in body armor and wielding assault rifles.

It's currently March 30th, the game is currently delisted, but you can track the internal workings on SteamDB's website. The last major update was the game receiving a new internal build branch back in January of this year (2025). Presumably, Capcom is slowly working to remove the Games for Windows Live crap so they can relist, but with this game being the most mixed-to-disliked Resident Evil game, they probably aren't in any real hurry. As it stands, I can't play this game using my main Xbox account because its got modern account security features enabled, and the password is over 16 characters. So if you REALLY want to try this game, I would recommend making an alt account that you won't miss if anything happens to it due to lack of security options enabled.

We'll see how long it takes for this game to get relisted, or rather IF it does. But if you are ever in the mood for some action shooter in your Resident Evil, and this game is ever re-listed to buy, this might be the game for you. Though it would help if you had some nostalgia, or even tolerances, for Xbox-360-era games.",3888,1,1,0,1,0,2025-03-30,2025-03-30,160,31,576,576
Crashes on launch.,18,0,1,0,1,0,2025-03-23,2026-01-11,119,41,21,21
Unplayable,10,1,1,0,4,1,2025-03-15,2025-03-15,0,33,912,912
the best resident evil game ever,32,1,1,0,7,1,2025-03-09,2025-03-09,307,138,590,20
better than re-verse and resistance a must play for all the Racoon city fans,76,1,1,0,10,0,2025-03-08,2025-03-08,1114,119,1138,1063
I've had this game in my library for years so decided to do the GFWL workaround which was extremely easy. Pure goosebumps playing this gold again. 10/10,152,1,1,0,11,2,2025-03-04,2025-03-04,695,55,348,241
when is the fix coming out please guy i miss this game,54,1,1,0,16,0,2025-02-24,2025-02-24,156,7,8,8
"The job is to go in and to go out without being seen, just like how this game did. Finally a game where we get to see the the zombie problem from the bad guys eyes. Umbrella be wrecking people’s lives for years now. You play as a elite squadron task to end any problems that Umbrella has. Plays like left for dead meets Resident evil. However as cool as this concept is. The game it self is utterly broken. To even access this game on PC you have to download files that Capcom is too lazy to update them selves making the online virtually died. However me and friend found one kid from Chile to play with. A brave soul he was. A lot of the enemies are bullet sponges mixed with your bad aiming system makes it hard to kill anything.it does have game breaking glitches that does shut the game or kick your party members out which can be very frustrating to replay levels. One of the crazier glitch’s is teleporting Lickers. One moment they are crawling to you than they are zooming on the ceiling in a snap. This game is a collection that is everything from RE -RE3 so you get to all bosses and zombies types pop in and out. A cool seeking point of This game is the changing of RE history by being able to kill the hero’s of RE. Like Capcom was like man you want to kill Leon? You can! There is a 2nd campaign to play through the Spec ops but the story is not as cool. You can by different weapons and gear with each character having different pecks having a lot of combination potential. I think there is a really good game under the flaws of this game and if Capcom would remake this game or make a badass squeal not locked behind DLC, they would have a banger of a game. Just the state of the game now is hard to access and barely function enough to really play in its current state. Like a ghost this game vanishes back into the sands of time. 3/10",1851,0,1,0,3,0,2025-02-19,2025-02-19,336,159,581,581
"Another game ruined by GFWL. The only reason, I got this game before it was taken down was CO-OP. But now CO-OP is unusable all because of stupid Microsoft!!!!",159,0,1,0,31,2,2025-02-11,2025-02-11,184,1,251,247
"It's neat but it sucks without 3 other people
I imagine it was awesome when you had people to play it with
If this game ever comes back to buyable and it's fixed then disregard my bad review",190,0,1,0,18,1,2025-02-05,2025-02-05,412,29,514,274
Brings back the good memories I had.,36,1,1,0,7,0,2025-01-22,2025-01-22,562,126,400,249
Why?,4,0,1,0,2,0,2025-01-21,2025-01-21,0,279,102,102
Peak gaming. Not for the weak but I just wish I could play online.,66,1,1,1,4,0,2025-01-09,2025-01-09,0,10,550,415
"I genuinely liked this game. I remember I got it for the 360 when it just premiered (I actually pre-ordered it) and I loved it! Back in the day, we were all very excited about RE6 coming out and I remember CAPCOM stated this was sorta like a distraction for us while they worked on the real deal. It was supposed to be a mid game, and actually, people thought just that and worse. Me, however, was always defending the game, constantly playing it online, trying each day to get better and better. And I did, I really did. 

It's a shame that it got the reputation it did. And now, this game's unplayable here as you have to do all sorts of fixings in order to get it to work, and even then, it might not work for some. If I give it a negative or positive review it won't matter as they pulled this game out of Steam a while ago now. However, it gave me ample joy back in the day, so I am inclined to remember it as such and give it the positive review that, in my opinion, deserved then. 

I am allowing comments in case anyone wanted to share their experiences with me. I never really met anyone that liked it as much as I did, so here goes my shot into space hoping someday someone will answer.",1196,1,1,0,17,0,2025-01-06,2025-01-06,0,141,33,33
2025 still no steam version zzzzzzzz,36,0,1,0,80,0,2025-01-05,2025-01-05,1946,701,805,805
nice,4,1,1,0,3,0,2024-12-27,2024-12-27,0,1,127,127
Good game. Didnt have a problem with GFWL. Capcom needs to fix the game and relist it.,86,1,1,0,21,0,2024-11-18,2024-11-18,284,22,1433,873
oh yea!,7,1,1,0,4,0,2024-10-29,2024-10-29,955,13,1253,1233
Please make it available again.,31,1,1,0,44,1,2024-10-14,2024-10-14,671,1,6,6
Very good game for those not looking for a horror aspect for Resident evil and want to experience the game from a Umbrella perspective. Finding a work around for the Windows live is the only issue but there are ways to do it.,225,1,1,0,10,1,2024-10-14,2024-10-14,0,129,218,218
"Me personally, i loved the online VS modes. I don't like how frustrating it is to get the game to actually work. There are quick fixes online but it will take time. After trying everything online, I randomly found out that my fps was not correct in-game....either way it is a different take on resident evil 2. I recommend it for the story alone!

I'd say wait for a sale.",372,1,1,0,3,0,2024-10-07,2024-10-07,402,11,481,481
Will not even launch.,21,0,1,0,3,0,2024-10-01,2024-10-01,0,3,88,88
Game is fun if you just want to blow some time with friends. Wish Capcom would fix it and relist it on Steam.,109,1,1,0,21,0,2024-08-29,2024-08-29,468,7,1929,1768
Good RE COOP),13,1,1,0,8,0,2024-08-27,2024-08-27,283,92,434,421
"Gameplay itself isn't bad, I played it a LOT on the xbox when it released back then but the story is....interesting. It's not a resident evil game, but they use it as a backdrop for the story which in itself is very lackluster. You also have to fight with Games for Windows Live to get the game to run, but its alright when you get passed that.

Really I'd pick it up when its on sale (if they decide to bring it back) but its not worth full price.",448,1,1,0,9,0,2024-08-09,2024-08-09,218,27,341,247
"Notice: Message from Capcom:

We are aware of an issue that some customers may be experiencing during game installation which is related to Games for Windows LIVE. We are temporarily disabling the purchase option on Steam while we investigate the matter further. We will keep you informed of the progress of the investigation. Thank you for your patience.


3 Years Nothing
Thank you for this.",393,0,1,0,164,10,2024-08-01,2024-08-01,24793,622,138,7
"Silly, but good",15,1,1,0,0,0,2024-07-31,2024-07-31,0,9,881,880
"Unplayable due to Games for Windows Live. I really wanted to play through this one, always looked interesting and I had fun playing it at he gaming cafe.",153,0,1,0,21,0,2024-07-31,2024-07-31,0,359,77,68
"Don't waste your money, the game doesn't even open. I thought it was my old PC the problem. but I remembered the existence of this game in my library, then I tried to install it and it didn't work.",197,0,1,0,6,2,2024-07-22,2024-07-22,0,3,41,41
"FIX THIS PHUCKING GAME!

EDIT: THEY FIXED THIS PHUCKING GAME!",61,1,1,0,0,0,2024-07-12,2026-02-09,830,67,81,63
"Awful Resident Evil game, yet still lots of fun. Would like to play it coop with the boys if it ever goes back up for sale.",123,1,1,0,8,0,2024-06-24,2024-06-24,261,15,408,316
my game won't even open so f this bs,36,0,1,0,5,0,2024-06-10,2024-06-10,0,4,244,243
"Like how you get another point of view of the carnage happening in Raccoon City.
Raccoon City will always be the best part of Biohazard franchise.",147,1,1,0,5,1,2024-06-04,2024-06-04,0,16,498,362
"All these years later and the game still hasn't gotten a fix for the issue with: ""Games for Windows LIVE"". Which is a shame, since I had a fun time playing this with friends on the 360 upon release. But, it is what it is.

If they ever fix the issue, I'll change my review.",273,0,1,0,19,0,2024-05-26,2024-05-26,940,115,44,44
its a good game,15,1,1,0,3,1,2024-04-19,2024-04-19,577,126,715,697
"i got this game to work you have to download a windows live thing idk were i found a video about it on youtube a long time ago, only thing is that u can only play with friends on steam who own this game cus the windows live isn't a thing so finding live random players wont works only steam frirends can be played with, key note it is hella slow the first time you log into the windows live thing in game. Thats normal because the app is trying to connect to something that isn't their so it keeps going tell it works then once the account is on the game, it will load faster and you wont have to do that long  wait again when you  log into the game,
 (https://www.youtube.com/watch?v=VULRXa0Q280) this is the video that i used to make it work
still they should fix it,  the fact that they took the game off the store is so funny, but means that they dont care about player who like this style of this game. At less players have found a way to fix it",950,1,1,0,9,0,2024-04-02,2024-04-02,0,3,1284,1218
Either fix it or refund us.,27,0,1,0,15,1,2024-03-31,2024-03-31,622,10,965,98
total ♥♥♥♥ game has not worked ever since games for windows live shut down capcom has refuses to fix the problems and have instead forced DRM on to all there old games,167,0,1,0,10,0,2024-03-23,2024-03-23,0,584,43,43
"THEY DONE ♥♥♥♥♥♥ IT IP

No longer works.",40,0,1,0,6,0,2024-03-08,2024-03-08,0,194,202,202
"Crashed all the Time for me, idk know why ;(",44,0,1,0,9,1,2024-03-05,2024-03-05,557,263,84,84
Make this game playable online without requiring Game for Windows,65,0,1,0,36,0,2024-02-12,2024-02-12,172,12,449,449
"The atmosphere of Raccoon City was very good in this game. I think the story of the game was good, except for the ending.
The gameplay wasn't very good. But it was great to encounter all the iconic characters and enemies from re2 and re3.
We were playing as the Umbrella Security Service delta team, and at the beginning, together with Hunk, we were trying to steal the t-virus and g-virus from William Birkin and then destroy the evidence of Umbrella from every iconic place in the city.",488,1,1,0,12,1,2024-02-10,2024-02-10,0,224,561,561
"Remove the Retroactive СrАРСОМ DRM - ""The Enigma Protector""

Fix your game - Resident Evil: Operation Raccoon City

Remove the Cursed ""Games for Windows - LIVE""



Otherwise I won't buy your games again!",203,0,1,0,7,0,2024-02-07,2024-02-07,665,32,5947,3686
Love This Game,14,1,1,0,1,0,2024-01-31,2024-01-31,0,3,1186,1067
"Well, they did remove GFWL and made the game playable but at the same time also removed the online features. I'm kind of in the middle with this. Game is playable on campaign mode that is a  plus but no online kinda sucks.",222,1,1,0,0,0,2024-01-30,2025-07-30,866,70,1736,968
Put the game back without DRM cowards,37,0,1,0,33,1,2024-01-29,2024-01-29,160,36,536,536
Doesn't even work,17,0,1,0,2,0,2024-01-29,2024-01-29,0,30,372,178
ya better off calling this the end of badassness,48,1,1,0,1,0,2024-01-28,2024-01-28,108,33,1137,959
"I WANT TO PLAY THIS GAME WITH MY FRIENDS PLEASE FIX IT
UPDATE: We are so close for the game to coming back hopefully now that Windows live is gone? Praying its soon!",165,0,1,0,17,1,2024-01-25,2025-06-12,203,20,555,555
"Capcom is adding DRM Enigma Protector to their back catalog of games.
Prevents modding and reduces performance by up to 10-15 fps with stutters.
I will never buy games from Crapcom ever again.
Modding =/= cheating.",214,0,1,0,15,1,2024-01-22,2024-01-22,0,114,90,90
"Fun, silly shooter. Nice change of pace, and i like the crazy story ahaha",73,1,1,0,0,0,2024-01-18,2024-01-18,0,3,2983,1481
"Don't buy or download anything capcom until they stop with this war on modding. This new DRM ""Enigma"" is russian trash that has the primary focus of destroying mods.",165,0,1,0,7,0,2024-01-17,2024-01-17,0,26,425,425
"COME ON CAPCOM, STOP BEEING A PILE OF DOO DOO AND MAKE THIS ♥♥♥♥♥♥♥ GAME WORK, REMOVE THE ♥♥♥♥♥♥♥ GFWL ( the modders can do you can too you pile of incompetent ♥♥♥♥), make a port of the achivs and finally stop beeing a PIECE OF ♥♥♥♥, like a real piece of ♥♥♥♥ like if a piece of ♥♥♥♥ ♥♥♥♥♥♥ a piece of ♥♥♥♥ and got an STD
You're that piece of ♥♥♥♥",347,0,1,0,3,1,2024-01-17,2024-01-17,629,92,740,673
2021 they game has some problem and it will be fixed.its 2024 and game still has some windows live issues.tnx capcom for ignoring,129,0,1,0,6,1,2024-01-17,2024-01-17,91,1,558,45
Using that weird DRM on super old games? Not cool,49,0,1,0,2,0,2024-01-16,2024-01-16,0,2,529,359
Capcom won't fix broken old games but will happily add malware to them instead. F*** these terrorist supporters,111,0,1,0,26,3,2024-01-15,2024-01-15,0,10,204,204
"Capcom has been sneaking in Enigma DRM on their older games with an update purely to block modding. This DRM causes performance issues, crashes and has broken Steam Deck support on some games. Enigma has been known to trigger antivirus programs since it’s also malware. Do not support this anti consumer company, they want to destroy modding to sell you skins and microtransactions!

Capcom won’t fix their old games but they’ll gladly add malware DRM on decade old games for petty reasons. Retroactively adding DRM on old games is not only disgusting but completely unacceptable.",580,0,1,0,26,2,2024-01-15,2024-01-15,0,26,1102,1102
"Resident Evil: Operation Raccoon City é um jogo excelente! A notícia abaixo não é sobre o jogo e sim o futuro dele com o DRM (se colocarem), é sobre os planos bizarros da Capcom.

Importante: Não comprem nenhum jogo da Capcom!

A Capcom esta intalando em seus jogos o DRM para impedir Mods, o que esta atrapalhando o desempenho do jogo, junto com o DENUVO, que também atrapalha o desempenho.
O DRM é uma prática de instalação que não tem nenhum sentido e nenhuma razão, além de ser perigoso para os PC's e deveria ser considerado uma prática criminosa.
Mods nunca atrapalharam em nada (nenhum jogo), pelo contrario, eles sempre ajudaram os jogos a nunca serem esquecidos, por exemplo, Skyrim ta ai para mostrar; outro bom exemplo, olha o que CD Projekt RED faz com seus jogos (a comunidade de Moders de Cyberpunk 2077 e The Witcher 3 é incrivel). Mods não são pirataria!

Importante: Só voltem a comprar quando eles corrigirem isso!
Esse é nosso protesto!",955,0,1,0,2,0,2024-01-15,2024-01-15,363,24,5297,5297
I been a long time Capcom consumer buying multiple copies of the same games on different platforms but not more. theyve decided to take a very anti consumer stance so against us gamers. i will no longer buy anything from them intil they reverse their current stance. i recommend everyone to do the same. how about fixing this broken game instead uh?,349,0,1,0,2,0,2024-01-15,2024-01-15,0,9,1004,951
"I didn't like this game in 2012 and I don't like it in 2024. Despite my feelings, I hope Capcom puts this back on the Steam store with GFWL removed. While it is a skid mark on the series legacy, it is still on the RE family tree and deserves to be experienced by curious fans. Especially as a time piece to the dark ages of the series (2012). 

The main Umbrella missions are boring, loud, and mercifully short. Maybe you can get some mileage out of this with friends, but I feel as if RE5 and even RE6 are the better co-op experiences. 

If you do play this, make sure you check out the Echo-6 SpecOps DLC. While it is more of the same, the campaign mission objectives are more interesting and varied. The DLC even has a traditional RE final boss, instead of awkwardly ending like the Umbrella campaign. 

The best moment of the DLC was fighting off numerous Tyrants in the Dead Factory with the assistance of a rail cannon (as alluded to in RE3 OG). Why was the whole game campaign not based around this type of story and setup???? It would have been so cool to have a full story campaign in the RE canon of the Spec Ops team working behind the scenes. 

Instead the game pushes its lame Hunk rip-offs getting betrayed by Umbrella and hurr-durr its not canon. Oh wow!! Will they or won't they execute Leon??? Who cares!!!!!!! BORING.",1335,0,1,0,2,0,2024-01-14,2024-01-14,190,11,576,576
Enigma DRM. ♥♥♥♥ right off capcom,33,0,1,0,3,0,2024-01-14,2024-01-14,521,40,151,151
NO! Why are paying customers being punished! Capcom decided to incorporate Enigma DRM into their games.,103,0,1,0,2,0,2024-01-13,2024-01-13,0,24,613,613
Capcom is a garbage ass corpo.,30,0,1,0,4,1,2024-01-13,2024-01-13,239,54,1413,1071
"Capcom adding DRM to their older titles

This game was removed from the store because of an issue with games for windows live. This prevented me from being able to play it but i was able to get it working with a patch file i downloaded and added to the game. If fans can get the patches necessary to fix the game and get it to work, there is no reason that capcom and all their resources can not get the game to work properly on their own. It is absurd that they would allow the game to rot and remove the ability for people to purchase it if they havnt already",561,0,1,0,3,0,2024-01-13,2024-01-13,451,17,1539,1539
"DRM? 
I'll mod it out!

Thanks for calling me a cheater Capcom! I will consider that in the future. 
Whereas I merely modded your single player games before, you're forcing me to actually cheat where I source your games from going forward.

Gomenasai, it can't be helped.

And Operation Raccoon City is broken for real so it already deserved the negative review!
Fix your attitude! Then fix your game!
I'll fix my reviews then.

I demand a Public apology and the promise you won't break our trust again, nothing less will do.
In exchange I will not move my business somewhere else.",581,0,1,0,4,0,2024-01-13,2024-01-13,0,29,13,13
"The game itself (story & mechanics) works well and is fun to play. However, because Capcom has decided to ban custom mods by adding another DRM tool I cannot recommend this game.

I played RE Village when it released day 1, and the DRM (denuvo) gave me nothing but a stutter-filled experience when I started firing my weapons. It was not a pleasant first experience, so I can only imagine it's going to be the same if not worse by having two DRM tools running in Capcom's games.

The fact that publishers like Capcom can retroactively change a product that YOU bought paid for a long time ago, just because they're butt-hurt over custom mods, is disgraceful.",658,0,1,0,3,0,2024-01-13,2024-01-13,0,11,423,422
NO NEW DRM!,11,0,1,0,2,0,2024-01-12,2024-01-12,378,65,807,788
"Hello fellow steam users capcom is choosing to destroy their legal game libraries with their new drm.

games that gets this drm are inferior to previous and pirated copies and what is worse is people are confirming the drm is malware/Trojan virus at worse to just making the games run like crap at best.

it also makes it so games can't be modded.

honestly this is over reaching no matter if this is cooperate greed or some kind of hate boner for modders cause no one wants to keep buying skins/cosmetic dlc or any other reason one can think of.",546,0,1,0,2,0,2024-01-12,2024-01-12,0,28,658,658
"Gameplay. Graphics. Level design. Music. Game design. Good. Bad. Good looking. Ugly. These are just tags that I use to prevent Steam from filtering this review and throwing it in the trash with the other ""irrelevant"" reviews when it is very, very relevant to the customer who is about to buy this precise game.

Capcom allows itself to update decade years old games in order to add [b]D[/b][i]ancing[/i] [b]R[/b][i]atatouille[/i] [b]M[/b][i]esopotamia[/i] in its code, and Steam does nothing to prevent it. And they are slowly but surely doing it to their entire older catalogue of games. How can I trust what I buy from this publisher, on this platform, then ? They change their game decades later to limit the player access to its property (remember, we bought this game !).

Imagine Best Buy coming to your home ten years later to add a padlock to your refrigerator. That's precisely what Capcom is doing with all of its older games. Capcom customers are punished for paying their game while privateers and sea brigands live their best life on the internet's uncharted waters. You know what ? I'm done being punished for behaving fair by a company that thinks its owes me and is entitled to my money, and change the rules decade after I bought their product, even dare to police and limit my access to it. Give me an eyepatch, a wooden leg and a parrot repeating ""pieces of eight ! pieces of eight !"". I want to sail far away from Capcom's bank account. And I will.",1468,0,1,0,5,0,2024-01-11,2024-01-11,2338,442,382,382
"Adding DRM that worsens performance and prevents mods to all their old games is beyond petty. 
Capcom was just starting to get better, too, but alas, they'd rather kill any interest that the PC market has in their games.
Don't buy any of their releases until they reverse this decision.

Poor form, Capcom. Poor form.",317,0,1,0,6,0,2024-01-11,2024-01-11,0,58,339,339
"DO NOT buy this game!

CAPCOM is adding Enigma Protector to punish honest customers and fans. Enigma is an invasive DRM that lowers a games performance and blocks the player's ability to use mods for their game. DO NOT buy this game or any other CAPCOM game. Why? Because CAPCOM is adding Enigma DRM to ALL of their titles, new and old. 

Spread the word, CAPCOM shouldn't be allowed to overstep their bounds and ruin games that honest people paid for!",452,0,1,0,17,2,2024-01-11,2024-01-11,0,96,369,369
"Steam should allow refunds of games that were bought without DRM, but now have dumb DRMs added a decade later. If i buy a DRM free game, that should not change while i am not looking. Crapcom is back.",200,0,1,0,3,0,2024-01-10,2024-01-10,176,9,820,800
"Excellent old game, like a sci fi version of Left 4 Dead.",57,1,1,0,0,0,2024-01-06,2024-01-06,0,117,1620,598
"This was my first Resident Evil game and is the reason I got and played the rest of the series. It holds a special place in my heart!

I hope the GFWL issue is fixed and I get to play again, I will definitely buy this for my friends so we can COOP together.

Edit: All I want for Christmas~ Is for this game to come back so I can play it with my homies~!",354,1,1,0,12,1,2024-01-06,2024-12-17,710,116,42,42
"This is a game that should be played with others, it is not that enjoyable playing solo with AI. The game has a lot of jank to it, but with friends it is a bunch of a dumb fun. It is brought down by the GFWL discontinued service which Capcom never patched out like other GFLW games which is why I am guessing it is no longer for sale on Steam. The best way to play the game today would probably have to be on Xbox One/Series S & X consoles.",440,1,1,0,15,0,2024-01-04,2024-01-04,269,19,214,210
There was nothing wrong with this game to play and they took it out of the market anyways do to fact that they dont want hear anyone complain about there game anymore and they said oh so u complaining about game not working here u go take it out of the store and lie about other stuff going fix issue for u about the game and then never bring all old games back anymore. Thats how dev going do sense not getting money from old games anymore take it out of the store and never fix it again. Game works for me but street fighter x tekken i had fix alot work around with this thing but so far i can now play xbox 360 games. BUt u wont hear about this game for pc anymore tell u buy it for xbox.,691,0,1,0,1,0,2023-12-18,2023-12-18,291,44,922,867
Game simply does not launch. Would like to play again but I see why it's been removed from the store.,101,0,1,0,3,0,2023-12-08,2023-12-08,0,65,432,432
"This game is worse than RE6. There are so many areas you're thrust into that have no counterplay and you're expected to deal with them somehow. I died 11 times on normal difficulty in Echo Six chapter two where you defuse the second bomb all because there's no cover. I tried looking around for tunneling strats or even areas where you could reliably take cover. Nope. Getting past it just rewards you with a group of tankier enemies. Other areas this bad are like end of Wolfpack's campaign where you're supposed to break down a barrier full of Spec Ops to get to Leon. Yet there's literally about 500 Crimson Heads constantly chasing you at the same time.

This game is riddled with constant situations like this that rely on luck. Even with hindsight there's no reliable strats except luck. This is absolutely infuriating to play against. You constantly get punished for things beyond your control. USS troops and Spec Ops are tankier than B.O.W.s. They can survive upwards of several headshots even on normal before dying. Leon can take 31 rifle rounds to the head in the final chapter before you win. Weapons are pitifully weak. Have fun watching zombies survive multiple L. Hawk rounds on normal. Crimson Heads can take five to a whole magazine with center mass shots on normal.

It's a pile of ♥♥♥♥. Save your money. Do not get this game. RE6 might be terrible but it at least doesn't thrust you into these levels of terribly designed situations.",1453,0,1,0,1,1,2023-11-27,2023-11-27,0,2,7927,962
Friend and I want to purchase this game  again for two-4 Player co-op. Fix and  Reenable it. I already Purchased and own the game. I liked this game.  Temporarily is not for more than a year!,191,1,1,0,36,0,2023-11-25,2023-11-25,0,4,72,72
fun journey with friends,24,1,1,0,0,0,2023-11-11,2023-11-11,0,1,476,474
The game is actually pretty fun but it is literally unplayable right now as capcom still hasn't fixed the GFWL issue despite announcing they would 2 years ago :/,161,0,1,0,13,0,2023-11-07,2023-11-07,325,44,586,586
ok,2,1,1,0,0,0,2023-10-22,2023-10-22,290,146,202,183
"Considered unpopular, but I love Operation Raccoon City",55,1,1,0,22,0,2023-10-15,2023-10-15,386,29,1060,1025
"Negative review so Capcom does something to bring this back, I hope.",68,0,1,0,27,1,2023-10-07,2023-10-07,923,116,884,879
"When I think of the Resident Evil Series I like to compare this game to the Kennedy's. We have Joseph Kennedy Sr and Rose Kennedy, the origination of the series and we can consider them resident evil 1 and 2. Solid games that laid the foundation to an amazing series. We have RFK  and JFK. The biggest names in the family and they represent RE4 and RE7. A bunch of other Kennedy's that fill the void of veronica, 0, dead aim, survivor, 5, 6, and 8 paralleling how some of them are good and meh. Then we come to poor Rosemary. The lobotomized child hidden by the family. Just like this game is hidden from purchase in the store. Yes, RE ORC is a defunct game that doesn't function properly in today's society just as she could not.",730,0,1,0,0,0,2023-10-04,2023-10-04,0,18,602,602
"This game was a gem and classic and a lot of people turned away from it. Please Capcom, do what you did for RE5 and bring this back. This game was fun co-op or versus and the small lobby requirements make it easy to find people since quite of few still love to play this.",271,1,1,0,45,1,2023-09-28,2023-09-28,588,17,333,253
"It's fun. I like it. I see why some people would not like it, but it is what it is. I have not tried any DLC yet, but eventually I might.",137,1,1,0,2,0,2023-09-27,2023-09-27,0,6,3697,3600
"Very good game, Capcom please fix this.",39,1,1,0,3,0,2023-09-24,2024-03-01,2324,134,1018,1018
PUT THE DAMN GAME BACK ON THE STORE FFS,39,1,1,1,186,8,2023-09-14,2023-09-14,191,52,8,8
PUT AN UPDATE OUT FOR GFWL PLEASE. IM THE ONLY ONE OF MY FRIENDS WHO HAS THE GAME AND I WANNA PLAY WITH MY FRIENDS,114,0,1,0,0,0,2023-09-07,2025-03-09,0,45,327,309
"man i got so close to making multiplayer work today and lost the battle at the very end, lost connection to game, looks to be rather fun but at least i can SAVE now if i ever do play singleplayer",195,0,1,0,5,0,2023-09-05,2023-09-05,631,40,84,84
would love to play it but they said they'd fix it (they probably wont) even tried external fixes and nothin,107,0,1,0,6,0,2023-09-05,2023-09-05,0,83,138,138
"i enjoyed ,what i played so far. But i would would love it even better ,if they fixed the game, so i can keep playing it and having my friends play it too",154,1,1,0,4,0,2023-08-24,2023-08-24,0,5,305,305
game hasen't run in over a year.. total trash,45,0,1,0,12,0,2023-08-05,2023-08-05,229,7,64,64
"The game hasn't launched for years. There may be a complicated way you can make it work with work arounds, but I'm not going to do that. As for the game when it did function, it was so-so. It was campy, and a little janky, but overall a semi-fun play through, but that was back when it came out. I can't fathom how it looks and plays now. I assume it's aged horribly.",367,0,1,0,4,0,2023-08-04,2023-08-04,597,127,250,250
Let me play this games. It's been over a year and a half and you haven't fixed the GFWL since announcing you were going too!,124,0,1,0,69,1,2023-07-30,2023-07-30,1025,41,170,111
"The Game Is Actually Working ! But There's A Few Fix To Do And Step To Follow In Order To Make It Work Properly . The Online Mode Is Also Available But We Deffinitively Need More Player xD .So I'm Ready To Help Everyone That Will Need It To Get Fully Working Like Back In The Day's .So I Hope They're A Lot That Will Ask For The Help Cause The Tutorial On Youtube are not ""totally"" Complete And Need Little Bit More Information About How To Get It Working !",457,1,1,0,0,0,2023-07-24,2023-12-03,0,2,4172,2089
50%,3,0,1,0,2,0,2023-07-20,2026-03-08,811,548,1418,1418
"i remember getting zhit on back in the day because i pre-ordered this game and loved it.
back in the good old 360 days sigh,m bitter sweet.",139,1,1,0,7,0,2023-07-08,2023-07-08,1891,319,799,657
"I understand the criticisms, I do, but this game is a hell of a lot of fun. The variety is fantastic, from the amount of playable characters and builds to the weapons and attack animations. While melee feels stiff and difficult to aim, the option to use a zombie as a meat shield or execute it and then kick it into a crowd always feels rewarding and stylish.",359,1,1,0,8,0,2023-07-03,2023-07-03,0,1,2461,1450
"I love Resident Evil ORC, it is a real fun coop experience. Alone the classes like controlling zombies, or affecting the team by stim drugs, going invisible, making enemies turn into zombies attacking their own team, is pretty fun. Sadly because of the Windows Live (blame all creatures that created games based on that piece of ♥♥♥♥ and hard coded connectivity) it is unplayable. 
Sad it is ignored by capcom, they made a Message but they probably will never give it a Treatment like RE5, they rather spend their time and money for games that are dead on release. 
Re:Verse, Re:sistence, Exoprimal... Really good stuff :)

Who thought that PVP games suck :)",658,0,1,0,19,0,2023-06-27,2023-06-27,0,10,806,187
The rotten apple of the RE franchise. Skip this!,48,0,1,0,1,1,2023-06-05,2023-06-05,607,80,1074,1074
"It's sad that this game probably won't ever come back to stores. Maybe it'll get a remake! That'd be great!  All the other RE games are getting remakes.

I'm just getting back into this game. I played it a lot when it initially came out on PS3. I loved it then and I love it now. It's by far one of the best Resident Evil games out there in my personal opinion. I love almost all the Resident Evil games out there, including 5 and 6.

This one reminds me a little bit of Back 4 Blood (yes I'm mentioning B4B and not L4D because I like B4B better. Stay mad) with picking up weapons and gear (grenades, sprays, and using herbs) as well as bonus objectives such as destroying cameras, collecting data chips, and finding typewriters. Unfortunately the multiplayer aspect of the game is pretty dead, but I still love going through the campaign and trying out new weapons, trying to find ALL the cameras, etc.. I understand some people may not like this game because it didn't stick to the strict horror theme previous RE games had, but I still enjoy it for what it is.

The only real problem I have with the game on steam is that the mouse sensitivity is inconsistent. Sometimes it's fast, and other times it's slow. It seems to be determined by whether you're in combat/have your weapon up, or just walking around.

There's a lot more I'd like to say about this, but I'm sure you get the point. Great game, 100% worth the buy. Just make sure to check out the community hub on how to fix the Windows Live issue.",1506,1,1,0,2,2,2023-06-03,2023-06-03,0,45,2318,1895
"[h1]**As of 5/29/2023 this game still works. Crash fix stated below!**

This game came out a few months after Revelations in 2012.
It takes place before, during, and after the events of RE2 and most of RE3.

You play as one of the members of the Umbrella's Security Service division where you're tasked with destroying evidence and any involvement Umbrella had with the virus breakout being experienced.

The game/campaign is able to be played with a total of four friends, or solo with AI which is awesome!

For the longest time my game would crash on start up and never work. Which is the main reason Capcom made this game unable to purchase anymore. Because instead of removing the Games for Windows LIVE service that was discontinued, they just ignored it.

You can however get your game to work by doing these steps:

1) If you have Games for Windows LIVE installed already, go into Control Panel and uninstall both the Microsoft Games for Windows - LIVE Redistributable and MGFW Marketplace

2) Manually download and install the last/latest version of GFWL 3.9.95 (Check the guides for a download link)

3) Open the properties of ""[i]RaccoonCity.exe[/i]"", run it in Windows 7 Compatibility Mode and check the box Run as an Administrator.
(.exe located in Steam\steamapps\common\Resident Evil Operation Raccoon City\)

4) Start the game and either sign in to your old GWLF account or create a new one. Paste your CD key in, and wait about 5-10 minutes for it to complete. That's it!

It's a super fun game, if you like the series you'll enjoy it!

8/10[/h1]",1562,1,1,0,8,0,2023-05-29,2023-05-29,1653,1308,392,261
"Honestly a great game, the GFWL can be bypassed from a guide in the guides section. Great for co-op as well. I hope this gets re-listed soon!",141,1,1,0,9,0,2023-05-27,2023-05-27,516,81,1540,528
not bad,7,1,1,0,0,0,2023-05-22,2023-05-22,0,312,1064,798
.,1,1,1,0,1,0,2023-05-16,2023-05-16,426,121,472,472
"We need the GWL removed please, i just want to play the game !",62,1,1,0,12,0,2023-05-12,2023-05-12,205,37,141,141
"CAPCOM I SEEN YOU FIXED RE5, RE6, AND EVEN UMBRELLA CORPS FOR PC BUT WHY NOT OPERATION????!!!!",94,1,1,0,121,1,2023-05-09,2023-05-09,0,2,596,596
"still doesnt work, give me my money back.",41,0,1,0,13,0,2023-05-07,2023-05-07,150,2,52,52
i know this game can be a complete arse to get working nowadays but if you can get it working its a really spin off of the resident evil games the character design is cool weapons are fun it mixes a few different enemies story is not the best truth be told music is amazing 7.5/10 not amazing but what is here will keep you going from start to finish,350,1,1,0,7,0,2023-04-29,2023-04-29,778,35,955,627
Has Hunk,8,1,1,0,20,0,2023-04-29,2023-04-29,1212,23,186,186
"Wow i was really looking forward to this game!, but i wasn't too sure, it sounded amazing when they announced it, played it and its pretty awful, i was expecting like a Left 4 Dead experience but 3rd person in the Resident Evil universe, Beware!",245,0,1,0,3,1,2023-04-25,2023-04-25,930,164,149,149
I bought this game back in 2013 it didnt work at all. Now ten years later expecting the game to work and still it doesnt work and the developers are not doing anything to try to fix the problem.,194,0,1,0,22,0,2023-04-20,2023-04-20,0,1,15,15
spent 50 dollars and the game will not play,43,1,1,0,0,0,2023-04-17,2025-10-29,0,17,890,852
GOATED WITH THE SAUCE,21,1,1,0,5,2,2023-04-16,2023-04-16,0,147,373,217
.,1,1,1,0,5,1,2023-04-16,2023-04-16,0,7,8,8
not the best game but still kinda underrated. its a solid coop shooter + fan service,84,1,1,0,5,0,2023-04-15,2023-04-15,393,54,1008,690
"Please oh please fix this game, i would really like to play it with my friends.",79,1,1,0,21,0,2023-04-14,2023-04-14,633,10,215,69
"If they patch out the GFWL and maybe tweak the keyboard and mouse stuff, Ill buy this for friends to play again!",112,1,1,0,9,0,2023-04-13,2023-04-13,1110,8,194,142
buy now! :P,11,1,1,0,1,0,2023-04-09,2023-04-09,0,87,386,368
"⠀♫ Resident Evil Outbreak - Theme ♫⠀
───────⚪───────────────────────
⠀▐▐ ⠀►▏ ⠀⠀──○─ 🔊 ⠀₁:₂₅ / ₃:₅₀ ⠀⠀⠀⠀⠀⠀⠀⠀⠀⠀⠀⠀⠀⠀⠀⠀⠀⠀⠀⠀⠀⠀⠀⠀⠀⠀⠀⠀⠀ᴴᴰ⚙ ❐ ⊏⊐

https://www.youtube.com/watch?v=TczkCWDfElk",181,1,1,0,3,1,2023-04-07,2023-04-07,705,29,1989,1575
Would love to play this with friends please bring it back!,58,1,1,0,47,1,2023-03-30,2023-03-30,1003,21,7,7
"Played the heck out of this on the PS3 and WAS alot of fun with friends. I gotten this on steam to join others and my partner only to have a slap in the face with the damn gfwl. C'MON CAPCOM YA ASKING WHY TRUE FANS ARENT GETTING THE GAMES THIS IS WHY!!! REMOVE GFWL FROM THE GAME FILE THEN THE SALE ""MIGHT"" BIG BACK UP >:(",322,0,1,0,15,3,2023-03-30,2023-03-30,0,47,256,26
"GIVE ME BACK MY GAME CAPCOM !!!!!!!!!!btw: The game is a okay is it not bad but is a good action shooter with some horror and suspence and some ammunition control and all, you will not gun and run. it has a cover mechanic for figthing against humans+zombies+G-monsters (yeah in raccon city you will have some pesky spec ops in your way while you burn umbrella traces out of existence).1 - is a pretty good game with 2 good campaings one as USS (umbrella cover agents) and one as Spec ops(USA soldiers sended into the city- u need to have the spec ops expansion) .2 - GUNS: it has a lot of guns expecially if you take the guns pack with the base game  and the game have a nice progression 3- BOSS/Enemies: classic zombis (dogs, lickers etc) nemesis and some G monsters like W.Birkins 4- Ambient : Raccon city is back in the menu boys, (you walk a lot in a pretty chunk of the games in the glorious city of the raccon even have some places that are not existed in Re 3 remake like the cemitery) so yeah the ambience is a pretty good one, you even go to others places like the manor and the run of the mill umbrella lab. is a pretty good game besides all his flaws and dated graphics since Capcom just killed the game my hopes of a Remake is dead because yeah  if this game got a remake in the basis of Re 2 remake focused in the horror and survival with the over the shoulder action and a expanded Raccon city would be awesome",1424,1,1,0,6,0,2023-03-26,2023-03-26,412,28,1492,834
"This game is amazing and i wish it had sequels, i bought a year ago and forgot and just got it running and it is still so much fun.",131,1,1,0,1,0,2023-03-25,2023-03-25,0,9,226,62
"I ENJOY THIS GAME IDC WHAT YOU SAY, PLEASE FIX IT AND BRING IT BACK! 😭😭",71,1,1,0,14,0,2023-03-25,2023-03-25,0,12,64,64
Dawg I had to pay 63 bucks for this game because gamestop wouldn't deliver me a key. Never buy from them!,105,1,1,0,4,0,2023-03-20,2023-03-20,836,11,194,52
they removed gfwl and made it not possible to play online and deleted saves,75,0,1,0,0,0,2023-03-20,2025-05-29,0,160,485,400
"its a good game I just hope they will fix the issue after they release the remake of RE:4. Please fix this game after the release of RE:4, thank you.",149,1,1,0,0,1,2023-03-16,2023-03-22,0,5,1044,227
Please put the game back for purchase !!!!!!!!,46,1,1,0,80,0,2023-03-15,2023-03-15,230,16,56,14
♥♥♥♥♥♥♥ game,12,0,1,0,0,1,2023-03-14,2023-03-14,0,5,13,13
its been year and a half like wtf capcom its not a new game just remove gfwl and bring it back i just wanna play some heroes mode ffs,133,0,1,0,120,2,2023-03-14,2023-03-14,0,3,94,94
I can't play this game. Haven't heard nothing from Capcom's investigation team. I was looking forward to play this game.,120,0,1,0,10,1,2023-03-13,2023-03-13,0,4,6,5
"It wouldn't suck so much if it worked as intended but sadly it doesn't. 
It's meant to be played co-op - you can tell. The friendly AI is so basic
and dumber than Patrick Starfish. The gameplay itself is very basic too.
From what I could gather, there's a story. But all I did was hold W and
go from room to room, killing trash enemies. Then there was a thicc boi
and more groups of enemies. Playing through the campaign with your 
mates and then jumping into online versus mode for a bit afterwards is 
the way it's meant to be played but that's no longer possible apparently
(without doing some work - not really worth it for me because I only have
imaginary friends). Something to do with Games For Windows Live. The
campaign solo is an absolute snore fest, unless you're a hardcore RE fan.",793,0,1,0,6,3,2023-03-13,2023-03-13,679,578,140,140
Great game very underrated sure this game wasn't the best on console but it for sure is fan service and better on PC.,117,1,1,0,0,0,2023-03-13,2023-03-13,0,14,370,370
"Not too great, not too bad.  I suppose it was worth the 5 dollars spent but it's been quite a while since Capcom took RE: ORC off steam due to issues with the game and they have yet to actually fix the issue so people can play with their friends in a game thats meant to be played with friends.

The game tells the story of the Umbrella Operatives who were ordered to retrieve William Birkins G-Virus and subsequent events that occurred following that mission.

Has some plot points that tie into RE: 2 and RE: 3 a little bit making it a interesting experience if you are familiar with the events of those two games.",616,1,1,0,5,0,2023-03-13,2023-03-13,2575,391,307,307
"As a Vet from PS3 day's on day one and coming here many years back in 2018-19ish on PC and a huge resident evil fan, this is still one of, if not the best resident evil games I have ever played

its popular in the RE community to not like this game but with the budget and ambition they did so much with so little especially considering the year it came out March 20, 2012

mind you this game was made only in under a single year, superb job devs

and its still up and strong, its not a traditional RE game and in its marketing it show cased that clearly even in my youth it never lied

The greeting with the fantastic original soundtrack still has me coming back all of these years timeless works

and the menu and UI being quite nice and leveling system for gear/class and weapons felt worth while and worth it and not insanely grindy

the fully co-op campaign was and is still refreshing as you run into events after RE1 mainly a small remake but the sidelines of RE2 and RE3 running into iconic characters and situations but realizing you are now the lore background element and a factor on why it was so bad just amplifying the horror as an elite unit of umbrella security service even fighting UBCS, the US military and spec ops show casing how you as private contractors valued your lives over the many be it in your background for not caring, progress of science, loyalty to the all mighty tier one dollar, or to value your own life for an extraction

and there are back and forths on many playable characters feelings on this and its dynamic and gives a lot of light of the situation or themselves at that point in the operation 

many here will claim issues with GFWL (games for windows live) back then it was more so a ♥♥♥♥♥ to get this working but the same was said for FO3, RE5, etc and they did go back and update it to make it easier to be accessible to login any quick guide on the steam guides section covers this and even now with a fresh install today was able to easily get the game running because of the update unlike the past back in 2018

Resident Evil: Operation Raccoon city is the most fun and accessible RE game on the market that pays homage with game-play, references and plenty more

is it treditional, no and it will never be it was a product of its times and it did it spledidly, just many people withe ego's or lack of appreciation of art never saw it as that

you can still find many people even to this day making videos on this game, and finding something new after all these years and also the same other people still all these years claiming this is a bad game, no with a hate boner fan-base clearly it is good if people are still coming back consistently on YT videos, Twitch streams, Steam forums, etc and saying either great things or the basic run of the mill game bad because GFWL

insane replay-ability, great characters, the voice acting was way too good than we deserved, brought together so many plot threads and elements and did a good job 

and as originally marketed had a split ending

many people also didn't like this but all those years ago and especially now it makes sense with what they did
they allowed you to decide the fate of the characters of RE2 in the end, very ballsy and is mainly a what if scenerio and high lights canon or the non canon route and the game concludes there

obviously if they did more of a fan fare or better conclusion for our operators there but its mainly to the imagination which in my book is fitting for the grey and ambiguity of the fate of these characters

overall a 10/10 in my book, still a great fun game to play with friends and alone

many difficulties as well and as a person who completed professional years back on both platforms can tell you, the harder it gets the more tactics, and clever management of gun-play and resources you have to manage (there is even a harder difficulty)

thats the real horror/pain and you will feel the pressure, and in a way gives the mini loop many classic RE would want but not in traditional horror but functionality horror

the many people over the years I hear panic scream or get very scared on PVE and PVP modes is what really sold me on this game

and if you are a calm and collected professional, then this field is a sharpening ground for your skills and adaptability

(NOTE) This review will be updated and become more polished in spare free time
 feel free to add me and join me in the field or watch me live on it on twitch or YT

and if you have any questions feel free to reach out.",4530,1,1,0,4,0,2023-03-12,2023-03-12,380,68,4082,2212
put this game back in stores. i wanna play it with some friends!,64,1,1,0,247,3,2023-03-10,2023-03-10,0,2,521,521
"""The Room"" of video games.",26,0,1,0,6,3,2023-03-09,2023-03-09,0,16,691,691
"Ethan can have is Hand back to slap Dimitrescu cheeks, but we can get a simple game back, shame.",96,0,1,0,73,29,2023-02-28,2023-02-28,170,24,878,878
Works Good On My End One Of The Best Spin Off Resident Games Ever!!!!!!!!!!!!,77,1,1,0,4,0,2023-02-27,2023-02-27,603,25,5479,3979
"once you fix the windows live issue, it's ok game, some gameplay mechanics is dated but the RE storyline is really nice to have from another perspective.

Sadly this game's story is way too difficult, not sure if its due to the moron AI or other things, I've finished plenty of games on hardest difficulty and yet somehow this game on ""casual"" (it also have easy and then normal) is harder.",390,0,1,0,2,1,2023-02-16,2023-02-16,828,387,162,97
"this game always crashes when i open it

Edit: 
Game was finally patched as of May 28 2025 and I can finally play it
actually kinda fun
game was ok",147,1,1,0,1,0,2023-02-11,2025-06-21,0,2,65,34
Can the game come back so i can buy it,38,1,1,0,19,1,2023-02-10,2023-02-10,0,24,8,8
"The game is full of RE series easter-eggs and fan service - for example, in a very first mission we help Hank to get a T-virus from Dr. Birkin (what we can see in the cutscene in RE2 Remake) and  then run away from Birkin-mutant.  The game is full of stuff like that.

Game, however, suffers from lots of minor flaws, tolerable only by dedicated fans of Resident Evil. ))
Still good game though, give it a try - it's not bad TPS with covers.  

Игра страдает от множества небольших недостатков, терпеть которые смогут лишь фанаты серии. Игра нашпигована пасхалками и отсылками к серии - так, например, уже в первой миссии мы помогаем Ханку забрать у доктора Биркина Т-вирус (что мы видели в катсцене римейка второй части), а потом убегаем от Биркина-мутианта. И такого в игре - навалом.

Но в целом неплохой шутан с укрытиями от третьего лица, стоит попробовать. Интересные механики с классовыми абилками, но увы, геймдизайнер то ли не смог, то ли не успел довести их до ума.",975,1,1,0,7,0,2023-02-08,2023-02-28,155,25,3010,2539
A shame this game is never gona be sold again,45,1,1,0,14,0,2023-02-04,2023-02-04,0,65,561,561
"So much for fixing this? its been over a year

Update 3 years later still can't start the game",94,0,1,0,81,3,2023-02-01,2026-04-08,0,34,56,56
doesn't  work lol fix please,28,0,1,0,15,1,2023-02-01,2023-02-02,0,66,284,192
capcom please fix,17,0,1,0,41,3,2023-01-29,2023-01-29,597,18,13,13
Please bring it back,20,1,1,0,7,0,2023-01-03,2023-01-03,0,1,1283,872
"Still a great off beat game in 2022!

Take about 10 minutes to get working if you follow the instructions here:
https://steamcommunity.com/app/209100/discussions/0/5350815203286618745/

Enjoy :)",194,1,1,0,5,0,2022-12-27,2022-12-27,0,2,274,235
"I never got to play this.  Bought it ages ago and even then it opens an activation key window, does some microsoft package installation which is literally 2 seconds.. goes to a black screen for 1 second and them immediately goes to desktop and they blue steam button goes from blue to green (back to Play) as in asking to load it again... 
Capcom put up a post ages and ages ago they knew of the problem and were fixing it and that was never further addressed.  It still says ""we're fixing the problem"" years later.. so they've done nothing..

Do not buy this game.. - too late for me to refund this sh!t sadly.  Never even got to play the game at all.",652,0,1,0,1,1,2022-12-21,2022-12-21,0,64,73,73
PLEASE GET THIS BACK IN THE STORE!,34,1,1,0,123,2,2022-12-16,2022-12-16,0,1,123,121
"Where is that FIX, CAPCOM?",26,1,1,0,52,1,2022-12-12,2022-12-12,307,13,2630,2251
fun,3,1,1,0,0,0,2022-12-10,2022-12-10,49,9,1576,1208
Ta bueno,8,1,1,0,2,0,2022-12-04,2022-12-04,79,6,618,618
"Non-canon, glitchy, most of the budget seems to have gone to cutscenes, and the AI teammates are useless. That being said, if you're not taking things too seriously, this game is a lot of fun & somewhat underrated. It's great fun if you run with other players, though it's a bit of a hassle now with the Games For Windows Live issues. It could be better - but it could also be worse. A lot worse.

The DLC campaign is also entertaining! Apart from the first Nemesis fight being kinda tedious, it's overall really good & a bit more challenging! All in all I'd give this a solid 7/10!",582,1,1,0,0,0,2022-12-02,2022-12-02,0,14,4230,3462
"[table]
    [tr]
        [th][h1] My Playthrough [/h1][/th]
        [th][url=https://www.youtube.com/playlist?list=PLTZKn1hLlcQPczVFxIi5iyuYp8-H__7Yp] Youtube Playlist [/url][/th]
    [/tr]
    [tr]
        [td][h1]The Review[/h1][/td]
        [td]Very bad squad-based third-person shooter. The story is not canon and the game is not fun. Avoid if you enjoy Resident evil franchise.[/td]
    [/tr]
[/table]",406,0,1,0,3,2,2022-12-02,2022-12-02,11271,1086,446,446
PLEASE BRING THIS GAME AVAILIABLE AGAIN!,40,1,1,0,57,1,2022-11-27,2022-11-27,0,221,775,71
"I've had this game for awhile and play vaguely.  Once you're able to get the live feature to work, it's not bad.  If you're looking for co-op, there's not a lot of players anymore.  And this isn't a true ""old school"" resident evil game.  But the BOW's and the call of duty style shooter is a decent game to try on a sale.  The replay value is low though.",354,1,1,0,0,0,2022-11-16,2022-11-16,0,5,1876,1514
Just get it on console,22,0,1,0,3,0,2022-11-14,2022-11-14,0,86,204,199
"French : Ne marche désormais plus depuis quelques temps à cause d'un système de connexion désormais obsolète ""Games For Windows Live"", je déconseille de l'acheter, sauf si vous collectionnez. c'est dommage moi j'appréciait malgré les défauts.

English : Doesn't work anymore because of an old logging system named ""Games For Windows Live"", i do not recommand to buy it at all, if you do it will just be usefull as a collection game, sadly i liked it even if it had bad stuff.",475,0,1,0,0,1,2022-11-12,2022-11-12,0,21,2786,2786
you can't even load it up once you get it. get it on xbox.,58,0,1,0,2,0,2022-11-10,2022-11-10,0,23,363,363
"Resident Evil Operation Raccoon City is a messy, chaotic, fun game that can be enjoyable, especially with friends. 

It seems this game is no longer available to buy because of the windows live nonesense, and I really doubt Capcom will fix the issue since no one gives a ♥♥♥♥ about this game, but if you somehow find a way to get this game, or have it but didn't bother to play it, this review is for you. Well, it is more for me to get my thoughts out there like a journal but you know what I mean.

This is definitely one of those xbox 360 games that had the noticeable aspect of existing, kind of like bullet witch. This also came out when every third person shooter had to be a cover shooter, so this game follows trends. Surprisingly, this game isn't too bad at the cover system, but several others did it far better. If you are looking for something silly, this game isn't a bad pick. Just expect it to be be lower quality than you are used to from the franchise. If you haven't even touched the franchise before, I really don't recommend this to you. This game is also crazy fun with friends if you guys are together and laughing at the nonsense that is this game. It is like a sharknado movie, you don't take it serious, you laugh at it, watch it once, and then forget about it but still had fun. 

I can go on about all the bad parts of this game, like how so many guns are ♥♥♥♥ to shoot because of their accuracy, the friendly AI, the enemy AI, the difficulty spikes, the weird level design, awful dialogue, lack of enemy design, etc etc. But none of that matters if you go in with low expectations and buy the game for dirt cheap. 

I didn't play this game when the multiplayer part was up, so I can't say anything about this part of the game",1753,1,1,0,0,0,2022-11-10,2022-11-10,317,23,694,694
"honestly, this game isn't really that bad. 
don't expect it to be a triple-A RE game, and think of it more as a B-Game.
a game you play in an afternoon when you're bored. 
a game you play with friends to admire ORC in all of it's jank 2012 tactical shooter horror glory.

this game serves as a staple of what could've been, even now Capcom continues to try and try for an RE multiplayer with RE:VERSE being the most latest example (it's already dead).
10 years later and although the game is off sale, hardly anyone plays it, the support for it is running thin (held together by a GFWL patch) the wolfpack is still one of the most badass teams.

it isn't Outbreak but it's still worth a few hours of your time if you're an RE fan.
(love u bertha hope u come to the main series 1 day)",783,1,1,0,3,0,2022-11-06,2022-11-06,1296,144,233,233
"bought it and it bugs out, steam have taken my money for a game i literally only played for a couple of hours play! AVOID",121,0,1,0,1,1,2022-11-04,2022-11-04,0,1,179,179
Bring It back so we can buy and play it!,40,0,1,0,116,3,2022-11-02,2022-11-02,560,139,102,102
"so hows that fix comin?


STILL NOT HERE BTW THIS WAS MADE IN 2022 IT IS NOW 2025",81,0,1,0,188,37,2022-10-30,2025-04-18,188,11,152,152
"As someone who played this game via console first with countless hours, I cannot endorse the PC version until it's fully playable again. The many hoops in which one has to go through before actually being able to play (Microsoft Live...which doesn't work) brings me to this unfortunate down vote. While it may not have been the best game in terms of RE standards, I enjoyed the game for what it is and the story that left many wondering the biggest what if. I do hope in time the game makes a full return with playability, until that happens my vote will remain the same.",571,0,1,0,16,2,2022-10-27,2022-10-27,0,11,162,162
This is one of the Resident Evil games of all time,50,0,1,0,2,6,2022-10-02,2022-10-02,0,16,34,34
"And than God said unto man, may this game guide you too the hallowed halls of fisticuffs. So I ran up to a Licker and blasted that **** right in the face. This isn't a game of class or substance. This a game where you load up with a bunch of friends and run around drop kicking Zombies and their ilk. Its dope. So you know, once they fix this games for windows live trash, play it with a friend. Expect nothing. Receive Fisticuffs.",431,1,1,0,5,3,2022-09-21,2022-09-21,0,21,513,466
"bought this game to complete the collection 

This game was good in my time had a good story of canon to non-canon characters and the versus mode was fun had some funny play of turning people into zombies and while fighting a random titan came out and mangled you. An  update for this game or remake with better graphics jumping and more stages would make this a very great online rival against ""dead by daylight"" and other horror online multiplayers also While not exactly the best RE game, it offers more than a few hours of enjoyment for fans of the series. Whether playing solo or public campaign, or online multiplayer, there's something to be enjoyed by anyone who has invested any amount of time into the whole Resident Evil universe.",741,1,1,0,2,0,2022-09-16,2022-09-16,130,77,14049,1357
"A bit difficult to get set up, but once you do this game is an underrated gem. 
Not a flawless game, but truly better than people say. So what if they take liberties with the story, it's still good and I really wish they'd expanded on these characters. (Umbrella agents I mean) I find it incredibly fun being the conflicted ""Bad guys"" in this game. It makes it more interesting. I really believe that if Capcom would make a second game with improvements all around, this could be a new hit for them. Sad that it will never happen. I would have loved to see an expansion to these characters in a second game that fixed the issues from the first. 

This game is an 8/10 for me. Fond memories playing online with friends and enjoying running through the different game modes alone as well.",786,1,1,0,3,0,2022-09-15,2022-09-15,287,82,1541,1083
controller is a need to play this key bindings is a mess unless you got the time to sort it go ahead,100,1,1,0,1,0,2022-09-13,2022-09-13,0,31,342,338
When this game first launched way back when I remember it having some bugs and rushed release issues.  The game now is a lot of fun!  It is not like main Resident Evil game and is much more combat based.  Reminds me a bit of left4dead.  I really think this game is underrated for fans of Resident Evil.  It is great to have a game that goes into a bit more detail on the events of Raccoon City.,394,1,1,0,1,0,2022-09-11,2022-09-11,0,5,114,114
"Unfortunately I picked this up around the time Games For Windows Live was no longer... live. This game does not work, and despite the message from Capcom nearly a year ago (november 2021), it remains unplayable. Please remember to thank your local DRM rep with a toast to the rich; Your choice of cocktail.",306,0,1,0,2,0,2022-09-01,2022-09-01,0,33,23,23
The game is broken. You cant launch the game if you are on windows 11.,70,0,1,0,8,2,2022-08-26,2022-08-26,0,157,828,650
"Fun to See Fun to think and do, have mainly one hand but with the right mouse the fun can commence",98,1,1,0,0,0,2022-08-15,2022-08-15,0,11,3320,3319
"Over half a year and Capcom hasn't made the game work. I tried a manual bypass, but it still won't let me sign into the ♥♥♥♥♥♥ LIVE service. 
I tried the campaign solo, and this game just sucks. Nothing more to it, it's a crappy 2010's cover shooter. Glad that genre is dead and buried.",286,0,1,0,2,0,2022-08-11,2022-08-11,237,70,21,21
"so i've managed to start this game thanks to the several guides here on steam. also found some mods to make the gameplay more enjoyable since the vanilla balance is horrid and i had some degree of fun. still i think that Capcom should have removed the terrible GFWL like they did with re5 but i get that they don't care about this game anymore.
the concept of ORC was amazing (l4d-styled game set in RE universe), the characters design and skills were good (some of them) and i hope that one day Capcom will remake this spin-off or at least make a similar game with more budget and with a competent team",603,1,1,0,0,0,2022-08-06,2024-05-10,0,36,4220,2279
one of my favorite games its not perfect but I really enjoyed it.,65,1,1,0,0,1,2022-07-29,2022-07-29,1607,26,1600,957
ssfdfa,6,1,1,0,2,1,2022-07-23,2022-07-23,0,8,5943,5575
"pase mas tiempo intentando instalar el juego que jugandolo, ahora solo necesito gente igual de desequilibrada mentalmente que quiera jugarlo",140,1,1,0,1,0,2022-07-22,2022-07-22,370,39,319,319
every single game that is touched by  windows live breaks its getting very silly now do not use it if you cant get the system to work people pay good money to play these games then comes microsoft to mess up your games!!!!,222,0,1,0,17,0,2022-07-21,2022-07-21,261,23,1481,1367
can we get bring are game back!!!,33,1,1,0,0,0,2022-07-19,2024-06-12,0,33,632,391
"this game is still fun, however ive come across a bug that only allows me to play the game once and i cant boot it up again. i understand the GAME for windows live is the issue but so was Lost Planet 2 and i already got a link from them to fix it. if anyone knows, please let me know",283,1,1,0,0,0,2022-07-17,2022-07-17,0,20,368,244
ok,2,1,1,0,0,0,2022-07-15,2022-07-15,0,161,365,365
"This game has been a guilty pleasure of mine for a very long time, since I first picked it up at Target a very long time ago. The premise had always been interesting to me as playing as the bad guys for once in a storyline well known for its heroes and villains. While the game itself was not up to many people's standards and expectations for an installment of the resident evil line, it does still hold up for me. One idea I had was that could have possibly saved this game is if it was more open world possibly and close combat was fixed. 

CQC is very powerful of course and AI can be very stupid but nonetheless, I find myself replaying every now and then. Can't tell you how many times I have cleared the main story. Online can be a mess at times but it can still get interesting.",786,1,1,0,3,0,2022-07-13,2022-07-13,0,1,13139,4748
"Now that the game no longer requires the microsoft live sign in you can play it on pc again.

It's honestly a really rough experience. I think after years I realized I was forcing myself to like it because it was Resident Evil.
It's pretty mediocre at best, and there are times the game is downright bad. Guns don't feel good and you can't tell the different between an LMG, AR, or Submachine gun which is pretty bad.

Probably still avoid it.",443,0,1,0,9,0,2022-07-12,2025-12-17,366,42,407,407
"The problems with the game start before you even get to the main menu, it doesn't launch. Why? Games for Windows Live is why and the fact that it is somewhat simple to fix is just the start of it. Fans having to find work arounds for games abandoned for the ""platform"" and now some of them being unable to be purchased is annoying. However, I am glad this one can't be bought on Steam, it isn't worth the head ache or time.

Resident Evil: Operation Raccoon City is a game that tells the story from the operatives side from Umbrella when the outbreak happened and them doing damage control and cleanup. I basically summarized the whole campaign in one sentence and the silliest thing is we already knew all of this from previous games. So, why make this game? To shill and try to make some money from fans that enjoy the series while being the farthest from the rest of the franchise as possible. Now, I do understand that there are people that would want a squad based shooter like this and even in the Resident Evil universe, it is totally possible, but not on the budget and effort they put into it. So, if you do manage to get a fix to work for you, you are greeted with either playing the Campaign or online Multiplayer (yeah, good luck with that). There is 7 lengthy (30~ mins.) missions that go through the events I described previously. You can select from a few different characters which are unique classes with passive and active abilities to help for example, one is better at damage, one can carry 2 first aids, one cloaks. You are also able to play with up to 3 others if you find 3 other sorry souls to drag through this mess. So, AI it is which AI is about as basic as it gets, enemy and ally alike. teammates constantly stand in front of you or stand in the open and get shot rather than taking cover most of the time while not using abilities or picking up items or better guns. This wouldn't be as much of a problem if enemies weren't just bullet sponges and the fact that you can only carry 1 first aid spray because there is no inventory system like other RE titles. You get a primary, secondary, 1 first aid (unless you are medic), 1 antiviral (yeah, I will get to the ""infection"" mechanic), and 3 of each grenade. Since we are on the topic of weapons, all of them feel so weak with sometimes comical sounds. Don't get me wrong, guns to vary in damage, accuracy, fire rate, and a few other stats, but it all feels ridiculous when you have an anti-material rifle and have to shoot an unarmored soldier in the head TWICE with it then on the other hand, a heavy machine gun might take 10 - 15 bullets or sometimes 4 - 7.
Next, the enemies, and my god, I didn't expect to fight more soldiers than zombies in a Resident Evil game. These unnamed group of soldiers called Spec Ops and a few times called the Military (hint, they all look exactly the same) are more of a problem than the infected which the whole incident is about. The difference is they have guns and unless you are in cover (yes, this is a game where you sit in cover and shoot for 90% of it *bleugh*) they have near perfect accuracy and do more damage than you with basic and weaker guns. Now, the infected show up part of the time with little variety in enemies and there is no impact from them since they are mindless and the whole game is a shooting gallery. No resource management since stupidly placed, but definitely necessary infinite ammo boxes are placed all over the maps. Basic zombies just stumble around and might hit you, but not likely. Lickers return as the worst they have been as they take several magazines to kill and stupidly wonder on surfaces. Crimson heads even show up, but are just fast zombies, no burning needed. Unnamed parasites show up and take over zombies, mostly just run around and try to flank you. Besides that is the ""bosses"" so SPOILERS. First is Birkin, but it isn't a fight since you just run. Next is this guy named Nikolai which wants to foil your plans for some reason then just disappears like they ran out of funding or time, lol. Your fight is in at a church and he tries to snipe you while zombies attack you (like they work for him or something) which you just shoot him a million times then he just leaves, lol. Later, a fight with 3 Mr. X's which is silly because you just run around and unload all of your ammo, refill at the infinite ammo box and repeat until they die. Sensing a theme here? Very poor gameplay, dumb AI, lack of atmosphere with almost hallway like level design (yeah, the false sense of choice of direction is always blocked by ""locked"" doors and invisible walls), and a story that was written years ago which they managed to ♥♥♥♥ up. 
Even if you didn't play this excuse of a game, you already know what happens if you played the first RE titles. So, even if you didn't get the game for the story and campaign (you know, the main reason people play Resident Evil), the multiplayer is there. I don't know what it is like since no one plays it, but there is a few game modes that put players against each other. In closing, I am certain this is the worst Resident Evil I have played and I have played most of them now (Umbrella Chronicles might be worse, haven't played it). Even if you do play it, there isn't any takeaway, there isn't a good reason to take the time and play this entry. The game play, sound design, level design, story, characters, none of it feels fully developed and cohesive into an enjoyable and proper game in the franchise and I DO NOT recommend you ""obtain it"" and play it. I wouldn't play it again if I was payed to, it us just a waste of time.",5624,0,1,0,1,0,2022-07-10,2022-07-10,0,234,320,320
wowww,5,1,1,0,0,0,2022-07-08,2022-07-08,0,46,2395,850
Fun with workarounds,20,1,1,0,0,0,2022-06-30,2022-06-30,826,36,981,483
"The game is...... okayish.......
Not terrible but not great either......

I give it a 6.5/10",92,1,1,0,1,0,2022-06-27,2022-06-27,0,217,1206,1206
"In it's current state, I cannot recommend this game (as it is not purchasable) however this is a positive review with hope it will some day be playable and purchasable again. I managed to get it running on windows 11 and although there are some graphical issues which were also present in the 360 version of the game it is still a fun shooter with an engaging upgrade system.

As for getting the game to run I scoured the internet for the most recent version of games for Windows live and managed to find it despite it not being available through Microsoft's support sites. As a result multiplayer is simply out of the question which is a huge let down since multiplayer is where this game truly shines.

To anyone reading with hopes of going back to this game I wish you the best of luck and strongly suggest looking up a fix for GFWL before even installing the game as that seems to be what worked for me.

I look forward to Capcom hopefully getting the game up and running in the future and seeing you all in the zombie infested battlegrounds of this underrated gem.",1069,0,1,0,11,1,2022-06-26,2022-06-26,533,2,1103,858
"This was a different experience than you'd normally expect from a Resident Evil game but I really enjoyed it for what it was. You could explore Raccoon city to an extent with your squad covering up Umbrellas doings in a ""What if"" scenario. I'd recommend people to give this game a try if you haven't.. That is if Capcom will ever bring it back on sale for Steam that is.",370,1,1,0,0,0,2022-06-20,2022-06-20,679,27,970,744
Go to the discussion tabs and follow the instructions to get the games working! Brilliant game!,95,1,1,0,15,0,2022-06-20,2022-06-20,0,192,523,241
fun and different,17,1,1,0,0,0,2022-06-17,2022-06-17,0,2,673,673
"I can understand that a ton of Resident Evil fans hate this game because it has literally nothing to do with any other Resident Evil games but I think people need to realize is that this game is a “What If” game. It’s not meant to be taken as a Real Main series game. 

I can say I honestly do enjoy this game a lot but only because I love playing co-op games with people. I really wish they could have done more with this game in terms of content but sadly the company that was managing this game had gone bankrupt and disappeared completely. 

I still will recommend this game though do to it’s unique experience because it’s so different from every other Resident Evil game.",677,1,1,0,79,0,2022-06-13,2022-06-13,0,63,46685,221
"i have no friends to play it with, so alone in this cold cold gaming world
how ever will I PC game",98,1,1,0,12,7,2022-06-12,2022-06-12,452,31,148,148
"This game did NOT age well, which comes as no shock considering how broken this game was upon release years ago. The random difficulty spikes. glitchy nature of the game and poor execution of story and game make it  hard to recommend this game. But what I CAN give it is the fact that this game DOES tend to be somewhat enjoyable as a 4 friend group game. If you overlook the flaws and are just turning it on to play with friends, its fine. But thats also assuming you can get the Xbox Live system to work... 3/5",512,1,1,0,0,0,2022-06-06,2024-02-18,197,9,2467,862
Cool game.,10,1,1,0,1,0,2022-06-04,2022-06-04,0,1,5038,1286
"This good was really good.
But steam continue to sales it and they know we cant play anymore to this game
is caca prout",119,0,1,0,3,1,2022-06-02,2022-06-02,278,22,1798,1711
"I.. loved this game on PS3, and now on PC, but with all the ♥♥♥♥ it has going wrong right now, I am so pissed.. I wanted this game to eventually get crossplatform with XBOX or PS3, but noooo... Instead it still makes me angry. But would I recommend this game to play with friends online and to have stupid fun? YES. Even with all its flaws and bugs, it is a fun WHAT IF game where you get to kill certain people or save certain people. I always enjoy murdering Leon, personally.",478,1,1,0,2,0,2022-05-30,2022-05-30,0,23,566,566
had problems with the game when I first got it but after setting up the gfwl and changing log in password to something short I haven't had problems with it. the game works as intended if your willing to just fix it (dont understand why people get pc's and old games expecting them not to be out dated and not being willing to solve the problem but...) to bad the game cant be brought. i mean you could use a steam key but the game is dead unless you have friends to play with. I still enjoyed this title though.,511,1,1,0,2,0,2022-05-25,2022-05-25,240,7,1697,1285
fun game and even more fun if you can get a group together!,59,1,1,0,0,0,2022-05-19,2022-05-19,0,28,860,607
All these people giving the game a bad review is funny they really just cant look up on youtube how for a fix took me 10 mins and the game works fine you should not be able to make reviews if you have under 10 hours,215,1,1,0,0,0,2022-05-19,2022-05-19,0,72,1298,634
"This game did not do well, it has an interesting concept and the stories/events in and around raccoon city during the disaster were nice to see. Unfortunately it is a generic squad first person shooter that doesn't hold up well. There is no fear of running out of ammo, health is not a huge concern. Bad guys are squishy boss fights are fiddly and annoying. Overall could have been a great title but needed some more content and story and to be supported longer than it was.",474,0,1,0,0,1,2022-05-07,2022-05-07,0,103,34,34
"I played this game everyday back when it 1st came out on the Xbox 360 and I love it. If anyone ever wants to play the story or the VS, add me on here and lets play! I miss playing this game so much!",198,1,1,0,1,1,2022-05-01,2022-05-01,0,6,738,325
"It is not a survival horror, but it's a hella fun zombie-killing game.",70,1,1,0,7,1,2022-05-01,2022-05-01,0,15,1549,833
"This game was good on console
Selling it on pc is a scam since it doesn't even run. shame.",90,0,1,0,1,1,2022-05-01,2022-05-01,229,3,77,77
let me buy the damn game for my friends i know how to fix it let me buy it ♥♥♥♥♥♥♥♥♥♥♥.,87,0,1,0,98,24,2022-05-01,2022-05-01,540,9,416,29
wonderful game i hope make remake for it,40,1,1,1,12,4,2022-04-22,2022-04-22,115,25,867,694
"Played a few hours many years ago, finally giving it a proper go. The game automatically crashes upon startup each time. Literally unplayable. No other game in my library is like this.",184,0,1,0,9,1,2022-04-21,2022-04-21,0,15,289,289
"Can't play for more than 20-odd minutes. I think it gives me motion sickness. Enemy Spec Ops are much stronger than expected and will kill you quickly even on casual difficulty if they catch you unawares.

Early June 2025 edit: 
Games For Windows Live has been removed, making this more easily playable on modern systems! 

Also found that playing this on console does not give the same motions sickness feeling. Perhaps it's the size of/ distance to the screen that helps. On console, I have enjoyed playing this multiple times through, though certain sections and enemies are still unnecessarily difficult. 

Cannot recommend this to anyone not already interested in the game.",678,0,1,0,0,0,2022-04-20,2025-06-07,0,5,967,953
good,4,1,1,0,0,0,2022-04-15,2022-04-15,285,64,2784,1876
"2022 review : The game can be played solo but the game is designed for online co-op play.
and since the Ai does not do much, if you want to play solo, play on Easy (casual) difficulty.
servers are running, but there are not many players online.
you and 3 players become a squad of 4 players and run and kill zombies.
it is the same as games like The Division, Destiny, Gears of War, etc...
the game is not very good, sometimes you shoot people but bullets don't hit, and other minor problems...
i generally don't like games like gears of war, destiny etc... but i really enjoyed this game and i think it is being undervalued.
everyone focus on the game being bad, although this is true i really enjoyed playing a resident evil game without being scary, and feeling like kicking some zombie ass.
the game follows the events of RE2&3 from the perspective of umbrella ops, and in DLC special ops.
the only reason it is not cannon is that in the last mission you can SPARE or EXECUTE leon S kennedy.
other than this everything up to that point is in line with other RE games, only that it does not reveal anything new !
during my game i was lucky to play 3 out of the 14 missions with 2 other players which made the game really exciting.
the 7 missions in the DLC are more fun than the 7 mission in main game.
the game is only for hardcore Resident Evil fans, and it is not for everyone.
but for someone who has played all RE games, encountering Jill, Nemesis ( all in DLC ) are really fun.
===
i give the main game : 5/10 - i give the DLC Echo Six missions : 6/10.
the game has acceptable graphics and was FUN and entertaining.
if you read this until here i made a game for iOS called ""FatHatBoy"" please check it out <3",1716,1,1,0,5,0,2022-04-01,2024-10-22,0,290,625,625
pls fix the windows live issue pls,34,1,1,0,9,0,2022-03-29,2022-03-29,263,24,431,22
"First off the game is WORKING, just gotta uninstall 2 things <<microsft game live and marketplace>>and installed the newer version! Just go in <<discussion>> theres links that people put up !

The launch trailer got me so hyped back in the days and still does, MAN VS MAN VS ZOMBIES in RACOON CITY !
Always loved that game very much even with its flaws. Very enjoyable !!! 
The game is pretty much dead online, but you can still manage to get people to join your campaign !
If your a big fan of Resident evil like me, worth every penny !!!
Wish Capcom could do a  game in the same genre, DARKER, REALISTIC, RE authententic story and with their current RE engine and still in RACOON CITY ! Something to make me slobber uncontrollably XD",735,1,1,0,26,0,2022-03-26,2022-03-26,0,11,2864,2108
"Y'know Operation Raccoon City isn't all that bad. Don't get me wrong you either love this game or you hate this game; there is no in-between. However, my disappointment lies in the fact that throughout my entire play through of this game I didn't see a single live raccoon in the city. HOW CAN A CITY BE NAMED ""RACCOON CITY"" IF THERE IS NO LIVE FREAKING RACCOONS?!",364,1,1,0,1,3,2022-03-24,2022-03-24,404,17,1001,677
"after 10 long yeears i finally got my hands on this game again !
Its worth every single buck or euro or whatever your courency may be you get the point !
CAPCOM has forgotten this gem and neglects it and its servers a bit . But if you can get it running and even play multiplayer you will have the best time of your life  ! as a fan of the classics and good horror survival , despite this being action it also manages to be both horror and survival at the same time ! 

I can't remember the number of times i played this game when i was 12 ! and now i will play the crap out of it once again 10 years later xd 

Gonna see that multiplayer thing too . Its really very enjoyable , with fun  voice acting , great graphics , great gameplay , funny dialouge , interesting and very cool enviorment and many more things !

If you are fan of this game and you are considering if you should buy it or not , its worth it , just make sure to read the guides that's been given to the page before buying it just to be sure . But again its worth it even if CAPCOM neglects it like with OutBreak etc.",1085,1,1,0,0,0,2022-03-23,2022-03-23,222,31,3122,82
"Its nearly impossible to play this game without a multitude of workarounds.

DO NOT PURCHASE THIS UNLESS STEAM SAYS ITS FINALLY SAFE",132,0,1,0,15,4,2022-03-19,2022-03-19,0,1,965,794
Crapcom but okay game,21,1,1,0,1,0,2022-03-19,2022-03-19,365,71,256,197
Though there are bugs to STARTING the game. Its still fun to play with a friend. Its so bad that its good,105,1,1,0,1,0,2022-03-18,2022-03-18,126,1,561,561
"Another sad and failed concept from Capcom in a desperate attempt to make a spinoff from their Biohazard series. Honestly this game could have been good, and under normal circumstances I would even recommend it as a discount buy, but it won't even run these days without engaging in a number of additional steps thanks to Capcom's inability to change out features tied to the game that are now utterly obsolete (games for windows live). When it does work, the game is a cover shooter by design predominantly focused on a specialized squad of Umbrella operatives essentially doing lots of bad guy stuff behind the scenes. The third mission (fixing a tyrant unit that was damaged in the city) is easily the best mission the game has to offer, best demonstrating the full range of threats in a firefight from infected to an human opposition. All that said, its impossible to buy at this point to begin with and will probably stay that way unless Capcom decides to give a ♥♥♥♥ and provide some fixes and trash obsolete third party software the game hinges on. When it runs it does try to keep somewhat faithful to certain elements of Resident Evil though very few. The game itself can actually be a fun experience with others, and the DLC campaign where you play as US Special Forces takes what worked from the base campaign and focused in on that. Even during the height of its popularity, matchmaking multiplayer and team battles were rare so even if you already have it and engaged in the techno-sorcery to make this game work don't be surprised that you'll be the only one sitting around waiting for a match to happen online forever. Is this the worst RE game? Surprisingly...no. While not particularly good, its not the absolute worst, if only thanks to one other title under the license that is somehow even more undercooked.",1827,0,1,0,3,0,2022-03-16,2022-03-16,0,171,3323,2970
"The campaing is correct , but it has some bug like invisible wall. The mutiplayer is really fun because they have a lot of action. Just one zombie can infect you and you need a dr to save your life . So every class are useful but some are more practical like the class assault et the medic or the scientist.",307,1,1,0,4,0,2022-03-16,2022-03-16,0,1,5112,5044
"Hello, I bought the game and had problems with Games for Windows Live. Maybe the problem can be solved today by rewriting the client on X-Box PC and publishing it in the Microsoft Store. The X.Box PC Multiplayer client is now really good thanks to cloud streaming. GG

Guten Tag, ich habe mir das Spiel mal gekauft und habe Probleme mit Games for Windows Live gehabt. Vielleicht kann man das Problem heute lösen, in dem man den Client auf X-Box PC umschreibt und im Microsoft Store veröffentlicht. Der Client vom X.Box PC Multiplayer ist heute echt Gut dank dem Cloud Streaming. GG",581,1,1,0,0,0,2022-03-14,2022-03-14,0,1,21,21
"Unplayable at first. And if somehow you are lucky and able to play it by deactivating Windows Live, the gameplay and story is pretty much monotonous.Multiplayer function is dead, thanks to Windows Live. No one plays this game anymore and the best part of this game is having peers. Just don't buy it",299,0,1,0,0,0,2022-03-14,2022-03-14,0,12,240,240
"I loved the game on PS2 when it first came out, but I can't even get the game to even open on my pc.",100,0,1,0,0,0,2022-03-13,2022-03-13,0,2,19,19
This game is currently unplayable. The title was a Games for Windows Live tied game so now that the platform is gone there is not way to play it. The game itself was an ok experience that should only be played by diehard RE fans or people that want a relatively fun coop squad shooter with a zombie apocalypse theme.,316,0,1,0,26,2,2022-03-08,2022-03-08,0,98,328,328
"This game was hated but many and loved by the very few.

I loved and enjoyed this game...even though I started to hate it,I learned and adapted and loved it.",157,1,1,0,5,0,2022-02-20,2022-02-20,164,27,28982,25741
"---{ Graphics }---
☐ You forget what reality is
☐ Beautiful
☐ Good
☑ Decent
☐ Bad
☐ Don‘t look too long at it
☐ MS-DOS

---{ Gameplay }---
☐ Very good
☑ Good
☐ It's just gameplay
☐ Mehh
☐ Watch paint dry instead
☐ Just don't

---{ Audio }---
☐ Eargasm
☐ Very good
☑ Good
☐ Not too bad
☐ Bad
☐ I'm now deaf

---{ Audience }---
☐ Kids
☑ Teens
☑ Adults
☐ Grandma

---{ PC Requirements }---
☐ Check if you can run paint
☐ Potato
☑ Decent
☐ Fast
☐ Rich boi
☐ Ask NASA if they have a spare computer

---{ Difficulty }---
☐ Just press 'W'
☐ Easy
☑ Easy to learn / Hard to master
☐ Significant brain usage
☐ Difficult
☐ Dark Souls

---{ Grind }---
☐ Nothing to grind
☑ Only if u care about leaderboards/ranks
☐ Isn't necessary to progress
☐ Average grind level
☐ Too much grind
☐ You'll need a second live for grinding

---{ Story }---
☐ No Story
☐ Some lore
☑ Average
☐ Good
☐ Lovely
☐ It'll replace your life

---{ Game Time }---
☐ Long enough for a cup of coffee
☑ Short
☐ Average
☐ Long
☐ To infinity and beyond

---{ Price }---
☐ It's free!
☐ Worth the price
☑ If it's on sale
☐ If u have some spare money left
☐ Not recommended
☐ You could also just burn your money

---{ Bugs }---
☐ Never heard of
☑ Minor bugs
☐ Can get annoying
☐ ARK: Survival Evolved
☐ The game itself is a big terrarium for bugs

---{ ? / 10 }---
☐ 1
☐ 2
☐ 3
☐ 4
☐ 5
☐ 6
☐ 7
☑ 8
☐ 9
☐ 10",1357,1,1,0,4,1,2022-02-19,2022-02-19,179,22,986,956
Dont buy this game.When you download and try to run the game it doesnt even open.,81,0,1,0,0,0,2022-02-17,2022-02-17,234,8,29,17
"⡷⠊⡢⡹⣦⡑⢂⢕⢂⢕⢂⢕⢂⠕⠔⠌⠝⠛⠶⠶⢶⣦⣄⢂
⣠⣾⣦⡐⢌⢿⣷⣦⣅⡑⠕⠡⠐⢿⠿⣛⠟⠛⠛⠛⠛⠡⢷⡈
⣿⣿⣿⣿⣦⣑⠝⢿⣿⣿⣿⣿⣿⡵⢁⣤⣶⣶⣿⢿⢿⢿⡟⢻
⡿⢟⣛⣻⣿⣿⣿⣦⣬⣙⣻⣿⣿⣷⣿⣿⢟⢝⢕⢕⢕⢕⢽⣿
⠚⠉⢀⣀⣀⣈⣿⣿⣿⣿⣿⣿⣿⣿⣿⣗⢕⢕⢕⢕⢕⢕⣽⣿
⣴⣾⡿⡿⡻⡻⣿⣿⣴⣿⣿⣿⣿⣿⣿⣷⣵⣵⣵⣷⣿⣿⣿⣿
⡿⡫⡪⡪⡪⡪⣺⣿⣿⣿⣿⣿⠿⠿⢿⣿⣿⣿⣿⣿⣿⣿⣿⣿
⡪⡪⡪⡪⣪⣾⣿⣿⣿⣿⠋⠐⢉⢍⢄⢌⠻⣿⣿⣿⣿⣿⣿⣿
⠙⣾⣾⣾⣿⣿⣿⣿⣿⣿⡀⢐⢕⢕⢕⢕⢕⡘⣿⣿⣿⣿⣿⣿
⢣⠹⣿⣿⣿⣿⣿⣿⣿⣿⣧⢐⢕⢕⢕⢕⢕⢅⣿⣿⣿⣿⡿⢋
⢝⡢⠈⠻⣿⣿⣿⣿⣿⣿⣿⣷⣕⣑⣑⣑⣵⣿⣿⣿⡿⢋⢔⢕
⢑⢕⡅⠂⠄⠉⠛⠻⠿⢿⣿⣿⣿⣿⣿⣿⣿⣿⡿⢋⢔⢕⢕⣿",299,1,1,0,8,3,2022-02-13,2022-02-13,211,55,1320,1294
"I'm not too concerned about the saving issue. I'm more concerned about NOT EVEN ABLE TO PLAY THE DAM THING!!! Seriously. Of ALL the games on steam, this one has to be the one that can't run on Windows 10. However. If and when it's able to run on modern computers without jumping through pointless hoops, It's an awesome game. Played the hell out of it on PS3 and I want to do the same here. 

Bottom line, please patch it so we can play this gem.",446,1,1,0,12,0,2022-01-29,2022-01-29,0,6,1283,1281
its ♥♥♥♥,8,0,1,0,0,1,2022-01-27,2022-01-27,3271,801,253,86
"Just don't do it.  Even on sale, this game is just not worth the price.  There are a few moments that were almost fun, but quickly overshadowed by broken mechanics and gameplay issues.  Good multiplayer groups might have actually made this enjoyable, but I'll never know because the multiplayer community has long since moved on to other titles and I couldn't ever get a group together.  So, from a single player standpoint, this is not a good purchase.",453,0,1,0,6,0,2022-01-08,2022-01-08,87,7,4844,4844
"This game gets a lot of hate due to the fact that it isn't a standard Resident Evil game but more of a military style third person shooter. You have to make sure to download somethings for the GFWL compatability with windows 10 to keep the game from crashing but after that it works perfectly. I've played through the game with friends a couple of times now and we always have fun with it, planning on picking up the dlc so that we can play through those stories. Hopefully they will remove the GFWL support soon and use the steam loggin instead that would make life a million times easier but we will see. Once this is back on the page I definetly recommend getting it to try.",677,1,1,0,7,0,2021-12-30,2021-12-30,3735,139,818,529
"I really don't know what issues people are having with GFWL. I've been playing the game just fine, and have booted it up multiple times. Still running great and a great game!",174,1,1,0,2,0,2021-12-27,2021-12-27,0,2,1468,413
"⢀⡴⠑⡄⠀⠀⠀⠀⠀⠀⠀⣀⣀⣤⣤⣤⣀⡀⠀⠀⠀⠀⠀⠀⠀⠀⠀⠀⠀⠀
⠸⡇⠀⠿⡀⠀⠀⠀⣀⡴⢿⣿⣿⣿⣿⣿⣿⣿⣷⣦⡀⠀⠀⠀⠀⠀⠀⠀⠀⠀
⠀⠀⠀⠀⠑⢄⣠⠾⠁⣀⣄⡈⠙⣿⣿⣿⣿⣿⣿⣿⣿⣆⠀⠀⠀⠀⠀⠀⠀⠀
⠀⠀⠀⠀⢀⡀⠁⠀⠀⠈⠙⠛⠂⠈⣿⣿⣿⣿⣿⠿⡿⢿⣆⠀⠀⠀⠀⠀⠀⠀
⠀⠀⠀⢀⡾⣁⣀⠀⠴⠂⠙⣗⡀⠀⢻⣿⣿⠭⢤⣴⣦⣤⣹⠀⠀⠀⢀⢴⣶⣆
⠀⠀⢀⣾⣿⣿⣿⣷⣮⣽⣾⣿⣥⣴⣿⣿⡿⢂⠔⢚⡿⢿⣿⣦⣴⣾⠁⠸⣼⡿
⠀⢀⡞⠁⠙⠻⠿⠟⠉⠀⠛⢹⣿⣿⣿⣿⣿⣌⢤⣼⣿⣾⣿⡟⠉⠀⠀⠀⠀⠀
⠀⣾⣷⣶⠇⠀⠀⣤⣄⣀⡀⠈⠻⣿⣿⣿⣿⣿⣿⣿⣿⣿⣿⡇⠀⠀⠀⠀⠀⠀
⠀⠉⠈⠉⠀⠀⢦⡈⢻⣿⣿⣿⣶⣶⣶⣶⣤⣽⡹⣿⣿⣿⣿⡇⠀⠀⠀⠀⠀⠀
⠀⠀⠀⠀⠀⠀⠀⠉⠲⣽⡻⢿⣿⣿⣿⣿⣿⣿⣷⣜⣿⣿⣿⡇⠀⠀⠀⠀⠀⠀
⠀⠀⠀⠀⠀⠀⠀⠀⢸⣿⣿⣷⣶⣮⣭⣽⣿⣿⣿⣿⣿⣿⣿⠀⠀⠀⠀⠀⠀⠀
⠀⠀⠀⠀⠀⠀⣀⣀⣈⣿⣿⣿⣿⣿⣿⣿⣿⣿⣿⣿⣿⣿⠇⠀⠀⠀⠀⠀⠀⠀
⠀⠀⠀⠀⠀⠀⢿⣿⣿⣿⣿⣿⣿⣿⣿⣿⣿⣿⣿⣿⣿⠃⠀⠀⠀⠀⠀⠀⠀⠀
⠀⠀⠀⠀⠀⠀⠀⠹⣿⣿⣿⣿⣿⣿⣿⣿⣿⣿⡿⠟⠁⠀⠀⠀⠀⠀⠀⠀⠀⠀
⠀⠀⠀⠀⠀⠀⠀⠀⠀⠉⠛⠻⠿⠿⠿⠿⠛⠉",452,1,1,0,7,14,2021-12-24,2021-12-24,327,46,219,219
"This isn't a regular Resident Evil survival/horror type game. Rather than play as a cop or civilian in over your head during the apocalypse, you play as a member of the Umbrella Corporation's elite security team sent in to stop the virus being released.

Once that falls through, your job changes to eliminate any survivors and destroy all evidence linking Umbrella to the disaster.

It's a good game - not a typical Resident Evil game, but a good game nonetheless. If you've always wanted decent military-grade weapons and a chance to go to town on the zombies, this is your chance.",583,1,1,0,2,0,2021-12-19,2021-12-19,958,37,1339,961
bad,3,0,1,0,0,1,2021-12-15,2021-12-15,0,281,350,350
"Eliminen lo de Games for Windows, es muy molesto",48,0,1,0,3,0,2021-12-15,2021-12-15,747,39,1780,1780
"Same old thing from this game series.  The game has good graphics, story and progression, but has poor keybindings, menu navigation, camera, movement and aim accuracy.  Be prepared to do some work in order to get the game up and going in multiplayer.",250,1,1,0,2,0,2021-12-11,2021-12-11,295,40,679,216
Game I was having a lot of fun with until windows live stuff stopped opening the game and all the guides were to confusing for me so yea... actually sad to not be able to finish the game.,187,1,1,0,2,2,2021-12-06,2021-12-06,975,193,97,95
is zombies,10,1,1,0,5,1,2021-12-04,2021-12-04,0,17,1999,1960
"Needs internet connection all the time.
cosumed almost 20 gb in 8 hours for game saves only.",92,0,1,0,0,1,2021-12-02,2021-12-02,0,25,881,564
xzftgj,6,1,1,0,1,0,2021-11-27,2021-11-27,22,1,1012,382
"Honestly? Who liked Leon kennedy anyways? He always fell flat when paired up next to Claire or Ada, and this game just proves it. Now i DONT know my resident evil so it comes as a shocker that this being leons first game, they hardly use him! I keep hearing folks talking about how exploring the police station was thir favorite part, and I would have to agree. Thats the only part of the game I can think of where theres some real exploration. All in all this is the best resident evil game ever made.",502,1,1,0,1,0,2021-11-27,2021-11-27,0,1,687,686
"So.

You know that kid in the corner that drinks that weirdly offbrand cola/soda while they read a book by that writer who has a very odd writing style while listening to that band that isn't really good but does things out of the box? That was me as a kid and me well into my old age!

This is pertinent, I promise.

This game has some jank in its trunk and I'm one of those folks who receives a mild euphoria from games with jank (Bloodlines, Alpha Protocol). No denying, getting it right out of the way right now the actual game has jankiness.

That's a good thing. See so many games today tend to be so over polished that they don't actually try anything new or provide the same experience a dozen other games already do. With jank usually comes some form of unique ideas or innovation, some miss the mark and others hit it dead on.

I think this one did it rather well. It's a squad based 3rd person shooter where the character you pick has some unique abilities and those are expanded upon by a point based unlocking system, so it encourages you to either replay through the story multiple times or be a part of the multiplayer. Not something we haven't seen before today but back in ""the day"" and for this series it was, it was something we didn't always see.

The story is RE2/3 reimagined. 

A What if, if you will of what if you were the bad guys. Now as we know bad guys in all forms of media are always cooler with the notable exception of Guts. They look cooler, they have that cooler weapon and somtimes they're even CALLED Cooler. We even have a playable Hunk fanboy for all the Hunkheads (trademarked, it's mine, MIIIIINE my precious) out there.

Remember in 2 when Mr. X is dropped in that cutscene and we see other containers we assume are other Mr. X's is. This game addresses it. How about what Mr. X, Birkin or the zombos when not chasing? Addressed. How about a situation where the events of the ending of RE2 didn't quite turn out the same way...also addressed, their is a choice. Though don't expect it to be game defining it was still a nice add in my book.

The gameplay has the bones of a run of the mill 3rd person game <at this time> and this is due, if I recall, to the developers being the folks who worked on those successful(?) SOCOM games. It has all the hallmarks of RE games such as herbs and healing sprays mixed with a Gears of War ""revive me"" hilarity. Guns feel different and of course there are some better than others but in my entire time playing through this game, on PC and PS3, never felt at a disadvantage.

So why do I have a bit of a fondness for this game especially looking back considering their seems to be a ton of things we see in nearly every game? That's because it reminds me of an old Commodore 64 game I used to play called G.I.Joe where you basically pick a character and fight another character on a small map where sometimes a 3rd party robot would appear that would attack you or the other person you fought against. 

See in this game, when you play the main story <as the Umbrella Security Service, would you like a G-virus with your fries?> you face off against the US military forces while a 3rd entity, the infected such as zombies and hunters, act as a more neutral faction. This means you could cause a special forces enemy to bleed out which would cause zombies and hunters to target them for you or in the case of my favorite character, throw a grenade that makes the special forces smell so wonderful the infected just have to get their number!

It's not a huge deal but this type of gimmick is something I enjoy and I'm always happy to see show up in a game as I don't think it's done enough. It makes it feel less like it's you against the game and more like you're experiencing an actual world.

The game works on a level stage like system where more or less you move from set piece to set piece but I found the levels to be large and expansive enough to not be boring. Added collectibles give you a bit more incentive to double, triple check places you have been to make sure you got everything before progressing only to find out you missed something because you're impatient < stop being impatient>.

Enemies are introduced in a manner where they introduce new mechanics, gimmicks or ideas as you progress into the later game where it's one of those ""now take everything you've learned and excel"".

Now, the graphics.

I wouldn't say they aged well because even at the time they weren't great but that adds some of that rough edged charm I find endearing. Birkin especially looks out of place compared to some of the other models. I'm not much of a graphics hound dog, I'll always be a champion of gameplay every time <look I still play Twisted Metal 1 and 2, Rogue trip and Critical Depth to this day. I just finished parasite Eve 1 again and played/beat parasite Eve 2 for the first time about a month ago>.

Not much else to say really about graphics. 

Multiplayer so, ya that's a thing. It was a bugbear then it isn't so much now because the game has a rather large issue. It requires GFWL. A defunct system that was terrible then and is even worse now. At the time of this review Capcom has removed the game from the store, I think, and is working on this issue. As not only does it make it difficult to do any kind of multiplayer it actually makes the game extremely unplayable without needing to jump through hoops. 

My hope is they rerelease this while removing the GFWL requirement. I could only imagine if/when it is fixed that multiplayer will be a blast as the core essence of the gameplay is just fun. It isn't balanced nor is it ""competitive"" but it is fun. Playing through the story with friends will always be great while the versus mode of it would have USS versus US special forces facing off in goal oriented modes where the infected act as both a hindrance as well as a boon. 

Overall it's a solid game that is hurt more by the fact it is so difficult to play and I believe if Capcom fixes it up just enough so that one doesn't have to jump through hoops, it'll see a huge bump in traffic. I highly recommend if/when it gets relisted and the activation/being able to play the game is, hopefully, fixed you snag this. It's cheap price will be well worth the price.

Lets face reality for a second. Capcom has failed horribly with a multiplayer Resident Evil game over the years. Outbreak 1 and 2 being exceptions but they don't seem interested in doing what works. Instead pumping out terrible ideas <or mediocre at best> for multiplayer games instead.

This game would be, if rereleased fixed up, would be added to a solid multiplayer entry akin to Outbreak 1/2 < which hopefully we see again someday for mass sale> and vastly better than what Capcom has been doing over the past couple years. 

I'm not a professional reviewer. I'm also fairly lazy and type like I talk. Spelling errors and grammatical errors galore. I also always hated writing papers in college, finding the arbitrary ""rules of writing"" to be constrictive to creative thought and interesting ideas or points to be boiled down to a formulaic chore of a read. I hope you gleaned something positive from this review in regards to the game and if we see this relisted fixed up just enough, I also hope you give it a chance.",7292,1,1,0,8,0,2021-11-26,2021-11-26,0,29,1499,614
"I bet this'd be great if I could get it to ""sign-in"" to GFWL so I could save my progress. 

Do not buy in current state.",120,0,1,0,4,3,2021-11-24,2021-11-24,1037,73,49,49
This was a fun game when I played it on the Playstation 3 console back then managed to unlock everything sadly on another persons console so I lost all the trophy's but game is fun with friends or online if you have team members that know what they are doing as well.,267,1,1,0,1,0,2021-11-22,2021-11-22,272,118,233,214
"Bought it took a week to get it working then x box brought it back, good coop fun though",88,1,1,0,1,0,2021-11-17,2021-11-17,0,14,168,168
game just boring as hell not worth it for co-op,47,0,1,0,0,0,2021-11-15,2021-11-15,0,19,426,426
"As clunky as this game is, I still love it.",43,1,1,0,0,0,2021-11-13,2025-07-23,731,116,1203,1203
"I played this game on xbox 360 and ps3 and I still cant get enough I love the characters, yes it could've been done a little bit better and I know as of posting this the GFWL thing is all messed up but I noticed yesterday they are trying to fix it so that I can play with my friends and I commend that! I hope they reuse these characters later in the series but I know theres a very slim chance of that. Hats off to you guys for real!",434,1,1,0,1,0,2021-11-10,2021-11-10,0,6,2718,807
Better than Left 4 Dead and Back 4 Blood combined.,50,1,1,0,3,1,2021-11-09,2021-11-09,0,1,415,415
"so capcom just put out of no where, knowing that the game is broken due to the fact you need windows live in order to have access to not only play the game but also use the save and co op mode. they are suppose to fix it, mind you this problem has gone on for years since 2013. pathetic how they claim to going to check out the issue with thier BS investigating claim in 2021, i am not putting faith into so called fix. now i found a fix myself in order to play this game and co op working for playing the story mode but not for versus.

in short, the gameplay is bad because of how unbalance it is and too short. a scam game that was on here for years and capcom knew about it but for now they get off their lazy greedy butts to make a so called fix and investigation. mind you never fix resident evil 5, it was the community patch that fix that issue.

i will make a bet that either they will remove the game from steam or put it back on steam just to scam more people if they don't find a fix. this is the same problem with adobe flash, just because it is old news does not mean you screw over the new people or even old fans of these type of games that want to comeback and play but can't due to how unplayable it is

it just makes no sense at all to me, why try to fix the game now when you had all the time in the world in order to fix it before. if they fix it or if community does, great and thank you. if not, either avoid this trash or find your own fix for it like i did by doing research.",1500,0,1,0,1,0,2021-11-09,2021-11-09,16,4,2007,1680
love this game,14,1,1,0,1,0,2021-11-09,2021-11-09,306,386,440,92
"Needs GFWL to play, dont buy this, its dead.",44,0,1,0,1,0,2021-11-08,2021-11-08,0,127,19,19
"Oh my God, this game is such shlock. But it is so much fun to play casually. Story is never a the strong suit in RE games, but this one takes the cake in terms of how bad it is. 

All in all, worth it if you can get it on sale.",227,1,1,0,0,0,2021-11-06,2021-11-06,0,47,1012,188
"If you can get past GFWL, its an amazingly fun game to play through with friends. It has parts that are jank, but everything does have a way around it for those tenacious enough. The story overall is great, and i wish that there would be even more to do with this concept. overall, I love it.",292,1,1,0,1,0,2021-11-04,2021-11-04,327,4,1245,706
"This game is jank in every way, but you can see what the devs we're going for. As long as you can get past using gfwl you are gonna have a good time with this, best to get this on sale and play with friends to make it even more enjoyable.",238,1,1,0,0,0,2021-11-04,2021-11-04,788,34,769,407
"While I write this review it is important to keep in mind the many fair criticisms of the game. A few of these are bad AI, poor weapon play, and lack of depth. If you approach this game knowing it is an older and flawed game then it will be a lot more enjoyable. Keeping in mind this game is not canon and it is solely for the experience. I think where this game shines is its many interactions with the second and third games' story lines. In short, it can be fun if you have a couple hours and you aren't looking for a AAA title.",531,1,1,0,0,0,2021-11-04,2021-11-04,250,7,186,186
"Do not buy this game. It requires varying amount of work installing GFWL and even then, there is a chance the ""fixes"" may not work for you. Bought this game, attempted several guides, game won't even launch to get to sign into GFWL. Take the chance if you want, but 11/2021, game is unplayable.",294,0,1,0,0,0,2021-11-03,2021-11-03,0,1,364,364
"I played this game when it first came out on XBOX 360 YEARS ago and I loved it then.  I honestly still like it.  Was on sale for $8 with all DLC and I bought it for a couple of my partners.  I figured out how to get it to work properly AND use multiplayer.  It's not too difficult to get working just need the right resources and patience.  Remember it's an old game that doesn't get updates anymore.  My main complaint is it doesn't work on linux.  If you need help getting it to work on windows, just ask :)",509,1,1,0,0,0,2021-11-02,2021-11-02,0,1,551,332
Devs nd capcom before start selling any product kindly check if game is still working fine or just its waste of money to buy,124,0,1,0,4,0,2021-11-01,2021-11-01,0,6,1170,25
"Even though it often feels like a poor man's Left 4 Dead, Operation Raccoon City still manages to be a pretty good game. From the decent amount of content to the plethora of guns and abilities, you'll definitely find something to like. If you can get it on sale, I'd suggest picking it up.",289,1,1,0,0,0,2021-10-31,2021-10-31,286,338,477,477
"Gameplay de ruim pra pior, mas historia, narrativa e cutscenes muito boas!",74,1,1,0,1,0,2021-10-31,2021-10-31,0,2,4101,2221
"TLDR ; Many game elements lack polish. it still uses games for windows live and dont buy this ♥♥♥♥ for more than 5 bucks.

wow ive only played for 2 hours but i already know im not gonna love this game. Areas in the game have cover thats just slightly too tall that if you throw a grenade it just hits the cover and falls at your feet. Your Ai teammates are braindead and die constantly cause they dont take cover. The game still uses Games for Windows Live in 2021 so good luck getting multiplayer to work. i didnt even realize i had to use experience like a currency to upgrade abilities till a couple mission in cause the game dosent point that out to you. Sometimes i cant even get my character to get into cover right away so i take a bunch of damage. ive seen my bullets get completely blocked by glass windows and guardrails with huge holes in them makes no ♥♥♥♥♥♥♥ sense. Also the laser sight lags behind the aiming reticle and its looks awful. Would be better if there was no laser sight at all. its not even needed like it is in other resident evil games that have no aiming reticle. When a teammate goes down sometimes you need to look around the revive marker cause the body moved away from the marker cause you revive people by interacting with the body and not the marker. ALSO IDK WHY BUT IF I TURN THE VOLUME DOWN INGAME I CAN BARELY HEAR THE ♥♥♥♥♥♥♥ CUTSCENES,  Overall not a great or polished game.

Also the characters oh man. Like zero personality for more than half the campaign Generic Xcom soldiers are more interesting.

When i initially installed this game i had to seek out a more updated version of windows live , Run it compatibility mode for windows 7 , run it as an admin and Restart my Pc just to get it to launch. i almost refunded the game but then restarted my pc for the hell of it and it launched after that. i might update this review IF I EVEN FINISH THIS STUPID GAME. if its more than 5 dollars dont buy it.",1946,0,1,0,1,0,2021-10-30,2021-11-02,1225,133,722,159
"!HOW TO GET THIS GAME WORKING!
Go to: https://www.mikethetech.com/files/
Download the file Xlive.dll
Drag the file into the Game folder by browsing the files in your Steam Library.
That's it, the game will now load because the file is Emulating GFWL.
NOTE: This game is pretty fun even after all the hoops you have to jump through to play it.",342,1,1,0,49,0,2021-10-28,2021-10-28,0,8,185,12
"I was aware this GEM might not work, because of Windows LIVE being dead. I had everything ready to go by the time the game was done downloading, then I got stuck on the Windows LIVE sign-in loading screen. Apparently turning OFF the Firewall makes it load faster, and fortunately I only needed to do that once.  WORKS FOR ME.",325,1,1,0,3,0,2021-10-27,2021-10-27,0,23,774,139
"Once you install the necessary Games For Windows Live stuff, set a shortcut to your desktop from the application itself, create an offline Windows live account so the main menu isn't capped at 25 FPS, end any background process so the game can take up 70% of your CPU, and do some blood rituals so there isn't any lag, the game is pretty okay 6/10",347,1,1,0,7,1,2021-10-26,2021-10-26,314,1,166,166
"Boy, it would be great if this game worked. I actually did get to play it once, several years ago. Now it seems there is no one interested in support. Capcom, it would  be great if you gutted Games for Windows Live, or just let ANYONE, literally, ANYONE, rewrite Co-op to use Steam.",282,0,1,0,8,1,2021-10-25,2021-10-25,0,17,105,104
"ATTENTION!!!! THIS IS NOT A RESIDENT EVIL GAME!

With that being said, It is pretty good for what it is. A simple third person shooter. If you like shooting zombies down, this game will do the trick. It has decent mechanics. The graphics aren't that bad. You get to see Hunk being a badass. Overall, it is pretty good. It fails to be a resident evil game tho. It has literally no horror, if that what you are looking for. The lore is alright. It had a few good moments.",469,1,1,0,6,1,2021-10-24,2021-10-24,236,13,636,222
Underrated and did not deserve the hate was a pretty damn good game.,68,1,1,0,31,1,2021-10-24,2021-10-24,150,5,711,367
would be better if it had more raccoons,39,1,1,1,1,2,2021-10-24,2021-10-24,213,37,316,316
Excessively difficult even on low difficulty and some people can't even get it to open properly. Feels unfinished and all around clunky. Online mode is dead and the story is short (not to mention not canon). Overall the only reason I got this game was because I used to love it back on the ps3 but now I feel like I was just seeing it through rose tinted glasses. Capcom fix your old titles.,391,0,1,0,14,8,2021-10-23,2021-10-23,536,160,326,326
"Requires GFWL, but even with GFWL installed it refuses to connect (while logged in). When you're not connected you can't save your game.",136,0,1,0,6,0,2021-10-22,2021-10-22,969,23,15,15
"unplayable
I would get a refund but I'm not even gonna bother...",64,0,1,0,4,3,2021-10-22,2021-10-22,0,3,111,12
"Literally straight up doesn't work. Still uses GFWL and while there are guides to assist, I couldn't do it.
Requested a refund. Why this went on sale is a mystery.",163,0,1,0,5,0,2021-10-22,2021-10-22,0,10,30,30
DO NOT BUY DOES NOT WORK. This is a warning it doesnt work for Co-Op and to get it to run you need to install games for windows live which also does not work correctly because its abandoned software from microsoft that was a stupid ass Idea when it came out. Do not buy this game if you really need to play it dig out the ol 360 and pick it up on ebay do not get the steam version as it does not work.,401,0,1,0,42,7,2021-10-21,2021-10-21,0,7,450,79
"Game has never loaded properly, never found a legit fix for this. avoid unless they update it with a fix.",105,0,1,0,1,0,2021-10-21,2021-10-21,0,1,36,35
"Ok seriously this game is a buggy mess wanna be cashgrab which it never became ... BUT if you got a few buds to play with through the campaign once or twice its defenitely worth the moneys ... if on sale ... seriously that what it is i had a blast while laughing at the bugs ... like the  I doing what  can only be explained as ... finding the inside of your sniper scope with their face ... with surgical precision ...

So to sum this up ... the game is fine just do not expect much more than a few hours of coop fun ... thats that ...

I'm Commander Anders and this is favourite collection of bugs ...",603,1,1,0,1,0,2021-10-21,2021-10-21,0,35,59,59
Best game world,15,1,1,0,2,3,2021-10-13,2021-10-13,333,13,2694,1215
"Dead game, even with using attempted GFWL fixes the game does not login.
Do not buy, unplayable.",96,0,1,0,42,2,2021-10-12,2021-10-12,2970,272,85,85
no online dont buy,18,0,1,0,3,0,2021-10-11,2021-10-11,44,4,632,251
"I understand what they want to do and they vision, an action team based RE. This ♥♥♥♥ buggy and laggy as hell at times. Controls can get ""weird"" and slow at times",162,0,1,0,0,0,2021-10-05,2021-10-05,116,2,219,219
"total dumpster fire. the fact that the rambo rail shooter video game got removed off of steam but this does not, is such a scam and total insult to gamers who support big developers who don't even care if the game is broken. trying to launch it is a problem but once you figure that simple issue out, worst part is windows game live. the stupid thing will not let me login because of a network issue and don't have a network issue. overall waste of money and for the idiots who defend this game should have their brain check out. if you can't figure out that this game is a huge problem when it comes to ripping people off and should not have to fix the problem myself, when it is capcom's job to do so. i did play this game years ago on the xbox 360, the gameplay is total garbage. it is like gears of war with all the problems i had with that game too, which i hate. bullet sponge issue which makes the hit boxes broken, unfair difficulty, this game is suppose to be outbreak files 3 but fails to be like those two outbreak files games because it does not have the same good quality.",1085,0,1,0,6,0,2021-10-05,2021-10-05,17,6,28,28
This game is a fantastic dumpster fire to play with friends but I can't recommend it knowing that it doesn't work on any PC made after 2003 for some reason. Maybe I'm just too stupid to enjoy this product but I have followed every guide I could online and even involved a friend who's studied computer science at a university level and I still can't get it to run more than the first time I booted it.,401,0,1,0,2,0,2021-10-04,2021-10-04,0,4,267,266
"having trouble starting the game, any suggestions on how to fix the issue?",74,1,1,0,0,0,2021-10-01,2021-10-01,0,1,315,8
love the game,13,1,1,0,0,0,2021-09-29,2021-09-29,517,26,291,289
"GFWL aside (I was able to get it to work relatively easily), as a huge Resident Evil fan, I enjoy this game a lot. As an alternative way of experiencing the events from the second and third games, it's a fun ""what if"" take on the story.

When comparing this to some of the action-focused sequels, I enjoy this game more than RE6.

The auto-aiming pistol mechanic is unique, and there’s a large roster of classic RE enemies and locations.

Note: This game falls into the group of Capcom titles with predatory DLC pricing, similar to Dead Rising OTR (to this day, the DLC for that PC port does not work).

Playing around with a Samurai Edge while shooting Lickers, Hunters, Tyrants, Cerberus dogs, Crimson Heads, and more is incredibly enjoyable for a longtime fan.

This game also doesn’t harm the brand like RE6 or Umbrella Corps does.

I appreciate the controls and the variety of melee moves available. When it was populated, the versus modes—with a helicopter escape at the end, limited seats included—were really fun and compelling. I also like how you can use zombies to attack the gun-toting enemies in the game. There are plenty of clever nods to older titles and Easter eggs to be found.

It is what it is. Overall, it's a fun ""what if"" romp where you play as Umbrella bad guys instead of the series' heroes and cross paths with them a few times.",1354,1,1,0,1,0,2021-09-26,2026-02-03,563,59,577,577
"Was a fun game on the Xbox 360, would love to say it's a fun game on steam but I just can't.
Don't buy this title, game wont run at all.
paid $15 for a game I can't play.",170,0,1,0,13,0,2021-09-26,2021-09-26,338,33,98,5
"Well even with the fixes from guides I was only able to coop the first campaign before the game just wouldn't open anymore. So I essentially wasted $8 on content I cannot play. What I did manage to play wasn't that good. The checkpoint system can really ♥♥♥♥ you over by putting you behind a door that was previously open and now won't open so you have to restart the level to progress. The gameplay is below average, with horrible shooting, low enemy variety, bullet sponge enemies, and dumb ai partners. Its a guessing game to see which weapon won't have awful bullet spread. The story is meh and the only cool parts are seeing how it connects with the main games. (Even though its no longer canon). It's just best to avoid this game altogether, especially since you have to install GFWL to play it and even then it might break on you.",837,0,1,0,16,0,2021-09-25,2021-09-25,1901,168,324,324
Co-Op nonfunctional due to GFWL login requirement.,50,0,1,0,2,0,2021-09-12,2021-09-12,1174,21,9,9
doesnt work,11,0,1,0,4,0,2021-09-07,2021-09-07,0,6,28,28
do not buy,10,0,1,0,2,0,2021-09-07,2021-09-07,2635,124,415,415
the story makes no sense,24,0,1,0,0,0,2021-08-29,2021-08-29,0,115,181,181
"See the Fun with Waaaay More Board, You Have to think with a world of fun, confusing Yes but Play and see what I mean",117,1,1,0,1,0,2021-08-28,2021-08-28,0,15,1390,1385
"I once heard an IGN ""reviewer"" say ""RE: Operation Raccoon City is a poor man's Socom with zombies"", for once, I agree.",118,0,1,0,1,1,2021-08-26,2021-08-27,2969,268,137,136
"Best Resident Evil so far. Much better than classics and Village.
11/10

@Vizpies buy this game, it works with GamesForWindows",126,1,1,0,2,4,2021-08-25,2021-08-25,1638,31,352,352
"This game gets a lot of flack because it isn't like the other Resident Evil games. In terms of the series being a survival horror, this is NOT a good example of a Resident Evil game, but it is not a bad game. I actually thoroughly enjoy it a lot! It is a 3rd Person Shooter in the same world as the other Resident Evil games, but it does not play like a Resident Evil game. 

Do not go into this expecting a polished horror game. I get scared in the game because of overcrowding and getting my butt touched inappropriately by 20 Crimson Heads at once while Spec Ops troops chuck grenades at us. Especially in the last section, it gets overwhelming... But that's the fun of it. See, it's a very chaotic game, and I think it is a good example of what would have happened in the RE universe if it focused on Umbrella vs US Forces in the city; it would have been chaotic and hard to comprehend. I like to think this game would have been an awesome addition to the canonical lore if they didn't throw that away with them going after Leon and all.

Now, the game is a real cranky toddler and it doesn't like to start. You need an old version of Games for Windows Live to run it. It's worth giving it a look when it goes on sale, or if you have money to spare. They shouldn't be charging $30 dollars for this game since it's so old, unless they decide they are going to expand on this side of the RE Universe, which, I DEFINITELY think they should. They won't, but it would be fun if they did.

I rate this game an 8.5/10. My review may have sounded critical, because it DOES deserve criticism, but it's such a fun game. Awesome soundtrack, decent characters, fun gun play, chaotic. It's fun. I like my games chaotic. I played on the easiest difficulty, and I STILL had a hard time beating the last mission. It's a very fun game with lots of nods to the other Resident Evil games.",1873,1,1,0,5,0,2021-08-25,2021-08-25,0,4,329,295
This game sucks.  It doesnt play like re4 or other 3rd person shooters like re2 remake or re3 remake,100,0,1,0,1,0,2021-08-19,2021-08-19,0,18,424,300
"The multiplayer does not seem to work anymore. I have followed multiple guides that are supposed to fix this and I have tried to manually install the correct version of GFWL, allow firewall access to the game and GFWL and to check that all my router settings are correct but still I cannot connect to my friends session at all. Direct invites result in ""Lost Connection"" and Quick-Matchmaking fails to find any match at all",423,0,1,0,3,0,2021-08-15,2021-08-15,954,43,87,87
"This game has many flaws, yes, but deep inside its worth the cash. This was actually one of my most memorable Resident Evil games. The hours ive poured into the multiplayer with friends made me look past the glitches and see the game for the gameplay. For sure, its worth playing either with friends or just the solo campaign. I highly recommend it.",349,1,1,0,1,0,2021-08-12,2021-08-12,0,19,1188,1188
"our teamwork was superior, love my homies, ALIVE, Parents, Friends, Crew, Everybody, Heart, Music, Words, Hopes, Rule, Patience, Ego, Question, Answer, Sex and Dream. #BennyHarveyRIP",182,1,1,0,2,3,2021-08-07,2021-08-07,474,5,340,340
i hate you aalto,16,0,1,0,0,1,2021-08-07,2021-08-07,0,1,311,311
barely even functions,21,0,1,0,0,0,2021-08-03,2021-08-03,0,3,119,112
This game is so awesome you play as the bad guy and kill the good guy I could't ask for more,92,1,1,0,1,0,2021-07-29,2021-07-29,239,18,836,401
"Okay, I pull up, hop out at the after party
You and all your friends, yeah, they love to get naughty
Sippin' on that Henn', I know you love that Bacardi (Sonny Digital)
1942, I take you back in that 'Rari
Okay, I pull up, hop out at the after party
You and all your friends, yeah, they love to get naughty
Sippin' on that Henn', I know you love that Bacardi
1942, I take you back in that 'Rari
Switchin' lanes and I'm seein' lights, you know I watch the curb
Smokin' weed, you know I'm gettin' high, you know it calm my nerves
Trappin' hard, pumpin' non-stop, the bag I had to earn
You can try, but you might fail again, you know you never learn
Came in with a bottle, I was trippin'
And I took a couple shots and now I'm dizzy
It got me burning up, burning up
Insides burning up, burning up (Yeah)
Okay, I pull up, hop out at the after party
You and all your friends, yeah, they love to get naughty
Sippin' on that Henn', I know you love that Bacardi
1942, I take you back in that 'Rari
Okay, I pull up, hop out at the after party
You and all your friends, yeah, they love to get naughty
Sippin' on that Henn', I know you love that Bacardi
1942, I take you back in that 'Rari
Uh, poppin' meds (Uh), out in the meadows (Yeah)
She like a little red (Uh), in her stilettos (Yeah)
Anytime you live (Uh), out in the ghetto (Yeah)
You try to duck the feds (Uh), they need to let go
Came in with a bottle, I was trippin'
And I took a couple shots, it got me dizzy
It got me burning up, burning up
Insides burning up, burning up (Yeah)
Okay, I pull up, hop out at the after party
You and all your friends, yeah, they love to get naughty
Sippin' on that Henn', I know you love that Bacardi
1942, I take you back in that 'Rari
Okay, I pull up, hop out at the after party
You and all your friends, yeah, they love to get naughty
Sippin' on that Henn', I know you love that Bacardi
1942, I take you back in that 'Rari",1906,1,1,0,1,2,2021-07-26,2021-07-26,0,23,965,965
"I love this game series, and i tried to like this game... but it sucks... don't bother playing it.",98,0,1,0,2,1,2021-07-26,2021-07-26,331,56,174,174
ive recommend this game only for RE fans not others,51,1,1,0,1,1,2021-07-25,2021-07-25,124,17,910,192
"1. not a good game by any means, solo or coop
2. it requires GFWL and it was a serious pain to bypass
3. its been removed from steam purchase
4. they need to remaster / remake outbreak file #1 & 2",196,0,1,0,0,0,2021-07-24,2022-11-04,0,261,218,218
The AI in this game is actually retarded.,41,0,1,0,1,1,2021-07-22,2021-07-22,272,32,453,453
Got the game when it was on sale for $8 and its still one of my favorite resident evil games to play with your friends. was worth every penny,141,1,1,0,0,0,2021-07-22,2021-07-22,0,16,817,817
"I don't get what everyone is complaining about. :/ 
Sure, you have to get the GWL working..

but to me it makes no difference, im fine working with it.. because in my experience, Fable 3 needs the exact same treatment. sure its annoying ass ♥♥♥♥, having to install other things to get the game working. I know. 
But the game is PLAYABLE once you bypass the GWL stuff 
That means Fable 3 should get a bad rating because of all of this unnecessary ♥♥♥♥ that you need to get. 
(its not on steam store anymore, bc of issues, but i digress) 

I wouldn't give this game a bad rating. Majority of people seem to be kinda lazy to do some extra stuff. It doesn't take that long to set up this game with GWL. I'm just saying this because i have previous experience. 

Besides that, this game is hella fun
and totally worth $5-6 USD 

Lemme tell you how to invite friends. 
when u get into the game and got the GWL and online account set up.. press HOME button on your keyboard and add your friend. there, you can add your friend when u do campaign. 
I'm surprised i havent seen much guides or forums about this at all. 

Cons/Disappointments/Nitpicks:

I dislike the fact that there isnt a whole bundle for all of the missions.. for echo six government spec ops 
You have to pay $20 for both of them. Im too cheap for that. 


Buy at full price??
>Nah, get it on sale",1357,1,1,1,0,0,2021-07-21,2021-07-22,599,130,504,192
I actually enjoy the game but there is so many problems with the game that I can't recommend at all.,100,0,1,0,3,1,2021-07-21,2021-07-21,0,410,214,214
"Terribly designed. Plain gameplay, no replay value.
This is, by far, the most boring piece of ♥♥♥♥ I've ever played.",116,0,1,0,0,0,2021-07-21,2021-07-21,550,33,423,423
"This is a very bad game.

Bad gameplay
Bad ""story""

Don't buy it, but if you will buy it anyway, don't pay the full price for it.",129,0,1,0,0,1,2021-07-21,2021-07-21,0,27,354,354
This game is extremely rough. After fighting with the game to even open it. I was faced with a clearly half assed game.,119,0,1,0,0,0,2021-07-20,2021-07-20,458,12,88,88
"BEST RE GAME MADE, GG NO RE",27,1,1,0,2,0,2021-07-20,2021-07-20,0,22,2743,2742
It´s really good to relive a classic and still be able to find more people still playing. Totally worth it!!!,109,1,1,0,1,0,2021-07-20,2021-07-20,0,3,971,242
"Resident Evil ORC reminds me of Star Wars: Republic Commando. It's actually a bit of fun and completely playable solo. The allied bot AI is decent, but the game barely explains the mechanics though there are several guides on the internet that will tell you what's what. It's old, but the controls are serviceable albeit a tad clunky. You can die in a solo game and respawn at the last checkpoint (cutscene) without restarting the whole level.

IF YOU BUY: Follow the guide on the games Steam discussion page to get it to work with Windows 10. It's very straightforward. I had a lot of trouble getting the antiquated Games For Windows Live (GFWL) to log in. I found out that your Microsoft password has to be under 13 characters or something. Once I changed it everything worked fine.

I bought the complete package on a heavy discount and do not regret it.",857,1,1,0,0,0,2021-07-18,2021-07-18,182,20,1530,432
"I played this game with battle brother Adamski and Saint Darling.

The trouble-shooting of attempting to get this game to work with Games for Windows Live was more enjoyable than playing this abomination and curse upon my ears of a game. (Shout out to my own guide: Rez with Dez).

This game is a simulation of what it is like to work for Pfizer, as you and 3 other sigma males attempt to destroy covid vaccines while the Terrorist group known as the 'Maskers' attempt to force you to drink their shamrock shakes.

The cover system merges you into the wall like molasses, the audio mixing inflicts crippling tinnitus upon your soul and your eyes bleeding is a more pleasant sight of jam through your iris than the graphics.

Give this game a pass as no mere mortal can comprehend its true excellence, I have set others upon the path to getting it function correctly to fulfill my sado-masochist desires.

ERROR.EXE/10 would uninstall games for windows live again",962,1,1,0,1,1,2021-07-18,2021-07-19,307,9,324,324
"I played this game with brother Desmond and father Jamie. This biblical and quite frankly immersive experience on how to be a functional diabetic was truly outstanding. The game has some assembly required upon downloading and honestly took longer to fix they we even played and was ♥♥♥♥ game with a terribly story and some of the worst third person shooting systems I've ever played. It was so bad it wasnt good. 

0.5/10 
Were it so easy",438,1,1,0,1,0,2021-07-18,2021-07-18,0,10,307,307
yuhhhhhhhhhhhhhhh ♥♥♥♥ with it,30,1,1,0,1,0,2021-07-17,2021-07-17,85,13,402,400
"There is no crouch or cover mechanic.
In a game released 9 years ago, this is unacceptable.
Played 30+ hours on console, so ignore my PC play-time.",147,0,1,0,0,2,2021-07-17,2021-07-17,665,293,102,102
"Not as bad as others reviewed it but steam needs to remove that annoying GFWL addon that microsoft is incorporating till this day even tho it doesnt work anymore. You gotta crack it first before you could play... sadly just offline but for the complete edition $7 is not a bad price. The story set place between 2 & 3 which is a good setting that popularized the RE franchise, Raccoon City.",390,1,1,0,0,0,2021-07-17,2021-07-17,1012,25,528,344
"I remember playing this as a kid and having fun with it. Now as an adult it does nothing but stress me out. 
First issue. I forgot how much they wanted this to be Gears of duty and with that its the most broken AI. The fact I grinded the first mission over and over to get both the most powerful guns in the game and yet the AI can three tap me with a uzi. Horrid game. If you dont have a full team its not going to be fun and lastly I feel like If youre not playing Vector you're going to have a hard time",506,0,1,0,0,0,2021-07-16,2021-07-16,0,9,1730,1235
loved this game on xbox360 why not here,39,1,1,0,0,0,2021-07-16,2021-07-16,0,1,1615,254
"CAPCOM! PLEASE REMOVE GFWL! PLEASE GOD!

It's a broken mess of a game, but it's a fun coop experience. C'mon.",109,1,1,0,3,0,2021-07-15,2021-07-15,0,27,102,100
"A good contender if you were culling a list for ""Most Underrated Games of All Time"".  I well remember being hyped for this game's release in 2012 and was shocked by how hard it bombed.

A genuinely fun, non-canonical entry in the series.  Enjoyable to play through the Raccoon City disaster from the perspective of beloved franchise characters (particularly HUNK, who, to this day, deserves a standalone title).

This is the type of game I find myself returning to play through about once a year.  It is short, so you'll be through in a few days, but the combat is so enjoyable that you'll be back for more.",607,1,1,0,1,1,2021-07-14,2021-07-14,0,2,1045,1043
"Couldn't get it to work with Windows 10, even after installing GFWM.

Shame because I really enjoyed this game.",111,0,1,0,1,1,2021-07-14,2021-07-14,377,7,129,6
"I originally played this on PS3 around six years ago and even then I felt the same way as I do now, Capcom handed over their IP to a smaller dev (which sadly went defunct) to see if something new and different could be made, unfortunately it wasn't the case. Regardless of RE: ORC's mixed reception, I still found it to be a decent action game. The game isn't bad, honestly play this instead of Umbrella corps as at least there's still a small fraction of people who play this online.

Update: I guess Capcom want to pretend that this game never existed since it was part of the RE era of big guns, explosions and action packed gameplay. They've been 'fixing' the game for just over a year now but I won't be too shocked if they delist the game from steam at any given moment. I still stand by what I said about this game as I personally liked it..most RE fans didn't but for what it was I felt that despite the major plot holes and bullet sponge boss fights, it was still a hidden gem that deserved more than it got.",1017,1,1,0,0,0,2021-07-13,2023-02-15,245,81,539,131
Great game when you get it to work you might need this if your running Windows 10 and your game startup is crashing https://drive.google.com/file/d/1DTqlioeKqHvbN5SXHHAcIJA7Tj11wTTH/view?usp=sharing,198,1,1,0,1,0,2021-07-13,2021-07-13,0,11,541,352
"First off, If you need help getting this game or any other game to run right this is the best site to go to. https://www.pcgamingwiki.com/wiki/Resident_Evil:_Operation_Raccoon_City


The trailer looks better then the games does these days. I feel bad because I loved this game when it came out on PS3 but it has not aged well. PC controls were bad and camera was pretty bad too. Way too close to character. If i remember correctly this game was made by the team that made the old Socom games for Playstation. I was able to find some patches for the game online by searching 'Resident Evil: Operation Raccoon City Mods' on google but I have not tried them so I can say if them help. It has been a long time since I booted this game up on PC. Not even sure If i had windows 10 at the time. It was a fun game but controls for M&K and camera was not great the last time I played.

A few cool things about this game: One thing I loved about this game is it really expands Racoon City from the other games. Will go through areas you recognize from the older games like resident evil 2 & 3 and Resident evil & Resident evil Outbreak 1 & 2 but, you know how there was always areas outside the map in those old games that you wish you could play? You know how you wish you had access to more of the city? Well in this game you do. And you run in to some of the characters from the main games as well.


EDIT: This will help you fix FOV issues. https://steamcommunity.com/app/209100/discussions/0/1741139653398413200/",1507,1,1,0,0,0,2021-07-12,2021-07-12,1093,105,508,403
"It hurts me to say this because I Loved this game on the xbox 360, but it's such a pain to get running on windows 10 and I couldn't get my DLC to activate, Simply Not worth the hassle of getting this to work.",208,0,1,0,12,2,2021-07-11,2021-07-11,413,42,7,7
pretty good for a resident evil spin off but bit of a bastard to get working,76,1,1,0,0,0,2021-07-11,2021-07-11,0,69,401,401
"I personally love this game. Still, don't buy it.",49,1,1,0,4,1,2021-07-11,2021-07-11,0,61,259,238
"Couldn't get the game to load, kept crashing on start up.",57,0,1,0,4,0,2021-07-11,2021-07-11,239,3,6,6
this game is 5 hours long and thats also the amount of time needed to setup the game itself,91,1,1,0,2,1,2021-07-11,2021-07-11,1093,60,320,320
"Right now listen you've heard of this game nobody hasn't one of the ""worst resident evil games ever made"" is what quite alot of people say and if ya wanna get down to it... they are kinda right.....

but heres the thing with the right group of friends who you can just chat with a bit of patience for games for windows ♥♥♥♥♥♥♥♥ (which hell i had to deal with for a good few hours) you can find yourself having a grand old time at the worst ♥♥♥♥♥♥♥♥ on the game and laughing at it's failures or at the best blazing it's ♥♥♥♥♥♥♥♥ and finding the fun in the game most people never did cause if im bein honest with ya while there is a singleplayer... don't. not unless you wanna get some xp otherwise playing with friends is the only way to play this game hell i liked the game by myself but nothing compares to doing it with friends.

you want a good or bad time ♥♥♥♥♥♥♥♥ on a game or having fun with friends than this should be something to look at... course on sale that is i ♥♥♥♥♥♥ love this game and i can't even recommend it at full price worst part is the only sale your finding on this is on steam officialy if the resi's are not on sale then this is a no go if so tho pick it up....bro",1190,1,1,1,0,0,2021-07-11,2021-07-11,0,1,1059,942
"Once you get it working, it is a lot of fun. Worth it, when its on sale.",72,1,1,0,0,0,2021-07-11,2021-07-11,477,19,45,40
Perfect throw back game to play with friends for any RE fan.,60,1,1,0,1,0,2021-07-10,2021-07-10,51,2,1073,538
.,1,0,1,0,0,2,2021-07-10,2021-07-10,2013,288,136,136
"Takes a bit of setup with GFWL, but there's plenty of help available on steam for the various issues that might pop up. Strong recommend if you're a chill Resident Evil fan and have 3 friends who are willing to tag along with you. 

There's a damage / weapons rebalance mod available on the internet that fixes a lot of the issues the game has and makes it a lot more fun to playthrough. We had a blast playing both campaigns with this mod installed on the hardest difficulty. Each character class has enough variety to keep the gameplay fresh. Make sure to buy the complete edition, otherwise you're effectively only getting half the game.

Game has a competitive multiplayer mode that's dumb fun, but dead. Worth trying out for a laff, but the campaign is the main draw here.",777,1,1,0,2,0,2021-07-10,2021-07-10,0,1,1090,1090
not as bad as a lot of people made it seem. I avoided it at release cause of all the bad reviews but im glad i played it for myself. really fun zombie shooter,158,1,1,0,1,0,2021-07-09,2021-07-09,0,1,940,655
"I do not care what anyone says, this game slaps. As soon as you get it working with gfwl and get some lads to play through the campaign, it is just pure nuts to butts action. Also if you play with a keyboard you're a mad man.",225,1,1,0,10,0,2021-07-09,2021-07-09,0,3,408,407
Fun dumb shoot em up as evil umbrella. With the added terrible squad based mechanic's to drive you insane.,106,1,1,0,0,0,2021-07-09,2021-07-09,0,14,877,411
"The game can't even start because it need GFWL. no GFWL, you can't play the game",80,0,1,0,15,0,2021-07-09,2021-07-09,0,18,2902,2902
Understimate,12,1,1,0,3,0,2021-07-07,2022-07-24,0,357,74,56
Ya it's pretty bad. Buy it cheap and play with friends only. You have to have a games for windows live account in order to save progress. D.U.M.B,145,0,1,0,14,0,2021-07-07,2021-07-07,754,258,105,105
Umbrella homies wya?,20,1,1,0,2,0,2021-07-06,2021-07-06,0,163,1548,1548
"just got into it and it's already got a huge problem with stun locking. if you get hit by berkins you're dead, you get too close to an enemy they will melee stun you to death unless you get blessed enough to have your allies aim at them. that being said aside from ai never healing and only running in and the sensitivity while ADS is atrocious the game can be kinda fun for an action game however challenging it is with all of that. don't recommend for those who want an easy game to shoot, there is strats with what gun to pick and which ability to have on what mission and those will make the mission easy or hard",616,0,1,0,2,0,2021-07-04,2021-07-04,0,2,414,141
"1,ooo,ooo/10",12,1,1,1,0,1,2021-07-03,2021-07-03,0,8,278,205
literally the best resident evil game ever made. all other games suck in comparison to this gloriously masterfully crafted experience. the game is designed for new players and veterans alike! works like charm just download and play like a good old fashioned game should be about. the controls are fluid and where rigorously tested by the top beta tester of the world. you will never play another zombie SURVIVAL HORROR GAME again. ps you can also kill leon ♥♥♥♥ that guy,470,1,1,1,4,6,2021-07-02,2021-07-02,407,3,423,423
"Game works just fine, offline and multiplayer. You just gotta follow the guide that follows:
https://steamcommunity.com/sharedfiles/filedetails/?id=3045770920
Had a blast playing it again after a decade ago. Playing as the bad guys of Umbrella Corp. is just pretty sick!!",271,1,1,0,24,13,2021-07-01,2023-10-18,592,84,2374,55
"when this game first came out i didn't care about the reviews or ""metascores"" i just went to a store bought the game, came back home and started playing it on my xbox 360.

back then there was no remake or anything to take me back to the raccoon city again, so this game was my ticket back to the city that i grew up in as a child and i was so exited to go back. that was a hell of a ride for me.

that is my reason for liking this game, but as a die hard fan of the franchise who played every single game in the franchise and is a fan of the classic RE games i understand some of the criticisms but tbh this game really doesn't deserve this much hate in my opinion.

this game is a complete action game in the franchise,it's the definition of GUNS BLAZING but this time you are playing as the bad guys and when you are playing as a u.s.s soldier you can not expect survival elements in the game and it's a co-op game so you can throw the horror part out of the window too but i turned off the RE logic part of my brain and just enjoyed the ride, it's a fun game specially with your friends.

this game is non-canon and that's good because it doesn't mess up the lore so you can have some fun with the mindless zombie shooting and the story of the game that is basically a WHAT IF... scenario with some of our beloved characters and B.OW's.

the game definitely have problems in gameplay and textures and specially in technical parts but it's still not that bad.

OVERALL REORC NEVER MEANT TO BE LIKE THE RE GAMES THAT WE ALL KNEW AND LOVE. IT'S THE UGLY CHILD OF THE FAMILY, MAYBE IT IS UGLY ON THE OUTSIDE BUT IF YOU SIT DOWN AND GIVE IT A CHANCE MAYBE YOU FIND IT BEAUTIFUL ON THE INSIDE. IT'S A FUN, CO OP ZOMBIE SHOOTING GAME IN THE RE UNIVERSE AND IT'S A FUN GAME FOR WHAT IT IS...",1787,1,1,0,97,8,2021-06-30,2025-07-01,0,17,930,930
"SOLVED, FIXED!

--------------------------------------------------------

NO CONTROLLER SUPPORT, AND THEY SAID HAVE CONTROLLER SUPPORT! LOT'S of People cannot start the game because of Game for Windows live! HOTPATCHFIX IT PLS! REALLY!

!!!!!!!!!I AM A BIG RESIDENT EVIL FAN, BUT IT'S A JOKE CAPCOM!!!!!!!!!!!!!

------------------------------------------------------

I'm using Windows 11 PRO with latest GFWL and everythings works fine!

First Play this game before you can Start Resident Evil 2.",498,1,1,0,0,0,2021-06-30,2021-10-07,0,6,57,16
A complete ♥♥♥♥♥♥♥♥ game,24,0,1,0,0,0,2021-06-28,2021-06-28,0,2,311,311
"You can really tell the devs did not care for this game at all, they put even less effort than what they pulled in RE5 or 6, which well as you may know arent great games either, those are at least enjoyable to an extent but this one is just a miss

Shooting mechanics are horrible, there is a lot of bloom so you end up wasting a lot of ammo, human ai is very dumb and bullet spongy, the gameplay feels like they tried to copy gears of war but did not even try so everything is half assed

Yet again, devs didnt care and neither should you",539,0,1,0,2,0,2021-06-28,2021-06-28,228,47,99,99
"I can now understand why Chris needs Leon to continue the ""Redfield Bloodline"". It's because Leon can take multiple direct impacts from a grenade launcher, a high powered sniper rifle, and a point-blank shotgun blast and survive long enough to stab me to death.",261,1,1,0,41,59,2021-06-27,2021-06-27,152,7,1777,1155
"Honest Review: This may be a terrible game, but it's a meme to me and I grew up with Resident Evil Franchise so I've enjoy this game somewhat due to being in the timeline of Resident Evil. The game or the plot isn't spoken about much in current times but that's fine. So I would say to enjoy this game is to either to be drunk or play with a bunch of retarded close pals like I did :) also in short summary: you're the Resident Evil FBI",436,1,1,0,1,0,2021-06-27,2021-06-27,243,60,3432,2011
Has had mixed reviews but a good game in my opinion so long as you're not a purist about the game play of the series. Kinda fills some story gaps.,146,1,1,0,6,0,2021-06-27,2021-06-27,0,3,601,234
"where to start....
This game is a technical nightmare, it froze on about 6 times over the course of an hour, it wont save unless you have games for windows live which is total BULL (as it took me going to the crapper for 6 minutes to wait it out for a sign in.... only a sign in), and it will not save through steam, but will only save through games for windows live. Which reaaaalllly sucks, however that is just the tip of my opinion for this game.

Pros

the characters are actually pretty dang neat, and a breath of fresh air from the typical main characters from the resident evil franchise. While lacking in depth and character dynamics between the crew, you can still infer a lot about the characters based on the voice acting which is surprisingly decent for a game like this. You have Four Eyes whom is neat cute little psychopath who can be little caring, Spectre a cool former KGB from the cold war with a damn cool accent and design, you got Beltway a loud mouthy mexican who loves the smell of gunpowder and explosions  ;Yet actually given to be the most normal person on the team, Lupo the only noncowardly frenchy amungst the group, Bertha who is the BESTGIRL, and Vector (my personal favorite) the one character the i honestly wish was canon amungst the main resident evil games as his design and voice and personalty are the best in the game.

The cutscenes (while taken from another resident evil game to give context to this games scenarios) are actually pretty sweet, they look nice, the can be skipped quickly, but they are a nice break form the typical fatiguing gameplay
The mission where you fight hunters and soilders at a gas station is actually pretty dope, its both fun unironically and ironically, ironically cause its so broken, unrionically as it is actually fun.
the controls are pretty dang smooth for an action 3d resident evil, they're even more smooth than resident evil 6 , and playing this again with mouse and keyboard was super smooth

CONS
To elaborate on the games for windows live a bit, i lost about 2 hours of gameplay. I exited out of the game went to sleep, woke up and went to continue my progress, and what i see makes me laugh and groan at the same time. There is no save"" but how"" i asked, well you needed games for windows live, but  every time i put in my information it loads for a long time with no indication of finishing, so i  exit out the pop up and it freezes the game, so just to exit out the game i have turn of my PC.  So i made a new windows account and then signed in went to the bathroom for 6 minutes and it was done, and i could enjoy the game in its full ""Glory""
Gameplay (Played on Veteran)
its simple, you cover, click and shoot yet they made even something as simple as that a chore to do, as you will do this over and over and over again, the games length was around 3-5 hours and i already had fatiuge through the game play when i was like an hour in, its usually because the same formula is repeated over and over through to the end, and it can be fun at times. However for the most part, its really tedious as your gun while in cover has no accuracy so  it feels poinless to even shoot your weapons at the enemies who also have have, yet your enemies have the aim of American Sniper Chris Kyle and you get folded  for even trying to get some cover

Spec ops
this is its own section, while i appreciate the addition of many of resident evil 1 and resident evil 2's B.O.W.S in the game they were kinda stupid in this game, but in their own special way they kind fun to fight for dumb action schlok. The spec ops however is whom i spent the majority of my time in this game  and it was rage, fury, irratation, humilitation, to have to lose to them for parts of the game as there were 2 part of the game in particular that made me legit mad the first was the hallways in city hall where if you had the wrong gun for range your done before you began, and the second being the generator of 3, where you have to with a sniper, zombies, and hoards of broken lazering broken stupid spec ops who can kill you in a milisecond. In a franchise with some of the most influential monterous designs created by the japanese ( TIED with Berserk&Godzilla) you would thing that Studio Six( studio behind operation raccoon city) would make use of the most iconic setting in the franchise, where they would use the monsters of that era to make you feel like your in a hellscape..... but nope we got a generic lazering, overpowered, yet stupid pair of soilders.... we got spec ops
The Music
its meh overall, the briefing song before the start of every mission is dope,the main menu theme is cool, then there is this one song in a part of the game where there are 2 semi-trucks parked in a garage that sounds like a resident evil 4 song, but there is nothing overall that is too notable

Level design
its not bad, but man sometimes it does not compliment the gameplay sometimes, such as the 2 missions i mentioned in the spec ops section above, but for most part its mostly uninspired bleh.

Fan Service
The fan service in this games is unreal, while it is awesome to see Mr X, the original RE2 police station, Nemesis (Albeit a butchered voice for nemesis) lickers, hunters and more raccoon city, it does not feel earned it just feels like it was put in to make everyone less upset with game they bought, and hell it even butchered them in many ways, while i understand the lickers dying quicker, we fight multiple Mr X's (or Tyrants) and they die quick making them feel brain dead and stupid, they pose no real threat as their A.I. is Trash, while spec ops are annoyingly bullet spongy and overpowered.  It just makes the enemies from resident evil 2 and actual joke, where Resident evil 5 (for as much hate as that game gets) it made these types of monsters threats when you had normal weapons in that game.

overall
While i bought this game on sale it for around 8 bucks, it still is not worth your time to waste on as a fan or a casual if i were to give this a rating its a 4/10 OR  5/10 at best",6052,0,1,0,0,0,2021-06-27,2021-06-27,0,7,722,546
"Game played fine at first. After that, it wouldn't boot again. When it played it was great. They really need to fix it so that it works on it's own and not with Games with Windows. I updated it an it still didn't work properly.",227,0,1,0,0,0,2021-06-26,2021-06-26,0,10,124,124
"Complete f***ing bulls***. You can only play as many levels as you complete in one session because the campaign doesn`t save since the servers no longer exist! And I asked for a refund after playing it once or twice over the last several years, and apparently forgetting each time that it doesn't save, so they didn't give me my refund. 

The game is great, but DO NOT GET IT ON STEAM. Get it on PS3 if you've still got one.",424,0,1,0,0,0,2021-06-26,2021-06-26,0,4,96,96
Buy RE4,7,0,1,0,13,5,2021-06-26,2021-06-26,0,2,43,43
"If i could find a sentence to describe this game, it would be: 'guilty pleasure';

Game is not cannon, it's basically a cover-based third person shoot-em-up;
In the main campaign you'll be controlling a squad of Umbrella Spec Ops in finding and destroying any data that could compromise Umbrella's image.

You'll be fighting your common zombies, crimson-heads, lickers, parasite-zombies, zombie-dogs, hunters, Nemesis, Mr Birkin and MR-X-like-tyrants. Aside from the B.O.Ws mentioned, you'll be fighting off government spec-ops forces most of the time. The campaign is not long and can be completed in maybe under 6 or so hours. You have a variety of guns to pick, from primary to secondary guns, being Assault Rifles, submachineguns, machineguns, bolt-action rifles, shotguns and then a small variety of pistols respectively;

Gameplay gets old fast as you fight off the same enemies again and again, increasing the difficulty means enemies become bullet sponges and you, fragile. 

The only DLC that's worth it is the Spec-Ops #1 and #2, as it adds a new campaign on the same size of the original but instead of fighting for Umbrella, ur fighting as the government spec-ops. The rest of the downloadable content comes in form of new and unneeded guns and a costume settings for the original campaign (which only just changes the character clothes colour)

Edit: Yeah i'm halfway through the DLC campaign and i gotta say that even tho it's cool to see some more iconic characters like Jill and Nemesis (again), it's like i'm doing the same things again and again, you have to go through some of the same locations you went in the main campaign to do the opposite of what you did in the previous (main campaign had you destroy any evidence in the Raccoon City Hall, in the DLC you have to go through the same rooms but this time you have to find evidence, it's as if it contradicts what we've already done in the base campaign)",1927,1,1,0,0,0,2021-06-26,2021-06-27,0,142,465,303
love the game but how do i activate the dlc because i don't see any of the content i just bought,96,1,1,0,0,0,2021-06-25,2021-06-25,0,1,824,357
It still perplexes me that Capcom is allowing a game this broke and needing GFWL to be advertised and on sale. Crappy Enigma drm was added to Capcom games before the GFWL drm was removed from this game. Wow.,207,0,1,0,40,2,2021-06-24,2024-01-28,885,68,562,562
A fun game marked by terrible design flaws. Don't buy unless you are a die hard fan looking to play all the Resident Evil games. Requires a work around to get running because of it's connection to Games for Windows Live.,220,0,1,0,21,0,2021-06-24,2021-06-24,0,13,1802,1048
"Brilliant game.

But it stopped working sometime in 2013.

And CAPCOM have done NOTHING since to get it working again.

Don't waste your money.

BTW, no, it's not just me.",171,0,1,0,3,0,2021-06-16,2021-06-16,0,34,840,840
So uninspired that I have a hard time writing anything more. Mixed feelings. Not recommended.,93,1,1,0,1,1,2021-06-15,2021-06-15,0,232,198,198
"My favorite Resident Evil game. Please bring this game back to the steam store. I know it takes extra steps to make it work for now until it gets fixed, but for those who are willing to take those extra steps they should not be hindered. I want to be able to play with people again.",282,1,1,0,5,9,2021-06-14,2023-12-12,0,89,7679,3611
"GFWL is a mess and players are rare (its an online game); tried alone but got bored pretty fast, gameplay didnt age well imo.",125,0,1,0,3,0,2021-06-11,2021-06-11,2077,401,18,18
"I really like this game.  Its alot of fun that other RE games arnt. A shooter!!   To make it run just delete the ""XLive.dll"" file and load the game up.  After it boots it will ask you to log into live.  When you log onto live with your live account (remember to check all the check boxs) it can take about 5 min but its only a one time thing.  Also by doing it this way you get controller support as well.",405,1,1,0,23,1,2021-06-11,2021-06-11,0,2,394,217
This game is broken,19,0,1,0,4,0,2021-06-07,2021-06-07,0,1,372,372
is good,7,1,1,0,0,1,2021-06-05,2021-06-05,197,1,827,790
i really wanted to play but for it doesn't even open anymore :(,63,0,1,0,15,0,2021-06-04,2021-06-04,120,7,282,60
This game got a lot of ♥♥♥♥ ups cuz of the windows live and it just keep on downloading the older version of it. Once you download thew new version and log in and use the Cd key it runs just fine. By the way it is a good game and I kinda liked it never played it on co-op tho but still it's a good game.,303,1,1,0,4,0,2021-05-28,2021-05-28,0,155,451,451
"So I have tried to contact the developers and I have tried leaving reviews, I can't ever get one to go through and the developers just keep saying to make sure my computer is compatible to play this game. So here is the thing, this game make have been a real game and has worked before with other people and on other platforms, but I think the developers just got so bothered by the bad reviews about this game that they don't care. I have tried everything. I have tried installing this game, reinstalling this game, copying the product key, i have tried playing it on 8 different computers I own. Look if you can even effectively download and run a big game like ark or gta 5, you should be able to play this game. My computers play those games yet this one, I can't even get it to let me play the game. I hate it because I really want to play this game. Also the amount of time it says I have played this game, it's a total lie. When I launch the game, it doesn't load, ever, it just says I'm playing it and starts keeping up with the amount of time I supposedly played the game. I don't really want my money back, I just want to play the game. If I can't get it to play, I may never play another game this company has, I even own most of the resident evil games and happen to enjoy the games. This one is just obviously broken and the developers don't care  but are still charging people for this game.",1405,0,1,0,7,0,2021-05-28,2021-05-28,1289,11,26,25
Game won't even open anymore...,31,0,1,0,13,0,2021-05-27,2021-05-27,216,50,828,828
"I'll start this review with a humblebrag by saying that I beat the game's main campaign (Umbrella) on Professional difficulty. This was one of the most challenging experiences I've had in all my time playing Resident Evil. It also wasn't worth it.

https://steamcommunity.com/sharedfiles/filedetails/?id=2497119772

With that out of the way let's talk about the game. ORC is one of the more polarizing titles in the series. On release it was panned by series fans and got a lukewarm reception from professional critics. Game had balance and performance issues, PC port wasn't very good, the story contradicted existing lore and, in my opinion, worst of all of those things, is that game used (and still does) Games For Windows Live on PC. So how is it now?

Let's start with controls. I played the game with both Keyboard and Mouse combo and Gamepad and honestly the controls imo are fine for both. The only features I have issues with is the dodge move. To do it you need to sprint and then press the action button. This can be hard to do in a pinch and can also result in you diving instead of picking up an item you are running towards. However, good thing is that dodge move isn't mandatory, and the only enemies it's really useful against are Hunters and Tyrants. 

Visuals are a mixed bag. Player characters, both on Umbrella and US side are well done. Each character has a unique design that helps easily identify their role on the team and the quality of models themselves is also pretty good for the time. However, environments and some monster visuals and design can be questionable. For example, some zombies have oversized palms that look silly, and Licker limbs look like stuffed toys. Maybe it's just me, but when I look at them they remind me of cat paws. The human enemy models look fine for the most part, same with models of returning characters such as Leon and Jill. Claire imo looks somewhat bad but maybe it's just me. Game also has CG cutscenes that look very good even today.

https://www.youtube.com/watch?v=Ar-qKACbnkg

https://www.youtube.com/watch?v=IVd3hLBT7No

The music and overall sound is alright. I like the main theme that plays in the menu, and character voices are also distinct enough and fit their personalities, but overall sound is nothing special and music isn't all that memorable. It does the job and that's it.

On to the gameplay, the most questionable part of ORC. Let's start with the good. Do keep in mind that I played solo with AI bots so I'm just making an assumption here, but I'd imagine that if you can actually get 4 people to play together you can end up with very fun team based shooter. Each character has a unique role in the team and while there are 6 of them, you can only choose 4. Vector can go invisible to sneak behind enemies, mimic the enemy soldiers to walk up to them and avoid getting shot (though in my experience that doesn't always work, especially on higher difficulties. I'm not sure why). Beltway can place various types of mines on the battlefield that deal a lot of damage. Lupo is the main damage dealer of the party, being able to unlock a passive bodyarmor skill to tank enemy shots, reload weapons faster, and among her abilities are a buff that gives her incendiary ammo or infinite ammo for a few seconds. Bertha is the medic that can either buff her teammates or cure the T-Virus infection on demand. Her special melee execution also allows her to spawn green herbs on demand. Spectre is imo the most useless character, being able to more easily spot enemies and mark them for his team. Perhaps he's more useful in the PvP modes, but in the main campaign the only reason to pick him imo is if you just like the character himself. Finally, Four Eyes can manipulate the infected and B.O.W.s or even convert crimson heads to assist the team. Afaik there's no limit to how many she can control. The US Spec Ops characters have the exact same abilities. While in singleplayer the usefulness of many characters is limited due to the fact that your teammates don't often use abilities (I've never seen AI Beltway place mines, but I have seen Bertha spawn green herbs and Four Eyes convert zombies, so it clearly depends on the character), and in some situations on professional you're all but forced to pick a specific character to proceed (I'd love to see someone beat the final level on professional with someone other than Vector without dying), but I'd imagine with actual human players to assist the game could really shine. 

Your have a big arsenal of guns, from ARs and SMGs to LMGs, Sniper Rifles and even a rocket launcher. In addition to that, each character has melee attacks and two types of executions. One is generic and available to all characters, while the other is unique and utilizes a character's special ability. For example, if you have Mimicry equipped on Vector, after executing an enemy soldier he will mimic their looks. 

All of this sounds pretty fun so far. Big arsenal of guns, unique character roster that clearly emphasizes teamwork. So what could be wrong? First of all, most enemies in the game are huge bullet sponges. Even if you use the most powerful sniper rifle and get only headshots, enemy soldiers can take 3 shots to the head before dying. Zombies usually die in 2 shots to the head or so, but Hunters and Lickers are huge bullet sponges, able to take more than two mags from an assault rifle. Shotguns are much more useful, but they limit your range capabilities severely and on some maps can lead to you being pretty much useless to the team. The game also seems to have issues with hit detection and your weapons overall can feel pretty inaccurate at times. Another issue is enemy damage. Enemies KNOW that they are bullet sponges and they aren't afraid of abusing this. Enemy soldiers will rush your position and they will blast you in the face with the shotgun completely ignoring the fact that your 3 AI teammates are all firing at them. AI wants you dead and won't rest until you and your entire bloodline is erased from this planet. This can be downright immersion breaking at times. Another issue is the AI itself. Both enemies and friendlies can get stuck or start running back and forth in place. Thankfully you don't have to wait for NPCs to arrive and after you reach a checkpoint they get teleported to you, so it's not a huge issue, but it does happen and is annoying. Basically, main issues of ORC gameplay-wise are the sponginess of enemies and the overall lack of polish. 

Game also isn't very long. If you don't buy the DLC that includes the US campaign, you only get 7 missions which can be beaten in a single evening, especially on easier difficulty settings. While the game nowdays is pretty cheap (at least in my currency), it's still something to keep in mind. The story isn't anything special either. It's alright and has a few twists including two different endings for the Umbrella side, but overall it's just there as an excuse for you to visit locations from the original games. I think the biggest issue is that the game doesn't really start contradicting the original games until you meet Leon and Claire, so if developers didn't add that part, ORC could've easily been part of the canon. As it is, it's unlikely we'll ever see the members of the Wolfpack again, and it's pretty disappointing since they are all pretty fun characters and it would've been interesting to see what happened to them after Umbrella's fall. 

Despite all of my complaints, I still enjoyed the game, and would recommend it, at least on sale, for any fans of the RE series. Despite its issues ORC can still be an enjoyable shooter, and if you can get 3 other people to play through the game together, you are in for a pretty fun, if somewhat generic, team-based shooter with a good mix of zombie and human enemies.",7845,1,1,0,5,0,2021-05-26,2021-05-26,2628,224,1013,1013
"I always enjoyed this game a few problems at first cuz it wasnt starting took me a bit to get it to start with some patches but overall its a great game, my only problem at the moment is that i cannot use my controller for this game just keyboard",246,1,1,0,0,0,2021-05-24,2021-05-24,109,15,208,117
"https://youtu.be/BZDJf2g1e9U
""Nighthawk, this is Hunk from Alpha Team. I'm at Point K12. Need info on my extraction. My extraction point!""",138,1,1,0,0,0,2021-05-23,2024-10-27,3632,884,1532,1532
"Better with friends. A lot of bullet sponges, but great to just throw back and chill with friends!",98,1,1,0,0,0,2021-05-20,2021-05-20,0,1,1206,963
i just bought a game that i can t play it now better hacking it fk capcom,73,0,1,0,0,0,2021-05-19,2021-05-19,0,3,1431,833
"This game has all the resources of a Left 4 Dead clone, but plays like a gears of war clone (and not a good one).  Terrible controls, clunky gameplay and boring level design make this game a non-recommendable experience.  4-player coop and the leveling system are the only redeeming qualities of this game.",306,0,1,0,0,0,2021-05-17,2021-05-17,0,34,1621,1621
"Not as bad as people say it is, it's a nice new approach to a resident evil game but unfortunely poorly made, the characters of the main game are cool and with interesting backstory and Bertha is hot, was a pain in the ass to make it work since the game requires a outdated program to work properly, overall a fun little RE Spin-off that i hope they could at least use the characters in the canon of the series somehow but i don't think it's gonna happen, buy it when on sale!",476,1,1,0,0,0,2021-05-16,2021-05-16,53,30,739,739
"I wish there was a way to review this game fairly, but there isn't. This game is an absolute mess, it took me about 3 or 4 months just to find a version of GFWL to even start playing this game, this is more of Microsoft's fault, but it still upset me and frustrated me to no end trying to boot up this game, if it wasn't for GFWL, I'd say this is a pretty okay purchase, but otherwise i would steer clear if you don't like to deal with a bunch of nonsense.",456,1,1,0,0,0,2021-05-15,2021-05-15,0,14,938,61
"Good idea but a very bad deliver

avoid this game if you ask me",63,0,1,0,1,0,2021-05-15,2021-05-15,557,21,1046,685
d,1,1,1,0,0,0,2021-05-15,2021-05-15,0,17,437,361
"Works great, just need to look up a guide for how to set it up. Online multiplayer works perfectly. Here's a link to the guide for anyone that's curious. Working as of 5/2021. 
https://www.youtube.com/watch?v=mdb325EO_lA",220,1,1,0,0,0,2021-05-12,2021-05-12,0,24,278,132
residente vil: operación ciudad mapache,39,1,1,0,1,2,2021-05-12,2021-05-12,763,78,1666,1480
gets too much hate,18,1,1,0,5,0,2021-05-11,2021-05-11,0,110,613,607
"Capcom, since about 2017, has established itself as a caring, creative company that is taking bold new strides with its franchises and revitalizing them, especially Resident Evil.

This is not 2017 Capcom. This is 2012 Capcom. This is Street Fighter X Tekken and RE6 Capcom.

So you should know exactly what your'e getting into: non-existent balance, fake difficulty in the extreme, and god help you if you're a poor schmuck trying to solo this. Play as a team. Get the DLC, its campaign is better. Most of all, read through guides on getting GFWL to work in this day and age because if you don't it may launch once and then never again. 

Get it on sale -only.-",662,1,1,0,16,1,2021-05-10,2021-05-10,1931,50,597,489
cant start it,13,0,1,0,1,0,2021-05-09,2021-05-09,0,5,378,379
I sold my bicycle to pre-purchase this game and its pure garbage,64,0,1,0,9,21,2021-05-07,2021-05-07,247,25,699,699
"If you had asked me when this game came out if I would recommend it, then no, this game had no place being made and is an unholy mixture of SOCOM covered in a Resident Evil wrapper. 

However, nowadays, I think I would recommend it only if you have someone else to play it with, this game is not designed to be played single player, and you might as well drag someone else into the pit of despair with you.

Make sure to read guides on how to get GFWL to not ♥♥♥♥ you over.",473,1,1,0,0,0,2021-05-05,2021-05-05,0,38,550,285
"First of all this game can be played in 2021 - just search on Youtube how to get it running it is quire simple. There are also guides in the Steam Community that are straight forward.

OVERALL 2 out of 5 START: 
- 4/5 ONLY BECAUSE OF NEMESIS 
- 1/5 Stars for the Gameplay IF YOU PLAY ALONE it sucks
If you have at least 2 Friends to play this game it is quite OK. 
THIS GAME IS NON CANON

If you buy it alos get the ECHO SIX Pack 1 and 2 - it doubles the playtime and it's worth the money.
BUY IT ONLY ON SALES!",511,0,1,0,2,0,2021-05-01,2021-05-01,0,149,1162,1162
crashing constantly and the windows live version is wrong exe to log in to the game i had to buy flat out ultimate carnage with has the proper executable its pretty damn sad that i can run games like nier  dmcv and vr based games without crashing as frequent who knows maybe theres a mod to optimize this game,309,0,1,0,0,0,2021-05-01,2021-05-01,331,100,366,115
"Corporate outsourced GAHBAGE. It even requires game for windows live KEK. IF you are insane enough to try and give this trashpile merit, comments are on.",153,0,1,0,2,0,2021-04-28,2021-04-28,408,106,343,343
"Yeah, so after diving in and looking around, it seems that things are worse than what they seem. Apparently, for some asinine reason, Microshaft decided to tie GFWL connectivity to Windows' UWP/Online services. Meaning, if you have any kind of debloated or modded OS install that rips out the spyware, have not signed into the Xbox app on PC, or are not using an online account, you can no longer play this game. That's why it wasn't working in my previous review, and that's why it doesn't work for me now.

So congrats. They magically took the GFWL requirement and made it worse; if you are not UWP-capable, you cannot play this without a crack, let alone play it online.

F*CK MICROSHAFT!",691,0,1,0,0,0,2021-04-27,2023-02-04,0,82,1028,993
"just look up the fix for gfwl and you will have a good time. very different take on resident evil's perspectives, with you taking control of a Umbrella soldier team that is highly elite. The abilities that each one carries each extremely valuable to make it through each level comfortably. If you find people online to play with, dont be afraid to simply add them as trying to find online partners is hit or miss. 

If you are a resident evil fan, and you want to see what it's like to be on the winning side, definitely give this a go. it is not without some technical issues, but using a controller solved a few of those issues for me.",637,1,1,0,0,1,2021-04-27,2021-04-27,0,193,545,528
Proof that a game doesn't have to be good to be fun.,52,1,1,0,4,0,2021-04-27,2021-04-27,0,38,468,468
"Everyone who looks at this should be aware, that Valve Software (""Steam""), Capcom, and Microsoft have chosen to STEAL from anyone foolish enough to purchase this.  I purchased it when Microsoft was still promoting their ""Games for Windows Live"" program, right here on Steam.   That means, I purchased it from Valve Software, and not from anyone else.  Valve has a legal obligation to make it workable for their paying customers, OR to refund our purchase price in full.

Capcom is the company which chose to contract with Microshaft... er, I mean Microsoft... to include their ""Games for Windows Live"" interface in the package.   Thus, Valve's ""beef"" is with Capcom. 

And Capcom was promised by Microshaft that they were going to keep ""Games for Windows Live"" going indefinitely.   Instead of... as MS is wont to do...  breaking every promise they made just a couple of years later.

I paid full price for this game.  It wasn't cheap.  I never got around to playing it, because I had other games I wanted to play through first.  And by the time I DID get around to it... Microsoft's shenanigans with ""Games for Windows Live"" had rendered it incapable of being run without a LOT of ""hoop jumping.""

But we found a way to get it to work.   And Microsoft, realizing that this had happened, DISABLED THAT METHOD.   This is malice, plain and simple, on Microsoft's part.   Ultimately, WE should demand, en-masse, that Valve refund our purchase price.  Valve, in turn, should demand that Capcom refund the monies Valve forwarded from us to them.  And Capcom should sue Microsoft in criminal court to recover those costs as a matter of FRAUD.

Will any of that actually happen?  Sadly, likely not, because too many people are simply willing to ""take it.""   And too manyh OTHER people are willing to actively SIDE WITH a company which engages in this sort of... yes... criminal behavior on the part of Microsoft... and Capcom... and yes, Valve.   All three have violated the law, by doing what they've done.  They've colluded against their paying customers.   They got our money... they don't care about us anymore.

Well, we do have a FEW other options.

(a) Stop buying, or reduce  your buying, from Steam.   I don't TRUST Valve Software anymore.  This isn't the first such illegal action they've participated in, after all.  There are quite a few alternatives to Steam these days.  So, if you can find it elsewhere, DO SO.  Especially if you find a site which offers ""no DRM"" options and ""permanent installers.""  Such companies do exist in the digital game distribution marketplace.  (I used to buy almost everything here.  These days, it's exceptionally rare for me to spend any $$$ here, and most of my purchases are made elsewhere... because, no, I do not trust Valve Software anymore.  They've done wrong by their customers too many times.

(b)  Stop buying from Capcom.   Tell them WHY you've stopped buying from them.  Tell them that unless they reissue a version of this with GfWL, and give you either a free copy or at least an ""upgrade pricing"" option, you won't buy from them again.  Capcom is more likely to listen to  you than Steam is... which is sort of sad, frankly, but true.

(b) Find someone who has figured out a way to strip GfWL from the game, and use their solution.  This is risky, as you can't really trust files you get ""in the wild,"" but at the moment, it's the only actual SOLUTION anyone can offer.  Valve has told its paying customers ""tough luck, we have our portion of your money, now go away!""  Capcom has told its paying customers ""tough luck, we have our portion of your money, now go away!""  And Microsoft?   They've told their paying customers ""we want to own you entirely, and you have no say in anything we ever do to you.  Now, get in line as we run you through the chutes here at the meat-packing plant.""

They're terrible.  Microsoft is the worst, but Valve and Capcom are culpable too.  They've stolen from us.  It's intolerable.  Don't tolerate it.",3987,0,1,0,1,0,2021-04-26,2021-04-26,820,9,41,40
"Not Great, bought this game when it was on sale. and found out you can't save with out the GFWL that was abandon years ago. I got it to work but I can't save my progress with the online servers up. Steam please talk to Microsoft and Capcom to fix. but don't buy this",266,0,1,0,1,0,2021-04-24,2021-04-24,93,5,272,51
"this a tough sell even for a huge fan, the A.I. is terrible the weapon handling and accuracy is so bad it makes the game very frustrating, i played this a lot when it came out on 360 however long ago. it has aged terribly. WAIT FOR A STEEEP as HELLL sale seriously, it rough game even for a RE fan. I have also played Gaiden",324,1,1,0,0,0,2021-04-23,2021-04-23,362,19,250,79
i wish i was watching godfather 3 right now,43,0,1,1,0,2,2021-04-23,2021-04-23,0,17,286,286
"The game Story is trash...really trashy...but the gameplay is kind of fun. 
6.5/10",82,1,1,0,3,0,2021-04-22,2021-04-22,0,33,925,880
Good game but rubbish because you need GFWL to run it which is also rubbish. Will be straight on this if they ever remove GFWL like they did on GTA4,148,0,1,0,0,0,2021-04-21,2021-04-21,194,23,454,454
"This game gets a lot of hate for many reasons, a lot of it warranted, a lot of it not. Sure you gotta run it through games with windows live (I don't mind that personally as it brings back a lot of nostalgia) and sure the gameplay is janky and the story is passable, this game holds a lot of memories for me, almost all of them good. Pick it up on sale with some friends and have some fun.",389,1,1,0,1,0,2021-04-19,2021-04-19,272,20,713,532
works fine.,11,1,1,0,0,2,2021-04-18,2021-04-18,0,27,1122,357
Pain,4,1,1,0,1,2,2021-04-18,2021-04-18,601,20,151,143
Capcom's first attempt at making a more arcadey multiplayer game. Probably should have just took the hint with this one and stopped.,132,0,1,0,0,0,2021-04-18,2021-04-18,0,163,1313,1311
installed it 9 years later lol ♥♥♥♥♥♥♥ GFWL troubles not worth the hassle ♥♥♥♥ it,81,0,1,0,0,0,2021-04-18,2021-04-18,0,138,153,150
[h1]Better than REQUIEM[/h1],28,1,1,0,0,0,2021-04-18,2026-03-06,0,575,1967,342
"Used to play this on my xbox 360. damm what a memories
just download window live from pc gaming , the game gonna works fine

its so cheap by the way , its worth it 7/10",168,1,1,0,0,0,2021-04-17,2021-04-17,741,211,592,591
Very Fun works great on windows 10 but you need to download the latest game for windows youtube will show you how to get it working,131,1,1,0,3,0,2021-04-17,2021-04-17,56,60,2279,276
Decent game the only thing holding it back is its heavy reliance on an outdated Online Service connecting to it should be optional not required especially for a game you have to pay money for. Enjoyed the gameplay but the Online Fiasco is gonna net it a Not Recommended,269,0,1,0,0,0,2021-04-17,2021-04-17,0,19,127,58
I never played the game before until now. The game runs really bad i have more than the recommended specs into my laptop to play the game however it just doesn't run very well. The need for a GFWL is pretty complex i went through many guides and it didn't work at first till i installed a directx program from microsoft which somehow made the game work. I recommend watching gameplay of the game first before buying so you know if it worth the money. Personally I believe it wasn't the $6 i paid plus the amount of trial and errors i had to go through to play the game,568,0,1,0,1,0,2021-04-16,2021-04-16,0,3,42,42
The game is almost unplayable.,30,0,1,0,0,0,2021-04-16,2021-04-16,0,113,77,77
"DUNNO ABOUT THIS ONE CAPCOM....

0.3/1",38,0,1,0,0,0,2021-04-16,2023-10-28,265,56,278,278
"Its fun but it has its issues ... played the crap out of it on the 360 back in the day. My main issue with this port is it takes rocket science to get it to run... Download the latest GFWL and it should play but i had issues afterwards where it wouldn't let me login to my GFWL account so i just hit create an account and created an offline one. only thing is i can't play online which doesn't matter to me being that the MP is probably dead anywa



Edit: after further trying to get it past the login issues  i figured out all you have to do is be extremely patient... after you enter your login stuff and press enter its gonna sit on please wait for a long time... just wait it out and it will eventually let you enter your key... multiplayer wasn't quite as dead as i thought...


Edit 2: won't launch on windows 11


Edit 3:  i eventually got it to work on windows 11... not sure if its because i checked the integrity of the files and it found a file missing or if its because i plugged my laptop up to an external display.... my only reason im not sure if checking the integrity of the files fix it is because i tried it like 5 times and it didn't work.",1160,1,1,0,4,0,2021-04-15,2021-11-01,0,2,2366,455
"Was getting the nostalgia feels and wanted to get this with a couple of friends.  Should have read the reviews first because unless you're willing to go through a list of steps to get around some of the necessary programs it is entirely unplayable.  I don't know why Steam would put out a game that runs on a system that is non-existent (Games for Windows Marketplace) at this point, but the disappointment is real.  This is the only game to date I have ever refunded and I hope it will be the last, but unless they go through the proper steps to make the game playable out the gate, look elsewhere and save your time and money.",628,0,1,0,7,0,2021-04-14,2021-04-14,0,2,28,28
"This game is sub-par at best and the Special Ops DLC campaign is weirdly hidden in the missions menu, and you have to do a little workaround for offline mode to play the game thanks to GFWL being long dead. But I weirdly like it despite it being pretty bad, I keep coming back, it takes alcohol but it draws me in. Vector can't be left idle too long. He yearns for freedom. This game sucks but I like it. Why?

Post Special Ops addendum: DLC missions are specifically accessed through the Free Play menu, and is somehow more cheesy with enemy placement and spawns while letting you cheese less with the Recon character's invisibility by not triggering events unless enemies are dead. Main game's more enjoyable.",711,1,1,0,2,0,2021-04-14,2021-04-15,0,77,4686,2074
"I love this game but for some stupid reason steam is selling a product on their platform that doesnt work, i understand that its an issue with the developer or the publisher or whatever and that is why steam cant fix the problem, but if they know its not starting or working on anyones computer they should just stop selling this game. i bought it a year ago and still havent found a way to play it.  Should not be on me as a player and customer to go out of my way to make sure that a product i bought should work its stupid and i wish i could get a refund 
Steam should atleast have the courtesy to say that it ""may"" not work just like with Lost Planet and several other games they sell",688,0,1,0,34,1,2021-04-14,2021-04-14,0,9,12,11
"I can't speak to the game itself. Near as I can tell, the only way to play this game is to navigate some abandoned windows live DRM software, which you can't...because it's abandoned.",183,0,1,0,10,0,2021-04-14,2021-04-14,0,1,17,17
"Don't buy this game ! It not working anymore because of GFWL is not working anymore.
You can still run it if you have a old version og GFWL but all the multiplayer modes (80% of the games) will not work.

So there is no point to buy it.",236,0,1,0,8,1,2021-04-13,2021-04-13,775,34,13,13
"Resident Evil: L4D2 

No cloud saves;
Need GFWL;
Online is dead;
You fight too many human soldiers in both campaign;
Some people can't even launch the game or it just crashes.",175,0,1,0,62,4,2021-04-13,2021-04-13,187,167,3430,1602
"Online does not work at all in most instances. The fix i used after a few hours allowed me to play without a controller on windows 10. I owned it on PS3, and nostalgia being what it is, wanted to replay the game because I remember fighting Nemesis in some absurd killzone in Umbrella labs. Leave this game in the past because this edition is a rotted corpse.",358,0,1,0,1,0,2021-04-13,2021-04-13,0,39,259,186
"NOTE: does not work at first at all. i followed a 20 minute YT video teaching me to delete something on my computer and downloading something else to get it to work and it works perfect each time now (just make sure you watch a video on how to before you buy the game). at the time I am 9 hours into the game and it works as it should still.

Opinion: i loved the game on the xbox 360 and i just needed to get the feeling once more. 6 different playable characters where they all feel unique enough to give them all a good length of play time. you run a 4 man squad and you choose who out of the 6 you want to be on your team as you play through an original take on the Raccoon City outbreak. the game is a little dated from what i remember but it still holds up for another play through in my opinion. i would call it a $19.99 game but it may be worth it more to others as it was for me.",888,1,1,0,0,0,2021-04-13,2021-04-13,0,3,649,581
"I played the game back on Xbox it's okay at best, if you're expecting a classic Resident Evil game than you must've hit your head or something, did you even look at the screenshots?

Sadly it's a massive pain to get the game running since you need the defunct Windows Live which doesn't even exist anymore, getting it is still possible but that's just annoying, you could argue that old games often need workaround to function on modern system but like it's not that old, it's from a triple A publisher, there's older games that work just fine without any hassle, etc.

Basically do not buy the game unless you want to work for it, hell I don't even know if online even work anymore which is the only reason you should be buying the game in the first place. If you absolutely want to play it, wait for it to be at least 75% off and take the L by buying the Complete pack so you never have to spend money on it then you have to. The ""costumes"" are literally just awful recolour that look nearly identical to the base colour.",1023,0,1,0,0,0,2021-04-12,2021-04-12,357,124,10,10
"DO NOT BUY: Game requires the ♥♥♥♥♥♥♥ malware that is games for windows live, which doesn't even exist anymore, to run.",119,0,1,0,0,1,2021-04-12,2021-04-12,469,52,225,156
"Works with a easy GWFL patch that takes 2 seconds to download and run, actually pretty fun.  Has some great scripted set pieces and the moment to moment gunplay is serviceable enough to drive the action forward.",211,1,1,0,0,0,2021-04-11,2021-04-11,739,26,252,109
"Its a little difficult to setup nowadays. Once you get it going tho its a short campaign with a neat little standoff at the end, playing solo makes the game hard as nails, but there are some people still playing and if you set your game on public you might get lucky. overall if you can get it cheap its a fun time, soundtracks good, visuals still look good, it retconnes enough in the timeline to justify its existence",419,1,1,0,0,0,2021-04-10,2021-04-10,612,31,509,357
"Resident Evil. A game series I've been familiar with since my youth, and an adventure I always look forward to with each new installment. Operation Raccoon City was one of the first big adventures for me here on Steam, and I'm grateful I saw to it to finish it start to end. The story was wonderful, the action was mesmerizing, and the characters were all very well liked. However, the AI was buggy in spots, and in other spots, too powerful to take on solo due to your teammates' AI. Due to these issues, I do recommend you play this game with friends or at the very least, people who are great shots. Another issue I often experienced was having to keep uninstalling and reinstalling Games for Windows due to the fact I had to keep signing in with my Xbox info, and the window to type in the info was very finicky every time I wanted to play the game. At the end of the day though, I do recommend everyone play this game at least once. Make sure to give all of your characters a try, because their skills and assets are all very helpful during your adventure.",1061,1,1,0,0,0,2021-04-10,2021-04-10,0,4,944,944
very fun and easy to get sucked in for a good few hours,55,1,1,0,0,0,2021-04-09,2021-04-09,0,7,605,485
"If you're looking for a mindless game to play and love Resident Evil, play this. It's nowhere near as good as the other Resident Evil games, but it's still good fun",164,1,1,0,1,0,2021-04-07,2021-04-07,0,11,1013,180
It's not that bad bro,21,1,1,0,9,8,2021-04-03,2021-04-03,420,13,783,782
I cannot stress this enough. DO NOT BUY. It requires a service (games for windows live) that is no longer supported. Steam and Capcom will not refund you even though they are selling a product that doesn't work. You can play it without games for windows live but you will not be able to save or play with friends.,313,0,1,0,3,1,2021-04-02,2021-04-02,0,3,11,11
"it's definitely not the best game made by capcom (when it comes to the resident evil series) but it's definitely worth to play with friends.

We all know the RE2 story but it was an interesting take on it but not best way to tell. 

in the end it was worth my money and i will play it again",290,1,1,0,1,0,2021-03-30,2021-03-30,1644,1,279,279
"Really, there are only two types of people who would ever even end up on this game's store page. Maybe you're new to the series, or have played through a number of the main games, and now you're here scraping the barrel for more RE content to sink your teeth into. Maybe you're just curious if it's as bad as everyone says it is, or if it's worth giving a try. In any of these cases, the answer is the same: Yes, it is that bad. No, it's not worth trying.

But maybe you're like me and my friends, misguidedly forcing themselves through bad games to laugh at them. Maybe you're looking for total series completion, at any cost. And perhaps you, the innocent masses, unwashed in the blood we spilled forcing ourselves through this maelstrom of mediocrity, would simply like to know if it's still possible to play this in multiplayer these days.

Well, yeah, kind of. 'Possible' is a strong word.

Wrestling with Games for Windows Live is the first hurdle, sometimes stopping you from even launching the game, because this game is one of the few Capcom games that was never transitioned away from it -- perhaps as a protective barrier of sorts, ensuring that only those truly desperate ever get in to play it. There are guides in the Community section that explain various methods of tricking the software into actually working, but whether they work, and how long they work (one member of our party had to redo it every single time she launched it, because it simply refused to function) are both left largely up to chance. 
Even when you get into the game, it's hardly smooth sailing; several times in our two short playthroughs of each campaign, plot-important monsters would get stuck in a wall and become unkillable, or simply hide out in places the players couldn't actually reach to shoot them, forcing us to either find a way to restart our checkpoint or simply exit to the menu. Sometimes getting a game over will randomly crash members of your party, and on special occasions it may even crash [i]everyone[/i] in the party. This is tolerable in the main campaign, where you can reload the lobby from a checkpoint, but in the DLC campaign (which can, for some reason, seemingly only be played in Free Mode) having to back out to the menu in any way means restarting an entire level. But maybe that's not so bad! What if they're fun, after all?

""But wait! I know where you're going with this!"", you say. ""You're going to say that it's actually underrated, and fun with friends, right?"" 

No. God, no, absolutely not. Why are you even still reading this? ORC is a dull, insipid disaster, from the ground up. The weapons and controls are mostly terrible, the enemies are aggressively spongey and borderline cheat with their aim even on Normal, and the game is loaded with bizarre design choices like making you lose everything in your inventory whenever you go down, or suffering through always-on voice chat that can only be disabled per-person in the party menu, and only [i]before[/i] you've readied up (meaning if a player crashes and has to rejoin, you're stuck listening to them in-game until you've finished the mission). Everything else is just an extremely subpar cover shooter that desperately wants you to think it's something more than that, with character abilities that are all either useless or extremely overpowered and a number of CQC tricks that the game doesn't even tell you about. Presumably because you never have any reason to bother with most of them.

Is the DLC campaign maybe a little bit better? Yeah, I guess. It has an arguably better finale and slightly more presence from classic RE characters, at least, even if they still don't do much. Is it [i]good?[/i] Lord, no. And on top of the overall mediocre presentation, neither campaign is any longer than five short-feeling hours, including crash times and restarts; they attempt to add replay value in the form of collectibles to pad out its paltry length, but fail to realize the simple truth that nobody would ever want to play this game twice.

It's not so bad it's good, and it's only fun with friends in the sense that any game can be with the right group. And on top of both campaigns being non-canon, they're not even canon to [i]each other[/i]. Even if it were, the characters you know and love barely show up in either campaign, despite the game's entire premise being based largely around seeing events of the series from another angle. There's almost no reason to play this, no matter what you're telling yourself. But some of you probably will anyways, because if you're here it's probably because you're unwilling to listen to reason.",4633,0,1,0,3,3,2021-03-27,2021-03-27,2157,630,893,893
"zombie, zooooombie",18,1,1,0,0,0,2021-03-23,2021-03-23,0,8,827,814
Tried to get this to work when l was high not recommended,57,0,1,0,0,2,2021-03-23,2021-03-23,635,33,90,90
"[b] How to play it: [/b]
1. You must have [b] GOOGLE [/b] mail. (if you have any other mail, then this method will not work.)
2. Create XBOX account with this google mail. 
3. Uninstall Windows Live programs if any were downloaded.
4. Download and install it —  https://community.pcgamingwiki.com/files/file/1012-microsoft-games-for-windows-live/ 
5. Head to Microsoft's website and MAKE SURE YOU CAN ACCESS YOUR ACCOUNT!!!
6. Start the game and log into your account. 
7. You will have to wait a couple of minutes, and then enter the key. Wait a little bit again.

DONE. 

[spoiler] P.S This game sometimes refuses to connect you with certain people. [/spoiler]",662,1,1,0,17,0,2021-03-20,2021-04-29,146,31,3490,1065
guilty pleasure,15,1,1,0,4,0,2021-03-18,2021-03-18,0,1,4418,2441
"If you don't mind going on PCGamingWiki and the steam discussions section to figure out how to make this game be able to run properly and then figure out how to make it detect the DLCs too, then it's worth it tbh. Make sure to get that latest official patch linked in the PCGamingWiki article too. Not sure how much of a difference it makes but from the earliest reviews I heard about this game and based on my experience...I feel like it's a lot lmao. Crazy that this patch isn't even delivered through Steam at the very least hahaha. Yikes.

I know this game got and still get a lot of ♥♥♥♥ but if you get it for cheap (which happens pretty often every year) and you're a fan of Resident Evil (or even just third person cover-based shooters like Gears of War for exemple) it's worth it. It's definitely not a masterpiece but it's a really decent game honestly. But make sure to get the Spec Ops DLCs!!! The USS base campaign is pretty ok. After finishing it I was giving this game a 6.5/10 which is like a ""fine"". Then I started the Spec Ops campaign expecting it to be the exact same locations but just with only a few things changed and/or reversed roles. But not really. I'd say half of the maps where totally new locations and the rest was done in reverse with totally new objectives and events OR some new paths added to said maps. AND included the true end of that games timeline (which is a non-canon alternate universe to the RE universe we know btw) with an ACTUAL boss fight complete with neat gimmicks and sick concept to it. Also at some point near the end of the game, there is a set piece that is crazy, that ""explains/reinterpret"" a very memorable background ""scene"" incorporated in one of the old game's pre-rendered backgrounds! Honestly. after doing the Spec Ops campaign the game got cranked up to a solid 7-7.5 out of 10 for me. Also yes even when patched the AI allies are dumb as ♥♥♥♥ at times but honestly it was more hilarious than anything since if they ""die"" nothing bad happens, you can revive them easily and quickly where their ""corpse"" stands or just get to the next checkpoint and they are automatically revived lol.

Honestly I think this game did sadly too little too late around it's release and that just killed indefinitely it's reputation. Because if it released WITH it's DLC campaign included (which is way better than the base game one) and not buggy, I think it'd be known as a neat spin-off in the RE franchise that's worth at least visiting once. And even loved by some (or well, more than probably the abysmal current statistic of people that do hahaha). I honestly came in with the lowest expectations and came out of this experience with a fuzzy feeling in my chest of satisfaction. Like a discovered a lil hidden gem. Maybe not a diamond but still a really nice surprise.

Word of advice, select the ""Assault"" class character to play and upgrade the passives before anything else (specifically the armor) and then upgrade the ""Guns A Blazing"" active skill then buy the Samuraî Edge which is by far the best handgun, and even close quarter to mid-range gun, if you can tap your trigger quickly like me. After that I recommend the Arbiter sniper and/or the Ravager assault rifle depending on what you prefer. (Although honestly the sniper was a way better choice imo since it helped a LOT to pick off the far/hiding humans and the Samuraï Edge just took care of everything else.)",3426,1,1,0,7,0,2021-03-17,2021-08-02,3111,31,1050,1050
its amazing,11,1,1,0,0,1,2021-03-17,2021-03-17,0,10,3296,935
"This game doodoo, very bad. Do not buy unless 10 bucks or under.",64,0,1,0,3,0,2021-03-12,2021-03-12,1071,4,257,257
"You know what? This game doesnt deserve half the hate it gets. Of course, its a pain to make it work and theres no online at all, but only if Capcom updated this game to newer systems and gave it proper online support, this could be a solid fun multiplayer experience.",268,1,1,0,2,0,2021-03-10,2021-03-10,459,65,454,269
wont let me open the game just keep on taking me back to steam and wont let me play need fixing,95,0,1,0,0,0,2021-03-10,2021-03-10,0,1,11,6
"the game will not run, each time i try and start , it attempts  to load it starts then stops. When i verify the files it said one is missing. I reload it and the same thing still happens. What needs to be done to make it work?",226,0,1,0,0,0,2021-03-10,2021-03-10,0,6,8,7
"Well…it's definitely not a Resident Evil game you might have expected, like Resident Evil 1-6 and both Revelations games. This game is like Counter-Strike just in third-person-over-the-shoulder. But beware, the game is short. It's done in less than 4-5 hours. And if you are successful avoiding/skipping the zombies you might as well complete the game in less than 3 hours.",373,1,1,0,2,0,2021-03-02,2021-03-02,139,14,62001,24453
its a good game for what it is t has a few flaws but if  you like resident evil play the game,93,1,1,0,0,0,2021-03-01,2021-03-01,0,5,1553,957
do not buy. yes there's a fix to get it working. that being said there's a chance you will get a log in error. so save your few dollars. i doubt this will ever be fixed.,169,0,1,0,0,0,2021-02-28,2021-02-28,567,42,160,160
"Look up a video and get it patched and then go into your documents and delete the settings.dat file and then you'll be good to go. As for the game, its incredible. It was frowned upon when released but this game is fantastic as it has replay value for the completionist and offers a different resident evil experience. It is both fun solo and coop. Many upgrades, guns, and abilities to unlock. 8/10 recommend",409,1,1,0,0,0,2021-02-27,2023-01-06,1911,32,1556,467
"Not that bad,  but definitely not good.
Was OK in Co-op.
But the gameplay is still too slow and boring.",103,0,1,0,0,0,2021-02-24,2021-02-24,0,144,500,500
been playing this since the ps3 still love this game its good.,62,1,1,0,1,0,2021-02-24,2021-02-24,0,12,461,344
"NOTE: Play this game if u want to know a little more of the story of RE but if you don´t mind this don´t play it, better go to Left 4 dead. The game is bad to play
---{Graphics}---
☐ Masterpiece
☐ Beautiful
☐ Good
✓ Decent
☐ Will do
☐ Bad
☐ Awful
☐ Paint.exe

---{Gameplay}---
☐ Try not to get addicted
☐ Very good
☐ Good
☐ Nothing special
✓ Ehh
☐ Bad
☐ Just don’t

---{Audio}---
☐ Eargasm
☐ Very good
✓ Good
☐ Decent
☐ Not too bad
☐ Bad
☐ Earrape

---{Audience}---
☐ Kids
☐ Teens
☐ Adults
✓ Everyone

---{PC Requirements} ---
✓ Check if you can run paint
☐ Potato
☐ Minimum
☐ Decent
☐ Fast
☐ Rich boi
☐ Ask NASA if they have a spare computer

---{Difficulty}---
☐ Just press a bunch of buttons
☐ Easy
✓ Significant brain usage
☐Easy to learn / Hard to master
☐ Not so easy
☐ Difficult
☐ Dark Souls

---{Story}---
☐ Doesn’t have
☐ Something isn’t nothing I guess
☐ Not great
☐ Average
✓ Good
☐ Lovely
☐ Will make u cry or smile a lot

---{Game Time} ---
☐ Long enough for a cup of tea
☐ Short
✓ Average
☐ Long
☐ Depends on u
☐ Endless

---{Price}---
☐ Free
☐ Just buy it
☐ Worth the price
☐ Wait for sale
✓ Maybe if u have some spare money left
☐ Not recommended
☐ Don’t throw money into a trash can

---{Bugs}---
☐ Never had any
☐ Minor bugs
✓ Few bugs
☐ Can get annoying
☐ Ruining the game
☐ The game itself is a big terrarium for bugs",1337,1,1,0,0,0,2021-02-24,2026-03-10,306,33,630,356
"The game is good, but this port is so ♥♥♥♥. If you find a way to run it, have fun.",82,1,1,0,1,0,2021-02-23,2021-02-23,0,67,69,69
"Played through the whole campaign, almost as mentally exhausting as DMC2. Had zero fun, the game modes were trash, no multiplayer lobbies, and windows 10 live completely broke it at one point. Avoid this game at all costs.",222,0,1,0,0,1,2021-02-23,2021-02-23,388,34,889,889
"Nevermind the fact the game was originally a slog for a multitude of reasons (it's okay, at best, if you have friends to play with), but the current version doesn't work on Windows 10 anymore.",192,0,1,0,0,0,2021-02-22,2021-02-22,0,3,509,508
It's a good time if you can get it for the right price. It tells a different version of what everyone knows of Resident Evil.,125,1,1,0,0,0,2021-02-21,2021-05-16,0,12,3212,810
Better than Umbrella Corps!,27,1,1,0,5,0,2021-02-18,2021-02-18,496,53,474,171
"Great game (Once you can get it running). I mostly like the cameos and references to RE2 because that's my favourite RE game. The game is pretty fun as well, especially when played with friends.",194,1,1,0,0,0,2021-02-17,2021-02-17,181,11,756,324
"as bad as i remember. story is passable at best for an alternate reality and the combat and game play is boring. the enemies are bullet sponges and even the strongest weapons are pretty potato its not well balanced. it looks like a resident evil game and it sounds like a resident evil game but it sure as hell doesn't act like one and i mean that in a bad way. i cringed so hard when there ""nemesis"" yelled stars like someone who had no clue what the nemesis is went in and was cold reading the line and they did it in 1 take. i think i would have been happier if they ripped the soundbyte straight out of RE3CLASSIC, i am lucky i got the game on sale for about $8 bucks was worth an afternoon to remember just how bad this game is. dont waste your money",755,0,1,0,0,0,2021-02-17,2021-02-17,855,13,193,193
"Last time I had this much fun was when doctor examined my balls with stone cold hands

First you have to find and install GFWL so you can launch the game

When you finally can launch the game, the game decides to crash. You have to run the .exe file with Windows 7 compatibility enabled.

Then when you get into the game itself, the fun  still doesn't start; AI team members are stupid as hell. They run in front of you so you shoot their brains out, and when they aren't in your way, they shoot walls and run head first into pillars and walls

When you shoot enemies, hits won't always register. Sometimes you can empty 2 full clips into their head and they won't still drop. Sometimes it takes only 2 bullets. Human enemies can take multiple grenade launcher hits into their head without any effect.

Best part about the whole game was end credits. This doesn't add anything to the Resident Evil series, and story isn't canon. This may be fun game to play with friend(s) when you are so wasted you don't remember anything the next morning

Overall, I would rate this

I would rather smack my nuts with a baseball bat than play this again / 10",1144,0,1,0,0,2,2021-02-16,2021-02-17,2896,41,487,305
"Not Recommended.

This game had everything to be a good and sucessful spin-off on the Resident Evil series, but failed miserably due to a bad execution. The resources used on this game are of high quality to a game made on 2012, the gameplay is somewhat fun, but that's it.

The bad A.I makes me think they did on purpose to make players go online/coop... Another point is the game balancing, enemies are MASSIVE HP SPONGES, i had to use a mod to increase weapon damage to enjoy it. 

Now, for the icing on the cake, DON'T GET THIS GAME, it needs Games For Windows Live... a defunct DRM software from Microsoft... 

Only a die-hard fan of the Biohazard series would play this on these days, else stay away, the game is not worth the price in fun units.

[h1]Story - 1
Gameplay - 3
Scenario - 5
Sync - 1
Sense - 1

Final - 2.2/5[/h1]",832,0,1,0,0,1,2021-02-14,2021-02-14,326,170,1846,640
"I'll start off by saying that you can get the game to launch and you can get the online features to function, but it's not going to be easy. It took me nearly two hours and I'm not new to that hassle. 

It's an action shooter where you pretty much just run forward and kill everything in sight. The game offers a few characters with each having three abilities that you can upgrade, but can only use one time per mission. The abilities are pretty lackluster ( for example the demolitions man can choose between two different mines and a grenade ). Shooting mechanics are pretty bad but they get the job done. 

That said, it's a horrible, HORRIBLE game... even if you're a massive RE fan, it's not worth it, not even for the ""story"" that is non-existent...",756,0,1,0,0,0,2021-02-13,2023-01-16,252,86,336,30
This is worse than umbrella corps. enough said.,47,0,1,0,1,0,2021-02-13,2021-02-13,166,65,1890,419
"Very hard to start a game, and not much re-playability. Overall a poor game, fineif bought for less than 10$...",111,0,1,0,0,0,2021-02-10,2021-02-10,0,8,1482,1482
after 8 hours the game stopped booting,38,1,1,0,0,1,2021-02-06,2021-02-06,151,18,1341,529
"One of the few ugly sons of the Resident Evil Franchise. 

Story and gameplay aside, which speaks for itself, i have this game for 360 as well, and PC version is really badly ported.

 I'm having no issues with the Games For Windows Live, but wasn't able to join a single MP match until i've installed in a Win8 PC (Game kicked me everytime)

The game runs at 20 FPS and gets lower to 10 FPS when you are at the main menu (wtf).

If you want to get the Xbox live achievements for this game and then never touch it again, buy it while on sale. Don't bother with the DLC packs, the DLCs don't have the achievements.",613,0,1,0,0,1,2021-02-05,2021-02-05,956,24,1944,700
"very fun, especially with friends. weird bug when you first get the game, though its an easy fix",96,1,1,0,0,0,2021-02-04,2021-02-04,0,20,404,361
The windows live service is no longer available making this game unplayable even in single player. This product doesn't work.,125,0,1,0,2,0,2021-02-02,2021-02-02,0,1,33,33
"Honestly, the game is pretty fun. That is if you can get over the jankiness, controls (I was not able to bind my mouse 4 and 5 for whatever reason), poor story (Not canon) and just the general effort it takes to actually get this game running. It uses GFWL which is extremely outdated and gives its own issues from that. But like I said if youre willing to go through the effort of getting this game working the gameplay is actually really fun.

You get to choose from 6 different classes each with their own abilities to choose from. My favorite was the Field Scientist because you can basically turn anything infected with the T-virus to your side and have it fight for you. One of the most badass moments I had was when 2 Tyrants dropped down and started attacking us and I could turn one of them to our side and basically make them fight eachother.

Theres also little mechanics which I found really cool, like being able to be infected with the T-Virus either yourself or other NPCs. If your health drops to 0 while youre infected you will turn into a zombie, or like the bleeding mechanic. If you body shot someone theres a chance that they will start bleeding, which then causes the zombies to all show up and go for that person bleeding. But you can also bleed so watch yourself. Some weapons also have a higher chance of causing bleed damage than others.

Overall I'd say if the game is on sale and you can get GFWL to work out, give it a try. Its a really fun game if you can get over the bad story and graphics and the general jankiness of the game.",1560,1,1,0,1,0,2021-01-31,2021-01-31,866,116,1522,686
this game is the best I've ever played,38,1,1,0,8,7,2021-01-30,2021-01-30,0,1,2464,1068
"Honestly I've played much worse. It was overall a good time playing in co-op and had my fair share of laughs. However the game has some technical issues that pushes me to not recommend it. If you can accept the technical issues and deal with ORC's multiple design issues, then I suppose I can barely recommend it. 

I managed to sort out the startup crash and GFWL login issues but nobody should have to deal with this. Most people that buy this will not be able to play unless they are willing to troubleshoot with guides/videos and risk losing their refund limit. 

There was a progression related bug on the last level that happened on two different runs, where the person connecting to the host would was not able to progress any further on the elevator and it would spawn a duplicate of the boss. There was also problems to where connecting to host would sometimes say that the connection has been lost; sometimes it works, sometimes it doesn't. From my experience if you wanna play with friends you have to make it public.

If you get it working you will be introduced to a game that sadly never reached its full potential at all. There are cool ideas here but ORC just fails to deliver; you honestly have to tolerate most of it. Personally the only way to enjoy this is to play it on Veteran with 1-3 other fools and ignore the single player.

Cons: 
- Combat and cover system feel bad
- Movement feels clunky
- Friendly AI are useless
- Most Enemy AI are bullet sponges  
- Little enemy variety
- Levels are too linear
- Story is an afterthought

Pros:
+ Some decent music tracks
+ Melee finishers are fun to use
+ Co-op makes up for some faults",1653,0,1,0,1,0,2021-01-29,2024-07-17,619,115,593,585
"Really fun game. Different take to the Resident Evil series, but if you are a fan of the series it's definitely worth playing! There was issues getting this game to work, but there is a great tutorial on the steam forums which got it running.",242,1,1,0,0,0,2021-01-28,2021-01-28,108,3,754,754
"Game is super fun, too bad the online mode doesn't work. If you want to play campaign just create an offline profile instead of going full hackerman.",149,1,1,0,0,0,2021-01-27,2021-01-27,166,28,1276,780
"Games for Windows Live is bad but not the end of the world. There are lots of guides on how to set it up in the Steam Community (though I ended up having a problem of not being able to take screenshots).

[h1]Introduction[/h1]
If you think Resident Evil 6 is a too over the top shooter, well this game comes to prove you wrong. After all the GFWL hassle, what you get is Capcom’s take on the Left 4 Dead formula, a four-person coop third-person arcady shooter. It does not have any Resident Evil classic design like puzzle solving, inventory management etc., just shooting hordes of enemies. In the campaign, you team up with three friends or AI to be a squad of USS (Umbrella Security Service) who help Umbrella cover their evidence or be a squad of government special ops to reveal Umbrella hideous secret (requires DLC). I didn’t play the multiplayer which seems to be a PvPvE deathmatch because today in 2021 this game and GFWL are basically dead. It is very likely you can only stick with AI to play the campaign.

It is the Resident Evil’s take on Left 4 Dead, but it enriches the formula mechanically. Whether you play as USS or special ops, you have six classes to choose from, who have unique abilities but no difference in stats. They probably play a bigger role in multiplayer, but for the campaign, it does not matter much, except for the last two levels in nether special ops campaign you will be much better off playing Willow (recon class). This reflects a very strange and inconsistent level design, since you don’t have to make use of a certain class in the USS campaign and the rest of the special ops campaign (in one level you need demolition class to open gates, but you can easily get away with it using attack from Nemesis).

[h1]The Bad[/h1]
This game only allow you to equip one main weapon and one pistol, and it is a very bad design choice. Since pistol is not very powerful and mainly for emergency purposes, you actually need two main weapons to handle all situations, such as a combo of long and short-range weapons, or regular and high-damage weapons. For example, you need a powerful short-range weapon like a shotgun to blast zombies away in close and sudden contacts, and a sniper rifle to take out snipers. You need regular weapons for normal enemies while reserve a high-damage weapon like RPG or grenade launcher for elites and bosses. My guess is most people end up sticking with a balance mid-range weapon like an AR, which is good but powerless in handling all kinds of different situations. You can of course discard and change to weapons you find any time, but you will soon realize finding certain weapons you needed is a hassle . What's worse, bullets dry out very easily. This severely interrupts the flow of the game as you constantly have to pause from intense fights trying to find bullets or ideal weapons (and also heal and anti-virus spray). 

Additionally, there is no separate sensitivity adjustment for camera movement and aim down sight. You will feel the pain when you have to move your mouse for miles when using a sniper rifle.

[h1]The Very Bad[/h1]
Honestly, I am very mad about the AI. AI in this game is basically broken and dumb as $hit. They don’t group together or move with you (unless you are very far off). They shoot far targets instead of the ones that almost get crawls on them. They block your sight and randomly decide to rush out to knife down enemies. They don’t even deal much damage. Apart from being a distraction, they are just burden. Fortunately, you can leave AI behind if you feel like running away instead of fighting as AI will respawn in the next checkpoint. If the AI is as smart and helpful as that in Left 4 Dead, this game would be so much better.

Japanese developers in PS3/Xbox 360 era usually developed games primarily based on consoles and then transplanted them to PC, and this game is one of the worst transplanted games. The control is really bad and feels off with keyboard and mouse. Movement is as cumbersome and stiff as Resident Evil 6 especially when running, while shooting is way worse and extremely inaccurate. It is very wonky like your aim always lags behind where you aim to, and also feels unpleasantly light, meaning a slight movement can result in a missed shot even I have adjusted sensitivity to the minimum. With the very unstable frame rate and the fact that most weapons in this game have crazy recoil, they made Operation Raccoon City a terrible shooter. With a controller, movement is improved, but I could not work around the inaccuracy.

[h1]The Good (assuming you are a fan)[/h1] 
Now that I get all the bad stuff out of the way, the only good thing that is left is the story. You play as the antagonist, an Umbrella squad, to experience the outbreak in Resident Evil 2 and 3. This story acts as the third perspective (Claire & Leon is the first perspective and Jill is the second) to observe the Raccoon City event, adding some details and explaining (kind of) why some events happened. You meet a few protagonists and villains of the series and some very iconic monsters. In the DLC you play as the special force Echo Six. Echo Six is an outsider so they have nothing to do with the event, just help out the protagonists a bit. Generally speaking, the story is a bit rough, but I like it because it is a great fan service. Therefore, if you are not a fan, it probably does not matter to you.

[h1]Verdict[/h1]
Operation Raccoon City is an terribly transplanted game and a terrible shooter. It does have some ideas but unfortunately fell short. I like the fan service yet it does not appeal to everyone. With the troublesome GFWL, I cannot recommend it to anyone even to die-hard fans. It is just not worthy.",5732,0,1,0,3,0,2021-01-26,2021-04-20,342,286,725,725
It was really bad. Story was trash. Leon and Claire looked nothing like them. Crashed sometimes. 10/10 would replay this over and over again.,141,1,1,0,0,0,2021-01-26,2021-01-26,0,2,719,632
Really good gameplay. I enjoyed every second of my time on it and i would give my left testy to play again like it was new.,123,1,1,0,1,0,2021-01-26,2021-01-26,0,1,418,418
Would rather play this then Resident Evil Resistance.,53,1,1,1,0,0,2021-01-26,2021-01-26,238,6,383,266
"Fun if a little rough around the edges. wont normally fun in windows ten but the community has found a fix that makes everything work as intended, even if that means having to use games for windows live",202,1,1,0,0,0,2021-01-25,2021-01-25,211,11,186,186
"fun to play with my friend even if it differs from the original series
Note: to play this game you need the latest install of games for windows live then have a microsoft account with your same email as your steam email and it should connect i did this in january 22 2021 so the game still works",295,1,1,0,0,0,2021-01-25,2021-01-25,231,2,670,670
doesn't work!!,14,0,1,0,0,0,2021-01-24,2021-01-24,0,13,28,28
"Game does'nt work for win 10 do not buy unless u are sure you know a work around i've tried several ""win7 compat mode, deleting dat file in documents uninstalling and reinstalling nothing.",188,0,1,0,0,0,2021-01-24,2021-01-24,0,126,288,288
"It's a good game, nothing too impressive, but you can have fun with the game. But without the online portion, you can play through the umbrella portion, the main portion, or the side military portion. Both are good, just kinda short. Still, if you like games like left 4 dead, you'll get at least a few hours of play time out of it.",332,1,1,0,0,0,2021-01-24,2021-01-24,641,48,558,523
"Surprisingly, if you do the 'hackerman' and get this game working with the last GFWL client on your PC, you can actually play this game and maybe find someone to play multiplayer.

Despite all its flaws and terrible disregard for canon, it adds some nice elements and creates a fun experience. Keep in mind that the shooting is not very straight forward at first. Melee and shooting at human enemies makes no sense at first, but the rythm comes to you after the first level and the birkin fight.

The class and XP system actually makes sense for the game loop they were going for and while virologists and tech specialists may not be as good as medics or assault classes, they have their application, especially in later game where items are harder to find and you get infected all the time and need someone to cure you with an extra canister. 

Cover in the game is really not that great and diving is too risky if done in the open, but the other elements like melee, taking living (or undead) shields and doing special finishers is actually pretty fun. 

Just make sure you get the most recent version of GFWL and keep in mind your initial run of it is going to take a whole 15-20 minutes. Game uses P2P otherwise for coop and multiplayer, so you don't have to worry about any servers.",1287,1,1,0,0,0,2021-01-24,2021-01-24,0,48,1704,1291
"does not work beyond singleplayer if you go through a few fixes, kinda sorta 5/10 anyways.",90,0,1,0,0,0,2021-01-24,2021-01-24,2406,120,148,148
This game is unplayable. The game boots up then the screen goes black and it crashes. Do not buy. At this point they should give this game away for free.,153,0,1,0,3,0,2021-01-23,2021-01-23,0,6,135,134
come on capcom do the thing where you make the game work.,57,0,1,0,19,1,2021-01-23,2021-01-23,0,23,5,5
"Normally, I wouldn't write a review. And I'm not going to start now. 

I'm just here to say that the game DOES work. You just need to go down and find the files from https://steamcommunity.com/sharedfiles/filedetails/?id=1904504903 and when you download and try to play the game, you literally have to wait after entering your credentials. It took a literal ten minutes for mine to load, but once it did, I never had any issues. I just don't want there to be any misconception as to whether or not the game works. Also, I'm only saying that it works for Windows 10 systems, because that's the only operating system I've used to try and get this to work. So just to clarify, it works on my Windows 10 system, but you HAVE TO BE PATIENT. I refunded the game twice before trying a third time and getting it to work. Just saying. 

Anyway. Have fun. Hope I helped clarify, in case you were confused about whether or not you were about to purchase a game that doesn't work. It just takes about ten actual minutes of your life to get it to work. Happy gaming.

EDIT: Also, the best thing that I just found out. All you have to do is go into Program Files(x86)/Steam/steamapps/Resident Evil Operation Raccoon City and change the RacoonCity.exe to run in Windows 7 compatibility. If you don't know how to change compatibility, right click RaccoonCity.exe, click on Properties, click on the Compatibility tab, change the compatibility. Simple. Easy. Now get out back out there champ, there's zambies needin' killin'.",1507,1,1,0,54,1,2021-01-23,2021-01-23,0,1,443,90
I don't like the fact I need to connect to microsoft email acct.,64,0,1,0,0,0,2021-01-23,2021-01-23,0,28,162,162
"GFWL on Windows 10 = game won't start unless you run the installer at C:\Users\%USERNAME%\AppData\Local\Microsoft\GFWLive\Downloads\.
version 3.5.88 installer is included in resident evil 5 which will update you in the appdata folder, you cannot install gfwl with the files included in REORC.
Have fun!",302,1,1,0,5,1,2021-01-22,2021-03-01,196,15,2694,1183
This game literally doesn't work. I can't believe Steam is still selling it.,76,0,1,0,4,0,2021-01-22,2021-01-22,0,34,40,40
"Right off the bat, unless you are willing to pull a hackerman you are not gonna be playing this game. C'mon Capcom do the right thing, patch games for windows live off of this.

But if you do hackerman this: its not a terrible game. Quite fun in fact. Great with friends!",271,1,1,0,14,1,2021-01-22,2021-01-22,0,7,764,764
"The game does not work.
There are ""workarounds"" but they barely work, and its such a hassle.
Either CAPCOM updates the game as they did with RE5 or they refund everyone.
I think this is the perfect example of why DRM of this style is bad.",238,0,1,0,3,0,2021-01-22,2021-01-22,0,14,31,31
Didn't work.,12,0,1,0,5,0,2021-01-22,2021-01-22,0,67,43,43
­,1,1,1,0,46,7,2021-01-21,2021-01-21,2177,1425,6,6
"Game doesnt work, windows live stops you from playing it",56,0,1,0,15,0,2021-01-21,2021-01-21,919,132,160,123
"The best thing about this game is that you can preemptively kill your teammates if they get infected OR you can wait until they turn into zombies, shoot them until their limbs and heads explode. You can then revive them and they will unceremoniously respawn guns blazing, limbs intact and head completely attached, as though nothing had happened. This game is a mess, but its silliness makes up for it... somewhat.",414,1,1,0,1,1,2021-01-18,2021-01-18,0,64,1030,205
"Resident Evil: Operation Raccoon City is a third-person shooter.
There are 2 different games modes: Campaign Mode and Competitive Multiplayer.
The playerbase is more or less not existent, so the Campaign Mode is only playable.
The campaign can be played in single player or in co-op with up to 4 players.
As a member of the Umbrella Security Service (USS) Delta team you enter Raccoon City to assist the Alpha team in stopping Dr. William Birkin from handing over his T-virus research to the U.S. military and retrieve the G-virus.
It takes places in the time of Resident Evil 2 and 3 in Racoon City. So you will meet familiar characters, like Leon, Claire or Jill. You will also visit familiar places like the RPD building.
It takes around 5-6 hours to finish the 7 missions of the main game. The 7 mission from the DLC's, where you play as a member of the Echo Six team which is trying to discover the causes of the outbreak, will take 4-5 hours to finish.
The audio in cutscenes is too quiet, compared to the audio during gameplay. It is annoying the change the volume all the time.
The graphics are okay.
Unlike other people who are saying that the game does not work anymore, I can confirm that it work with Windows 10. I finished the story together with someone in co-op. But it is required to download Games for Windows Live (Gfwl). You have to download the files mentioned in this guide:
https://steamcommunity.com/sharedfiles/filedetails/?id=1904504903
I can only recommend this game for fans of Resident Evil who are just interested in the campaign and do not expect a horror game at all. Also, it should only be considered to be purchased if it is on sale. The regular price is too much and it is annyoing that it requires Gfwl.

Sounds 7/10
Graphics 5/10
Gameplay 6/10
Atmosphere 5/10

If you liked my review, please feel free to follow me and/or my curator group:
http://steamcommunity.com/id/Ov3RT4K3R/myworkshopfiles/?section=guides
https://steamcommunity.com/groups/Ov3RlusioN/curation",2001,0,1,0,61,2,2021-01-18,2021-01-18,0,266,591,591
"Literally unplayable.

Game should be free to play.",51,0,1,0,3,0,2021-01-17,2021-01-17,0,20,252,252
online is dead,14,1,1,0,6,0,2021-01-14,2021-01-14,132,5,984,629
"juicy game, better than lobotomy.",33,1,1,0,0,0,2021-01-11,2021-01-11,217,12,443,443
its okay. not great but yummy,29,1,1,0,0,0,2021-01-11,2021-01-11,0,4,434,434
Way better than that PoS RE7,28,1,1,0,0,0,2021-01-09,2021-01-09,0,11,281,281
its a very good game even if its old,36,1,1,0,0,0,2021-01-07,2021-01-07,192,28,252,206
Basically SoCoM w/ zombies.,27,1,1,0,0,0,2021-01-06,2021-01-06,514,12,512,431
The multiplayer works perfectly. All we had to do was to uninstall Games For Windows Live and install a newer version. the installer everyone is sharing fails to download the files it needs but there is a link with all components already downloaded so you can just install it.,276,1,1,0,0,0,2021-01-05,2021-01-05,0,19,389,118
RE character models never look so ugly. The story is bad and non-canon. Gameplay is meh... Not worth it even on sale.,117,0,1,0,0,0,2021-01-02,2021-01-02,0,87,257,257
"Resident Evil returns to the iconic streets of Raccoon City with this PS3 game. Also moving away from the traditional survival horror roots of the series instead towards a more fast-paced third-person shooter style. This is certainly a fun idea for a spin-off and one that got me very excited back in 2012. When I got my hands on it, however, I was very disappointed as all we ended up with is a below average cover shooter.

Let’s start with the positive points first. Having not seen Raccoon City since the PlayStation 2 it does feel nice to return. Fighting your way through the police station, having to take on Nemesis and chasing down Leon are all very fun and enjoyable ideas. Since Resident Evil 2 or 3 are yet to get a remake in HD like the first game this is the closest fans will get to relive the events of those games. I wish we had a better chance to see Leon and Claire’s escape from Raccoon City or Jill Valentine’s citywide battle with Nemesis. Replaying iconic moments from the original PS1 trilogy now from the other side as Umbrella soldiers sounds like it should be amazing. If these ideas played well I dare say they would be but in the game we got they are sorely lacking. While on the subject of the original trilogy let me ask you a question. What’s your favourite monster from that trilogy? The brutal armoured Hunters? The wall-crawling Lickers? The unstoppable Tyrants? Whatever it is there is a good chance they will be found in this game. The vast diversity of monsters is probably the best thing about Operation Raccoon City. Taking on a number of previous foes or even bosses from the PS1 classics was more fun than it had any right to be in a game this overwhelmingly bad. I would be lying if I didn’t admit that through simple nostalgia and love of monsters like the Crimson heads I didn’t have fun with parts of this game.

Sadly the previous paragraph sums up all the good things about Operation Raccoon City. Now we move on to the much larger subject of the negative points. This is a PlayStation 3 generation game and it looks worse during gameplay than the Resident Evil remake on the Gamecube. Honestly, that’s just shameful. This is made even more obvious when you compare the models for the crimson heads that appear in both games together. On the Gamecube, they have torn skin exposing bloody muscle and jagged bone like claws while on the PlayStation 3 game they are just red zombies. To say I was disappointed with the graphics would be an understatement. Although normally visuals are not something that would ruin a game for me here seeing Raccoon City in HD was one of the biggest selling points. I would recommend Resident Evil Outbreak for any fans that did want to see a beautifully realised Raccoon City through the eyes of a spin-off game.

It’s not just awful visuals as the controls feel even worse. If you’re running and press X then you will dive to the floor but you also have to press X to pick up ammo and other items. This lead to me trying to pick something up only to instead go flying through the air right over the item I wanted and into a crowd of monsters. The shooting itself feels, well just weak. Never once did my weapons feel like they were doing much damage to the enemies I was firing at. Even the human targets would stand there taking shot after shot to the head without even flinching. Every boss and most monsters require no tactics or skill instead just amounting to nothing more than bullet sponges. You’re able to melee enemies but somehow that feels even more ineffective than your guns unless you use your special attack and then it’s overpowered taking down most foes in one hit. Your grenades also feel like they do next to no damage. I bought this game to feel like a bad ass Umbrella soldier like Hunk from the canon but instead, I felt like a kid with a Nerf gun.

Speaking of Hunk from Resident Evil 2 you start the game with him leading your team and this felt amazing but then he dies at the end of the first mission. Your team then proceeds to fail every objective they’re given by Umbrella minus one. I didn’t feel like a badass here, I felt like an ineffective soldier unable to take on any task given to me. The tone is all wrong. None of the characters you follow has any sort of arch or character progression to speak of. For a spin-off non-canonical story the game feels unwilling to take any risks. The events of Resident Evil 2 and 3 are just sort of happening around you. I never felt like I was involved in what was happening at all besides the last boss fight and then even that made no sense. During this final encounter, a few of your team will turn on Umbrella with no reasons given at all. Honestly considering none of them even have a personality that’s not surprising. This is one of the worst stories I have seen come out of the Resident Evil series. When you look back at the amazing stories from not just Resident Evil 2 and 3 but also the Outbreak series it’s almost impressive how the developers seemed to miss every interesting event during this era of the lore. So much could have been done here but instead, it’s a 4-5 hour experience with no atmosphere, character or excitement. If I had to sum this plot up in one word it would be: slog.

If you really loved the original trilogy and the monsters found in those games then maybe pick this up for under a fiver. I mean if you were desperate to kill a weekend it might do because the nostalgia alone lead to me having a little fun but even then you can find better games for that same itch. It’s not terrible but the only thing saving it from that is my nostalgia for the older games so maybe without those rose-tinted glasses this game is terrible. As it stands it was kinda fun to shoot at Lickers, Hunters, Crimson Heads and more for a bit but even that is a flawed experience.

Recommendation Rating: 3 out of 10.
More reviews at MothGaming.co.uk",5917,0,1,0,2,0,2020-12-31,2020-12-31,246,7,813,795
Game does not work without workarounds and requires a service that has been discontinued.,89,0,1,0,2,0,2020-12-31,2020-12-31,741,5,15,15
"Dont have much time on pc but played this game on ps3, very fun zombie game. Not your classic RE game but a refreshing game to play if u love the franchise. Also id like to thank the devs for not capping this games fps. I got the game on pc when it went on sale, 8 bucks for the game and all its dlc, to get the game to run you have to uninstall the GWL version it comes with and install the latest one from chrome or whatever browser you are using. As much as i love this game and the resident evil franchise id save this one for when it is on sale as it is very short and mostly played for fun. The story is pretty much an alternate version of the og story where u cover umbrella's tracks and pursue leon and claire. As said it is a short alternate story but the gameplay itself is fun.",788,1,1,0,4,0,2020-12-28,2020-12-29,295,167,369,50
Doesnt not work anymore. It use Games for Windows Live wich is not supported anymore by microsoft. Do not buy.,110,0,1,0,120,5,2020-12-27,2021-02-06,154,20,6129,5955
"First, this uses Windows Live which is not even a viable service anymore.  Forget any co-op--spent 90 minutes applying several ""fixes"" that would allow the game to simply run and when it finally did, we couldn't connect more that 2 players to a squad.  We tried lots of different things and nothing worked.  I received this as a gift and fortunately it was only $6, but it's normally $20 when not on sale.  Definitely not worth this frustration.  Steam should be curating these games and not allowing them to be sold unless the content can actually be played as advertised--that means co-op and not just the single player aspect.  96 minutes of main menu time--worth every penny.....",683,0,1,0,3,1,2020-12-26,2020-12-26,0,12,99,99
Every enemy is a bullet sponge.,31,0,1,0,1,0,2020-12-25,2020-12-25,453,37,275,271
sex,3,1,1,1,3,0,2020-12-23,2023-11-21,252,25,73,73
i like this game . we get to play the bad guys. only bad thing the gfwl file need to be uninstalled and updated.,112,1,1,0,4,0,2020-12-22,2020-12-22,322,16,336,100
"[h1] [i] Interesting direction in terms of alternative story driven to the ground by utterly botched execution  [/i] [/h1]

I really wanted to like Operation Raccoon City but after finishing the campaign, I simply can not recommend it, even if you are die hard fan of Resident Evil franchise. Not only is it an incredible pain in the a*s to make this game functional because of implementation of the infamous and stupid Games for Windows Live, after spending time to make the game playable and ensure that it can actually save the game, you find out it was not even worth it because you get just an average third-person shooter set in alternative timeline of Resident Evil universe (meaning that knowing the story does not matter at all as it is not canon) with really bad mission design, subpar gameplay and shooting mechanics with story that is okay but nothing to write poems about. 

Does that mean the game does not have any saving graces? It does have some - interesting squad system where each member has a different function and who are voice quite well, certain new mechanics such as chance to catch an infection and/or start bleeding and thus attracting attention of zombies and a choice at the end of the story campaign. These, however, are not enough to even so much as balance the negatives so save yourself a hassle, money and buy different RE game.

[b] Pros [/b]
+ Soundtrack
+ Voice acting
+ Alternative setting
+ Choice at the end of the game spices the story up a bit
+ Familiar characters
+ Weapon and skill selection and variety

[b] Cons [/b]
- Poor gameplay and shooting mechanics
- Main story campaign
- Length
- Mission design (especially last mission is incredibly frustrating)
- Unsatisfactory conclusion
- Stupid AI
- Controls 
- Challenge to even get working due to GFWL integration",1811,0,1,0,1,0,2020-12-18,2020-12-18,1685,217,472,472
"I wouldn't risk buying this anymore, I had it working at one point but after repeating the same steps as last time that made it work and not having any luck it's just not worth it anymore. Xbox really dropped the ball and CAPCOM didn't seem to want to try to pick it back up with this one. Shame their even offering microtransaction still considering the heaping mess you have to go through to even possibly play. Great game as one point, still would be a decent game to play if it actually just worked straight through.",520,0,1,0,1,0,2020-12-13,2020-12-13,147,12,37,37
Favorite series and favorite game of the ps3 360 era. Yes it has its flaws but still my fave and it holds a special place in my heart! You do need to mess about with GFWL before you play it and thats why i am not recommending this game but if you can get past the GFWL stuff then by god you will enjoy it!,305,0,1,0,1,0,2020-12-12,2020-12-12,0,12,1096,599
"it works on windows LIVE not steam, LIVE doesnt work, so the game doesnt work. ♥♥♥♥♥♥♥♥. On Top of that you have that dumbass product key, which is stupid as all hell, this is a fun game wrapped up in 3 kinds of incompetence to even get on it.",243,0,1,0,2,0,2020-12-06,2020-12-06,182,136,1420,1278
"Great fun time killing, zombie/merc shooting coop game.",55,1,1,0,1,0,2020-12-06,2020-12-06,0,1,1580,1546
"Simply put, this game does not work.

The forums are full of people having crashes to desktop as soon as they boot the game (which was my case). There is a pinned post from a developer addressing that issue from [b]2013[/b], with a solution that no longer works. That is a well known issue, and it was never patched. The reason you won't find more negative reviews than this game currently has is that you have to play it for 5 minutes before reviewing it, and that is pretty much impossible when it doesn't even run.

Even if you're one of the lucky ones who manage to get past the CTDs, Operation Raccoon City uses Games For Windows Live, which hasn't been supported by Microsoft for a while now. So if your plan is to play it online with a friend, you might find some outdated tutorials on fixing GFWL, but the majority of the comments claim those have been no help for years now.

April, 2023 update: GFWL was removed from RE5. Maybe there's hope I'll purchase this again in the future.",990,0,1,0,18,1,2020-12-05,2023-04-15,497,19,5,5
"It just refuses to boot up. The only reason I got it on steam is because I don't have an XBOX 360 anymore. I generally do recommend the game, but not on PC. Get a ps3 or xbox360 to play it.

Edit: I had found a fix on windows 7 that worked pretty nicely, but trying to get it working on Windows 11 has been impossible. That being said, the 360 version has been backwards compatible with the Xbox One for a few years now.",420,0,1,0,1,0,2020-12-05,2025-01-02,0,2,950,950
i got this game when it was working and wanted to back to it and i can cuz the devs wont fix the and and i think thay shued have to cuz so many paid for it and naw no one can play it and it is still in the steam store to buy,224,0,1,0,0,0,2020-12-04,2020-12-04,382,35,914,793
"Not that smooth had problems with GFWL 
Or something.",53,1,1,0,0,0,2020-12-04,2026-03-17,538,69,141,141
This game deserve more praise. It’s fun addicting and overal an amazing game and I love that it takes place during the third and second game. I just love it and everything about it. I would recommend this to any RE fans.,220,1,1,0,0,0,2020-12-04,2020-12-04,0,1,2277,226
It's a nice game but it is full with bugs. I had to restart the same mission 3 times just because the Sherry wouldn't move,122,0,1,0,1,0,2020-12-01,2020-12-01,138,6,694,540
ehhhh not the best re game 1/10,31,0,1,1,1,0,2020-11-30,2020-11-30,0,33,1047,21
"I honestly can't even get this game to sign me in to my windows live account which is required to get the game to do anything besides boot up. I want my money back, calling this hot garbage after a family picnic on a summer day is too good for whatever this really is.",268,0,1,0,1,0,2020-11-29,2020-11-29,0,13,14,14
"O jogo simplesmente não abre HEUAHUEHAH

Você tenta todo tipo de coisa pra se fazer e nada resolve, então, nem compre kk'

Capcom dando trabalho para os players!",161,0,1,0,2,0,2020-11-28,2020-11-28,0,40,279,267
"Left 4 Dead 2 is that you?

After searching for a halfway decent co op third person shooter game... I always kept coming back here. All of the reviews warn everyone to stay away because of annoying things like GFWL (Games for Windows Live) and the former having a settings.dat file that will auto crash your game on launch like a lot of SEGA games will if you change your display driver. Thankfully half of that battle is over because I did all of that years ago for Lost Planet 2. 

Alright, onto the actual game. 
Resident Evil: Operation Raccoon City is basically Left 4 Dead (Left 4 Dead 2 if you buy the expansion DLCs) meets hero shooter with Currency based unlocks and skills. While you can pick up enemy and player guns, at mission start and on deaths you aren't respawned from leaves you with the loadout you have chosen before the mission start, I haven't seen a side arm drop, but if you have no issue dying and are fine picking up whatever you find on the floor, consider buying one, as most guns don't really come with enough ammo to last you until the next ammo box or crate, and an ammo pile drop rate isn't very high, you might not even have this issue online, but offline, I found myself gravitating towards the Machine gun class because of their huge clip and ammo reserve sizes. 

Gameplay is probably what lured me in the most, along with progression making me feel like I wasn't playing for nothing. There is a fair amount of guns to unlock, 6 players to play as on each campaign I believe, and almost every character has a unique set of passive and active abilities related to their class. Some characters can use infinite ammo for a set time, while others can reduce damage to themselves or an ally for a set time, while others can walk faster or even turn invisible. 
-The RPG style unlock system gives you a lot of reason to keep playing, Found a nice gun on the floor? Died and lost it? Remember the name and save up enough money (EXP it's called) to buy it. Now when you die you just lose grenades and things you picked up during the mission, you also won't have to fight your friends for weapons.

The story, at least from the characters' perspective, makes a lot of sense. Being a mercenary, or what looks like a group of who-evers in the DLC campaign, makes sense. Seeing a group of mercenaries get led on over and over again in an effort to get extracted is a really nice take on people doing questionable things just to go home, and what choices they could make is a very nice take on a co op survival game. 

Mechanically is where the game really drops the champion belt. 
Bleeding attracts zombies, zombies attacking you makes you sick, being sick makes you slowly lose health, and eventually changes you into a zombie. Depending on what shoots or hits you determines your chances of bleeding... Think of bleeding like getting zombie bile on your body like Left 4 dead, zombies will seek you out, try to get you sick, and without a spray skill or specific character skills, you'll die and turn on your teammates 
-The above paired with bad AI teammates and aggressively accurate enemies means that you might be dying a ton on your own, assuming the game is difficult, where the AI on your side might not be tweaked to be useful. 
-Basically at the end stages, you'll be getting hit with that loop happening very often, while you are low on health or ammo, and your teammates died again. 

Some of these controls really suck. The same button that revives teammates, is the same button that picks up ammo, and the same button that has the heel stomp attack when held down. So some of your deaths will just be split second mistakes that had you missing a dive into cover, or getting killed by a turret that makes you bleed, and zombies pop out of nowhere to kill you for having an open wound. And in the main campaign, the last mission is full of that type of chaos. But hey, for 7 dollars with everything it's something I can overlook. 

The formula is very good, but the execution, and the final price leaves this game as something to grab only at times like now, and after you already exhausted the fun out of the title. I see Capcom trying to find the niche to make a crossover game. Where this feels like L4D2, and Resident Evil resistance plays more like a staggered Dead by Daylight. I just hope that if they ever want to do more that they revisit tiles like dragon's Dogma, Lost Planet, and even Devil May Cry. But lets be real, we see how many people still play L4D2, if not for GFWL, maybe people will be more inclined to play this game too. It'll be nice to see more games mix these elements together so nicely.",4653,1,1,0,10,0,2020-11-27,2020-11-27,0,90,1532,1214
"⠀⠀⠀⠀⠀⠀⠀⠀⠀⠀⠀⢀⡀⠀⠀⠀⠀⢀⡀⠀⠀⠀⠀⠀⠀⠀⠀⠀⠀⠀
⠀⠀⠀⠀⠀⠀⠀⠀⠀⣠⡖⠁⠀⠀⠀⠀⠀⠀⠈⢲⣄⠀⠀⠀⠀⠀⠀⠀⠀⠀
⠀⠀⠀⠀⠀⠀⠀⠀⣼⡏⠀⠀⠀⠀⠀⠀⠀⠀⠀⠀⢹⣧⠀⠀⠀⠀⠀⠀⠀⠀
⠀⠀⠀⠀⠀⠀⠀⣸⣿⠁⠀⠀⠀⠀⠀⠀⠀⠀⠀⠀⠈⣿⣇⠀⠀⠀⠀⠀⠀⠀
⠀⠀⠀⠀⠀⠀⠀⣿⣿⡇⠀⢀⣀⣤⣤⣤⣤⣀⡀⠀⢸⣿⣿⠀⠀⠀⠀⠀⠀⠀
⠀⠀⠀⠀⠀⠀⠀⢻⣿⣿⣔⢿⡿⠟⠛⠛⠻⢿⡿⣢⣿⣿⡟⠀⠀⠀⠀⠀⠀⠀
⠀⠀⠀⠀⣀⣤⣶⣾⣿⣿⣿⣷⣤⣀⡀⢀⣀⣤⣾⣿⣿⣿⣷⣶⣤⡀⠀⠀⠀⠀
⠀⠀⢠⣾⣿⡿⠿⠿⠿⣿⣿⣿⣿⡿⠏⠻⢿⣿⣿⣿⣿⠿⠿⠿⢿⣿⣷⡀⠀⠀
⠀⢠⡿⠋⠁⠀⠀⢸⣿⡇⠉⠻⣿⠇⠀⠀⠸⣿⡿⠋⢰⣿⡇⠀⠀⠈⠙⢿⡄⠀
⠀⡿⠁⠀⠀⠀⠀⠘⣿⣷⡀⠀⠰⣿⣶⣶⣿⡎⠀⢀⣾⣿⠇⠀⠀⠀⠀⠈⢿⠀
⠀⡇⠀⠀⠀⠀⠀⠀⠹⣿⣷⣄⠀⣿⣿⣿⣿⠀⣠⣾⣿⠏⠀⠀⠀⠀⠀⠀⢸⠀
⠀⠁⠀⠀⠀⠀⠀⠀⠀⠈⠻⢿⢇⣿⣿⣿⣿⡸⣿⠟⠁⠀⠀⠀⠀⠀⠀⠀⠈⠀
⠀⠀⠀⠀⠀⠀⠀⠀⠀⠀⠀⢀⣼⣿⣿⣿⣿⣧⡀⠀⠀⠀⠀⠀⠀⠀⠀⠀⠀⠀
⠀⠀⠀⠐⢤⣀⣀⢀⣀⣠⣴⣿⣿⠿⠋⠙⠿⣿⣿⣦⣄⣀⠀⠀⣀⡠⠂⠀⠀⠀
⠀⠀⠀⠀⠀⠈⠉⠛⠛⠛⠛⠉⠀⠀⠀⠀⠀⠈⠉⠛⠛⠛⠛⠋⠁⠀⠀⠀⠀⠀",464,1,1,0,3,2,2020-11-26,2020-11-26,684,54,447,447
https://steamcommunity.com/app/209100/discussions/0/5087338135420342259/,72,1,1,0,0,0,2020-11-26,2020-11-26,0,60,808,205
"This game is good. Very good, but stupid Windows Live service ruined it to sh*t. Only because of this i refund it. I log in and i get infinite loading to service. THANK YOU MICROSOFT.",183,0,1,0,1,0,2020-11-25,2020-11-25,167,2,22,22
"Look, I am not the biggest fan of this game, but I did enjoy the multiplayer aspect of it a lot. Unfortunately, not many people are playing it regardless, so no real point in trying to get back into it. On top of that, another reason why so many people aren’t playing it would be because of how broken the game is because of Windows Live service. Seriously, trying to get passed it is a challenge in itself and actually trying to play the game is near impossible. Yeah, this might be a bad game, but it’s made even worse by Capcom’s decision making.",549,0,1,0,2,0,2020-11-19,2020-11-19,0,2,10,10
"In one word : trash.
Let me elaborate : calling Operation Raccoon City a big pile of steaming ♥♥♥♥ would be an understatement and an insult to actual ♥♥♥♥. Few are the games that made me stop and ask myself wtf am I doing with my life. There's no way to sugarcoat it. I'm actually dumbfounded reading the few positive reviews praising the game here, did we play the same game ?
First of all, Game for Windows Live. Making the ♥♥♥♥♥♥♥ thing work is an adventure in itself. Some companies did the effort to patch that plague off when it died, but nah Capcom too busy making money (not that the game is worth the effort anyway). 
Secondo, the whole actual game.
Lot of weapons but not really, they mostly all feel the same, they all feel weak. The ennemies are bullet sponges and you run out of ammo pretty often.
Do you wonder how many anti-material rifle bullets are needed to down a single generic soldier ? Between 3 and 5 to the head, according to this game.

Let's talk about AI, zombie AIs are ok I guess, they seem lost most of the time but the sheer numbers alone makes it ok. The ennemy soldiers are aimbots on top of being bullet sponges, there are two sections on the ""Echo Six"" campain where it is just impossible to complete, no matter how many times you try. The first section is in a museum, the door magically closes behind you (no explanation about that) when you enter a small room, and a tons of soldiers comes out from everywhere, all locking their aims at you. Not a single place to take cover, you can't backtrack, you can't run through, you just die over and over again. If you manage to kill some, they respawn in a tiny room and all come out from the same door like clowns from a car. 
The second one is in an alley with soldiers behind a barricade on the far end with two automated machine gun turrets. You are supposed to pick them off from a distance with a sniper while being harassed by zombies and staying hidden from the turrets, that in itself is hard but not impossible. But here comes the catch, you gotta actually go up the alley, go behind the turrets to deactivate them. As soon as you leave your cover, both of the turrets immediately locks down on you and guns you down. And just in case you actually manage the impossible and get to the turrets in order to disable them, around the corners are more soldiers waiting for you to stop you from getting to the turrets. I'm pretty sure even the devs did not take the time to test it out, can't blame them, they probably already knew the game was beyond redemption. Granted I played only on the hardest difficulty so perhaps it's a lot more manageable on easier difficulties.

Your bot-friendlies are virtually useless, just pure brainless cannon fodder, they are incapable of resurrecting allies and they can't see things beyond 10 meters. Most of the time they run around like headless chickens up until they accidentaly run in front of your aim at the right moment and gets their head blown. Speaking of resurrecting allies, who's the genius that tought it was a brilliant idea to bind the same button to pick up a weapon and resurrect an ally.

Pre-rendered cutscenes are corny but ok.
Music, generic, bland, not a single one will land, except perhaps the main menu theme which is the most decent one.
Story, I finished the game a few hours ago, so uninteresting I can't even remember it.
Collectibles, useless waste of time, too many of them, not even hidden, just another souless checkmark in the content table.
Multiplayer is dead, I bet my left nut it died stillborn. 
Downloadable content is overpriced, 20€ for some short ♥♥♥♥♥♥ campaign with unlikable bland characters and 13€ for more ♥♥♥♥♥♥ weapons and useless costume packs.
If you were to buy the complete game it would cost you 37€. Do yourself a favor, go find your local crackhead and give him that money instead; he'll find a wiser way to spend it and you'll probably avoid wasting around 20 hours of your life, win-win scenario.

0/10 eatshit Slant Six. No wonder you went bankrupt the year following that game's release. Good riddance.
And ♥♥♥♥ you Capcom for trying to charge 37€ for that terrible mess.",4158,0,1,0,1,0,2020-11-15,2020-11-15,0,12,1002,1002
I do recommend this game but on PS3 or Xbox 360 but not on steam every time you go to play it you have to reinstall it and start over from lvl 1 so i just wouldnt do it I spent $45 to get everything cuz i really liked the game but now i'm trying to get a refund cuz whats the point of having a game you have to redownload and start all over,340,0,1,0,1,0,2020-11-13,2020-11-13,0,5,91,91
it's fun only when playing with friends...,42,1,1,0,1,0,2020-11-10,2020-11-10,158,178,711,623
"This game had potential, but it's just so bad. It's more fun to play then RE5 and RE6, when its mechanics work but thats probably only fifty percent of the time. Not to mention getting this game to run is an ordeal. I might be able to recommend this if it actually worked, both literally and metaphorically.",307,0,1,0,2,0,2020-11-07,2020-12-08,0,238,596,96
"Does not run on Windows 10. You need XLive.dll.
Game sucks. Too hard, most of the game no Zombies, but soldiers to fight.",121,0,1,0,6,0,2020-11-07,2020-11-07,0,276,15,15
"Resident Evil: Operation Raccoon City-Its fun to play as the bad guys

I personally enjoyed this one seeing your actions in a different perspective as Raccoon city burns is awesome 

+Pros
Awesome atmosphere+
Vector+
Lupo's Booty+
Seeing the events in Resident Evil 2 and 3 from a different point of view+
fantastic gun sounds+
Great soundtrack+
Seeing all previous RE enemies+
 Short and sweet+
HUNK+

Cons-
Need GFWL to play the game which is ♥♥♥♥♥♥♥♥-
Most common enemies are absolute bullet sponges-
Really bad checkpoints-
Infected mechanic is total bull -",561,1,1,0,0,0,2020-11-06,2020-11-06,456,161,275,275
Don't know why people are bad rateing this cos i played it with 4 other players and we all think its a great game to have a laugh on it. defo a must have if you are a Res evil fan.,180,1,1,0,3,0,2020-11-06,2020-11-06,120,8,26,25
"Requires Windows Live for online play.
Has a limited password count so if your password is long you can't log in.
You're unable to use Steam for online play and if you're not logged in to LIVE you can't play online.
Any online session is set to ""public"" and doesn't seem to be lockable.

Don't buy!",298,0,1,0,1,0,2020-11-05,2020-11-05,0,350,8,8
Haven't been able to play. game doesnt work.,44,0,1,0,1,0,2020-11-03,2020-11-03,0,2,1236,687
Probably the worst four hours in my entire life.,48,0,1,0,8,0,2020-11-03,2020-11-03,653,85,250,250
"Please for the love of God do not be the friend to suggest this to your group

You will not have friends anymore",112,0,1,0,8,7,2020-11-02,2020-11-02,337,40,169,169
They need a 4 player DLC for this. Would really be a great game to replay over and over with various friends. Otherwise it's a nice stand alone for anyone getting to see/hear/play everything experienced in Resident Evil 2.,222,1,1,0,1,1,2020-10-30,2020-10-30,604,107,679,679
"Absolute Garbage.
Before I mention anything else, why is this game using the defunct Games for Windows Live service in 2020, making even starting the game a extreme hassle in the first place? Either patch it out or don't sell a faulty, bugged service based drm game. If you do get lucky enough to bypass it without using the guides and starting the actual game, you still need the service to save the game, so no saved progress for you! 
Now the actual game itself:
It sucks.
The AI is moronic, shooting thin air and collecting bullets like a target range dummy. The squad mates are more a burden then anything else. The bigger enemies such as G can pin you in a loop, where you get knocked down, and before you get up, pinned in another knockdown animation until you die. One time, my character would get knocked down, and teleported back into the animation loop. 
Don't buy this game, period, not even on sale, its a awful, buggy, blight on the resident evil franchise. If you want a action based RE, pass on this disaster and get RE 6 instead",1045,0,1,0,4,1,2020-10-30,2020-10-30,520,78,61,61
10/10 This game is awesome me and my friend Aaron love it!!!,60,1,1,0,3,0,2020-10-30,2020-10-30,0,2,266,266
"Doesn't work on steam. Don't bother, don't waste your money.",60,0,1,0,2,0,2020-10-30,2020-10-30,189,35,2564,1931
"i liked how this game had so many options character wise. weapon wise, and how it gave resident evil a new perspective, when it comes to the raccoon city incident. and i love the fact your apart of a tactical group, its refreshing in my opinion and one of my absolute favorite resident evil games",296,1,1,0,5,0,2020-10-23,2020-10-23,0,3,1239,807
"This isn't a great game, it doesn't innovate, it isn't really faithful to the franchise, that said I enjoyed it. The game is pretty simple pretty easy to understand the classes and break the game a bit with each. It can be a fun silly game with friends with the 4 person co-op. It's like a baby hero shooter. If you get a good sale and a good buddy to approach it with, it can be worth the cost of purchase.",407,1,1,0,1,0,2020-10-20,2020-10-20,0,67,2197,2186
"This game has a difficulty curve and is not a horror game by any means. This doesn't mean it is a bad game. It covers a great part of the RE Lore. Do not let the Game For Windows problems discourage you. It is very well worth your money, especially if you can play with friends.",278,1,1,0,0,0,2020-10-20,2020-10-20,0,6,710,391
"Can't even ♥♥♥♥♥♥♥ play it cause it won't even ♥♥♥♥♥♥♥ load, and I have try everything to nothing.. this is ♥♥♥♥♥♥♥♥. I'm ♥♥♥♥♥♥♥ done with it.. Just gonna eat the money I spent on this ♥♥♥♥♥♥♥♥.",195,0,1,0,6,1,2020-10-19,2020-10-19,144,24,657,656
"You know, I gotta say, on my RE3 review, I stated there was no spin off of the RE series I liked. Well, I now have to correct that statement. Operation RC, is fun! Dumb fun, but fun none the less. I don't what it is, but the fact you get to see both sides of the story as the outbreak is happening, and what Umbrella was up to during this time, is exciting in its own way. 

The game takes you across several levels throughout Raccoon City. From the flipped cars on fire streets, to the Nest itself. It gives longtime fans something to appreciate because it pretty much touches base on the all historical locations the series has taken place in. From the police department, hospital, and Dead factory. Of course the layout is different, but it allows this run n' gun, cover shooter shine! On top of that, we even run into main characters from the RE series during their outings through the city. Operation takes place during the events of RE2/3. We speak, and work with, these characters in some missions. Although brief, I really appreciated this! It was fun being on the other side fighting, or teaming up, with the ppl we have played as up to this point in the series. 

As stated, you go in as an Umbrella operative team, on multiple missions to assist Umbrella in covering up their wrong doings. The story is interesting, but does end abruptly. I know this game was not trying to win any award in this regard, but I still wish it was given more time. There will never be a time you're lost with what is going on, but still, I was interested in knowing more.   

You have a decent selection on characters, all with their own unique skill set. If you get the DLC, you will gain access to a new team, but the special abilities stay the same. Find your favorite, upgrade them, and take them through hell and back to try to either, destroy, or save, Raccoon city. After every mission, of course, you get scored on how well you did. There are multiple objectives, from time, to the amount of collectibles you found. All of this tally up, and give XP. XP is spent on unlocking, then upgrading abilities, or weapons. I never counted, but there has to be at least 30, maybe 40 weapons. A great selection to choose form. 

This is actually why I bought the game again, outside the $5 price tag for the complete edition, Operation RC, was one of the very few games I actually played when I was younger. I remember the game had great atmosphere, and the guns didn't sound like pea-shooters. Shotguns, assault rifles, pistols, all have their distinct sound, which I highly appreciate. I am not sure why other Devs have not figured this out? If the guns sound terrible, it takes the pleasure of using it away, imo. But in Operation, unloading a magazine and watching limbs get cut off enemies, head shots blew their heads off, all mixed into a hectic time trying not to be overwhelmed, is an exciting time! I am just glad I was able to capture that again. I was worried the game would turn out much worse, but I am happy to say, it is as I remember. 
Also, just walking / running around sounds good to me. They took their time here, because running on concrete, dirt, gravel, all have their different sounds. And my favorite, is the sound of bullets flying by, and or striking something around you. It helps make it feel more realistic, and grounded, although zombies are trying to bite your face off. 
The only thing I thought was kind of lack luster, was the soundtrack. Not the worst, but you most likely will not even notice it as you play. I turned it down so I could hear my surroundings more. 

The graphics, although dated, to me, still look crisp and hold up. You may know this already, but the screen shots on Steam, do not do it justice. So when I booted it for the first time, I took the time to look around and was happy it wasn't too dated. I am not the biggest on graphics, but I enjoy them when I get them, and I do have a standard. Luckily Operations passed with flying colors! 


Issues,
1. Now, I am not going to lie.... there is some jank.. When it comes to cover, it is old school tactics. Just push forward onto the cover you're trying to hide behind. Issue is, when you do NOT want to cover, but do so anyway. Don't get me wrong, I easily adapted to this, and found my balance, but I know, this will annoy others. 
2. The AI, acts like you would expect from a game this old. Not the worst, but nowhere near the brightest. 
3. You, for some crazy reason, cannot upgrade your team. So as you progress, they, stay the same. Even if you go under X character, and upgrade them, they do not take that into the missions. I think this was to make online more needed then it should be. Obviously you can still beat the game, but this bothered me quite a bit. 
3. STUN LOCK HELL!! Hunters, and Mr T, can knock you down, and if your squad isn't around, or dead, good luck. I always got away, but not before 2/3 hits are in. 

All in all, Operation does feel older, as it is, but still holds up. I had fun! And with the DLC included, you basically double the campaign length. Seeing the Umbrella side is interesting as I stated, just wish more time was given to flesh it out. The sound effects this game has keeps you grounded, and makes it feel like a zombie infested war. I do not want the series to go into this run n' gun genre, but as an outing, does a great job!",5370,1,1,0,0,0,2020-10-18,2020-10-18,0,199,1157,1157
Waste of money and time.,24,0,1,0,4,0,2020-10-17,2020-10-17,0,17,1443,1443
"broken. do not waste money, it will not run if you buy it on steam, just pirate it or something",95,0,1,0,1,0,2020-10-01,2020-10-01,0,40,5,5
"EDIT:

""Oooh, seeing an operating table gets me excited""

After my childish antics and moaning and repeative ♥♥♥♥♥♥♥♥, spontaneiously - I was able to get the game and GFWL to work by using my hotspot of all things. Also, many thanks to the numerous guides and links provided by the community to help this game to get going.

Upon actually playing it again with a friend, I was reminded of how this game was actually a lot of fun with company and also its immense impact on my sexuality.

Back in the day, I constantly coomed to Bertha and I still have a thing for women with blonde hair, germanic features and accents, tight braids and black leather - as well as masks.

This game not only made me a sexual deviant when I was younger, but also made me wish someone like Bertha would crush my balls. 

Its aged surprisingly well despite the IMMENSE jank. Its huge fan service to true fans. HUNK has a speaking role even.

If you can put up with the monolithic, ♥♥♥♥ shrinking - ball busting ♥♥♥♥ to get it running and compatible with online play, it is a fun romp for a few games wiht a bucko. 

------

[ORIGINAL REVIEW]

Unplayable without needlessly installing literal garbage like Games for Windows Live on your computer. You'd be better off directly injecting used heroin needles into your arms than to try and get this game working on PC.

Do yourself a favour and get a console version. This game was obviously never intended with the PC community in mind and the fact that Capcom has not bothered to give it any support or remove GFWL means that they consider this a mutant, disgusting fetus unfit to live. I'll inevitably playthrough the campaign once or twice for nostalgia but it is not worth the effort trying to get this to work to play co op with some friends.

I rather insert shards of salted broken glass underneath my eyelids, huff septic tank fumes and smear urine butter on open, festering wounds.",1916,1,1,0,0,0,2020-09-30,2020-10-01,587,211,687,23
"I know people have been complaining that they cannot play this game but it is playable you just have to delete the GFWL and download a different one so the game can become playable I watched a video from youtube and was able to play the game and I helped a friend out as well so don't lose hope. 

https://youtu.be/mdb325EO_lA
 here is the link to the video to make the game playable your welcome.",397,1,1,0,0,0,2020-09-29,2020-09-29,0,2,1503,912
"This game is really good for the fans of the Resident Evil Saga and the best part is that you can play the entire campaign with up to 4 players(Public or Friends) and each one select a variety of characters. Also have some multiplayer game modes that are fun. !!ADVERTISING!! YOU NEED TO HAVE GAMES FOR WINDOWS LIVE INSTALLED ON THE PC TO USE THE ONLINE FEATURES. On YouTube are some videos that can help you how to install GFWL(Games For Windows Live). Last thing, if you Sign In to your GFWL account inside the game and the you see that the LOADING of your account takes too long time JUST WAIT LIKE 20 MINUTES and he will starting to download your Windows Live profile(This thing take like 2 hours to download but to some peoples this take just seconds). I hope this information will help you.",796,1,1,0,0,0,2020-09-28,2020-09-28,0,3,327,184
Does not let you save the game or let you play online with others straight from the install.,92,0,1,0,0,0,2020-09-28,2020-09-28,0,21,4618,4617
"So, This is a HOT TAKE but i don't care lmao. I love this game. Even though its not the best I had a ton of fun with it on Xbox 360 with friends. Its actually really easy to fix to work on PC. Basically the easy way to explain it is, Windows 10 has games with windows installed but that version doesn't even work with windows 10. You have to uninstall what they have installed and install a different version of games with windows. Online still works and everything so you can play with friends. This is the video I used to fix it. It does work and the fix takes only a few minutes. Buy Resident Evil ORC and enjoy it with friends! https://www.youtube.com/watch?v=mdb325EO_lA",675,1,1,0,1,0,2020-09-28,2020-09-28,0,5,636,184
"The game is playable with some tideous GFWL hacks. It's a 6/10 game overall, but 2/10 RE game.",94,0,1,0,1,0,2020-09-27,2020-09-27,755,8,25,25
This game is extremely underrated. but i love it! 10/10/,56,1,1,0,1,0,2020-09-27,2020-09-27,0,1,6946,699
"Despite the bad reviews, I find this game quite fun. BTW, there is a common bug, I cant progress the DLC missions",113,1,1,0,2,0,2020-09-26,2020-10-05,0,68,609,609
:),2,1,1,0,1,0,2020-09-26,2020-09-26,0,18,1011,655
"Oh man, I came this whilst searching though the sales. I've been eyeing it up for weeks checking all different places for it. I played it first on ps3 and loved that opening map, being chased through the lab/sewers by Birkin,  finally got it for just £5.99


I had great fun playing it for a bit and made use of a bit of my 2 hours slot reliving those memories but knowing with a heavy heart the second I fired it up I would be getting a refund.

The damn things only needs GFWL ( ♥♥♥♥♥♥♥ f**King Windows Live, sorry, I meant  games for Windows live). Which is no longer in existence and without that in place you can not save your game. At. All.

And they still have the audacity to try and sell it (quite then for £25 or more) knowing that it isn't suitable for anyone who isn't willing to leave their pc on for as long as is needed to do everything. 

I personally can't believe that valve still allow games that use gfwl to be put up on steam.",947,0,1,0,5,0,2020-09-25,2020-09-25,357,2,26,26
"Remember when DRM was a good idea? 
I don't. 

Due to the games requirement to log into Games for Windows Live to save, which is something that actually doesn't exist anymore - you cannot consistantly play the game without using brute-force to get it to work. The main kicker is that the community fix solution actually is very inconsistant, and one day might work - and the other day might not. 

In other words the game is as good as a paperweight at the moment, as you can't actually play it.",495,0,1,0,4,0,2020-09-25,2020-09-25,1276,120,47,16
the issue i ran into is the game ran great on the first start up but the next day i tried to launch the game and it would crash instantly i have tried all the guides and nothing worked all i got to say is that the game itself is a great game just not the launcher its on. dont buy unless you want a headache just trying to get this to work.,340,0,1,0,0,0,2020-09-23,2020-09-23,0,8,200,200
o.o  when it works it works..,29,1,1,0,0,0,2020-09-23,2020-09-23,0,11,839,256
"Beautiful game, smooth. Games with windows makes it 1000x better. Would Recommend xox",85,1,1,0,0,0,2020-09-21,2020-09-21,354,22,312,312
"This game could be fun, but it isn't. And it's not the shallow story, neither the unusual game controls. It's that this game is totally abandoned.
Capcom, Steam and Microsoft all agree to sell this garbage for money, and none of them feels like fixing it.
How is it even possible to sell a game bundled with a discontinued service, which you only can bypass by hacking it?
Shouldn't one of them drop the hell of this Games for Windows Live crap out of the game?
Nah, it's better to just collect some money from those who are still eager to play this game!
And it's still buggy! Lags, freezes, slowdowns are just normal. But then come the quick time events, and You Are Dead!
Someone fixed it, this would be an entertaining game. Such a shame!",742,0,1,0,0,0,2020-09-21,2020-09-21,0,8,215,66
do not buy PC version. Uses windows live service which is discontinued.,71,0,1,0,3,0,2020-09-21,2020-09-21,9706,313,843,10
CQC and zombies in a tactical leather package.,46,1,1,0,0,0,2020-09-21,2020-09-21,0,6,2458,1503
"This game is WAY outdated software-wise. I played at first on PS3 and I was so excited to play it on PC with all DLCs, but it doesn't have any kind of cloud-support... It is really not worth your money nor your time. Trust me. I loved the game since launch on PS3 and then, this piece of garbage came for PC... Very sad.",320,0,1,0,2,0,2020-09-20,2020-09-20,0,9,47,47
20/10 the greatest resident evil game ever created.,51,1,1,0,0,5,2020-09-20,2025-06-15,506,350,654,635
"This is a pretty decent game, if you know how too get it too work well. Plagued by GfWL (Games for Windows Live) services, thus with its service being non existent nowadays, this game is virtually unplayable. Fortunately, thanks too the community here on steam, its possible too play it as intended. A hoop too jump through, but worth it for the fan services. I hope this game gets a remaster of some type, cause this game is pretty decent. does more then R3make had done, thats for sure (BTW I think R3make was alright, but its only barebones).",545,1,1,0,10,1,2020-09-20,2020-09-20,487,13,447,203
stay away from this game  on pc  it does not  work at all in its current state and the links to fix it are dead because of how old the game is,142,0,1,0,7,0,2020-09-19,2020-09-19,129,6,8,8
"Thumbs down for F*uckin' non-functional Games for Windows Live.
So that probably means: R.I.P. Resident Evil Operation Raccoon City... You served well.",151,0,1,0,15,0,2020-09-19,2020-09-19,802,6,75,75
"Do not buy this game, i have tried to get it too work on several occasions and i cant even get it to launch, it crashes before you even get a dark screen with corporate logos and stuff. Just dont wast your money on a game that truly does not work. If you somehow can though its fun with friends, but single player kind of sucks after a couple hours as its a pretty repetitive game.

TLDR: Game no work on steam, game still ok tho if it work but it do not",454,0,1,0,22,0,2020-09-19,2020-09-19,0,56,44,44
Positive review exclusive for PS,32,0,1,0,1,1,2020-09-18,2020-09-18,243,111,214,214
"NOTE: In order to run the game you need to download GFWL.  Multiplayer both Coop and PvP are unable due to player inactivity.As a fan of the Resident Evil series the idea of running to Raccoon City decked to the teeth in guns and bullets as you lay waste to the undead with heavy machine gun fire is rewarding.  As a ""what if"" scenario players take on the role of a member of the Umbrella Security Service (USS) sent in to Raccoon City to cover up Umbrella's evil doings, by destroying evidence and killing everything under the sun.  The gimmick is clever for the most part and it is fun to play as the bad-guys for once.  However, the game is fun if you can ignore some of the odd design choices.I like to think that this game was the ""progenitor"" to future tactical shooters like ""The Division"" ""Ghost Recon"" and others as what not too do in making a tactical shooter.  The game is marred with inconsistent A.I., bullet sponged enemies on difficulties higher than NORMAL, and an auto-cover mechanic that gets you stuck in the worst possible situations.  However, with these problems the game is enjoyable, a bleed status and infection status for example, are fun additions where either taking too much damage or causing damage to enemies and cause zombies to go crazy and attack them.  Levels have the proper amount of mood lighting that for an action horror game you still feel like you are in a survival horror game.In terms of customization, the game is robust and limited at the same time.  For instance, the game sports a myriad of different firearms that players can take into battle unfortunately most are useless because with so many enemies on screen at once, it is better to use weapons with high damage output rather than bleed status or high ammo count.  Players can upgrade characters respective status, however, each character is fixed to a type (medic, assault, recon, etc) and the optimization is not there.  It is a shame you cant create the agent you want to make.  Overall, it is a mixed bag, the music is questionable with only a few soundtracks to get the blood pumping.  Guns lack the sound or feeling like you are wasting the dead, odd game-play choices, and yet it is still fun.  Just don't expect players to join you in COOP as hardly anyone plays this game at this time.",2298,1,1,0,18,0,2020-09-16,2020-09-16,0,8,4426,1721
"You know what I love? When you have to remember your microsoft account but realize that when you were younger used another email and the when trying to reset the password that you don't remember your 12 passwords you ever used in your life and when you go to the xbox website to sign in its like that account that is literally on your xbox downstairs doesn't exist despite changing the password? Yeah thanks for GFWL and thanks Microsoft for selling me on buying the next playstation, eat ♥♥♥♥ to all the devs that decide to never pull GFWL.",541,0,1,0,4,0,2020-09-13,2020-09-13,0,71,15,15
"The main reason I liked this game was that it went back to the original timeline. I liked being able to go back into Raccoon City in 1998 and seeing a different side of the chaos. If you are a fan of the second game, ide say at least give this one a chance. Its obviously NO WHERE near as good as RE2, but its a different play style all together. If you enjoy killing zombies/ multiple Umbrealla Corp. BOW's then you will have fun playing this game.",449,1,1,0,4,0,2020-09-12,2020-09-12,69,2,540,539
"even if your a fan of this game, do not buy PC version. Uses windows live service which is discontinued.",104,0,1,0,52,0,2020-09-09,2020-09-09,0,112,25,25
This game is fun and not difficult to play and when you are stuck indoors it's something to waste a bit of time.,112,1,1,0,0,0,2020-09-06,2020-09-06,0,8,5262,4962
good game,9,1,1,0,0,0,2020-09-03,2022-02-01,262,22,965,461
"When I first got this game I was sceptical seeing the reviews. I love the shooter genre and the design of the characters on first glance. Playing it i found that there were a few points people should get their heads up before buying this
- you WILL have to install some windows store crack to which there are plenty of guides to help you
- it says multiplayer but there is none to speak of anymore
- it might have some faults in trying to get it to work
but when it works? its an amazing resident evil title that every fan that has the slightest interest in the games should give a fair shot. even if its just the singleplayer alone. The characters are good, the gameplay is solid, and i always wanted to mow down zombies. 

TL;DR: if you have the cash and time to get it working which isnt longer than 30 minutes, and you're an RE fan. Give it a shot!",852,1,1,0,11,3,2020-09-02,2020-09-02,325,14,2255,1911
Have fun alone with friends too much fun,40,1,1,0,1,1,2020-08-27,2020-08-27,201,27,1242,190
"One of my guilty pleasure games of the RE franchise, though I must admit I had a hell of a time getting it to work.

Spent a solid week trying ""fix"" after ""fix"" with nothing working.

Though, I'm now playing and almost done with the campaign, thanks to a user who suggested a couple files to download to bypass GFWL entirely.

I can't remember who posted it, or where to find it, but I know it's in the support here on Steam. One of these discussions about fixing this game.

Anyway just as hard and just as fun as I recall, with the added bonus that I'm a hell of a lot more accurate with mouse/kb than I've ever been on a 360 controller!!

Fun game, just not... not exactly a Res E game, and that's fine. Still a blast to play through!",737,1,1,0,2,0,2020-08-23,2020-08-23,0,5,1039,509
good,4,1,1,0,1,0,2020-08-23,2020-08-23,0,25,658,658
As good as I remember,21,1,1,0,1,1,2020-08-20,2020-08-20,0,7,518,292
I liked the bit when I was knocked over by an explosion on the other side of a corridor. I also liked the bit when every Spec Op took like three magazines to the face to die. But my favourite moment was when Slant Six accidentally leaked that they were making a Battlefront so Capcom fired them and their company went bankrupt.,327,1,1,0,2,2,2020-08-19,2020-08-19,0,2,450,281
"Its really fun if you like games where a point blank head shot to an enemy soldier with no helmet does "" 15% over all HP damage """,129,1,1,0,1,0,2020-08-15,2020-08-15,0,17,260,260
"Great time game, might be a bit corny here and there. but it is still RE.",73,1,1,0,2,0,2020-08-15,2020-08-15,355,48,470,251
"This is the type of game you play while taking a dump 
i'm taking a dump while reviewing this game, it feels like the most important dump in the history of mankind, a dump for our ancestors, a dump to save the world. a noble dump",229,0,1,0,5,3,2020-08-01,2020-08-01,421,132,532,203
"just no, im a story lover so ill still play it despite the bad controls and laughable graphics. but still just no.",114,0,1,0,1,1,2020-07-31,2020-07-31,676,19,1195,183
it's decent enough.  play co op with friends,44,1,1,0,3,0,2020-07-30,2020-07-30,0,128,649,646
I like it its not that bad kinda have an arcade feel to it.,59,1,1,0,0,0,2020-07-25,2020-07-25,0,29,123,62
"this game is actually terrible and they are charging as of currently 23 pound for it, let that sink in.

for starters the lag in this game is unbearable, I wanted to actually off myself for example when we met the tyrant at the safehouse it locked us in the cutscene where the tyrant was breathing down my neck waiting for my ass and we couldnt move at all and we had to restart the mission., cutscenes are quiet and terrible, the guy is trying to tell you important plot points and your there trying to listen to it like you are raiding bin ladins house, the spec ops in the game are broken and will kill you by looking at you and you will always be behind cover but they will still shoot you with the force of a thousand suns and they take around 2-60 mags to kill just one of the ♥♥♥♥♥ and there would be about 30 little bastards running around like garfield. There are triggered damage event such as when an explosion opens up a door we were sitting further than my dad from it and yet we fell to the floor in agony and suffering because we were playing this TERRIBLE game. We fell to the floor in agony in real life aswell. Also the game is called resident evil ORC, ORC like Gul'dan from WoW. Final point the inconsistantcies are appalling like for example Hunk went into the room to confront BIRKIN RICK with a fellow comrade and when we died and saw the cutscene again he had a different mask like what is he BANE?!?!

end of the line, this game is a total ♥♥♥♥♥♥♥♥ and my friend and i bought it because we knew it was ♥♥♥♥ but we didnt expect this.

Poggers",1566,0,1,0,2,1,2020-07-25,2020-07-25,141,1,189,188
"Would be a great game if it was playable. I've tried all the available guides and just barely got to where the game can launch but then freeze at the loading screen. Bought it on sale years ago and never played it since my PC was trash at the time. Now that my PC can more than handle the game, it's a waste of money and can't even get a refund now.",349,0,1,0,4,1,2020-07-21,2020-07-21,895,4,52,52
I owned this game on xbox 360 and used to have lots of fun playing campaigns with friends on it. But then I and 3 other friends got it for a weekend of nonstop fun on PC (Its the most fun with a 4 man squad) We soon found out that online play is not supported on Win 10. We all got refunds for the game and have not spoken about it since. Shame.,345,0,1,0,28,1,2020-07-17,2020-07-17,0,4,18,18
"Complete waste of money and time in order to get it working. Not recommended unless GFWL dependency is patched with some better alternatives as Rockstar did for GTA 4. Without GFWL, you can't play online and there is not much to offer from solo campaign missions.",263,0,1,0,0,0,2020-07-16,2020-07-16,661,10,17,17
TOUCHES ME IN ALL THE RIGHT PLACES,34,1,1,0,1,0,2020-07-15,2020-07-15,71,2,354,240
Does not work. The 26 minutes I have logged are failed attempts at getting it to run. Complete waste of money.,110,0,1,0,3,0,2020-07-11,2020-07-11,0,16,26,26
Better than Resident Evil 6.,28,1,1,0,0,0,2020-07-11,2020-07-11,1213,141,362,354
"Overall, I LOVE this game. SO much so, I own it on PC, PS3, & Xbox 360. You can easily spend a lot of time playing this game. Co-Op is fun. It tells the side of the story form Umbrella's Wolf Pack/Delta Team. Hunk even joins for mission 1! It's told from the side of umbrella operatives. People complain the game is too hard but I only start having issues on the hardest difficulty so I would say it is not. 
I play on a laptop that can play most basic things but its not going to handle games on the highest settings. I have no frame rate or freezing issues with this game. Despite what everyone says, this game runs 10x better on PC than the old consoles once you can get the game to work.

Now lets talk about a hard CON of the game. I'm not computer savvy AT ALL and had a hard time getting the game to work. So did many other steam users. I found a guide and got it to work after about 30 mins so it is possible to play if you are patient.",944,1,1,0,0,0,2020-07-07,2021-11-18,0,21,3214,2022
action packed,13,1,1,0,0,0,2020-07-07,2020-07-07,0,9,390,371
Resident Evil ORC is an extremely fun game - if it works. It's riddled with bugs and dead servers. Game can be beaten in 4-6 hours. Steam summer sale is a good way to pick up the game but if it's not on sale don't bother wasting money on it.,241,0,1,0,18,0,2020-07-04,2020-07-04,18,1,376,376
"Couldn't even get it to work.  I tried everything that was suggested and only got to the point of entering the product key.  It crashed my computer once and wouldn't even close properly, task manager had to be used.  Even if I got it working I wouldn't have fun playing it, the hassle of getting it working was too much.  I would save your money, I luckily didn't ""play"" it long enough not to get a refund.",406,0,1,0,1,0,2020-07-04,2020-07-04,0,2,37,37
"""I lost the sample, I'm going back for it...""
Resident Evil: ORC is a non-canon action/cover shooter spinoff of the Raccoon city events and has characters from Resident 2 and 3. I enjoy this game for the fact you play as Umbrella operatives and the interesting way to end the game that has 4 players choosing 2 different options. The combat is fun but kinda clunky, at least on keyboard as it was clearly built for consoles. There is also an upgrade system which is simple but satisfying for every operator. Also you need to have a Windows live account (or Microsoft account) to play this game, otherwise it will NOT save your data. I would say it is worth getting if you enjoy Resident Evil or 4-player combat games.",717,1,1,0,0,0,2020-07-04,2020-07-05,716,226,300,129
It's awful and I love it.,25,1,1,0,0,1,2020-07-02,2020-07-02,0,17,231,36
"Honestly still have more fun with this than RE6. It's a pretty bad Resident Evil game, but a total guilty pleasure of mine.",123,1,1,0,15,6,2020-07-02,2020-07-02,0,23,8406,2098
is booty,8,0,1,0,2,1,2020-07-01,2020-07-01,0,3,260,219
"this game is really good but microsoft is ♥♥♥♥,this game have a little connection problem but you can fix him and play multi player.",132,1,1,0,5,0,2020-07-01,2020-07-01,0,6,6107,367
"As far as game play goes, it was okay and the recreation and play-through during the  ending moments of the outbreak in RC was awesome! Glad I got to play a game during a zombie outbreak. What I sort of found mediocre was the AI that the player is partnered with through out the game. At some points, they help by firing and scoring kills. On the other hand, sometimes, the AI controlled characters, won't dodge incoming grenades or bullets and will sometimes just stand there firing and act like a limited ""sponge"" to be killed. I would've liked to interact with other characters more like Barry, or even in a fantasy scenario add-on to chase down and kill Albert Wesker.",672,1,1,0,0,0,2020-06-26,2020-06-26,4,1,3472,554
"Played the German girl, dashing causes her to sexually moan for 10 seconds straight, 10/10",90,1,1,0,13,23,2020-06-25,2020-06-25,0,30,421,201
"-June 16, 2020

Apparently I now have a obsolete key and still waiting for a replacement key. Game was good on XBOX and PS3, but they have yet to fix the PC version. Buyers beware.

-January 30, 2021

Game works after doing a few extra things. At first when doing the things the game still wouldn't work. Now it seems to be working for whatever reason. A fun game if you can get it to work, but still be cautious.",413,0,1,0,3,0,2020-06-16,2021-01-31,0,3,814,124
no,2,0,1,0,6,2,2020-06-14,2020-06-14,388,8,245,245
"It's a bit jank, but fun when it works.",39,1,1,0,0,1,2020-06-12,2020-06-12,0,1,338,322
Game doesn't work unless you are willing to jump through a thousand hoops. Buyer beware.,88,0,1,0,30,2,2020-06-09,2020-06-09,0,5,26,26
"aim sensitivity is kinda bad and controls too but coop with friends is nice, birkin mutation is way too op even on easiest difficulty.",134,1,1,0,0,0,2020-06-09,2020-06-09,0,84,358,200
"It sucks that you have to adjust some files to get it to work, but it can easily be looked up on YouTube if the online guides confuse you. I had this on PS3 whenever it first came out but I only played with randoms because none of my friends were into RE. Now having it 8 years later on PC is the best! I have a couple of friends who also had to fix their game using the same method as I. I was surprised at how many people still play this game, I have played with randoms ranging from level 8-99.",497,1,1,0,0,0,2020-06-09,2020-06-09,215,19,843,251
Same problem as everyone else. GFWL.,36,0,1,0,2,0,2020-06-09,2020-06-09,267,2,31,31
"It's fun and decently active rn, not amazing but not terrible. get it on sale

/// update 3/24/2025 
Game is still unplayable, and is unlikely to ever come back. Given that it's been so long and Capcom can't even have new releases function properly on PC I have zero faith in this game ever working again",304,0,1,0,0,0,2020-06-09,2025-03-24,0,28,2621,2618
"The game says it's compatible with Windows 7 and vista, but I have windows 10 and finally got it to work... then the windows live bugs out and doesn't let me sign in. I really enjoyed all the RE games I've played including 4,5,6,7 and a couple others but very disappointed I feel as though it's not compatible at all with windows 10.",333,1,1,0,0,0,2020-06-09,2020-06-09,0,10,89,89
"UPDATE: I am so fortunate to have gotten this game before Steam took it down.
Year 2025 May : ONLINE WORKS! Still here to confirm that the game works beautifully. I dont get the hate. It only took me like less than 10 minutes to make this game work. Just downloaded the GFWL (which is actually A VERY GOOD SMOOTH SIMPLE platform for its age.), created an XBOX account and I am able to play online, here on PC with my Steam friends. The experience this brings...is enough to bring back the memory of old original RE3 Nemesis and RE2. No other game gives you the opportunity to relive that expanse of legendary city. Nowhere in Remakes. It's only in this game that I got to visit City Hall, Hospital, RPD, Umbrella labs...all in one game. Albeit not canon maps, I am really grateful for their effort how they clearly made an effort to make you feel that you ARE indeed in Raccoon City during that outbreak as you come across the heroes we all love in the middle of the game campaign. It's such a refreshing experience to see all of it from another party (Side of umbrella), seeing Jill, meeting Carlos and Claire etc. Characters are very compelling, their varying accent and skills make them more interesting. Come on Capcom, just canonize USS Delta Team and Echo six please and rename anything with Ethan Winters as ""The Pseudo-RE that Capcom tried to Link to Raccoon City"". I mean, this game is a lot better than RE3 remake if we are talking about reliving RE3 Outbreak and Raccoon City. 

Year 2020:  Here to confirm that IT WORKS, along with its online coop, with Windows 10 on a 5-year-old MSI gaming laptop. I only had to create a Windows live account and sign in then it is as easy as if it is inviting a friend on Steam. You cannot invite game through your Steam friends list, your friends who you wanna play with must sign in on their live account ( easy because when you start the game, it prompts you to sign to Live) to be able to play together.

After trying Umbrella Corps & Resistance, this is the only multiplayer RE game they ever made right. THe Mercenaries is great but that's always just two players and maps are smaller. After like 7 years, I still love this game. The maps are so large, the controls are so simple, camera FPS angle is charmingly old-fashioned. I am not understanding the hate towards this game, but I'll guess that it's the extinct GFWL client this uses. Other than that, man, compared to other multiplayer REs, this is still the best of all of it. Take note that the game is mostly set in the dark of the night, therefore the real challenge is seeing well since you are not equipped with flashlight. Each character has their very own unique personalities and skills too. To make it more interesting, each episode has a story overview on what is going on in relation to RE Racoon city events. This is the only game that gives you the side of the Umbrella well in that timeline. Some are canon but some are not. However it is this inclusion of heroes in the campaign that gives you a sense of purpose why you are playiing the game. You aren't just rushing to safe room, shooting mindless zombies like in Left 4 Dead. You are here on a mission. I really love that.

Capcom why can't you just give us something like this instead of wasting effort and money on RE Verse, UC and god-awful Resistance. Just why.

This game has been getting really bad reviews since moved to Steam but as I understand it, people thought it was sacrilege to do a multiplayer concept of Resident evil. Also, since this is an old Win7 game, a lot of newer Windows are experiencing issues with the now defunct GFWL which is the network its online coop runs on. It only took me a few minutes to create a live account, sign in, and actually play the game online with others. Overall, this is a decent multiplayer game for RE fans who likes L2D but is fed of the lags and its stale story.

Got this game June 2020. I was hesitant because of the reviews but I played this 8 years ago when it first came out and remembered liking it. I bought it anyway because it was on sale and I am a huge fan of Resident evil games. If you are a fan of RE but wants to still have the RE feel while you play with friends, this is a good game.

Besides the thing about it needing a separate social app called Games for Windows Live, it is a very good game still considering its age. I got this because I am super fed up of Left 4 Dead 2 and its insane lags. This does run very smoothly for me and its online ability still DOES WORK great since I didn't experience lags while playing with 3 other people from the other side of the world.",4625,1,1,0,47,1,2020-06-08,2025-05-09,0,3,6788,6787
"This game is...odd. The best description I can come up with is basically Left 4 Dead with more annoying enemy mechanics. The overall gameplay is okay, and doesn't have too many glitches or negatives. The soundtrack is traditional Resident Evil fare, except maybe a little more heavy-metal-techno music. The story is (in short) meant for anyone who wants to know some of the story to Resident Evil 2-3 (of course, prior to the remakes of those titles). It's one of those games that's fun to play with a group of friends (which you actually can't do, considering the third-party launcher is outdated and no longer works properly), so you're gonna have to do a lot of work on your own. TL;DR, get this game on sale and pray that you can get past the launcher troubles (there are plenty of guides on Steam/Youtube, so you should be fine). Overall, this game does have its good and its bad; 7/10.",891,1,1,0,0,0,2020-06-07,2020-06-07,0,69,352,325
"This game has had a very bad reputation and only recently I decided to buy since it was 80% discounted thus very cheap. And it is surprisingly... alright.
To get it out of the way: Resident Evil: Operation Raccoon City requires the infamous obsolete Games for Windows Live, but it works! But be warned, [u]it takes a very long time to complete the first login on Games for Windows Live[/u]. It is a shame this game was not updated to remove it, but at least it does not stop us to play this game.
Resident Evil: Operation Raccoon City is a 4-player co-op game (with Versus Mode included) where we control Umbrella operatives part of U.S.S. Delta Team, also callled ""Wolfpack"". It is not canon, still, this team initially assists HUNK's team to retrieve the G-Virus from William Birkin, as we know things go wrong, Wolfpack is separated from HUNK and has to follow orders from their Command to clean Umbrella's mess on Raccon City. It takes plenty of elements from Resident Evil 2 and 3.
The plot is all over the place. It forces the Wolfpack to encounter other known characters from Resident Evil and also enemies, and previous bosses (G-Birkin, Mr. X and even Nemesis) with feeble justifications for their introduction and exit. Even Ada Wong is thrown into the plot for no good reason. There was a lot of wasted potential with the characters from Wolfpack. All 6 available have interesting backstories and have interesting personalities (dialogues change depending on which characters are chosen), but are not vey explored with lack of closure. It would be nice to have them inserted on the canon of Resident Evil. Instead of a side story, Capcom opted for a non-canon plot putting as many non-canon cameos as possible, sadly. There are 2 possible endings but again none are canon.
The graphics are quite decent. Sure they are not as detailed as other Resident Evil games, but simulate well Raccon City. since it is an action game, the scenarios are bright and basically all areas are larger than usual despictions in the main games.
The soundtrack is very good and also on par with the rest of the franchise.
The gameplay was adapted from consoles and do not translate very well for mouse and keyboard. It is practically impossible to use the ""dodge"" button since it is placed on ""E"". The rest of the controls work well enough. We choose 4 of 6 available operatives, all from different classes with their own active and passive abilities. To unlock them and new weapons, XP enough is required to be available in-between missions. Though it is possible to freely change weapons throughout the levels. There is cover but is automatic and not possible to vault. The shooting works well though there is not much impact on enemies, who often behave as ""sponge bullets"", it is quite unpolished. The teammates controlled by AI are definitely useful, but we can't direct them so they are hit-and-miss.
There are also several ""data"" to collect throught the scenarios, encouraging exploration which increase the ranking of the Chapter giving more XP but alro unlocking interesting Concept Arts to view.
The ammo depletes quite fast and we must always be wary of the health; an interesting mechanic is that if a AI or human player dies infected it becomes zombie forcing the others to defend from it.
The campaign is very short. I only took about 4 hours to finish the whole campaign. It wasn't shorter because I died in a few parts with waves of enemies, especially on the finale. The game is designed for replay to get extra XP to unlock Abilities and Weapons for all operatives, but the campaign does not have steam for replaying it so many times, unless you play it other prople, but expectedly is rare to find other players to play with.
A very inconvenient problem is the game only saves between chapters. There are checkpoints, but if you leave the game you have to restart the whole chapter, which is very bad. Fortunately the game is short, so it shouldn't be too much problem.
Though there is a separate campaign, with a team called ""Echo Six"" more focused on Jill, Carlos and Nemesis appearances, only the Prologue is free, and is only playable from ""Free Play"" menu. There is a bug which impeded me to finish this mission. The rest of this ""Echo Six"" campaign is [b]paid[/b], which I do not recommend to buy unless is very cheap, though I do know is even shorter than ""Wolfpack"" campaign.
So, since I paid very little and had low expectations with Resident Evil: Operation Raccon City I managed to actually like this game for what it offered. It definitely had a big potential as a co-op shooter spin-off which was very wasted with bad design and creative choices, as well a flagrant lack of polish and replayability. But with low expactations it becomes a fast entertainment to appreciate.",4794,1,1,0,5,1,2020-05-25,2020-05-31,0,64,364,364
"Alright so here is my review, I literally installed this for the first time yesterday, I had it installed for 10 minutes, the game would start for all of about 5 seconds then crash to desktop.  I requested a refund and it has been denied because it says I have 8 hours played? Not a chance, unless it links to my Microsoft account where I owned it back on the XBox 360.  DO NOT buy this game.",392,0,1,0,7,2,2020-05-23,2020-05-23,0,87,497,497
Lots of potential that were wasted away but still a great experience and inspiration,84,1,1,0,0,0,2020-05-22,2020-05-22,306,14,714,241
"People will tell you that this game is not cannon but it's not true...
It's just that ""Wolfpack"" was actually in Raccoon City but they erased all evidance of their existance.",174,1,1,0,2,0,2020-05-19,2020-05-19,0,57,1747,572
"GAME HAS A VERY BAD DRIVE, HAS MANY BUGS, ARTIFICIAL INTELLIGENCE IS DONKEY, I DIDN'T FIND THE STORY VERY GOOD, THE GAME IS SHORT WITHIN SOME HOURS YOU'RE FINISHED.
I thought the graphics were good.
MAYBE PLAYING WITH FRIENDS THE GAME IS INTERESTING BECAUSE PLAYING ALONE I WAS BORING.
FOR WHO AND RESIDENT EVIL FAN I THINK IT'S WORTH TEST THE GAME, MORE FOR THOSE WHO ARE NOT WORTH IT TO BUY .........
REMEMBERING THIS AND MY OPINION

JOGO TEM UMA MOVIMENTAÇÃO MUITO RUIM,TEM MUITOS BUGS,A INTELIGENCIA ARTIFICIAL É BURRA,NÃO ACHEI A HISTÓRIA MUITO BOA,O JOGO E CURTO DENTRO DE ALGUMAS HORAS VOCÊ JÁ TERMINA.
ACHEI OS GRÁFICOS BONS.
TALVEZ JOGANDO COM OS AMIGOS O JOGO FICA INTERESSANTE PORQUE JOGANDO SOZINHO ACHEI BEM ENTEDIANTE.
PRA QUEM E FÃ DE RESIDENT EVIL ACHO QUE VALE A PENA TESTA O JOGO,MAIS PARA QUEM NÃO É NÃO VALE A PENA COMPRAR.........
LEMBRANDO ISSO E MINHA OPINIÃO",882,0,1,0,0,0,2020-05-18,2020-06-25,97,12,546,332
"After following the tutorial and after about an hour I got the game running only to have my rank reset after I got halfway through the DLC missions.

This game is a steaming pile of garbage, don't listen to the reviews, it's still broken, and it will never work right.",268,0,1,0,2,1,2020-05-18,2020-05-18,1089,72,536,536
"Yes, the game is buggy. Yes, the AI sucks. Yes, it sometimes becomes tedious. Yes, it's not the Resident Evil we've come to love. Yes, it doesn't look pretty. BUT. It's a whole lotta fun!
Pretty much non-stop action, blazing away at zombies, Tyrants, Nemesis, parasites, Hunters, Crimson Heads, USS forces, you name it - you got it. Ever imagined the terror of going up against six (!) Tyrants at once? Well, here you go. I also love seeing the different parts of Raccoon City, eventhough it is a bit repetitive at times. Oh, and did I mention you play as Umbrella SpecOps? That is just awesome, playing as the bad guys! You can also get the DLC to play as the good guys - which is just as awesome.

My only real complaint (except for the bugs and the AI) is that you never get a weapon that feels truly powerful. Most enemies are bullet spunges, but overall it's pretty alright when you go for head shots - or use shotguns up close. You'll get a feel for it after a while. I'm a true RE fan and I must say, this game is my secret pleasure. 
Go get it!",1052,1,1,0,0,1,2020-05-17,2020-05-17,0,45,1506,1423
"This game sucks trout nipples, but I love it anyway.",52,1,1,0,0,1,2020-05-16,2020-05-16,454,82,158,158
awsome game loved it originally on 360 bought it on my pc an its even better amazing for playing in a squad.,108,1,1,0,0,1,2020-05-12,2020-05-12,322,74,1152,671
"This game is especially fun with friends, (requires a bit of a workaround to make work due to games for windows live but the steam community page actually keeps the workarounds fairly up to date). Play the campaigns with friends and it'll provide a good 6*8 hours of rioughtous fun.",282,1,1,0,0,1,2020-05-11,2020-05-11,0,48,1333,535
Best RE game out there!,23,1,1,0,0,3,2020-05-06,2020-05-06,507,27,545,378
this game mechanicly is not the greates but i enjoy the story and killing so many zombies,89,1,1,0,0,1,2020-05-06,2020-05-06,0,2,344,230
"Ok it is a fun game. Played the stort mode offline then tried it online. Any time someone joined my game though the audio just turned into loud static that was overwhelming. I really liked the game but was really put off that I cant play with people without ruining the audio.

Update: tried it today and seemed to work. Hopefull it keeps working and if so i recommend it. I wish it had more levels but the game play is enjoayable.",431,1,1,0,1,1,2020-05-04,2020-05-05,0,11,5734,938
Awsome game even more fun if you have friends willing to play it with you and not give you issues the guns are diverse and alot of the time you have to earn them replayability is there even if others say it doesn't have replayability,233,1,1,0,0,1,2020-05-04,2020-05-04,0,18,3656,1774
"I'd say this is a great game and was extremely fun for what it is. It isn't a normal Resident Evil and plays like an old school Max Payne and Call of Duty hybrid mixed with enemy mercenaries and bio weapons. This game uses the discontinued Microsoft windows live service and requires a work around. Took a quick look at a friendly guide and about 5 minutes of patient waiting to get through it. I give it a solid 9 / 10

( + Positive ) There is plenty of progression, you are awarded xp for playing the game and then are able to use that xp to purchase weapons and skills for each character. There are 6 classes that each have 3 different skills you can select any 1 of to use on a mission. You will always play as a team of 4. 

( + Positive ) Missions have plenty of length, and lots of collectibles. While linear, you can still travel off the straight path to find extra weapons, items, collectibles and etc. Graphics look pretty good for its age and game play is fun. Controls can feel a little clunky at times and show their age but overall aren't an issue.

( + Positive ) Expect a lot of fast paced ads and hip firing combat with cover shooting mechanics. Things stay exciting by always switching around the enemies you fight and sometimes even having 3 way conflicts. There are fun boss fights as well. AI performs pretty well, with the exception of running through fire. 

( - Negative ) Weapon balancing and design is extremely questionable. While I can't exactly say any weapons feel exactly the same, too many of them feel like they straight up out class others. Even with a large variety of options, chances are you'll like 1 of each weapon type and stick with it. That is, if you enjoy switching up play styles from time to time like me.

( - Negative ) The default fov is extremely terrible, and requires you to know a bit about scripting to fix it. ( Thankfully i'm already a bit experienced. ) Followed a guide through the long and tedious process of editing every map file as the developers decided to attach the fov to the map settings. Grab my fixes here. https://steamcommunity.com/sharedfiles/filedetails/?id=2086914537",2141,1,1,0,4,1,2020-05-03,2021-07-16,80,49,949,52
"took me a full 20 minutes of troubleshooting to get it to boot properly, and another 10 to figure out how to get the game to save. multiplayer IS disabled but I knew it would be, gameplay is still solid as it was years ago, this game is a lot of fun however it I would exclusively stick to getting this on sale, it was most definitely worth the eight dollars I put towards it. but not much more. 
if you get this game and want to save with it: you MUST create a LOCAL profile with the archaic Windows for LIVE prompt that will ensue upon launching. this is done by clicking the 'create a new account' and scrolling down.",620,1,1,0,0,0,2020-05-03,2020-05-03,627,42,222,111
"Solid game. 12/10. Game gets exponentially better if you have friends to play co-op with. Game still works to this day. Classic RE weapons, like the samurai edge. 

Memorable campaign that interacts with many major RE characters from the mainline. 

Ignore any review Crab Nicholson may post.",292,1,1,0,5,1,2020-05-02,2020-05-02,0,1,949,790
"Recuerdo allá hace unos nueve años cuando escuché por primera vez la premisa de este juego: Sos parte de un grupo especial de Umbrella, similar al que pertenecía Hunk el cuarto superviviente de Resident Evil 2, encargado de destruir evidencia y supervivientes en medio de el ataque zombie en Raccoon City y entre medio te cruzas con personajes como Jill, Leon, Claire, Carlos y Nicholai, entre otros. INCREÍBLE. No solo eso, el hecho de POR FIN poder jugar como los malos era una idea demasiado tentadora para poder pasarla, pero hay mas! El juego también te da la posibilidad de jugar una campaña completa como un equipo especial del gobierno estadounidense, Echo Six, encargado de buscar toda la información posible para poder imputar a Umbrella por lo sucedido. Absolutamente increíble.
 Doce personajes jugables, dos campañas diferentes, de vuelta en Raccoon City con zombies, aparte de eso multijugador, volvieron los lickers, los hunters, Nemesis, Mr. X, Crimson Heads, los soldados tienen cada uno habilidades dependiendo de su rol en el escuadrón, tenés un impresionante accionar a tu disposición. Nada puede fallar! Bueno...
 La idea del juego es FANTÁSTICA para todo fanático de la saga. Vengo jugando estos juegos desde el primero allá por principios del 98 cuando era demasiado jovencito para hacerlo y el ver que una idea tan genial haya sido ejecutada con tantos errores me rompe el corazón. Vayamos por partes, dijo Jack:

-LO MALO: 
 El port de consola a PC es una aberración, los controles son un desastre y el juego no te explica NADA. Como tomas de escudo a un zombie? Suerte mirando una guia online porque ni en pedo te lo dicen. Con qué botón cambiás de granadas? Jodete y buscalo vos. Con qué me curo? Toqueteá hasta que encuentres. Y así con todo, tranquilamente podes pasar veinte minutos tocando el teclado hasta que encuentres lo que necesitás y mas o menos la piloteas pero es atroz.
 Los gráficos están mas o menos. Para la época iban bien pero hoy en día se notan bastante génericos, no malos, pero genéricos. Los personajes principales, sin embargo, están excelentemente hechos con texturas espectaculares en los chalecos y detalles como granadas colgando o cintitas en los brazos, la verdad sorprende habiendo sido desarrollado hace casi una década y para PS3 y XBOX 360.
 Las animaciones y la historia se sienten como que tuvieron muy poco tiempo de cocción y fue todo a las apuradas. A veces aparecen monstruos medio de la nada y sin explicación (como Nemesis en la fundición) o suceden cosas que te las dicen pero no te las muestran y te quedas tipo ""ok..."" y no te queda otra que aceptar que pasó. O te introducen a un personaje que no te explican quién es, o por qué tiene un uniforme de otro color o un arma diferente, simplemente aparece, lo matas y seguis lo mas campante sin que nadie haga un solo comentario. Esto sobre todo en la campaña de Echo Six en donde los personajes se parecen a Bernardo del Zorro de lo mudos que son en un claro contraste con la campaña de The Pack (los soldados de Umbrella) que hacen comentarios cada uno acorde a su personalidad y se la nota mas trabajada en general.
 Luego también el tema del CQC con el cuchillo es un despojo de Satán. Si tuvieras una pared de ladrillo enfrente no le pegarías, básicamente. Funciona de la siguiente manera: Apretás el botón y el personaje hace una cadena de ataques con cuchillo en dirección recta hacia donde estés indicandole sin importar si el enemigo se movió en el medio (pasa todo el tiempo) o se corrió de alcance luego del primer golpe (pasa todo el tiempo) así que te quedás tirando manotazos al aire como una gallina que recién se levanta mientras los enemigos te rellenan como empanada santiagueña o los zombies te cagan a tarascones, es un desastre.
 Por último está el correr. Cuando apretás el botón de sprint el personaje corre con la delicadeza de Macri hablando sobre los derechos de las mujeres. Te chocás contra todo, tenés cero maniobrabilidad, vas a lo bestia y cuando te das cuenta de que tenés que parar estás en medio de una horda zombie que ya te puso entre dos panes o en un cuarto lleno de soldados todos preguntandote que qué tal se ve el cañon de sus escopetas.
 Algunas de las exageraciones típicas del género de acción para hacer quedar cancheros a los personajes me hacen girar los ojos hasta que pegan la vuelta y detesto que sigan poniendo a Hunk como si fuese Schwarzenegger (Esaaa, lo escribí sin googlear). Es la misma razón por la que detesto a Vector, es el cancherito que le gusta a todos los niños rata. Aguanten Lupo y Beltway.
 Ah, Carlos tiene alta cara de bobo.

-LO BUENO:
 Los personajes en general son carismáticos (más si viste los trailers) y todos tienen algo que le va a apelar a alguien. Bertha y Beltway destacando de entre The Pack, sin dudas.
 El juego es absolutamente único en su premisa dentro de esta franquicia y es un soplo de aire fresco entre el RE 4 matando españoles con las plagas (como odio ese juego), el 5 con Chris todo papoteado, el 6 con Leon haciéndole competencia a Bruce Willis etc.
 La premisa es el sueño mojado de todo fan viejo de Resident Evil y cumple en muchos aspectos. Te cansás de recorrer Raccoon City en dos campañas diferentes viendo cuerpos con algunos de los mayores gore de la franquicia (vas a ver intestinos, cuerpos decapitados, brazos arrancados etc) cosa que hasta el 2012 cuando salió no se había hecho en este detalle.
 Los gráficos a veces sorprenden por su detalle sobre todo cuando peleas en la oscuridad y realmente te da miedo porque no sabés cuántos zombies te rodean, sobre todo en dificultades altas.

 Super divertido si tenés algo de paciencia por sus errores y si le ponés el mod ""destroy everything"" que hace que las armas sean mas reales, sino los zombies literalmente son esponjas de balas.

6/10 sin el mod
7/10 con el mod

 Detalles por separado: Si el juego no te funca y probaste la mayoría de las guías que andan dando vuelta simplemente descargate el Live.dll y suplantá el original en la carpeta de instalación. Va a andar flama flama nunca taxi (solo googlea ""resident evil operation raccoon city live.dll fix"").",6141,1,1,0,0,0,2020-05-02,2020-05-02,0,13,472,472
"Gave up trying to make it run, some of the comments in the community hub offered promising solutions but as of the writing of this comment, these fixes no longer worked for me, don't bother, it is not worth it....",213,0,1,0,1,0,2020-05-02,2020-05-02,0,45,62,62
"i had this on the 360 and though its a bit of a hassle to get the game running on pc, it is one of my favorite resident evils ever not for the horror but just straight coop fun with friends who just want to kill things centered in the resident evil lore. i feel this game got alot of bad rep from the fans becuase it wasnt scary enough which is ok sometime. nobody eats the same pizzia and shouldnt belittle someone elses choice because of it",442,1,1,1,1,0,2020-05-02,2020-05-02,1228,340,1520,74
"This game may be lackluster in story mode, but in MP it really shines. Has a very unique feel to it and flow. Hopefully alot of people can come back to play MP. Because it is definitely worth it.",195,1,1,0,0,0,2020-05-02,2020-05-02,0,69,1726,207
Love Resident Evil,18,1,1,0,0,0,2020-04-26,2020-04-26,253,14,1020,699
"Garbage, is not worth your time and effort",42,0,1,0,0,0,2020-04-25,2020-04-25,0,2,186,186
good side story about Umbrella secrets,38,1,1,0,0,0,2020-04-24,2020-04-24,486,30,507,183
I must be one of the few people that actually enjoyed this game. Community is pretty dead now but I enjoyed it despite not being a traditional RE game.,151,1,1,0,0,0,2020-04-20,2020-04-20,721,62,452,452
"As someone who actually liked the game on release, playing it again is terrible. The only positives I can give are its homage to RE3, particularly during the Spec Ops missions. A lot of the dialogue sucks. The game is only worth playing with friends so you can get upset together. Otherwise, skip this title. Not worth your time.",329,0,1,0,0,0,2020-04-16,2020-04-16,0,13,859,750
"Half of the game is behind a DLC paywall, the FOV has to be adjusted manually and then, there's GFWL, which has still not been removed. Asking 30 bucks for this mess is a joke. Skip this unless you find a cheap key for a dollar or so.",234,0,1,0,1,0,2020-04-15,2020-04-15,5880,1649,203,203
"can't save, can't load, can't progress. what a waste of game.",61,0,1,0,0,0,2020-04-15,2020-04-15,552,16,3883,1143
Game blows,10,0,1,0,0,0,2020-04-15,2020-04-15,226,11,337,307
"GET THE GAME IF YOU REALLY WANT TO PLAY THIS ICONIC GAME

I uninstalled the software the game installs by default as they are heavily dated and that causes the startup crash.

If you want this game and are reading all the negative reviews, its not that hard to fix the crash at start. 

Figure out what OS youre on and how to fix your game its not rocket science i promise you.

Look in the community hub discussion forums. Alot the negative reviews are from people who didnt put any real effort into trying to start up their copy of the game.

I went into the discussion forms and figured out what I had to do.
Im a stoner its not that hard. Im running this game in 2020 on windows10 & its the best thing ever since I used to play this on ps3 non stop! 

I managed to find games for campaign co op and its pretty fun. 
PVP is dead unless a mass of people sign up onto this again.
THIS GAME LIVES ON BUY IT IF YOU REALLY REALLY WANT IT!

Like me I HAD THE BIGGEST URGE TO FIND THIS GAME AGAIN FOR PS3 BUT ITS RUNNING FINE ON WINDOWS.",1033,1,1,0,15,0,2020-04-13,2020-04-13,0,15,1010,218
"Long Review: Hello!, I am a longtime fan of the series, and have beaten at least 10 different Resident Evil games so you know you can sorta trust my opinion. Now What I'm gonna immediately get across about this game is this. The game IS NOT SCARY, so if your looking for scary sorry pal. But the game has that kinda fun feel you get with just killing things, which was my opinion on Resident Evil 5. I enjoyed 5 because it was just fun to play, not because I thought it was good and made sense to me to the Resident Evil story. I like the character selection option you get which the special umbrella force operatives, but I only ever play as vector anyway. I didn't think the DLC was anything special or really even worth my money, I thought it was gonna be a new story following the good guys, but it was just the same game with new people. Buy at your own risk. It was kinda fun to play with friends, when you die you become a zombie (AI Controlled) and attack your teammates. But this is an action game similar to that of 5 but not so over the top like 6. Its a good game to play when your bored, or just wanna play something a little action-ey and are also a fan of Resident Evil.
Quick Review: The game is fun because you get to just kill the ♥♥♥♥ out of stuff like any other shooter, but the story is not much to really talk about. The DLC IS NOT WORTH IT. From my memory, you just play the same game as new people.",1422,1,1,0,1,0,2020-04-13,2020-04-13,0,25,509,368
"Foind it enjoyable if playing with others but single player, sadly not the best RE",82,0,1,0,0,0,2020-04-13,2020-04-13,0,1,139,139
Its so bad its good.,20,1,1,0,0,0,2020-04-08,2020-04-08,0,6,1300,1296
"I'm easy to please when it comes to these types of games, but I honestly just couldn't enjoy this game. It's all about the piss poor mechanics. Genuine poor choice of mechanics from the developers such as if you get defeated in a tough area because it's both tough and because of an arbitrary new mechanic they just threw in there, don't think when you respawn you'll have a much better chance - you lose all your items and any weapons you picked up. Yeah, you read that. If you lose in a tough place, well, tough because now it's harder.
And that's compounded by the broken mechanics. I shot many soldiers around 20 times before they died and i'm pretty confident half the bullets didn't register. If you shoot one bullet... one bullet....one bullet... then it seems to do as much damage as firing around 12 in rapid succession.

Honestly, this game is just a quick smash up using the Resident Evil title for a quick buck. Very disappointed in Capcom for letting Slant Six Games ♥♥♥♥ down the throat of what could have been a good game and still marketing it.

It honestly seems like a game in Beta.",1100,0,1,0,0,0,2020-04-08,2020-04-08,141,3,49,49
Dude this ♥♥♥♥ doesnt even launch anymore. ♥♥♥♥ this ♥♥♥♥. Dont buy it.,71,0,1,0,19,2,2020-04-07,2020-04-07,0,5,389,301
i would be so good to play co-op with friends capcom please fix it!,67,1,1,0,0,0,2020-04-06,2026-02-25,0,48,738,716
Why is this still for sale? I used to love playing it with friends but when they killed Games for Windows this died with it. It literally black screens everytime you load and after hours of looking for fixes I gave up. Same story for the friends I used to play with it. Either update it to work on a current system or remove it :/,330,0,1,0,49,1,2020-04-01,2020-04-01,686,5,2538,2538
Its a really good game but I buy it because I want to play with my brother and unfortunately the game don't support local LAN multiplayer. I going to be very grateful If Steam make an update to allow LAN multiplayer.,216,0,1,0,0,0,2020-04-01,2020-04-01,0,1,314,166
Dr. Birkin. Tyrants T-103's. The Nemesis. Hunk. All in one. Great game in my opinion. MASSIVELY Underrated. A remake of this game with online options would be fantastic. If only.,178,1,1,0,3,0,2020-03-31,2021-10-28,0,25,2055,1964
doesnt even work nibba,22,0,1,0,5,1,2020-03-31,2020-03-31,0,2,473,324
Over 300 games in my Steam Library and this is by far the worst out of all of them. Starts off awful and somehow manages to get even worse.,139,1,1,0,1,0,2020-03-31,2020-04-01,0,27,1017,225
THIS IS GREAT VIDEO GAME OF RESIDENT EVIL SERIES THE FIRE SOUND JUST LIKE REAL SHOOTING WHO IS NOT PLAYED THIS GAME SO PLEASE PLAYED THIS GAME AND JOIN THE STORY OF THESE GAME THIS IS VERY NICE VIDEO GAME,204,1,1,0,1,0,2020-03-31,2020-03-31,269,9,2617,1186
"This game does not work when you immediately start the game.  You have to go to the guides in order to make the game actually work.  Fixing that, you won't be able to play the game until you retrieve your GFWL or xbox gamertag for the game.  It make take a while to download, so be aware of that.  This game does not use steam users AT ALL.  Because of all of this, this is an instant negative review.

Anyways, on with the review.

So, I'm sure we've all heard of this game at this point.  Everyone knows it, everyone hates it.  It's a mechanical defeciant awful game with not much replay value.  Though, I can't help but like playing this game with friends.  Whenever you are with friends, to me, it feels great being in a destroyed apocalyptic setting with RE characters and creatures.

Anyways, the game is certainly not a bad time when you are only doing the campaign with friends.  The problems arise when you realize just how short the campaign actually is, how expensive the extra campaign is, and how bad/dead the matchmaking for the other modes are.  Seriously, the hero mode where you get to play as the RE characters?  Total ♥♥♥♥♥♥♥ trash.  Just awful laggy deathmatch.

Anyways, I can in no way recommend this game for purchase as this price. for 30 or 40 dollars, this game is too lacking in content, polish, playability, etc. If it was 10 dollars or less with all content, I might able to give it a recommendation... if you had friends with you to enjoy the experience.

If you want a good Resident Evil Multiplayer game, buy Resident Evil 3.  It comes with Resistance and is far better.  Saying that though, that game is currently priced at 60 dollars when not on sale.  So, only buy it if you are interested in both RE3 and Resistance.",1752,0,1,0,0,0,2020-03-30,2021-02-08,575,147,723,721
"Bought a copy for myself and a friend and wound up refunding both within an hour. Games for Windows Live functionality made the game COMPLETELY inoperable, even after both of us made completely fresh accounts to link to it. I preordered this game for PS3 when it came out and had some fond memories. I put $20 down for a cheesy timekiller with a friend and got absolutely nothing positive in return. Gotta say though, Steam Support hit my refunds in record time so kudos to them.",479,0,1,0,13,1,2020-03-29,2020-03-29,0,10,24,24
"game runs bad, friend gave it to me for free and i still want my money back.",76,0,1,0,4,9,2020-03-29,2020-03-29,0,10,309,309
"Sadly you need to install an old version of Windows Live to get it to work, and even after that you can't even save your games or play online. I'm not sure why steam bothers keeping it on the steam store considering it's just a mess now. I got it on sale, but even then, not worth the money unless by some miracle Capcom fixes that issue, allows it to just use steam accounts for online play and allows saving, but I don't see that happening.",442,0,1,0,0,0,2020-03-29,2020-03-29,410,62,13,13
"I really can’t recommend this to anyone other than to people who really want to play every Resident Evil game or people. The game is a very bad port of a console game controls &  menus are not designed for PC. The game was designed for a 720 max resolution so models and textures don’t look as good as they should. Big issue is just getting the game to play. You will need to download a copy of WindowsLive for it to run. 

There are some good ideas in this game but it doesn't execute them well. The overall idea of creating a Resident Evil game from the perspective of Umbrella in RE2 & 3 is a good one but would have been better as a regular RE game then the co-op squad based shooter that this is.

The story is noncanonical to the series so you won't miss anything plot wise with the overall Resident Evil story. If you chose to play this just to see… the upside is that it is very short.",893,0,1,0,0,0,2020-03-28,2020-03-28,651,6,359,359
"This game is AMAZING, whether you're playing it online (You can't now) or offline (Story mode)

RE:ORC was one of the best RE games to date IMO, but unfortunately you cannot play it anymore without GFWL(Games For Windows Live) and it's unsupported now. You can probably disconnect your wifi and play the story mode, didn't try it, but as it stands, it won't allow you to do anything without that stupid GFWL, it won't let you sign in and can sometimes cause you to reboot your entire PC for it to work correctly, and when you do attempt to sign in with your Microsoft account, it loads forever. 

It's honestly such a MASSIVE shame this game is run like this, I wish it was through STEAM instead of this. Why sell a game you can't play? Don't waste your time with it!

Giving it a thumbs down simply for the irritation of it not working. 

Would recommend it for the story, but play it on your PS3 or 360 if you got one of those, at least that runs fine.",954,0,1,0,28,9,2020-03-28,2020-03-28,74,11,147,74
"I got this game because I read that a guy online had a fix for the ""doesn't work on new operating system"" problem. The fix didn't work, and I wasted money. The game is very literally unplayable, and shouldn't be on steam anymore.",229,0,1,0,1,0,2020-03-27,2020-03-27,367,2,24,23
"Tbh, i loved this game til i ended up facing leon, blew the mofo up and shotgunned him a millions times, 20 mins later after ragdolling him to hell, he dies... and also... you really dont change much  of anything, its either kill leon and claire or let them live and the end :/",277,0,1,0,0,0,2020-03-27,2020-03-27,105,51,2200,2093
It will take some file manipulation and time to get it working but it still is a great game.,92,1,1,0,4,0,2020-03-27,2020-03-27,0,11,913,494
This game is so bad its good.,29,1,1,0,2,0,2020-03-27,2020-03-27,178,6,473,344
good game,9,1,1,0,0,0,2020-03-24,2020-03-24,0,1,235,210
"First off getting this game started can sometimes be a pain, unless you have ran other games that use windows live. go to community pages if you have issues.

Once you are in that is when the fun begins. The game is actually pretty good, some of the mechanics are ♥♥♥♥ like you cant crouch and going to cover is not always the best but it is fun once you play it, especially with others. (up to 4 player story) If you can get it for cheap i would say pull the trigger. Also the story is actually decent, they are bad guys all the way through unlike some other games that start you as bad then switch you over to good.

I would suggest you buy this game, bring life too it once again. it can be a blast.",702,1,1,0,0,0,2020-03-23,2020-03-23,0,18,649,433
Stop selling this game if it doesn't ♥♥♥♥♥♥♥ work. I did so many work arounds for Windows 10 and absolutely nothing works. This game is already a mediocre piece of ♥♥♥♥ and not even worth buying into the headache to try and make it work. It baffles me that Steam still keeps this game hosted on their store page.,312,0,1,0,0,1,2020-03-21,2020-03-21,0,4,2048,2048
lol <3,6,1,1,0,0,0,2020-03-20,2020-03-20,643,28,1243,686
"A white crow in the pack- Operation Raccoon City is a spinoff to RE:2 and 3 respectively, taking a look at the tragedy of Raccoon City from the side of those  partially responsible for it- Umbrella Security Service.

Taking the role of any member of team Delta (reconstituted after the events of RE:0) you can clear the way through almost all the iconic locations of Raccoon City, which are made with great detail. 
The plot is obviously very solid. The whole idea of being able to see the outbreak through the lens of the gas masks of Umbrella operatives is very creative and doesn't fail to deliver a good enough storyline with multiple callbacks to the original games. 
It's quite short, but it's good.
The coop portion of the game also really good (taking into account the enourmous stupidity of bots), but you will need an hour to set it up because of GWFL issues. There's a guide on Steam you can use to do it, shouldn't be much of a problem.
The visuals (despite the obvious reasoning for overall quality of the game being relatively low) look and feel very good, capturing the decadent atmosphere of a citywide outbreak*. I have some questions about some of the character's models, but they will never be answered regardless.
The voiceover is very good and I found it very strange, that Capcom who were overseeing the development, never took the entire project down a more storytelling lane. But, the game went through a harsh development cycle, so...

Them bugZ. Occasional bad scripting and possible exploits include: clearing enemies from afar when they fail to respond; Spoilers ahead: Nicholai acting rather strange in both of his bossfights; and the best of the best- the Tyrant freezing in the multiplayer mode.

The Echo Six campaign is half as good as the Wolfpack's. The characters are cringy, missions are mostly very dull (and God I hated the invincible U.S.S soldiers which instakill you), but they make it up with some very interesting moments that include the original characters, locations and events.
Overall, the game is pretty solid. Not as good as other games of the series, but it's obvious.
Grab some friends and play through the campaigns a couple of times. It's worth it.   6.5/10",2212,1,1,0,12,1,2020-03-20,2020-04-12,0,31,3356,1737
"I love Resident Evil. However this game is laggy. The mouse sensitivity seems to change randomly for no reason. Controls are spongy and delayed. AI is terrible. If you don't have friends helping you out, story mode is incredible difficult. I like the concept and dumped 7 hours into giving it a chance. Old game, old news, moving on.",333,0,1,0,0,0,2020-03-20,2020-03-20,0,10,545,545
"Pretty annoying to get it working , odd controlls and stupid mouse controller 
but its ♥♥♥♥♥♥♥ awsome 
if u had trouble running the game 
1. Download Games for windows marketplace 
2. right click game icon , prop , compatibility , Runas admin , 860*640 reso , compat windows 7
3. open xbox companion app , login 
4. open games for windows market place , login 
5. now run the game",380,1,1,0,45,3,2020-03-19,2020-03-19,1112,364,638,638
Broken game. It might work. Or it might not. You never know.,60,0,1,0,0,0,2020-03-18,2020-03-18,0,575,534,317
anyone who sees this game launched from steam will know that this is completely inacceptable to be sold as is. It's completely jarring to see in this day in age.,161,0,1,0,0,1,2020-03-18,2020-03-18,0,49,816,791
Its good,8,1,1,0,1,0,2020-03-18,2020-03-18,0,15,335,334
"I really tried to like this but it has almost no redeeming factors. It works… insofar as any generic TPS works. The aiming, shooting, and movement is all there but any semblance of deeper gameplay mechanics is absent. It claims to be a coop game, and yet virtually nothing requires you to coordinate with other players.

-The campaign is short and linear.
-The story (if you can call it that) is bad.
-You can’t skip the boring cutscenes.
-Difficulty scaling just raises enemy HP to astronomical levels
-Unabashed console port with bad M+KB controls
-Special abilities are useless
-GFWL required to do anything online",617,0,1,0,0,0,2020-03-17,2020-03-17,0,91,1311,1069
"Unless you have a friend to play with, this game manages to slap you across the face in a lot of aspects and it is a hefty YIKES. Yes the game has definitely fun parts to make the 4-player Co-Op fun, but my GOD this game manages to annoy me sometimes. Tyrants, Hunters, Lickers, OTHER HUMAN BEINGS. They just flat out just end up in frustration. (Which was most likely the intention). It's honestly why I played as the Field Scientist the most where I didn't have to deal with such rubbish as often. (Oh and Games for the Windows Live can sod off. I hate this portion so MUCH)",576,0,1,0,0,0,2020-03-17,2020-03-17,0,52,1798,1741
amazing good story and u play as umbrella such a great game,59,1,1,0,0,0,2020-03-10,2020-03-10,0,9,1543,1265
"ORC isn't a great game, but on the cheap it's a decent time if you just want more Resident Evil in your life. 
I'd recommend playing on Easy if you're playing solo though, as the games difficulty settings are based on coop and don't scale for single players.",258,1,1,0,17,1,2020-03-08,2020-03-08,2350,27,492,492
"FIX THE GAME
FIX THE GAME 
FIX THE GAME 
FIX THE GAME 
FIX THE GAME",67,1,1,0,9,0,2020-02-29,2020-02-29,111,42,226,226
"If you can get the game working (the game requires GFWL for online play which can be a bit fiddly to set up), you get an extremely generic 3rd person shooter with quite a lot of minor bugs. The big upside is that the game supports 4-player coop, so you can at least struggle through the game with a group of friends.",316,0,1,0,12,1,2020-02-25,2020-02-25,1835,130,516,514
BEST,4,1,1,0,0,0,2020-02-24,2020-02-24,58,6,465,228
Its a fine game. Is it great ? no. Is it fun? yes.,50,1,1,0,0,0,2020-02-24,2020-02-24,222,9,1563,375
"For those who are looking for a game that is actually rather fun to play with friends, I do recommend this game. It's definitely not the best in the series, but as a spin off that doesn't try to be anything more than what it is, the campaign is actually pretty solid, and even better to play with friends.",305,1,1,0,1,0,2020-02-22,2025-05-30,460,19,304,280
"I managed to get it working in Windows 10 64-bit; it wasn't worth it. At best, it's a mediocre 3rd person shooter. I never tried multiplayer, but as for single-player, there are many far better games to put your time into.",222,0,1,0,2,0,2020-02-20,2020-02-20,0,5,570,570
"TL;DR: 4+ hours just to make it work and defunct services will prevent multiplayer, DLC, and even saving games. RIP to RE:ORC.

I love this game. I truly do.
I spent so much time playing it with my wife when it was new, back with the Xbox 360 was the hot console that I think I knew where about everything was by the time I packed up the disc and put away the gamepad to play the next generation consoles as they hit the market. For Resident Evil fans, saying ""I know where everything is"" is like saying ""I have mastered kung fu and defeated the Grandmasters."" It's a boast one doesn't make lightly, because there is so much hidden in each level.
I never got perfect ranking, but I tried. Endlessly.
I played the multiplayer enough to learn a few places that nobody ever looked for other players so I could camp and ambush them in any number of terrible manners. I still hear the music from the main menu in my mind when things are quiet.
I LOVE THIS GAME.
However, I spent 4+ hours trying to make it run, which it did while putting tremendous strain on a PC which runs Skyrim without complaint and laughs at the 50+ mods piled onto XCOM 2. I was in nostalgic joy as I tried to finish the campaign with half-remembered directions flickering through my mind and a working knowledge of every BOW's weaknesses and strengths that I could exploit to speed towards the endgame.
I was thrilled to play with my wife again (having bought her the Complete Pack as well for a gift), as she was likewise thrilled to pick up the copy I gifted to her and install it...
...Until I realized that it requires the defunct Games for Windows Live service to function. At all.
No saving.
No access to additional campaign DLC.
No multiplayer.
4+ hours of searching through outdated guides just to make the thing work, fighting crashes, locked screens, failed/partial installs, etc..
And I couldn't even save my progress.
I'm sure that there's someone out there who has this all figured out by now, but I can't for the life of me find a guide by said mystical guru that works as described, as Microsoft does not support GFWL and the links to the download pages redirect to generic support pages, now.
Unless you're a Grandmaster of coding, modding, patching, and other computer-related sorcery, steer well away from this game; even the most hardcore enthusiasts have given up the attempt to simply make it run.
It is the first game I have played where I decided to request a refund.",2459,0,1,0,3,0,2020-02-20,2020-02-20,0,34,243,243
"Hear me out first before thinking this is just a bad review. As a resident evil game, its not the best. The gunplay is kinda bad for lack of a better term. as far as story goes, its really not there. youre just sent into missions to complete and it feels so half baked....that being said. this game is kinda fun, i actually enjoyed playing it. even with bad gunplay. its a fun experience as a spinoff.  If you enjoy mindless shooting and action stuff then this is right up your alley!",484,0,1,0,2,1,2020-02-20,2020-02-20,266,19,163,163
I want to enjoy the game but its a bit hard with Windows Live so i cant even save. Remove Windows Live from all old games,121,0,1,0,1,0,2020-02-18,2020-02-18,700,1,20,20
"I love this game! A lot of fun to play with friends and solo. Game have a old third person camera system but you get used to it. It's hard, even on lower difficulties, but it is a lot of fun! Coop on it is the best! 4 friends together killing zombies! \o/",255,1,1,0,2,0,2020-02-17,2020-02-17,402,63,3528,3229
Game will not play and a waist of time and your money.,54,0,1,0,2,0,2020-02-17,2020-02-17,0,2,43,42
"GAMES FOR WINDOWS LIVE BOO

BUT THERE IS A PATCH THAT SHOULD BYPASS IT I HEARD WORTH A LOOK",91,0,1,1,1,0,2020-02-16,2020-02-16,0,270,228,17
"Cant save the game or use multiplayer but it works with A GWFL Disable program. still good game,dlc hella fun, and foureyes is my wife.",135,1,1,0,1,0,2020-02-15,2020-02-15,0,22,317,317
"Had to refund it due to windows live not being able to update which saving depends on, so unless you wanna 1 shot the game it's not worth it",140,0,1,0,4,0,2020-02-14,2020-07-03,1126,25,187,187
">>>bad
>All the enemies are bullet sponges 
>its real arcade like and I think that kills the overall initial aesthetic
>AI is bad, allies and enemies, expect god mode aiming by enemy soldiers and allies running in front of you or wandering aimlessly
>abilities and weapons share the same xp resource to be unlocked, so you'll have one but never both starting out
>voice acting is odd at most parts
>cameos are on the nose with an even bigger sign behind them saying ""Remember me?""
>checkpoints aren't placed well or just nonexistant, expect frustration on higher difficulties

>>>not as bad
>melee is weak, but has useful utility with grappling enemies
>you can dive?
>class ability and gun unlocks from the original cast, carry over to echo six dlc
>character designs are campy but have a charm that makes them memorable
>this isn't canon in the slightest so with that in mind it can be fun if you treat it for what it is
>roping unsuspecting friends in to play this during steam sales",986,1,1,0,3,1,2020-02-14,2020-02-14,0,5,1294,955
"I honestly love this game, i don't know why. its just great.",60,1,1,0,2,0,2020-02-14,2020-02-14,0,50,530,216
"if you have it, search for NVIDIA within your programs, click it, follow on screen instructions and continue with recommended settings. once you have it pulled up, click on the game file, and  adjust the settings so that the game is running with windows 7. 

if it still gives you trouble, go and download the GFWL file, make sure the app updates once you start the game.

I don't know if it will work for you. But it worked for me.",432,1,1,0,3,0,2020-02-14,2020-02-14,0,2,1422,680
"Not the best Resident Evil game out there, but it's fun. Pretty good for coop play.",83,1,1,0,1,0,2020-02-14,2020-02-14,0,22,15129,330
Best re game ive played since I was a fetus,43,1,1,0,2,1,2020-02-13,2020-02-13,0,1,490,391
GOOD,4,1,1,0,2,0,2020-02-13,2020-02-13,0,3,298,211
A huge hassle trying to get around xbox live play. finally get into the game and it doesnt recognize any accounts i have or create so saving the game is impossible.,164,0,1,0,1,0,2020-02-13,2020-02-13,265,11,100,27
Don’t buy this game!! It uses Gaming for Windows Live which stops the game from either starting or if it starts it immediately freezes up and Windows has to close the program. Don’t buy any game that uses GFWL it doesn’t work!,226,0,1,0,6,0,2020-02-12,2020-02-12,0,1,5,5
"The game just won't start.
Downloading Xlive.dll fixes the problem.
But gamepad isn't responding in the game.
And it was especially designed for gamepad controlls. You will not enjoy mouse-keyboard controlls in this game.
Waste of time and money.",246,0,1,0,6,0,2020-02-12,2020-02-12,0,56,24,24
"I just wanna start by saying this game DOES require GFWL (Games for Windows Live), there is ways around it, but theres also a simple fix that allows you to play online! I did the said fix twice and was able to play online with no issues at all. I plan on making a video on the said fix to help people out, but if your hesitant on buying the game, I was too, but after I did some research, I got it working and am glad I spent the money.

Video link to the fix here: https://youtu.be/mdb325EO_lA

Link to the guide I followed and all credit to it:  https://steamcommunity.com/sharedfiles/filedetails/?id=1904504903",613,1,1,0,1,0,2020-02-12,2020-02-13,0,14,451,119
"Hard to get GFWL to work if at all. Campaign and DLC are very fun but if you have the intention of playing MP you may find it difficult. There are several guides on Youtube and in the community section of the Steam Store. I personally love this game for the fact that is is a ""What if ?"" scenario with the RE franchise. Hope to see some kind of sequel but I'm not holding my breath.",382,1,1,0,2,1,2020-02-12,2020-02-12,169,4,1081,634
"An RE game from the persepctive of Umbrella. As long as you don't expect horror as you're playing as they bad guys not the people trying to survive there's some enjoyment found here. This game is one of the reasons why Steam needs a ""maybe"" or ""alright"" average choice instead of Good or Bad because this is the very definition of it and only worth getting when it's on sale. Some reviews are also saying it's broken or unplayable, it isn't. Check the guides and you'll find a link to a download, drop the two files from the download into the main folder of the game and you don't have to worry above GWFL, although you can't play online either.",645,1,1,0,0,0,2020-02-12,2020-02-12,0,31,634,142
"The game isn't really that good. What it is, however, is fun. Being a Umbrella operative cloaked in secrecy going through Raccoon City during the Outbreak feeling almost invincible is something else. The game could've been way, way, WAY more than what it is and it had a TON of potential that they never truly realized.

As mediocre as it may be, it is fun as hell.",365,1,1,0,20,3,2020-02-10,2020-02-10,2682,141,430,430
One of the coolest atmospheric co-op zombie shooters out there. Sure it can get a bit repetitive but there is just something awesome about playing a Umbrella soldier trapped in Raccoon city gunning down zombies left and right.,226,1,1,0,1,1,2020-02-06,2025-06-28,765,38,784,703
not worth effort nor money. game doesnt work. dont bother with this. this game needs to be pulled off the store.,112,0,1,0,0,0,2020-02-04,2020-02-22,829,59,419,180
"I like the game for other reasons then gameplay.

Playing a what if scenario as USS AND American Spec Ops!? That's awesome the gameplay is medicore there are a bunch of cool upgrades for each class.

Pick this any day over Umbrella Corp. 

Downside to this is uses games for windows live. Worth it on sale if you are a die hard Resident evil fan, get the Complete pack you basically get another Campaign as Spec ops for US Army and a bunch of weapons/skins.",457,1,1,0,0,0,2020-01-31,2020-01-31,0,260,789,205
"Quick version, the game won't run on newer Operating systems.

Was a fun game, it's a shame older games don't work most the time on newer versions of windows.  there may be some work around to get the game to launch however, i've heard that Microsoft no longer supports nor offers the software proving that your effectively renting games for a few years and then you no longer have the right to use your property without going through a painful process in order for it to work properly.

Digital property loses value in general because of ♥♥♥♥ like this, and is  the true reason that console gaming can put up a fight with PC gaming. I can still pop in the PS1, Sega, Nintendo, or dream casts games into my old consoles and play them yet Steam will sell unsupported games, and Microsoft doesn't care. I wouldn't recommend purchasing this game unless you have the technical know how that Microsoft and Steam are missing.",919,0,1,0,15,1,2020-01-28,2020-01-28,0,16,575,575
Literally unplayable,20,0,1,0,4,0,2020-01-27,2020-01-27,0,9,9,9
Game no longer works. It is connected through Game for Windows Live. Barely runs on Windows 7 and RARELY runs on windows 10. Broken game. Do not buy. Not worth. How dare they waste my precious time. RIP Viva Pinata.,215,0,1,0,11,1,2020-01-26,2020-01-26,272,23,23,23
"Quick fix that works is this
Download these files and drop them into you REORC folder: https://www.dropbox.com/s/be930uac7fnsiuf/MKAK_fix.rar?dl=0
Thats it, disables GFWL and unfortunately Multiplayer but a sacrifice worth making",229,1,1,0,5,0,2020-01-26,2020-01-26,838,15,109,60
"I don't really recommend this game. It still uses Games for Windows LIVE, which hasn't been used in god knows how long, it doesn't sign you in half the time, it tends to think that you forgot the password DESPITE TYPING IT IN CORRECTLY, and it sometimes locks the task bar, making it impossible to close the game out or open Task Manager. Not gonna be playing this anymore unless they remove the Windows LIVE thing. I MEAN COME ON, THAT IS OUTDATED AS HECK. I wish I could refund this, but it's been years now since I was gifted this. So, I'm stuck with it.",557,0,1,1,0,0,2020-01-25,2020-01-25,0,17,751,751
"It's a bad game, but a really fun one, somehow. If it's really cheap and you like Resi and/or squad shooters, give it a try.",124,1,1,0,0,0,2020-01-23,2022-03-07,0,71,707,375
"Why is this game still available on Steam if this ♥♥♥♥ doesn't work? GFWL is long gone, and now I can't play this game because of that. There are workarounds to disable GFWL, but why isn't there a patch to allows us consumers who purchased this game or received a copy for free from Steam? I don't know, but I expect to be able to play a game from this platform with my money, but that doesn't seem like it's on the ""to do"" list. Super irritating. Do not recommend because of this.",481,0,1,0,63,0,2020-01-22,2020-01-22,0,11,161,161
DONT BUY. does not work and steam does not offer any form of help with solving it. played it one time and it has never launched since that point. save your money for something else,180,0,1,0,1,0,2020-01-21,2021-08-04,0,2,513,496
"Multiplayer has been broken since GFWL went down.

Absolutely not worth playing solo.",85,0,1,0,26,0,2020-01-20,2020-01-20,678,112,39,15
I hope Lupo returns in future Resident Evil games.,50,1,1,0,0,1,2020-01-20,2020-01-20,0,9,25,25
thank you capcom,16,1,1,0,0,0,2020-01-19,2020-01-19,169,26,48,48
Game is completely broken and unplayable not sure why steam still offers it when its basicly just a scam dont purchase it,121,0,1,0,30,0,2020-01-18,2020-01-18,0,21,118,118
fun game :),11,1,1,0,0,0,2020-01-17,2020-01-17,0,64,1433,770
its fun.,8,1,1,0,1,0,2020-01-10,2020-01-10,0,36,579,317
"As a fan of Resident Evil 2 back in the day this was great. As it stands now I still recommend it there are cool little things in the game although keep in mind it was always meant to be a Spec Ops third person shooter game not a true horror game. Just in the Resident Evil world which has cool sounds, graphics and guns. 

Highly recommend the DLC as it doubles the length of the game pretty much mandatory to the experience, so try to get it cheaper together.

There's always been a fix for GFWL outside of maybe a month when it first went down people weren't sure what to do yet. Where there's a will there's a way for a lot of video games minus MMOs beheld versions of those definitely die yearly.",701,1,1,0,0,0,2020-01-08,2020-01-08,0,25,3781,2938
Good game have owned it for years but finally got it too work had to manually install games for windows live and sign in with my microsoft acc but now i can play it and can say yes its a good game but it is also a pain to get working there was a time while signing in where it buffered for about 5-10 min before it finally worked since that it runs smooth worth the money if you're willing to be patient with it,411,1,1,0,0,0,2020-01-07,2020-01-07,0,32,127,44
"Avoid at all costs, refund if you can.

Game still requires Games For WIndows Live and the login/profile download is busted.  The level of effort required to attempt to repair the game to playable is extreme.  Pretty sure I spent over an hour play time just sitting there watching the Games For Wimdows Live attempt to login.",325,0,1,0,0,0,2020-01-06,2020-01-06,0,59,277,275
I have always loved this game despite its flaws,47,1,1,0,0,0,2020-01-05,2020-01-05,140,2,816,659
good for coop,13,1,1,0,0,0,2020-01-04,2020-01-04,0,62,771,740
"[b]I only recommended this for the Die Hard Fans of RE out there, like me[/b].

This is a 2012 game that has similar aesthetics to RE:Revelations (Originally an Nintendo DS game) so don't expect RE7 or RE2:Remake quality.

The game has some embarrassing programming bugs, and you may find yourself, like me, restarting a checkpoint here and there to get the [stupid] AI to do what it must to progress the game. The sound bugs are equally awful, but not long lasting thank god.

As a reward for purchasing this game, you will however get quite a decent story, which basically plays out in the interim between the end of RE2 and the beginning of RE3 (the 1999 original). Fan favourites from both games make cameo appearances as NPC's and also during some well crafted cut-scenes.

Find the edition with all DLC included, online, for a cheaper buy than Steam. There are also mods online to make your gameplay easier or harder, giving you freedom over each battle.

Ensure GFWL is installed (the latest version) beforehand and create a local profile to store your saves. Completed on Windows 10, (latest build) without issue. Google or search pinned discussions on steam for help with GFWL if you cannot open the game .",1215,1,1,0,0,0,2020-01-04,2020-01-04,0,64,549,549
"RE:ORC is considered by many to be objectively the worst entry in the RE franchise, and the reviews for this game should show it. Many of the reviews however, focus on the difficulty of actually running the game. The game IS broken, and requires a fix. But the problem is that the fix takes a total of 2-3 minutes. Focusing on that issue takes attention away from the more important aspects of why this game is terrible regardless of it being a broken port.
In what follows, I have broken my opinion down into seven different categories, so judgement can be easier.

Story: 4/10
I'm not going to go into full detail here, but the story is acceptable. It's not good, but it's one of the better aspects of the game, which really isn't saying much.
The story is acceptable in the sense that I expected Umbrella to act the way it did in this game. Playing for the bad guys for once sounds like a good idea on paper, but this game doesn't do anything right. It had a ... presentable ... premise that was messed up by a team of unmerciful developers.

Characters: 2/10
You play as a faceless soldier of your choice. They all play out pretty much the same, and their special abilities do not hinder or help you nearly as much as they should. It's kind of fun to play as a supposed badass, but when the game doesn't have the courage to render their faces, why should I care for any of the exchangeable, expendable characters?
That's the point. You don't care. The game fails to create any kind of sympathy for its characters, nor does it even try.
Remember the RE movies and the oh-so-memorable characters who died ten minutes after they were introduced, leaving you to wonder why you even bothered learning their names? That's how much effort the game developers put into character design and development for RE:ORC.

Gameplay: 1/10
There is nothing spectacular, extraordinary, or even good about how the game plays out. Hearing some mission objectives might sound fun during the briefings, but any facade of them being fun is thrown away the moment the mission begins.
RE:ORC is in no way a horror game and has the absolute minimal traces of horror, it's quite action-oriented. That's not necessarily a bad thing, but this game has no idea how to make a fun action game. The action can be summed up as the player struggling to have fun.

Graphics: 4/10
Don't get me wrong. The models and the environments look nice. That is, if the constant darkness actually let you see them. RE and RE2 took place during the night, so did RE3, so did the majority of RE4, and RE2:Remake. Those games were gorgeous for their time. Despite the darkness, you could see the characters, the environments, the enemies, and cherish the amount of work put into them.
It's actually incredible how the developers managed to fubar darkness. I'm actually amazed how the developers managed to screw up by doing absolutely nothing. Flat out incredible how a thing they didn't even do still managed to make this game worse.

Sound effects: 2/10
The soundtrack is absolute garbage even raccoons wouldn't come close to (pun intended). Voice acting is ... alright, I guess. The sound effects themselves are pretty dull.
My main issue with the game is that it's incredibly loud. It hurts my ears just to play this game for more than ten minutes. The loudness can be compared with a COD title.

Control: 1/10
Clunky, hard, and designed to test humanity's patience.

Play value: 1/10
It's just ... not ... fun. It's painful in every sense of the word to play this game.

Overall score: 2/10
Comparable to ""Dino Crisis 3"".

Final verdict: Do yourselves a favor, and stay away from this game unless your life depended on it. I bought it on sale for $5, and I regret my decision every day. Sadly I wasn't aware of the time, and played for almost 100 minutes. Bye bye, money.
This game is the Spencer mansion. Don't even go near it or the whole world will suffer. The only cure is for it to go.",3948,0,1,0,2,1,2020-01-01,2020-01-06,0,21,189,189
obviously theres the win10 error. so you know be ready for some work. or dont buy it.,85,1,1,0,0,0,2020-01-01,2020-01-01,0,61,867,182
"7/10
Good Story
Non-canon
Multiplayer funny with friends.",57,1,1,0,0,0,2020-01-01,2020-01-01,273,20,2268,2268
I love it,9,1,1,0,0,0,2019-12-31,2019-12-31,0,8,327,327
"Its more like Army of Two than Resident Evil, Not as polished or fun as Army of Two was but for a few quid in the sales its worth a punt.",137,1,1,0,0,0,2019-12-29,2019-12-29,0,10,536,486
"This game is simply not fun, even if you look past the stupid games for windows live problem
enemies are just constantly shooting at you, despite being the stupidest ai in the history of gaming
just not very fun, satisfying, or engaging",236,0,1,0,1,0,2019-12-28,2019-12-28,153,7,97,97
This is a horrible game ... I asked for a refund after 1 hour of playing it. I wasnt having fun and i just kept playing hoping that sometime it will get better. But its a real bad and boring uninspired game that happens to have Resident Evil in its name. I am getting old and i dont have patience for ♥♥♥♥♥♥ games. I need to drink a bottle of vodka to forget it.,362,0,1,0,1,2,2019-12-26,2019-12-26,0,7,394,58
"Great with a friend, stinky garbage when solo.",46,1,1,0,0,0,2019-12-25,2019-12-25,0,116,613,429
"2.5/10

Took longer to get this game running than it did to beat the campaign. Main PC with an AMD GPU would throw some old ATI dll exception, but once I got GFWL working (an actual miracle) on a second PC with an old Nvidia card it was time to play. Careful Alt-tabbing out, as it may lock your entire PC requiring a logout/login to fix; not even Task Manager or Alt+F4 could save me.

Everything is a bullet sponge and the AI is completely useless. Not much else to say other than avoid this like the plague. I was curious to see how this played during my Resident Evil series playthrough, but you're better off watching a deep-dive or retrospective on YouTube than getting a headache playing this. 

Also, if someone knows how to god mode their way through the offline campaign, hook your boy up lol. The Echo Six DLC is somehow worse.",838,0,1,0,1,0,2019-12-25,2019-12-25,2268,101,300,300
Another game ruined by Games for Windows Live.,46,0,1,0,1,1,2019-12-25,2024-05-08,292,30,35,35
"RE: Operation Raccoon City was released in 2012 for both the Xbox 360 and PS3. It is a great non-canon game that features two different perspectives to the Raccoon City outbreak. On one side you have Umbrella's team Delta and the United States team Echo Six. RE: ORC features 12 playable characters with both teams having characters with their own special focus (/ability). Each member has their special perk which makes it fun no matter who you play. One example of a perk is the scientist's ability which gives you a 'pheromone grenade' that allows you to draw zombies where you throw it, very useful in the online games when you want to draw them to your enemies. 

The story focuses on the outbreak and lets you see fan-favorite characters interact with these players. Depending on which side you play, you could end up killing Leon/Claire or helping to save them. The games gives you the ability to use zombies as meat shields and has a greater focus on melee combat. While the solo games are very fun to play with friends and even online, the multiplayer is where you will spend hours playing. 

The multiplayer modes consist of team Deathmatch, Biohazard, survivors, and Heros mode. Deathmatch is exactly what it sounds like. Survivors mode pits you against the opposing team as you wait for a helicopter to arrive and whisk you off to safety. Biohazard mode will have you fighting for samples of the G-virus while Heros mode allows you to play as your favorite characters, like Hunk or Jill. 

The only issue with this game you ask? It's unplayable on Steam because of the Microsoft Live feature that forces you to sign into. If you don't then you can't save your progress or play online. No biggie right? Just sign-in well you can't the game will freeze or just won't sign you in. Other players have created guides around the issue but it doesn't always work and I was one of the people that wasted hours trying to fix it. 

I would highly recommend fans of the series to play this game, it is an enjoyable game to play with friends or even alone. You just need to get it for one of the older consoles. While I do recommend the game, I don't recommend it on Steam, save yourself the money and get RE2.",2210,0,1,0,11,1,2019-12-23,2019-12-23,0,5,30,30
"Once you get past all the GFWL bulls**t, it's not as horrible as people say it is. I had a lot of fun playing through the game co-op with friends on the PS3, and on PC it's even better with a nice smooth framerate. Don't believe the haters. If you have fun with other games in the series like RE5/6, and you like the idea of playing through an alternate ""what-if"" side story set during the events of RE2/3, then this will be right up your alley. Just be prepared to do some Googling/Steam Community guide following to get the game working on Windows 10.",553,1,1,0,1,1,2019-12-22,2019-12-22,0,9,56,56
"Thumb up to the guy in the review for telling us the fix for the dumb*ss games for windows bullsh*t. But after I restart the computer, steam decided to install it right back and I am too impatience to do this all over again since it gets error when I tried to uninstall GFW again. Fix your games capcom.",303,0,1,0,2,1,2019-12-22,2019-12-22,1130,144,66,66
"had the crashing issue like everyone else. found a link for gfwl    https://community.pcgamingwiki.com/files/file/1012-microsoft-games-for-windows-live/    working as of 12-21-2019. havent tried to get online working yet, just use a local acct and u can save and play solo. really wish capcom would remove the gfwl entirely and let steam have servers so we can resurrect this once great game.",392,1,1,0,8,0,2019-12-21,2019-12-21,0,1,432,28
"This game requires Games for Windows Live to 1.) save game states (which are not on your system, and instead in GFWL cloud) and 2.) play multiplayer or even single player. This is a problem because GFWL does not exist anymore, and it cannot run on Windows 10 or even 8 without a lengthy and very inconvenient workaround that doesn't even work anymore. If I cannot actually play the game without modifying files for hours, I'd rather not have the game in my library. As an additional note, I believe this game should either be de-listed from the store because it's unplayable or have a patch that moves the saves and MP functions over to Steam servers, like Resident Evil 5 received in 2015.",690,0,1,0,19,0,2019-12-21,2019-12-21,265,74,14,14
k 3/5,5,1,1,0,0,0,2019-12-18,2019-12-18,204,17,1073,904
Hi anyone know why the game cant play???? It seen like buy aready cant play wasted our money n cheated to buy the game!!!! Or anybody know the issue????,152,0,1,0,0,0,2019-12-16,2019-12-16,0,6,173,164
I remember when I got this game on my Xbox 360 and I enjoyed playing the hell out of it when I was younger. Now that I'm older and saw the game on sale with all the DLC I knew I couldn't resist playing it again and so far I am enjoying it so far in my current playthrough.,272,1,1,0,0,0,2019-12-14,2019-12-14,0,4,808,406
Hate to say it but this game rarely runs on pc it really doesnt run on 50 percent of the computers we have.  Update as of 8/19/2023 Game no longer runs on any known pc can not be bought in the store however the dlc can.  We as a community asked cap to fix the game instead they pulled the game from the market.  It's a shame this game was the way it was due to development hell this came out the same year re6 came out 2012 2 years after bungie left halo with the fans giving us reach.,485,0,1,0,0,1,2019-12-14,2023-08-19,0,90,783,596
"This is definately not like the main Resident evil games, and was made from the beginning to be a more action oriented spinoff, which is fine by me. I just wish the Games For Windows Live service would be patched out and moved to steamworks.",241,1,1,0,0,0,2019-12-09,2019-12-09,693,23,3160,3096
"I can never get this Game to ever Start, It will load but it never starts, I'm a big fan for playing Resident Evil  games, now I can't it my money back on this game, it never work at all, would love to play it",209,0,1,0,1,0,2019-12-08,2022-01-01,0,36,15,10
Alrighty.,9,1,1,0,1,0,2019-12-08,2019-12-08,0,52,986,474
"the best game made from Capcom and obviously the best from the re saga, 6th best game ever made.",96,1,1,0,0,1,2019-12-08,2019-12-08,0,11,4792,1162
"Like many games Steam still carries for some reason, this game is ruined by Games for Windows Live requirements. No fixes in 2019 correct this requirement causing the game to crash. Don't buy it.",195,0,1,0,0,0,2019-12-07,2019-12-07,470,3,263,260
this game uses GFWL game for windows live.(DEAD) is more like trying to play this game with my cousin and cannot get to loginto GFWL. yet you lot on steam have this game listed as co op online. WHY ? it dont work online at all. why have you not listed it as no longer able to play co op or multiplayer ?,303,0,1,0,0,0,2019-12-06,2019-12-06,163,19,219,219
"This game is fun with friends but it's also kind of bad. Like... it's hilariously bad. I used to play this game a lot to the point where I was top 300 on the leaderboards and wow i hate my life. 

anyway, it doesn't launch 95% of the time either. You can't play it! don't buy it :)",281,0,1,0,0,0,2019-12-05,2019-12-05,337,24,1083,597
Great game multiplier is awesome get to go against another player team and have random zombies to avoid n kill at same time. Makes the match very interesting,157,1,1,0,0,0,2019-12-03,2019-12-03,0,20,211,199
The first Resident evil game made to challenge the Left 4 Dead series. Full of story and an endless amount of easter eggs for all fans of the old games. The gameplay is rather simple but lacks no fun the less with a high replay value and diverse set of characters.,264,1,1,0,0,0,2019-12-02,2019-12-02,0,19,5081,1274
great game,10,1,1,0,0,0,2019-11-30,2019-11-30,348,43,631,181
"worst resident evil ever  2/10

and omg the shooting is soo bad",63,0,1,0,5,4,2019-11-30,2019-11-30,339,10,579,579
I love playing this game even though it's not loved as much as the other Resident Evil games. The gameplay feels more like Gears of War than Resident Evil but is still fun with friends.,185,1,1,0,1,0,2019-11-30,2019-11-30,1912,31,298,258
"This game is, without a doubt, an embarrassment to videogames everywhere. This is the most busted POS I have ever had the displeasure of purchasing. It NEEDS to be removed from the steam store, ASAP. It is, without question, an embarrassment that even MICROSOFT tried to hide and shove under the rug alongside the other plopouts.  Get rid of this garbage and don't let people pay for an hour long session in trying to fix dead software. I spent every moment of my EXTENSIVE ""playtime"" if you could even call it that on the main menu, trying to get the game to function so I could play multiplayer. Keep in mind, it is not possible to save the game in singleplayer without the fully nonexistant windows program now, so have fun with those first 3 stages champ, they won't get tiring at all. Save your money, go buy gasoline and a lighter for the cash instead, it will provide worlds more entertainment than this so called game ever will.",936,0,1,0,3,3,2019-11-28,2019-11-28,0,16,84,72
Bring back so much memory from my ps3 days totally worth your money but be warned it not everyone favorite resident evil game and it's pretty dead in 2019,154,1,1,0,11,0,2019-11-27,2019-11-27,281,15,903,889
"No bread, no good!",18,0,1,1,0,2,2019-11-17,2019-11-17,0,95,901,860
"""Talented,brilliant,incredible,amazing,show stopping,spectacular,never the same,totally unique..."" - Lady Gaga",110,1,1,0,0,0,2019-11-12,2019-11-12,127,10,404,393
"So...this certainly wasn't AS bad as I thought it was going to be, but I definitely lost my patience with it by the second DLC mission and decided I've had enough. Everything is a bullet sponge even when you aim for the head and when you get mobbed by 500 umbrella soldiers throwing 1000 grenades and sniping you with shotguns all the while giving zero ♥♥♥♥♥ to taking cover so they can bum rush you're fragile ass...well lets just say it gets very tiresome very quickly. On top of everything else, your AI team are EXTREMELY dumb and every so often one of them will get stuck or just decide to stop moving.

The main campaign wasn't too bad, with the occasional ♥♥♥♥♥♥♥♥ part of a mission here or there were 5 spec-ops suddenly blast out of a door behind you and insta-kill you...I just couldn't be bothered to complete the DLC, and honestly, I heard that was supposed to be better than the base game, which it clearly wasn't in my eyes. The story seems to be based around the events of Resident Evil 2 from the janky perspective of a special Umbrella task force comprised of a bunch of edge lords who look like prospecting apprentices for Darth Vader, or the not-so-elite and just as edgy Spec-Ops team if you are playing the DLC.

There's a respectable list of guns with fairly generic names but honestly, pick anything because despite the stats on each weapon they all seem to do the same ♥♥♥♥♥♥♥ damage. Shotguns are pointless because more than half the time you're having a long-range shootout and your secondary is pointless ♥♥♥♥♥♥♥ that does nothing but get you killed. The cover system is pointless because I still get hit even when I'm hiding.

This game is a mess...I'm glad I could say I at the very least completed the main campaign...DLC can go take a long walk and never come back.

For anyone still interested in trying it out but suffering from the startup crashes or inability to play/save due to the GFWL, there's an extremely easy work around that doesn't require you to install or reinstall anything like some of the unnecessarily long guides out there might tell you. For the crashes I just went into the steam folder and changed the games application compatibility to Windows 7 and boom I never had any problems again. For GFWL, all you have to do is click 'create account' scroll down and check the fine print at the bottom, you'll see a clickable bit of highlighted text that allows you to create a local profile that remembers you every time you open and close the game. Each time you open a new instance it'll ask you to log in but just close the interface down because it'll always automatically log your local profile in and in turn, allow saving.",2676,0,1,0,1,0,2019-11-12,2019-11-12,685,163,560,560
"If you love RE games, this is a must have.",42,1,1,0,1,0,2019-11-07,2019-11-07,0,2,985,602
This game is no longer functional and crashes to desktop on launch. I've verified the game files and it is always missing 1 file says it downloaded it but still fails to launch,176,0,1,0,2,0,2019-11-03,2019-11-03,288,14,154,153
If ya can get it to work. Play it X3,36,1,1,0,1,0,2019-11-02,2019-11-02,0,11,596,416
"[h1][The Problems][/h1]
First of all the game has problems because of the ""Windows Live"" """"SERVICE""""
but you can fix them all so the game is not unplayable
Also the game has some bugs but nothing game breaking 
[h1][The Game Itself][/h1]
i enjoyed it very much but i can see it getting boring for some people because its kinda repetitive 
if you like Resident Evil just get this game for the sake of your RE Collection
Turn off your brain and play the game you will have fun with it
Treat it like an action game instead of a horror game which is weird for a RE Game
---------------------
[h1]PS. I Might be bias because the game is nostalgic for me[/h1]",653,1,1,0,3,0,2019-11-02,2019-11-02,521,474,394,201
"Pros:  
The gameplay is fairly solid despite having some faults.
The campaign's  story is really well executed
The classes have their own uses that make them unique
The BOW fights are not a pain to deal with
The snipers are amazing in this game, well amazing at everything minus a group of zombies.
Unlike most other zombie games you can get infected and need to use the blue spray to cure yourself. Zombies are balanced and are where the game really shines.
Mr. X is still intimidating
Hunk is in the game
Four eyes can use a special to turn humans into zombies
Dialog is kept to a minimum, which kept it from being cheesy.
Graphically this game looks fantastic considering the age of the game.
The Licker's toung is not a instant kill thank god.
Ammo and blue sprays are common enough to  keep you going, but you can still run the risk of running out of ammo and blue spray.
The levels are long and if they focus primarly on the zombies and BOWs they are a blast.
Dont have a blue spray and your teammate is infected? you can kill them and immeadity revive them.

Cons:
The Humans are unbalenced AF. They sponge bullets like they're all wearing iron man armor. T
The shotgun at point blank range can't kill a human in one shot. Then a few shots from them will take you down to half health before you can even blink. In short, they're like sponges while you're like paper 
Every con I listed so far was on easy mode
Not all the weapons are effective. Shotguns are only really useful against normal zombie but your melee can be more effective at times. Assault rifles are good at medium range and crowds. 
The menu music sounds like discount saints row three music.
The Nemesis fight is kinda a let down but still interesting
The EMP level. Screw that one particularly. Far too many humans spawn right close to you in one section. Close enough to tear you a new butt hole, but far enough you cant really hurt them.
Due to it's not so stellar reviews the online mode is pretty much dead, if you want to play online with someone you could theoretically, but you'd have to convince someone else to buy the game to play with you
Some scripted events can cause damage.
Healing items vary from occasionally available to outright rare.  Unless your playing Bertha with her abilites unlocked, this can turn the game into a war of attrition with death being an inevibilty sooner or later.
The cover system only stops you from getting shot about 55% of the time. The other half they'll hit you for god knows why.

The Meh: 
The default price is not worth it, but you find it on sale and for $7.00 with all it's dlc it's worth the try
people complained alot about how hard it was to log into live, and that they couldn't do it.  I followed a detailed instructions and managed to get in just fine without any troubles
While the main campaign is fun, it is short, I beat it in 7 hours. There is more you can do if you buy the DLC though.

All in all if your looking for a decent enough game to pass a span of time it'll do the job.",3018,1,1,0,3,0,2019-10-31,2019-10-31,0,21,1035,425
It's a lot of trouble to make it work online but it's worth it.,63,1,1,0,1,0,2019-10-30,2020-02-25,0,11,9573,96
"The game which wanted be like a ""Gears of War"", but not did, This is good game, but inaccuracies in the story are big misunderstanding, moreover game is very short. 
Summarizing : good game, bad Resident Evil 
Play at your own risk",231,0,1,0,0,0,2019-10-30,2019-11-10,0,23,376,155
"GFWL Doesn't work anymore, as a result this game is unplayable. Not in a way of the gameplay being broken or anything, i mean it literally won't let you play unless you sign in to GFWL. Which is impossible... because it is dead.

DO NOT BUY THIS",245,0,1,0,6,2,2019-10-19,2019-10-19,537,3,107,27
"DO NOT BUY THIS GAME.

This game is dead.

It does not even work out of the box, you need to download the xlive.dll (same one you drop in the root folder of bulletstorm) to fix games for windows live.

This makes it SP only. And that is stupid. But the game was dead in the first place, so maybe you were only going to play with yourself anyways lol. 

If you are a RE fan, just warning you, this game is ♥♥♥♥♥♥♥♥ and the fact you can still purchase it at all is ♥♥♥♥♥♥♥♥ too. I feel like they keep the price high solely to discount steeply and occasionally fool someone during sales into buying it, and hoping they don't try it out for 2 weeks. 

IDK why they would sell a title that would piss off 99% of the people that would play it. Valve as well as Capcom, I really don't freakin get it. Give me my 10 bucks back dammit.  

Don't be tempted by the price tag and RE name. I was once. All I wanted was my 10 bucks back since I couldn't get it to work. After I did get it to work, All I wanted was my time back I spent on it before getting it to work. 

End Part 1 of review, now onto the meat of the game. The good, the bad, and the highly detailed.























This game ♥♥♥♥♥♥ sucks. It's like if you took RE6 and made is surprisingly worse and multiplayer only, then made it so you can only play with AI. It's just terrible

End part 2 of review.

You can give me 6 dollars now for saving you. You will feel better about that than if you actually bought this game on sale.",1490,0,1,0,1,1,2019-10-13,2020-12-29,0,41,15,12
"Good game but its old now so unless you have friends that want to play it, no one is ever online. Dead game out right but still fun.",132,1,1,0,0,0,2019-10-09,2019-10-09,0,27,1057,1057
it runs better on a 50$ xbox 360.. so sad.,42,0,1,0,0,0,2019-10-08,2019-10-08,0,77,74,74
"Left 4 Dead came out in 2008 and Operation Raccoon City came out in 2012.  ORC is not doing anything different from L4D with the exception of human NPCs with guns sometimes, so why did they fail so miserably to make a fun game when 4 years prior the same setup worked so well?  I can't answer that, but it is a certainty that playing the game from 2008 is still fun in 2019 and the one from 2012 was not even fun in 2012.  People say between this and Umbrella Corps, this is the better game, so good GOD what kind of horrorshow is Umbrella Corps if this game is this bad?",571,0,1,0,1,1,2019-10-01,2019-10-01,1416,71,996,886
"I love this game, but it will not work on PC anymore. It seems a recent Windows update that got rid of games for Windows live entirely in favor of the Xbox interface has made the old workarounds obsolete. I suggest no one purchase this game for PC moving forward as there is no way to get it running.",300,0,1,0,4,0,2019-09-29,2019-09-29,395,3,2018,1047
"Won't load at all, starts up and closes, and nothing i seen for a fix works. Highly recommend skipping this",107,0,1,0,1,0,2019-09-29,2019-09-29,0,566,26,26
"Dont buy this dumpster fire of a game, simple as that. I highly recommend someone to pay YOU to have this game in your inventory cause that what its worth, a fee for being nothing more than a placeholder in your library. 

I've put 6 hours into this before updates ruined this years ago. If your really that desperate to play this, then fixes are available, but for how long this fix has been out, it should have been incorporated into an update some kind, and not be the players job to manually mess with files on their computer.

Again, dont purchase this game that a company refuses to fix themselves.",604,0,1,0,6,0,2019-09-22,2019-09-22,0,7,362,362
"Good game, sadly nobody plays it online. Your AI partners are sometimes too dumb to shoot, so all job is on you. That means you will die a lot. The game has a nice story and is not too short. On sale you can get it for 5€ which is totally worth. [spoiler] At the end you will make a decision to kill or not kill Leon Kennedy and Claire Redfield.[/spoiler] That added a nice spice to the gameplay, due to the fact that you are playing as Umbrella Service.",454,1,1,0,0,0,2019-09-19,2019-09-19,0,8,565,565
Well I got the game to once again work so all is good.,54,1,1,0,0,0,2019-09-17,2020-02-02,707,173,301,143
"Amazing game, far better than the reviews it got, but in this form it's less than a joke.

Selling this broken game is a scam. Yes, it is playable on Windows 10, despite the angry nay-sayers. No, it is not worth the effort needed to get to that point after paying money for a legitimate key. It seriously isn't worth your time.

If you're suicidal, the most complete, credible, and recent guide I've found is here: https://www.youtube.com/watch?v=yc15p2SuWKg

The correct GFWL version download is located on Microsoft's ""Troubleshoot Games for Windows Live connection problems"" page under ""Install the latest Games for Windows Live software."" The Link ID is 201134, since Steam won't let me post it.

Once you do that, you should at least be able to run the game. I wasn't able to log in to GFWL (""Please Wait...""), but at that point I figured that six hours of my time reading and watching guides and tinkering wasn't worth it. It might have been doing a big update, but I wasn't going to jeopardize my refund to find out.

Make the developers release a patched version or remove it from the store, selling a game this broken for any price is absurd.",1151,0,1,0,2,0,2019-09-16,2019-09-16,557,161,24,24
"Great game for what it is, if it WORKED. Apparently, in the last few months, Microsoft decided to kill the GFWL app and replace EVERYTHING with their crappy Xbox Live App without any care if it worked with older GFWL games or not. This caused most GFWL to no longer work as it must be signed in and confirmed/verified you indeed bought the game not only with Microsoft regardless if you bought it on Steam. This DRM is DEAD and so now the game is too. Instant Crash to desktop for most users, and for those who manage to get past the Capcom and Slant Six Games logos, you are forced to sign into the old GFWL app which just hangs and never finished loading, the only thing you see is a infinite loop with ""Please Wait..."". If you quit, you will be faced with the instant CTD bug that never goes away no matter what you do. Uninstall, clear registry, clear all files and uninstall GFWL/Marketplace app. None work. 

Somehow though after even all the complaints Steam is STILL SELLING this game knowing it does not work and THEY KNOW. So sadly at least on PC I have to give this 0 Stars. Nothing is more shady and grimey then companies who all install DRMS just to abandon them for profit purposes and pushing their own Launchers and or games and consoles, and screw over those who legitlly bought this game. THIS is why people pirate games folks and crack them. just a FYI. 

I doubt Microsoft, Capcom or Steam will fix this, the most they will do is just take it down or get sued as there are laws against this sort of business. I advise people report this to the Better business bearu if you are ignored by Steam as it steams many of us are and they refuse to give a refund because if you play it longer then 2 hours, they don't have to even if the game no longer works and it is not your fault.",1796,0,1,0,20,1,2019-09-14,2019-09-14,0,10,1139,319
the game started in unplayble state had to screw around with GFWL for about an hour to get it to work.,102,0,1,1,1,0,2019-09-13,2019-09-13,0,167,77,41
Loved the game on the PS3 so i desided to buy the PC version during the sale. The only problem is the game woouldn't start. When I eventually got the game to start the menus didn't work so the game is unplayable.,212,0,1,0,8,1,2019-09-12,2019-09-12,68,1,8,5
its a fun game.,15,1,1,0,0,0,2019-09-12,2019-09-12,95,54,1556,904
classic,7,1,1,0,3,1,2019-09-10,2019-09-10,223,135,64,46
Won't start on Windows 10,25,0,1,0,5,0,2019-09-07,2019-09-07,0,112,296,150
"my game won't even start and everytime it does it kicks me off i can't even get to the start menu, any ideas to help?",117,1,1,0,0,0,2019-09-04,2019-09-04,0,5,52,7
DO NOT BUY THIS GAME IT WONT WORK IN 2021,41,0,1,0,4,0,2019-09-01,2021-01-18,0,3,147,147
"gfwl is a dead service that has barely any servers and it's a hit and miss whether you can even connect to one. Unless you are one of those lucky people who can connect to one of the few remaining servers, the only way to play this game is to crack it. As keys for this game, and gfwl in general, start to dwindle, devs will be forced to either remove the game permanently from sale, or update it.

IF you would like this to happen sooner than later; if you would like a version of this game that has achievements and dedicated steam servers with online play

then buy the game
buy a copy for your mom
buy a copy for your dog
buy a copy for your neighbor
buy copies for everyone on your steam friends list whether they want the game or not.

because the sooner games like this run out of keys, the sooner gfwl can get lost.

this is not a bad game and it would be great to play it online. Unfortunately all we are waiting on is for keys to run out. So buy those keys so that those who already own this game can get that sweet free update to steamworks.

alternatively, devs could just take the gfwl keys and shove them where the sun don't shine and just fix the game..but I imagine that legal reasons require them to fulfill some sort of contract with Microsoft and they cannot do so until the keys either expire or get used up.",1328,1,1,0,89,5,2019-08-30,2020-03-25,2538,285,553,15
Do not buy this.  How can steam sell a game that needs you to perform hours of work arounds to even run (maybe?).  This is unacceptable.  Steam you are asking $30 for a game that does not work.  Fix it and sell it or stop selling it.,233,0,1,0,7,0,2019-08-29,2019-08-29,0,1,47,47
"This f ucking s hitty game is pure garbage, can't even get a controller to work that is wired yet this game fully supports it. i even went to game stop to swap out my good controller for xbox one wired for 360 wired controller thinking it was my fault when really it was the idiots who created and selling this broken mess for $30.00. crashes many times due to missing files, forces me to use a keyboard, uses a out dated non existing windows live feature that forces you to play online with this and save your data, without that you're getting screwed over. i hope valve, crapcom, and micro s hit get bombed, gun raided or even go homeless for treating their community like a piece of s hit and scamming people",711,0,1,0,1,3,2019-08-28,2019-08-28,1,1,25,25
"Game doesn't work for most people... only works on older graphic card updates and OS.. So if you want to downgrade your entire computer to play a mediocre game, be my guest. Good luck finding out what specifically works, i suggest starting with matching release dates with graphic card update dates. DO NOT BUY...",313,0,1,0,3,0,2019-08-26,2019-08-26,0,13,431,431
Login boss is very difficult.,29,0,1,0,12,9,2019-08-24,2019-08-24,0,1378,39,26
this game aged so well. i miss you barbara.,43,1,1,0,0,0,2019-08-24,2026-03-15,0,12,440,435
"The game itself is pretty good if you have others to play with you.  It does use GFWL, which sucks, but I had no trouble getting it working like some others have.",162,1,1,0,1,0,2019-08-16,2019-08-16,946,604,438,438
"Haven't played it in a long time, but with friends I had a LOT of fun with it.

Is it buggy? You bet your ass it is. Can have some fun with that fact actually, sometimes not as fun when it gets near game breaking, but for me that seemed to be fairly rare.

As such I'd say this. If it looks interesting to you, got friends who will play it with you, go for it when it's on sale again. But as you do buy it, get to playing it right away to see if you can't use it and get that return that STEAM preciously allows these days that frankly SONY and systems around the world should have to offer by now as well. But you know law and legeslaton seems so clueless on what it should do for it's citizens and yet charges internet sales tax as if they earn it.

Fun co op, a story that roles through, probably in reality one of the better Resident Evil experiences that you can actually enjoy with a few friends at once, and over all a fun romp as long as you don't rage too hard about the glitches. With just a bit more polish, this game could've made it pretty big. Again though, just play it right away with friends to make sure it's working at a decent satisfactory amount of the time but it's too bad the word of those bugs scare off several from just enjoying the game for what it is. It really can be that fun with friends adventure for a weekend.

I keep fond memories of it.",1373,1,1,0,1,1,2019-07-27,2019-07-27,0,90,1726,1726
"I recently picked this game up on sale, because I waned to re-experience it. I originally had it for PS3 several years ago.

I had fond memories of this game, nothing spectacular but it was a nice spinoff story and the characters were interesting. However replaying it brought back to the foreground all of its many failings. Clunky controls, lackluster plot, finicky interactions, and poor AI make this game mediocre at best, and it really doesn't hold up after all this time. While I enjoyed this game a bit, by the end I just wanted to finish it so I could uninstall and make room for other games. Unless you're playing for nostalgia, or are just a REALLY big Resident Evil/Biohazard fan, and suggest you skip this one.",722,0,1,0,0,0,2019-07-27,2019-07-27,0,14,421,421
"DO. NOT. BUY. THIS. GAME.
IT DOES NOT WORK.

Okay so tl;dr you have to log into Windows Live so the game lets you even save. The only problem is, the website the game tries to log you into doesn't even exist, since Microsoft has moved the domain.

This basically means the game disables the save system. So unless you are planning on playing for 7 hours in one sitting, you can't finish the game.",396,0,1,0,1,0,2019-07-20,2019-07-20,289,41,47,25
Lupo marry me!,14,1,1,0,0,0,2019-07-19,2023-01-15,585,191,1675,6
"A friend of mine gifted me this game so that we could play this .. thing, and have fun mocking it in the process. Kinda how you would watch a movie like Sharknado just to laugh about how bad it is.
So far we've had decent fun in that regard, but I chose to make this review serious. This game is really bad, and really doesn't have anything going for it. Here's everything:

- GAME INSTALL: First off, you have to earn the right to play this game by working on it a little bit. You have to download an installer for a thing named ""Game for Windows Live"" which is some sort of ""ancient-Steam-like-program"" that has been completely decommissioned since then. Installing this thing will be complicated and messy. You'll have to research for the whole process on the web. So if you're expecting to buy and play it instantly to blow off some steam, avoid this game.

- MUSICS: The first thing that will greet you when you start the game is an atrocious main menu music. So atrocious that even someone that doesn't know a thing about music will notice. It actually hurts your ears, not even kidding. Besides that, every music in the game is so forgetable I don't remember any of it.

- GRAPHICS: This game came out in 2012. For comparison, Dishonored 1, Borderlands 2, Mass Effect 3, Assassin's Creed 3, and finally FarCry 3 all came out in the exact same year. It would be very fair and even a little forgiving to say this game looks like a PS2 game. Even games like Half-life 2, which came out five years before, looks much better in comparison. That alone is just for textures. Moving on with animations, those are laughably pathetic, most of the time recycled throught the game, that would make an SFM amateur feel like Pixar in comparison. Even cutscenes are bad ! .. What did I say ? Cutscenes are ESPECIALLY bad !

- GAMEPLAY: So, huh .. You walk in places and you shoot things. That's almost all there is to it. There are several characters you can choose from, and all of them have access to special abilities and perks. Almost all of them are going from unremarkable to useless, so your guns and regular shooter skills are your main source of damage and utility in this game. Speaking of guns, they are, just like abilities, unlockable with XP as you play. They do not seem to be very balanced and there are definite clear ""Better"" and ""Worse"" weapons. You can also swap weapons during a mission. Besides that, you have to watch for your health, ammo, and other states like bleeding, which is caused by enemy soldier weaponry, and deals damage over time. Or infection, which is caused by zombies and will deal damage over time ( And eventually turn you into a zombie ! ) until healed. Ammo is replenished with .. ammo. Health is replenished with green herbs and green sprays. Infection is removed with anti-viral sprays. Both sprays can be applied to both you and any teammates around you if they are close. Here you go, that's all there is to it. Besides that, you can revive dead teammates. Even if they got infected, turned into a zombie, and lost limbs in the process. If you don't have viral sprays, you can also put a bullet in your friend's head before picking him up, too, as friendly fire is enabled, and rewarded through points in this case. That alone is relatively funny. 

Other than this, you can also dodge things by throwing yourself on the ground, by pressing E when sprinting. This will never be useful to actually dodge and will just screw you up when trying to pick up something while sprinting for the first time. You can also pick zombies as meatshield against enemy soldiers, and since soldiers are problematic ( I will get to this in my review ) It's incredibly useful if you can manage to do it. Other than this, you can also perform finishers after melee-ing any enemy. It's not farfetched to say that the gameplay is bland, stale and boring. Don't buy this game if you're looking for oustanding, breath-taking game design.

DIFFICULTY: So, huh, no matter in what difficulty setting you are, you will notice something. Zombies are cannon fodder and are easily dispatched ( Unless you are in a very tight spot ) and enemy human soldiers in comparison are THE REAL DEAL. The second they spawn in, if you are a fraction of a second out of cover, your health bar will instantly be annihilated and you will die in a matter of seconds. The ""cover"" system is simple. Simply walk towards a potential conver and your character will crouch behind it. While it works on paper, the system will make you want to tear your hair from your head because of how bad it is handled. You will sometimes fire or even blind-fire into the cover itself, your character will fire from the wrong side or angle, and throwing grenades from the left side will get you killed from your own explosives, since characters solely throw them from their right hand, throwing them into the wall. This also result in your character standing up and getting shot. No blind throws. In fact, I am pretty sure there is no special animations for throwing a grenade under cover. Your character just perform its ""out of cover"" Grenade animation then ducks back underneath. 

This alone would never be a problem if the AIs were all dumb, but the problem is, the devs were very keen on making enemy humans feel ""realistic"". They will target you even if you are under cover, if a slight portion of your body is exposed, with the accuracy of a CS:GO player. But since covers are usually broken cars, concrete blocks or even fences if you're unlucky, you will be shot from god-knows-where and die. Fortunately for you, there is a lot of checkpoints, and besides this the AI is still rock stupid. So you will manage to progress in the game after dying several time on that one sequence that is unusually difficult and annoying. And this, again, in all difficulty levels.

Besides regular zombies and soldiers, you will meet other enemies from the Resident Evil franchises. Ranging from Lickers, Hunters, Tyrans, Bosses from other games like Nemesis or Birkin, and .. Headcrabs from HalfLife ? Because yes, there are some kind of weird, insectoid Headcrabs that are featured in no other Resident Evil Games. Coming back to those enemies and bosses I was talking about, how are they special ? Well, it depends on how much you enjoy fighting mentally-challenged bullet sponges. We dealt with it relatively easily on our side. That includes bosses which are sometimes so easily destroyed they almost humiliate their incredible appearances in actual Resident Evil games.

PLOT, STORY AND WRITING: This game is not cannon to the Resident Evil universe. If you go throught the game, you will understand why. The entirity of the plot feels like a bad, cringy fancfiction written by a 10 years old Resident Evil fanboy. Featuring nonsensical scenes to justify incoming waves of enemies, bland and unoriginal characters, clichés and stereotypes everywhere, evil commanders that betrays you, but also gets bullied by their own soldiers and acts like children. I could delve into details but I really don't want to. There is so much to write but yet, so little to say about it. It really does feel like a bad fanfiction.

If you are somebody that enjoys hearing character voicelines and chat in the game to learn more about their stories and developpement, you are also going to be incredibly disappointed. Everything is either cliché, nonsensical, or ... nobody talks. Yeah, that's a thing too. Sometimes character do not say a single word besides the crazyness of what just happened. And sometimes they will have some cringy dramatic monologue while another one cuts them mid-sentence to say something alike ""♥♥♥♥, I NEED AMMO !"". This game is far from being the only game doing this, but it happening relatively often is just icing on the cake.

CONCLUSION: Is this game bad ? Yes ! It is ""So bad it's good"" ? Absolutely ! If you delve into this game with this in mind, then you will probably end up ""enjoying"" it like we did.",7994,0,1,0,3,0,2019-07-16,2019-07-16,326,25,584,584
the 1 with all dlc don.t work wtf right,39,0,1,0,0,1,2019-07-11,2019-07-11,0,155,39,39
"Dont buy it .You have to download extra things and spend time on that thing to  make this trash work ""normally"" it doesnt worth thrust me .I couldnt play because the controller configuration was a pain in the ass and ones I finish I couldnt aim and shot at the same time",270,0,1,0,2,0,2019-07-10,2019-07-10,11,2,42,42
It it crazy difficult and complicated to get it to work due to a lot of dead parts in the install and server support. It really should just be pulled from the store at this point.,179,0,1,0,3,0,2019-07-10,2019-07-10,0,8,24,24
"I put off buying this game for years due to the crappy reviews but after playing it i wished i hadn't i normally prefer survival horror to action, especially in RE, but this it actually a fun game. getting to explore parts of Raccoon City i'd never seen before and mowing down hundreds upon hundreds of with automatic weapons feels great. fun game, full of nostalgia,  too bad it took me so long to finally give it a shot.",422,1,1,0,3,0,2019-07-07,2019-07-07,241,28,2384,566
"This game is stupid and fun!
Non-canon also so I don't know why people hate this game so much.",94,1,1,0,10,0,2019-07-06,2019-07-06,334,86,494,494
"Hard to get it working, but fun when you do.",44,1,1,0,0,0,2019-07-06,2019-07-06,515,5,363,363
"I actually like this game. It isn’t anything extraordinary but I don’t think it ever was meant to be. Just simple, shoot and survive type gameplay. Not exactly the Resident Evil one knows and loves but it’s a fine nod to the fans none the less.",244,1,1,0,0,0,2019-07-05,2019-07-05,3117,227,359,359
I tried to load up the game but every time live crashes and i cant sign in and i  cant play.,92,0,1,0,14,1,2019-07-05,2019-07-05,0,13,24,24
Game is broken but that's half the fun,38,1,1,0,0,0,2019-07-04,2019-07-04,292,7,43,28
"***I have a solution for the Games For Windows Live issue. Read my review and at the bottom of the page are links for the solutions.***

Resident Evil: Operation Raccoon City was released on PC, May 18, 2012. Though this game has been out for 7 years, it is still an awesome experience. I highly recommend this game to anyone who enjoys the Resident Evil stories, and who isn't concerned about it being the classic survival horror. This game is 3rd person but can be 1st person when aiming with a sniper rifle. It is more action than anything, but definitely has its fair share of jump scares during certain parts of the game. This has become one of my favorite Resident Evil games because it is set between Resident Evil 2 and Resident Evil 3. You even ""return"" to the Raccoon City Police Department. It is all too familiar to those of us who played Resident Evil 2 when it was released, or not long after. 

The composer, Shusaku Uchiyama, did magnificent work with the soundtrack for the game. It keeps you on your toes and adds to the intensity of the game, as well as its eeriness. When you get inside the Main Hall of RPD, if you listen carefully to the music, you can hear the recognizable notes from the original soundtrack to Resident Evil 2 ""The Front Hall"", somewhat creeping about in the ""Police Department"" track. It is very nostalgic and takes you back to those days of playing RE2. Listen to RE: ORC track 23 ""Police Department"" and you will experience nostalgia with RE2 like never before. Compare it to the RE2 track 11 ""The Front Hall"".

You can play as the Umbrella Security Service (USS) (bad guys) or Spec Ops Command ""Echo Six"" (good guys). Both have unique campaigns and can be played in solo or co-op. Plenty of missions to do, zombies to kill, and bosses to take down. You might even meet Nemesis. ;) There is also Versus, where you can play several different multiplayer modes. There is a rank structure for your profile, and when you acquire XP, it progresses your rank, no matter which characters you use, or what game mode.

The problem with this game is that it is underrated. I believe a lot of people would enjoy it more if they had not encountered the ""Games For Windows Live"" issues. Then, there is the percent of hardcore RE fans who just prefer the classic survival horror. Personally, I enjoy all of the games I've played, including this one. The GFWL issue definitely did not help and made most, including myself, stop attempting to play the game, due to all of the login issues. Then one day I decided to research more and see if I couldn't find a fix for the issue. Most of the resolutions that had been posted on YouTube or on forums, were dated. I found a forum on Steam that looked promising and I tried it. Before I knew it, I was playing the game without issues. 

It was fresh in my mind, so I decided to create a YT video on this fix so that others, like myself, could attempt to fix the problem and play the game they so desired. Especially after all of us spent the money on it. (If Capcom, or whoever is in charge, would switch RE: ORC over to Steam entirely, just like they did with Resident Evil 5, it would save many headaches.) I implore them to do so, to help resolve this problem. Anyway, I have included the link to my video down below, which will help you fix the problem and allow you to play the game. Take about 20 mins out of your day to try it. Check the video description to see the other links you will need, in order to help you. I even included a Discord server link to my Discord Help Room, so you can contact me, or others who have gone through this process, and we will help you. Go check it out!

I promise you are not wasting your money. Feel free to even add me as a friend and we can get a group of us on cooperative or multiplayer. Don't hesitate to buy this game. It still works, and even if you have a login issue, try my fix and or contact me through Discord or Steam. We will help you get the game running correctly and you'll be slaying the undead in due time. ;)

I hope this review helps those who already have the game, but who are having issues. As well as, those who are having difficulty deciding whether the game would be worth the buy or not. I am telling you now, regardless of what negative reviews have been posted, there IS a way to solve the problem. I promise.

Steam Forum RE: ORC Fix:
https://steamcommunity.com/sharedfiles/filedetails/?id=567144406

My YouTube RE: ORC Fix Video:
https://www.youtube.com/watch?v=yc15p2SuWKg&list=PLogLv0FERZpT2ki_C85Qd0AXjreUz9FXO&index=3&t=1s

My URSO Clan Help Channel:
https://discord.gg/3TJv2Tz",4628,1,1,0,27,3,2019-07-02,2019-07-02,0,13,2407,2271
"Aiming controls suck ass. 10/10

Not only that but you can't even ♥♥♥♥♥♥♥ save your progress without GFWL so uh. Yeah, whoever thought that was a good idea is getting an ass kicking. Even with that, the game is bad, but it's my kind of bad but I legit can't recommend it imo.",275,0,1,1,1,0,2019-07-02,2019-07-03,517,4,278,55
I have been trying to launch the game for 2-3days and have looked solutions to fix but nothing seems to work. If anyone can help add me.,136,0,1,0,14,0,2019-07-02,2019-07-02,206,3,18,16
"3/10

This game could also be called ""Missed Opportunity: The Game"". I think that the idea of playing as an Umbrella squad that is sent to Raccoon City to wipe out evidence is interesting, but the execution here is just poor.

The story is okay taken in consideration that it's not canon (since the game changes some events from RE 2 and 3) and there are some decent moments here and there, but overall the game is just not fun.

Gunplay is terrible, human enemies will often not even flinch when you shoot them and a lot of enemies in the game are just bullet sponges. Human enemies can also cause a lot of damage and sometimes cause some unexpected deaths since they drain your HP quickly if they're close enough - and if you're playing alone, you can revive the AI but the AI can't revive you, so dying is back to the last checkpoint. The AI is also awful, often getting in the way of your shooting or standing in doorways when you're trying to walk through. Enemy AI is also not great and I've seen a few enemies just standing in place, including one boss that just stood there taking shots to the head from every direction.

The game encourages some exploration, but not too much - sometimes you can find extra supplies or data for extra XP, but often you'll just run into rooms that are completely empty.

Enemy encounters can sometimes be pretty ridiculous with the game throwing way too much stuff at you all at once, which is made worse from the fact that some enemies can knock you down repeatedly, leaving you unable to do anything. Boss encounters are either fighting bosses that are massive bullet sponges or the game forces you to use specific mechanics in order to beat them. One offender in specific was incredibly frustrating as I had to lure the boss to being under a cauldron with some molten liquid and activate a machine to pour it on the boss, except I had to lure the boss AND run to activate the lever because of course the AI doesn't do either of those, then do that again two more times AND also fight a massive wave of zombies at the same time too.

Two things worth mentioning is that I played the Scout using a skill to turn invisible, but sometimes enemies would spot me even though I was invisible. The second thing is that I once got stunlocked when fighting two Tyrants, they got me stuck in a corner spamming a knockdown move so I could only sit and watch, the damage was also minor so it'd take forever to kill me. I only managed to stay alive because the AI killed one of them before I died.

I guess this game would be more fun to play with friends, but I don't see any reason to do it when there are much better games to play together. Plus, between the two campaigns and versus mode, there's also very little replay value.

Take a hard pass on this one.",2792,0,1,0,1,0,2019-07-02,2019-07-02,0,258,982,982
"First of all this game suffers from using GFWL that honestly should be removed if they're selling this game on Steam. You can still play it though on Windows 10 by installing a GFWL redistributable and logging in to GFWL, but it's a pain (a dealbreaker for most, and I agree). It even has achievements, but only on GFWL (UGH!).

Second, this is not a Resident Evil game. This is a Left 4 Dead cover-based shooter type of 
 game that happens to be in the Resident Evil universe while also violating its canon (you revisit the events of RE2 and RE3). So if you were expecting some type of survival horror then you're going to be disappointed (goodbye to that feeling of horror and desesperation when you see a hunter come after you for the first time). This is a game where you kill hordes of zombies and also fight against other soldiers (that can rip you to pieces in seconds, yeah) in a campaign that's around 7 hours long plus a 6 hour long DLC campaign.

When playing solo, you are accompanied by 3 squad members each with their unique abilities although their AI can be hilariously bad sometimes. Ammo and healing items are plentyful (maybe not that much on harder difficulties) and you can find guns laying around (you can only carry one ""big"" gun and one pistol at a given time).

Some bosses can stunlock you and some monsters can get stuck in walls, but it's all part of the hilariously bad experience.

With that said, you can genuinely have fun with this game by just mowing down hordes of zombies with your guns and abilities while trying to fight Umbrella's classical B.O.W. (that go a bit over the top in this game honestly). You can maybe have some fun with your friends too (it has a multiplayer mode but I didn't try it).

If you just want to kill some zombies, revisit some classic RE scenarios and characters, have the guts to fight GFWL and you see this game steeply discounted, then yeah you should give it a try. If you say no to one of the previous statements, please stay the hell away from this game because it's not worth it.",2050,1,1,0,0,0,2019-07-01,2019-07-02,0,25,723,723
good after you fix gfwl,23,1,1,0,0,0,2019-07-01,2019-07-01,95,6,547,544
"As a Resident Evil fan, I bought and played this. Even if you're super invested in RE I would not recommend this game. Between the WindowsLive/Xbox live and all around poor and boring gameplay it is a huge let down. Don't buy this, isn't worth the time.",253,0,1,0,0,0,2019-07-01,2019-07-01,547,15,376,376
"Take the game as it is: a non-canon romp through Raccoon City, and you will find enjoyment. Playing as the Umbrella Security Service is pretty fun. One drawback is this is a Games for Windows Live title, so it will take some fiddling to get it to run on your PC.",262,1,1,0,0,0,2019-07-01,2020-01-29,1036,30,70,70
waste of time and money. don't even bother.,43,0,1,0,0,0,2019-07-01,2019-07-01,0,75,601,274
"Due to this games lack of support after GFWL (Games for windows live) shut down I can not recommend this game. Only if you are a lore chaser of the Resident Evil franchise, even then, wait for a sale.",200,0,1,0,0,0,2019-06-30,2019-06-30,1959,6,1574,1341
"Ficou na dúvida entre comprar e não comprar? não perca seu tempo, jogo com muito glitch e jogabilidade ruim. Comprei, joguei e pedi reembolso.",142,1,1,0,0,0,2019-06-30,2019-06-30,181,5,14,14
no longer has any support do not buy does not load and never has,64,0,1,0,1,0,2019-06-29,2019-06-29,0,3,35,33
The least resident evil game of resident evil but if you mindless shooting it could be the game for you.,104,0,1,0,0,0,2019-06-29,2019-06-29,0,2,1460,861
"The issue my friend and I had with the game was not trying to get it to run, but more that it simply wasn't fun to play.
The story, or lack thereof is boring, weapons uninteresting and gameplay that only ever seemed to consist of getting swarmed by zombies, killing them all to only move on and repeat the same process again.

If you're looking for a co-op Resident Evil game, go play 5 or even 6 instead if you don't mind it being more action-y.",446,0,1,0,0,0,2019-06-29,2019-06-29,1640,133,113,113
"I just want to sit in the trailer of this title and see a thousand times as long as I want to go

I hope this title is an open world game, something like its division

I do not recommend this title

1 / 10",205,0,1,0,10,3,2019-06-29,2019-07-26,0,140,62,58
Got it to run on windows 10!,28,1,1,0,0,0,2019-06-29,2019-06-29,0,22,425,10
"Ive played this game its not bad but just two words....""WINDOWS LIVE""  can suck my fat c O  ck",94,0,1,0,0,0,2019-06-29,2019-06-29,151,42,285,28
"This game doesn't work anymore since Games for Windows Live service is completely dead. The only working work around to get this game going is to download some sketchy .dll files that get around the checks the game does at launch. I highly doubt this game will be fixed since it was mainly just a flop and nobody has been playing it for a long time.
RIP",353,0,1,0,0,0,2019-06-29,2019-06-29,0,8,711,711
"Wish we can play more as the umbrella security service more, they looked more cool. Also the main characters like Leon has too much plot armor lol. Can't really kill him.",170,1,1,0,0,0,2019-06-29,2019-06-29,162,15,489,489
"I gave this a try, cause I always like to see what the hate is about for myself
well to start: the frames are skipping so much that it is really not smooth even though I was between 80-98FPS the drops were so bad you could see them, like I am looking around, and there is skips between looking one way and looking another. I even had enemies glitch between cover, one frame behind, I shoot, now he is standing and I miss.

Not too mention this is riddled with Windows Live Cancer that crashes the game if you cant sign in and try to quit out of signing in, I had to completely restart my PC to get outta the game.
AND ontop of all that, the game is just generic, it is a Generic and Unrealistic 3rd Person Shooter
Now, I know Zombies are the epitome of unrealistic, but the gun play, I shoot someone in the head, they just shake it off like they are the terminator, I can understand it if they were wearing a helmet or something, but a flesh bag merc in a boonie hat does not survive being shot in the head with any type of bullet.

This game is just trash, not worth anything under 4.99$ at the most.",1101,0,1,0,2,1,2019-06-28,2019-06-28,0,99,15,15
DONT BUY GAME DOES NOT WORK ANYMORE  !! STEAM AND CAPCOM SHOULD BE ASSHAMED TO SELL A GAME WITH NO UPDATES OR FIXES..EVERYONE THAT BOUGHT THIS GAME SHOULD GET AN APOLOGY  ALONG WITH THE RESIDENT EVIL 2 REMAKE  XD  THIS GAME WAS FUN WHEN IT WORKED!!,248,0,1,0,5,3,2019-06-26,2019-06-26,0,3,5701,5185
"Turns out, it's very difficult for CAPCOM and MS to fix their ♥♥♥♥ and remove\fix retarded Games For Windows Live. Unlike most other games infested with Microsoft cancer, this one just don't work with online profile at all.

UPD: At last, managed to get it working after 2hrs of unimaginable sodomy.",299,0,1,0,15,10,2019-06-26,2019-06-26,553,28,1004,72
"They announced in 2021 they were going to fix the GFWL issue 



They fixed it by removing it from the store and keeping it unplayable for the people who own it kekw",165,0,1,0,0,0,2019-06-25,2025-03-12,401,109,1016,1016
broken,6,0,1,0,3,0,2019-06-22,2019-06-22,0,1,6,6
I enjoyed the game on console and figured I'd like to play it on PC. Just wish you could actually launch it on PC. Windows Live sucks!,134,0,1,0,14,1,2019-06-15,2019-06-15,794,3,6,6
"The game is okay. Really is a copy and paste of Gears Of War, but does a great job with adding more story to Resident Evil. Buy only when on sale and find the fixes for this game in the community hub,",200,1,1,0,0,0,2019-06-14,2019-06-14,0,62,378,378
"Just like Call of Duty... but with guns, and missing audio.",59,1,1,0,0,0,2019-06-09,2019-06-09,461,120,583,583
Sucks to not be able to play,28,0,1,0,5,0,2019-06-09,2019-06-09,0,2,19,19
The game looked fun but I couldn't get past the login.,54,0,1,0,1,0,2019-06-02,2019-06-02,167,4,72,42
GG but it's not like the other RE's.,36,1,1,0,15,4,2019-05-25,2019-06-14,593,106,360,359
"Dont get this, u will have to work to be able to play the game",62,0,1,0,0,0,2019-05-17,2019-05-17,0,4,453,453
I really enjoyed this game. Playing from the point of view of an umbrella operative was a refreshing change from your standard hero trope. gunning down waves of zombies never got boring.,186,1,1,0,0,0,2019-05-13,2019-05-13,65,1,613,612
Don't buy game keeps crashing and asking for windows live log in. I entered the password correctly and still doesn't take it says is incorrect but Microsoft website you can log in fine.  -money wasted-,201,0,1,0,0,0,2019-05-09,2019-05-09,110,6,448,109
10/10 broke nemesis and had to get myself killed.,49,1,1,0,0,0,2019-05-08,2019-05-08,625,44,407,147
Easy to fix only took me 5 mins to fix the issue its playable :D,64,1,1,0,0,0,2019-05-07,2019-05-07,288,9,1763,972
"i brought this game in the sale with resident evil 4,5,6 Revelations 1,2. when i first tried the game didn't work i tried following guides and Youtube, nothing worked. then i went through the other resident evils to see if they would work and low and behold re5 installed fresh and current version of GFWL. so i went back to RE:ORC and boom it worked and has worked perfectly since no issues for me. well single player does, not tried multiplayer but then am not a fan of multiplayer games.",490,1,1,0,0,0,2019-05-06,2019-05-06,0,16,835,498
dont buy. doesnt work. out of date game.,40,1,1,0,0,0,2019-05-05,2019-05-05,0,31,77,33
"Operation Raccoon City is a fun game, but where it shines is its coop campaign. You play as one of several operatives with two passive abilities and three active ones, though you can only pick one active ability at a time. There is a range of primary weapon and even sidearms which allow a person to run most any playstyle. The unique operators also have their own personalities, such as a half mad german medical doctor, a curious and cold field scientist, and even an ex-USSR intelligence officer.

As an example of their unique abilities I will run down the field scientist, ""four-eyes"". She has two passive abilites, the first being to carry extra anti-viral sprays (more useful than you think), and the second is biometric vision which allows you to assess an enemy's health and where they exact weakspot is. While it's natural to assume where weakspots are, knowing is better than guessing. She also has three active abilities, the first allowing her to induce infection in humans and zombies that turns them into allies, the second is a gas cload grenade that paints anything inside it as a target for the infected, and last is essentially a target override gun that turn enemy infected into commandable allies.

That is just one character though, and there are 6 in the base game. As for the elephant in the room, GFWL. It's crap. It's always been crap. Now that it's practically defunct it's even more crap than it used to be...but...it's not unfixable. Fixing it requires anywhere between 30 minutes to an hour, is tedious, and can be frustrating, but I firmly believe that the game was worth the time and effort to fix, meaning I recommend it. There are guides and discussions about how to get the game running, so be sure to check there for help on getting it running. 

When the game works it's fun, when you play it with friends even moreso. I do suggest playing on either veteran or professional, simply for the fact that enemies will terrify you, and your fireteam will be just as vulnerable to each other as to the enemies. All this being said, I think moving to steamworks would revitalize this game, help scrub that mostly negative rating (which is mostly due to GFWL), and make the possibility of an operation raccoon city 2 all the more appealing to Capcom. I'll say my last piece and be done with it: The world needs more fun coop campaign games, they're a dying breed and are far too often forgotten in favor of horde mode or multiplayer.",2461,1,1,0,0,0,2019-05-05,2019-05-05,0,15,1539,482
Game is ruined by windows live. Took an hour to get the game started. After that game doesn't even let me sign in to windows live. Broken service. Don't buy.,157,0,1,0,0,0,2019-05-04,2019-05-04,0,4,15,15
"The best tech simulator. Unfortunately I could not beat games for window live.
I would recommend if you wanna test your skills on a broken network. 

Reqirements:
knowledge of Sql
the working pattern of early 2000's failed antipiracy
over three hours readily available to google why you can't find a repackage and update to a program.
two bottles of vodka(afterwords after you ultimately fail.",393,0,1,0,2,2,2019-05-04,2019-05-04,161,8,23,23
"this game is broken for windows 10 just like all the others for ""Games for Windows Live"" i don't think they plan to fix them buyer beware",137,0,1,0,0,0,2019-05-02,2019-05-02,733,45,274,261
"horrible...

Game won't start at all because of ''Games for windows live'' glitch...spend an hour trying to fix. Finally get the game to load only to not be able to play online because the ''Games for windows live'' won't log me in to my functionning xbox ID. It just stays stuck on ''please wait'' but never loads. 

Bunch of useless nonsense...I bought the game, LET ME PLAY!!!",379,0,1,0,0,0,2019-05-02,2019-05-02,0,1,44,35
"its a great challenge in single player, way more so than the other games.
you can upgrade your character and buy new guns from the very beginning.
only issue i found is if you die you loose any stuff you had saved up to that point and get set back to your default loadout",271,1,1,0,1,0,2019-04-30,2019-04-30,260,21,797,213
"After two hours of attempts, I cannot get past the sign-in screen for Games for Windows Live. I'm not convinced there is a solution. I can get in-game, after installing a fan-made patch, but I cannot play online with friends or save because of this no longer supported DRM. I would love for them to make a Steamworks version of this game like they did for Dark Souls, but for now, Steam is selling 8 GB of nothing. It is impossible to run this game and play with friends online.",478,0,1,0,4,0,2019-04-30,2019-04-30,1194,4,34,34
"Hmmm seem like the PC version didnt get the patches from console. Other than having dlc missions, the stuff that should have fixed in the console version do not appear on this PC version. The two most obvious are melee can still be perform as many times as you want while console version had patched that u can only perform two melee strike and then it will have a very short cooldown before u can perform another one. The other one is that when u dive to cover, you should take cover automatically.",499,0,1,0,0,0,2019-04-29,2021-04-12,46,3,247,118
The game is good enough but this port is disgusting,51,0,1,0,0,0,2019-04-29,2019-04-29,1380,264,709,265
"This game has been getting a bad rap. cause some computer illiterate people can't get it to run.
It work and can play online fine. there are multiple problems why it wont work.

ill run you through what i did and it may help you in the long run.

*My Computer*
so i am running windows 10 64-bit latest version.
My windows live/xbox account e-mail is with hotmail. my e-mail steps will apply for all emails

First thing is first install the game

uninstall:
*Microsoft Games for windows marketplace
*Microsoft Games for windows live redistributable

Link (https://support.xbox.com/en-AU/games/troubleshooting/troubleshoot-games-for-windows-live-connection-problems#2ed19ce21d7e44aaae8bad348f7c90e2)
and click (latest Games for Windows Live setup files) download and install

next we need to fix GFWL. go to control panel, Programs and Features. and the left click Turn Windows Features on or off.
Under [.NET Framework 3.5 (includes .NET 2.0 and 3.0] tick both boxes.
*Windows Communication Foundation HTTP Activation
*Windows Communication Foundation Non-HTTP Activation
ones you click okey windows will install files and ask to reboot please do so.

*Optional (is could be a causes of problem)
now to open some ports
so on your Router and in windows defender firewall with advanced security inbound and outbound add theses Ports
*88 UDP
*3074 TCP-UDP
*80 TCP
*443 TCP
*53 TCP-UDP

*Optional (maybe the causes of a problem)
now this final part was my main cause of problems. all i did was install latest Games for Windows Live setup files. and did the Windows Communication Foundation Non-HTTP, HTTP Activation step. and when sign in to GFWL it wound try and download my profile and fail. why it was doing that was because of two step verification and app two step verification on my email address i used for my windows live/xbox account and email. so i login in to my hotmail account and disable two step verification and app two step verification. after that i was able to login. and cause i did the Windows Communication Foundation Non-HTTP, HTTP Activation step it was able to download the GFWL files/update.

and that's it the game works online works. hopefully this gets more of you online so we can do some MP

and its a really good game i loved it on ps3 and on pc it looks and controllers even better",2309,1,1,0,37,5,2019-04-29,2019-04-29,64,9,1122,608
"Tags: 3PSurv - Horror
Additional Tags: Delete Local Content & Remove from Library

TLDR: Does not work out of box without Games for Windows Live. Not worth the hassle. Play Resident Evil 2 2019 Remake instead.",209,0,1,0,0,0,2019-04-28,2019-04-28,2089,4461,7,7
"Though it receives a lot of dislike from the Resident Evil family, still a cool game to play and even better with friends.
Windows Live is a pain to set up.",156,1,1,0,12,0,2019-04-28,2019-04-28,241,11,1689,325
Not being a horror games fan I must say this is a fun one. Similar to Left 4 Dead in a way but more action oriented with the inclusion of the SpecOps trying to shoot at you. Now visually this game looks amazing considering its from 2012 and still holds up today. The controls are decent to once you hook a controller. Personally id recommend this game if you get it on a sale and play it with some friends. From what it seems the servers are still up so multiplayer and Xbox live achevements are still there.,508,1,1,0,1,0,2019-04-28,2019-04-28,858,17,347,300
honestly we should have got more spec ops story,47,1,1,0,3,0,2019-04-28,2019-04-28,0,71,840,632
jr hunk,7,1,1,0,0,0,2019-04-27,2020-02-12,1865,319,567,474
"great game but,... I really wish i would have seen that it requires windows live...........",91,0,1,0,2,0,2019-04-26,2019-04-26,0,4,89,49
Can't sign into GFWL so can't save the game. ♥♥♥♥ you GFWL,58,0,1,0,10,0,2019-04-25,2019-04-25,1213,74,71,31
♥♥♥♥ off brian,14,0,1,0,0,1,2019-04-25,2019-04-25,1049,4,712,712
"Don't get this game it will take for ever to get it to work with games for windows live, and it will also stop working for no reason, its discusting they are selling this with out a fix, just don't get this game, and slap anyone and unfriend them on facebook if they tell you to get it.",286,0,1,0,6,0,2019-04-25,2019-04-25,0,22,534,534
"HEY YOU THINKING OF BUYING THIS, READ THIS BEFORE!

I love this game, i have 100s of hours played on my ps3. But don not buy this version, if you are thinking you can just install and play, you are wrong. It requires a bunch of trail and error processes, and it wont always work. I can get it to work, but as soon as i exit and try to play again, the game wont open and i have to uninstall a bunch of things and reinstall and hope it works again, sometimes it does sometimes it doesnt.

Dont buy this, it will never be fixed. Just get it on ps3.",545,0,1,0,32,2,2019-04-10,2019-04-10,339,115,27,24
"Needs a few calibrations with windows live in order to play but overall the gameplay is adequate. 

Nothing fancy or special. Simple. Propably the worst port of RE in overall but nevertheless good addition.",206,1,1,0,6,0,2019-04-09,2019-04-09,0,19,805,509
the game is.... good. but windows live not.,43,0,1,0,21,3,2019-04-09,2019-04-09,281,41,673,221
"My memory of this, I now see, was entirely based upon playing this in local co-op. Playing by yourself? Well quite honestly, there just isn't much point. The AI isn't all that bad, but what it essentially amounts to is a less entertaining Resident Evil version of Left 4 Dead... and I'm a huge fan of L4D, but this? This is just garbage. Bad writing, terrible graphics that look like they belong in a game 8 years earlier on the PS2 era. This is just a bad game. I wouldn't recommend it unless you're looking for a local co-op shoot 'em up. This is by no means a good Resident Evil Game. 3/10.",593,0,1,0,7,0,2019-04-04,2019-04-04,2593,869,57,57
"This game needs GFWL installed
And you also need an Xbox live profile to play.
This works on Windows 10.
My review is...
Fans of resident evil can’t go wrong with this game.
You’ll see the stars and stories from other resident evil games intertwined in this.
It’s a different direction from the usual format and is more like a Left For Dead,
But beware it can be hard so it’s best to play online co-op.",402,1,1,0,4,0,2019-03-31,2019-03-31,0,49,562,562
lmao what is this,17,0,1,0,0,0,2019-03-28,2019-03-28,0,67,1296,1249
The 3rd party DRM is annoying,29,0,1,0,5,0,2019-03-20,2019-03-20,0,2,8,8
Does not work. I just want to go back to Raccoon city. I played so much Resident Evil as a kid that I practically grew up in Raccoon city.,138,0,1,0,2,0,2019-03-18,2019-03-18,0,5,8,5
.......,7,0,1,0,1,2,2019-03-17,2019-03-17,455,55,1425,1198
"Hello all.

I don't always write reviews for games. I mostly just read them and see if I would enjoy the game/see what people have to say about a game. I usually take reviews with a grain of salt and try the game out anyways regardless because I have found some hidden gems that way. However, this is not the case for RE:ORC. I spent a good 3-4 hours just trying to get the game to run. I've downloaded and re-downloaded GFWL multiple times and each time, the game gets stuck on an infinite loading screen when trying to log into my Windows Live account. I have read all the reviews on this game and even clicked on the links that are suppose to help or fix the problem, but to no avail. I'm sorry, but I don't have all day to spend trying to get into a game that I don't even know if I will even like. I've played all of the Resident Evil games (big fan) and wanted to give this one a shot since I never got around to playing it based on the reviews it received. Well, those reviews are VERY accurate in how terrible this game is to even ATTEMPT to log in. I can't judge the game play or how it works because I couldn't even LOG IN. So, for anyone attempting to try this game...Good luck and I hope you make it farther then the Main Menu.",1239,0,1,0,2,0,2019-03-14,2019-03-14,0,21,1443,22
OH MY GOD BRO THIS GAMES SO GOOD! YOU GET TO BE LIKE... SPEC OPS SOLDIERS FOR UMBRELLA AND YOU WEAR LIKE COOL GAS MASKS AND GEAR AND YOU GET TO SEE HUNK LEON AND CLAIRE DO... STUFF!!! IT'S SO EDGY AND COOL AND YOU CAN'T GET IT ANYMORE!! LMAO,241,1,1,0,1,1,2019-03-11,2026-04-08,477,83,877,877
"I don't think the game itself is bad, as most have said in other reviews. In terms of Resident Evil, it gives some additional story between RE2 and RE3 but nothing too serious. The game wants to be fast paced, but the movement is a little sloppy and some animations take way too long to recover from (like dodging). Combat itself is okay, it's something you would see in a generic 3rd person shooter. The game's story is super short, and it was intended to be something that would be replayed frequently. The DLC does add a bit more time to it, but both campaigns can be beaten in under 4 hours. I recommend it for anyone who enjoys shooting up hordes of zombies, and anyone who isn't going to take the Resident Evil title too seriously. It's a spin off and development reflects it.",782,1,1,0,0,0,2019-03-11,2019-03-11,3306,181,478,478
"- Changed my review from negative to positive -
Good game. Finished it multiple times since it came out in 2012. Clunky, yes, but easy to play. Easy as in you can play it for 5 hours and not even realise it. Only reason I give a negative review is you MUST have a Games for Windows Live account, and GFWL is absolute is garbage. Because of this, the lag. Oh God, the lag. Makes aiming an absolute nightmare. Do yourself a favour and buy this game on a console. 6 hours in on the Steam version and I've given up. I've finished it on hard mode on both PS3 and Xbox 360 with all achievements and have had zero problems. Why does Steam still support games that need GFWL? That service is dead. No longer supported. Steam should refund games that need it because they run like sh!t. Inferior product compared to the console version. 
- Edit/update: found a site that lets you download a .dll file and once you put that file in the game's folder, it skips the GFWL sign-in and lets your play offline which then negates the lag.",1021,1,1,0,0,0,2019-03-10,2025-06-25,0,114,472,472
"Good game, fun with friends but the gwl ruin everything i wonder why capcom didn't cut it or make a steam version of this game.
You need the GWL to save your game, as long the game need GWL  i can't recommand this game sadly  :'(",229,0,1,0,1,0,2019-03-06,2019-03-06,0,13,782,781
It's ok.,8,1,1,0,2,0,2019-03-05,2019-03-05,138,2,483,483
Anything to do with GFWL ruins the game. It is a great game btw,63,0,1,0,8,1,2019-03-02,2019-03-02,0,14,137,137
"As much as im a slut for Resident Evil and the story behind this game, its just not very good. the game mechanics are kinda annoying, control suck and the bots are stupid. feels like oblivion all over again. then you get into the games for windows so online is dead. its a good story and good graphics but thats really all i enjoy about it. if it wasn't outsourced i think it could have been an amazing game and i just want to note that Slant Six Games have been working on phones games since this. All im saying...",515,0,1,0,3,0,2019-02-23,2019-02-23,0,21,962,115
Cool i didn't want to play this anyway...  Does not work anymore because of Games for windows live. Sad since i liked this game on xbox when it came out some years back.,169,0,1,0,0,1,2019-02-22,2019-02-22,227,20,356,266
"Hello everyone.

Most of the time I don't write reviews but I think Operation Raccoon City is underrated. I have to admit I like every Resident Evil game and so I like ORC too. It is not a bad game in my opinion. Of course it is just a spin off and not canon in no way but it is fun. I like the characters on the USS side and the Spec Ops mission. I like the voice acting on both sides and the way you level you character and buy weapons. I don't think the game is to hard. Some enemies are bullet sponges but there possible to kill every time. There is enough ammunition in the game and you never run out of it. There a special weapons on the way you can always pick up other weapons. I like that you see the USS side of Resident Evil 2 and the g virus story. For me it is fun to play on the other side. I mean I like the fact that you play the USS it is refreshing to see the Umbrella side. I don't wanna spoil anything. It is a third person shooter and I think it is a good one. I played four times already trough the campaign and I even found players to play the campaign. If you wanna feel like a bad Umbrella person buy the game. The only thing I would say is a little bit well annoying is the pistol play. If you shoot your pistol your camera is shaking like hell. I think some people could get motion sickness from it. Sometimes it's to much camera shaking but everything else is nice. I like the game and I think you should give it a chance.",1450,1,1,0,0,0,2019-02-20,2019-02-20,0,8,1711,1237
6/10,4,1,1,0,1,0,2019-02-14,2019-02-14,0,2881,5,5
"Game's story is very interesting, playing as two sides, Delta Team of Umbrella and Spec-Ops of US Military. Missions that you complete will be pretty amusing from story perspective. Graphics are pretty fine too, considering it's a game from ancient times now. Resident Evil series have lots of zombie types at disposal, this game's lack of variety of zombies is bit disappointing. But probably one and most important issue about this game would be it's sloppy gameplay. Thou storyline itself is interesting enough, gameplay feels bit too stiff. Such a shame this game's non-canon and gameplay's not so very attractive. But it's not that bad of a game to try out. Would cost around 8 hours to finish at average.",710,1,1,0,0,0,2019-02-12,2019-02-12,56,2,489,40
"People have said that the game doesn't work, not for Win 10 that there's no fix. LIES! There are tips and help all over. https://steamcommunity.com/app/209100/discussions/0/1291817208504285845/ ,here's one now.

The Games for Windows thing is a bit clunky and once you get by it, it'll work without fail You need a Xbox Live (Not sure if you need a active sub though) account for starters, once you sign in something should pop up on your desktop to confirm, that's for a update to the Games for Windows. You might have some troubles getting it working, but like I said once you get past it it'll run just fine, surprisingly there are people still playing. Remember there are loads of help on the web for fixes to get this running, that's how I got mine going.

Modding community is a little low, wouldn't mind more modder's, but in the meantime I hope I brought some people access to the game. I hope to see more people playing this again.

Lemme state; that NOT everyone is gonna find this useful but it's something.",1018,1,1,0,14,0,2019-02-11,2019-02-11,0,9,155,154
"Fun game. Vector is such a badass, 8/10 I'm installing it again after a long time",81,1,1,0,3,1,2019-02-10,2019-02-10,310,27,871,871
Its not very good.,18,0,1,0,1,0,2019-02-10,2020-04-08,489,150,353,311
unplayable crashes every time,29,0,1,0,0,0,2019-02-09,2019-02-09,716,6,46,46
"Here's a Totally Objective Review of the game: https://www.youtube.com/watch?v=WHLZdjwewHw

(10/10)",99,1,1,0,0,0,2019-02-09,2019-02-09,7320,320,144,144
"This game was pretty disappointing when I bought it for PS3 when it first came out, but I've got to admit, it's pretty damn fun on PC. The controls, while not amazing, certainly aren't bad or unusable. Likewise, the graphics, while not groundbreaking or anything, have aged surprisingly well. The characters, story, and premise are surprisingly awesome. I think it says a lot about this game that, while it's far from my favorite RE game, I really hope they find a way to incorporate the characters from it into the RE2 remake in some way. They've got a surprising amount of personality and help add a face to the otherwise uninteresting USS (HUNK excluded of course). The fact that there are still mods to add these characters to other games all these years later (the most notable of which is the XCOM 2 mod) says a lot.

My only real gripe about this game is honestly the fact that they came so close to making it canon. If they'd just held off on the fan-service a little bit more, we could have had an awesome addition to the mainstream RE universe. But instead, we're going to have to settle for an interesting alternate take on the events of RE2 and 3. This is of course unless Capcom decides to incorporate Wolfpack into the RE2 remake in some way (I mean, they used the ""Home of Umbrella"" sign that this game added, so I can hope).

Wait for a sale, get it with some friends and enjoy some fast-paced co-op in the RE universe.",1435,1,1,0,2,1,2019-02-04,2019-02-04,0,149,1046,603
"Lots of people don't seem to enjoy this game for various reasons.. But I did enjoy it!
It's a cool way of having an 'alternative' view on the events during RE2 & RE3: Nemesis and the role Umbrella plays in the whole Raccoon City incident. Some beloved Resident Evil characters will make a cameo/play an important role!

Only downside I found: 
The game does use Games for Windows Live (which is a pain in the ass). I was not able to log into my account, meaning I was not able to save the game/play online. The latter, however, would be recommended. 
Although the main story game only takes 3-4 hours (single player/blind playthrough), some of the enemies (human AI, not zombies) have a ridiculous damage output/aim compared to your team AI (who often stand in the middle of the room collecting bullets with their bodies), which makes playing this game alone quite frustrating at times.

If you get the game, and you're not able to log into your GfWL account/play single player, get it when it's on a discount.
For the full price, eh..",1035,1,1,0,6,1,2019-02-03,2019-02-03,0,8,554,521
"Game is OK i would say
Coop is still there
Characters have different classes with different abilities with different special moves with different appearances (alternate costumes are just reskins of the same outfits) 
Seen more players then in RE5 
Main Menu Lags when logged into GFWL 
GFWL needed to play online 
Versus mode is as i expected LAGGY 
[spoiler] no unlockables (except for gallery) [/spoiler]
STORY
[spoiler] the ending is really badly made for the USS part of the Story u gotta make a decision and get teleported to a warehouse where u fight the ppl that were standing right next to you but now they are at the other side of the map for no reason maybe start a fire fight where one team retreats?.
The Echo Six ending was pretty good and like most Resident evil Games would have ended with a last boss battle against a Tyrant and that one is Unique since it never appeared in any Resident evil Titles [/spoiler]
I also dislike how Jill looks like they should have kept her appearance as it was in RE:Archives ((Remake)Remaster) or in Umbrella Chronicles. But this is something that never stopped annoying me since RE5 when she went blond.
Wouldnt recommend it for 28 € but it goes on sale for a good amount so you should buy it then.",1248,1,1,0,1,0,2019-02-03,2019-02-03,2267,102,1495,497
★ ★ ★ ★ ★,9,1,1,0,2,0,2019-02-02,2019-02-02,926,143,663,158
Runs fine on windows 10 dont know whats up with some people,59,1,1,0,0,0,2019-02-01,2019-02-01,545,151,776,174
"CAPCOM, hurry the ♥♥♥♥ up and port it to Steamworks.  This game has such a fun multiplayer.",91,0,1,0,0,0,2019-01-31,2022-04-16,744,174,900,885
"a fun multiplayer game (with almost no player online any more)
a ♥♥♥♥♥♥ up campagin game , i wished this game never had RE title on it 

and of course u cant run it on windows 10 , don tyy",188,0,1,0,0,0,2019-01-28,2019-01-28,118,17,4059,4032
"The game is cool.It runs smoothly in a over-normal PC , the zombies with Lickers give some fear. Try to kill those things...",124,1,1,0,1,0,2019-01-23,2019-01-23,0,12,1325,1175
"Almost holds up to launch era fun, it's nice being able to shoot AND move. If only Umbrella Security Service was this alive.",124,1,1,0,0,0,2019-01-23,2019-01-23,0,85,961,554
"Ran fine on windows 10 with a bit of work, Only Echo Six has real ingame value. The weapons are fully unlockable in game, but if you're lazy and want them quick, here is a warning, don't buy the individual weapon packs, currently 1.99 USD, instead buy the ""Complete Weapon Stash"" for 4.99 and save yourself three dollars. 
Purchasing all DLC or the ""Resident Evil: Operation Raccoon City Complete Pack"" buys all guns twice for a total of 13 dollars.
Overall, the amount of effort spent to get the game running, and that the AI doesn't use exp and abilities bought during solo play really forces the player to carry the team. The missions are of average quality, and feel somewhat tense since you are often low on ammo because your opponents can live through multiple Anti-Materiel Rifle rounds to the head. I'd reccomend it for 5-10 dollars, the DLCs beyond Echo Six are a waste of money.",888,1,1,0,2,0,2019-01-23,2019-01-23,0,9,39,39
It's RE and SOCOM if they had a kinda ugly but fun baby.,56,1,1,0,6,4,2019-01-22,2019-01-22,0,65,1073,151
"I see reviews about this game being ""unable to play on windows 10"" and that it ""still uses"" GFWL.... guys, it's a 7 year old game. for it's time it was a great action-oriented resident evil game. and i don't know wwhy people are having issues on windows 10, i have it and play it perfectly fine on windows 10. Honestly, if you're just looking for a fun zombie shooter that you can play with friends, this is definitely a good game to buy on sale. I do not believe it's still worth 30 bucks, but it occasionally goes on sale for like 10 bucks.",542,1,1,0,15,1,2019-01-20,2019-01-20,1560,9,320,123
havent even played the game cuase it wont work so i wasted a lot of money on a game that wont work thats just wonderful,119,0,1,0,1,0,2019-01-19,2019-01-19,0,1,7,7
"It's an okay game. Most disappointing that this Resident Evil isn't actually canon. Damn! These guys are badass though. You're looking at a Resident Evil with third person (Ammunition wouldn't be scarce, green herbs are practically everywhere. That's easy for you? Keep in mind there are armed NPC's wanting to kill you, health is lost extremely fast and not to mention the quick buttons you'd have to press to avoid death, just like a usual Resident Evil game) now for the story: going to say it's Raccoon City (takes place between resident evil 2) and you're playing as umbrella team members. (No more spoilers)

Pros 
+game provides excellent frames for older PC's 
+go with a group of umbrella NPC's. You're not alone in a resident evil this time 

Cons
-controls may take some time getting used to.
-multiplayer is pretty much dead.

Fact: RE:ORC came out for Xbox 360 and PS3

Recommended.",895,1,1,0,1,0,2019-01-18,2019-01-23,0,41,54,52
"Enjoyed it while it worked. Games for Windows Live Broke my game fix it or refund me. 

One pro,

The cinematic for the game is cool.",133,0,1,0,0,0,2019-01-17,2019-01-17,797,9,2304,2302
game doesnt start. theres no real work around for this so far.,62,0,1,0,2,0,2019-01-11,2019-01-11,0,26,5,5
"Great game with some bugs and sponges bullet impacts unfortunatly. A difficulty who just add more health to the ennemies instead of tweaking other things, like more AI spawning. The characters are quite enjoable. The PVP is fun when there's enough people. If you like RE go for it.",281,1,1,0,2,0,2019-01-11,2019-01-11,420,14,1128,1128
I remebered playing this game on my Xbox 360 back in the day and actually really enjoyed it.. That was until I recently bought it on sale and try to get the nostalgic feel an d that was a mistake. Not only do you have to use Windows Live which for whatever reason took me a while to set up and get into  the actual game but I also realized how bad this game was. It ruined the nostaliga I had for this 4-playter coop RE game and only reminded me why everyone hates this game for the massive ♥♥♥♥♥♥♥♥♥ it actually is.,516,0,1,0,0,0,2019-01-11,2019-01-11,875,15,57,57
"Where to begin with this steaming pile of ♥♥♥♥♥♥♥♥.

I want to start off by saying I actually PRE ORDERD this pile of poo poo back in 2012 when it was released. NEVER before had I been more dissapointed and frustrated with a video game like I am and was with this one.

Gameplay: 
Good luck trying to find anyone to play this with online. Unless you can talk your friends into wasting THIRTY DOLLARS on this pile of garbage, you will more than likely play the campaign missions solo. The AI are some of the worst in any game I have ever played. They offer no help whatsover as they are constantly running into enviornmental hazards or dying every 5 seconds. The enemies are BULLET SPONGES. How many shots to the head can a HUMAN enemy take before they finally perish? According to RE: ORC its about 20. No joke and the zombies are even worse. The controls are clunky and broken (just like the rest of this damn game). I remember back in 2012 when you could actually find a multiplayer match people would spam the melee button whilst trapping you in a corner. Every time you are hit with a melee attack your character stumbles...leaving you helpless and waiting to inevitably die. 

Story: 
This goes without saying. The story is garbage and the characters are some of the most forgettable in RE history. (Worse than STEVE FROM CODE VERONICA) The advertisments that were originally airing for this game made it seem like you could potentially change RE lore by killing off important characters. You run into Ada Wong, Leon Kennedy, Claire Redfield, Nicholai, Nemesis, William Birkin. Not one of these characters can you actually kill (with the exception of Leon at the VERY end of the main campaign...and when the final cut scene begins we already see Leon dead. The scene ending with a black screen and Claire being shot off screen) The motivations for Umbrella's ""management"" is so out of touch with the original source material and jump around from being on your side to not being on your side its like the writers didnt know what to do so they just shat on a paper and called it a script. The whole game itself can be completed in less than 4 hours as it was cut in half for DLC. I get this is a spin off and probably not considered canon but there was so much potential and Slant Six just didnt give a ♥♥♥♥ when they developed this game. It was obviously a cash grab.

DLC:
Don't waste money on this. Period. The levels are literally the main campaign missions IN REVERSE with some multiplayer maps mixed in to ""add some variety"". 

I wont even get into how ridiculous it is that this game cannot run without Games for Windows Live. My rig has no problem running it but I know its a huge issue for other users. Steamworks needs to be added to this game. 

I played the hell out of this game back when I was a lad and recently played it through again to try and hype myself up for the upcoming RE 2 reboot. This game left me nothing but angry, frustrated and questioning why I wasted 30 hours of my life revisiting this piece of ♥♥♥♥ game. 

I am a DIE HARD RE fan. And even then I would seriously warn anyone from wasting time and money on this game. Its such a dissapointment and just ♥♥♥♥ stain on the RE name. I'm getting worn out just typing this. Please for the love of god don't play this game and give the developers any more money for this sorry excuse for a game.",3376,0,1,0,4,4,2019-01-11,2019-01-11,444,15,1837,750
"Pretty decent idea, lack of intensity but interesting side story, perfect for people who are not close with the whole story.
No recommended if you are loocking for something that has an impact on the actual story.
recommended if you just wanna shoot zombies in the head.",270,1,1,0,0,0,2019-01-10,2019-01-10,85,2,327,292
"This flaming piece of poo runs at a whopping 15- 20 fps on a fairly modern rig .
(i7 7th gen, gtx 1060 6gb and 16gb ram) this and the fact that you cannot save in the game because Games for windows is a ♥♥♥♥♥♥♥ retarded platform. Please, good sirs and ma ´ams at steam, release me from this agony.
(Ps the six hours logged is notactual gameplay.) 
I tried to lower settings and ♥♥♥♥ but ultimately failed... left the computer enraged,to go eat until i was happy again.. It didnt work.. Unfortunately i left the piece of ♥♥♥♥ running in the background... Thats on me i guess...",576,0,1,0,0,0,2019-01-10,2019-01-10,155,3,567,75
"Don't understand the hate for this game. I was worried even at 4.99 I was wasting my money because of all the bad crap I have heard about this game. None of it is true. Sure it's not a GREAT game, but it's been a blast for me and my girlfriend and friends to play. I think that's the main thing solo this game probably sucks. Co op with friends and loved ones? Man it's a blast. I have over 20 hours into it now, I'm sure I'll have more. I paid 4.99 for it. Can't beat it. Full controller support too! Love it.",510,1,1,0,5,1,2019-01-08,2019-01-08,0,12,1726,1398
"No coop online...
needs to use games for windows live that doesn't work anymore :D
When the game get fix and the co-op works again will change to a positivite review.",166,0,1,0,1,0,2019-01-07,2023-05-02,525,33,299,299
If your friend gifts you this game just dont just dont,54,0,1,0,2,1,2019-01-06,2019-01-06,0,8,57,57
REMOVE GFWL,11,0,1,0,3,0,2019-01-06,2019-01-06,0,33,639,41
"Hey Slant Six Games, how about you ♥♥♥♥♥♥♥ add Steamworks, you're only two years ♥♥♥♥♥♥♥ late on that. GFWL is a ♥♥♥♥♥♥♥ garbage fire, 50 magnitudes of awful greater than this game, time to move on from such antiquated, unnecessary platforms.

Additionally, I was wrong, it's less effort than installing DSFix and tweaking it so DS1 works on PC, it requires uninstalling all instances and related programs of GFWL, including the redistributable and then reinstalling it.

After that, you need to launch GFWL and then ORC, otherwise it instantly crashes. GFWL will launch anyways, but only after 1-4 launches of ORC. Rarely you'll get it to work on the first try, but it does happen.

The game itself is not worthy of the hate it gets. Main Menu is unoptimized to all hell until you move off it, then it's smooth as a river, and some areas of the game's levels are fairly unoptimized as well.

Hitboxes are a tiny bit iffy, so expect to act like all geographical hitboxes are square-shaped, with all entity hitboxes being restricted directly to their models.

The AI is somewhat mindless and at times there is no way to direct them forwards, as they can get stuck in cutscene-specific pathing commands given to characters such as Leon. They can't revive one another, or if they can, I've NEVER seen them do that, and they can use grenades

Some areas (such as the Licker Garage) have no objectives and are often confusing to proceed out of, the simple key to this is to literally just kill everything that moves.

Also if Voice communication is essential, it should be defaulted to an ""on"" position, regardless if this is a GFWL-specific setting and not on the game, hence, REMOVING IT is the solution.

Playing with others is fine, but if you can't communicate what option you're choosing in the final battle, to kill or defend Leon, you end up with mix-ups and confusion, the option to choose either should not timeout, and it should default to whatever most chose anyways.

Other than all this, however, the game is a total blast. It lacks an effective quick turn (The mode where you take out your pistol and aim sorta like RE1-style, can be utilized as a quick-turning mechanic) however, leading to moments where it literally takes ten seconds to do a 180.

Add other people, and honestly you have a game I might rate higher than RE5. MIGHT, if all the above flaws were fixed, I'd recommend the game without a second thought.

Is it Resident Evil? Yeah, ♥♥♥♥♥♥♥ of course it is. It is Survival Horror? Sorta. The game also has some fantastic atmosphere outside of the umbrella lab level you play in the first chapter of the game, which has this fun, bombastic track that sorta ruins any atmosphere, but after? I'd rate it close to RE4 actually in terms of sound design of said atmosphere.

Here's how you make this like a classic RE game: allow all weapons to be individually upgradeable, give us a mode to play alone, reduce accuracy of all enemies based on difficulty. Boom, easy.",2985,0,1,0,14,3,2019-01-05,2019-02-04,0,236,701,556
"Crap, crap crap and crap some more.  The bad reviews are ALL dead on target.  This is not even good on sale.  You have to dowload and install microsoft live in order to save and run.  HELL NO.  DO NOT BUY.  30 minutes into game i was done.  I was thinking about still playing an hour after microsoft live was still updating on my computer, rebooted, reloaded, redownloaded profile i wa already LIVID that it took this much time.  Then to get into game and the AI and shooting at air with zombie right in front of u, controls a nigtmare, then the crash came.  That was it done.  DONT BOTHER",589,0,1,0,2,0,2019-01-05,2019-01-05,506,318,54,53
"reinstalled and it won't launch as many people are saying.  Wasn't too bad of a game, but don't buy it if it won't launch on steam.",131,0,1,0,0,0,2019-01-05,2019-01-05,1140,134,141,141
Very different from others Resident Evils but not even close to be a good one.,78,0,1,0,0,0,2019-01-05,2019-01-05,287,10,20,20
"Good premise/ideas that were executed poorly. First of all the gameplay is clunky -obviously designed almost exclusively with consoles of the time in mind-, cover only somehwhat protects you from bullets making it almost useless, playing on the second hardest difficulty is not very fun as its just a you take more damage and enemies have more health with no real change to ai such as Halo reach and Halo combat evolvled had actually making it fun and rewarding to overcome challenges, friendly ai is decent sometimes but still rather dumb as its constantly running into my bullets or out in the open when theres 5+ enemies only a few feet away shooting them with smgs and shotgun, it runs with GFWL so thats a huge minus as I cant even play with other people as it never signs me in online and I have to click the same 3 messages for it everytime I start the game up. The games story is noncanon which doesnt bother me but it wouldve been much better if they changed some things to make it canon along with resi 2 and 3 ending with the characters dying at the end or something of that sort. Im not a good reviewer but I felt I had to write this as the combat and poor design really brings down what would otherwise be a dumb fun game.",1235,0,1,0,4,1,2019-01-04,2019-01-04,0,9,173,173
"Has any one really found a way to run this game on Windows 10? PLease describe how to do it. Would appreciate very much.



Jafdave",131,0,1,0,28,2,2019-01-04,2019-01-04,0,2,6472,4676
"This game could have been a good game but it lacks in so many areas. First the gunplay is clunky at times. They can feel inacccurate and completely broken. One of the keys that made RE:4 great and the following games decent was the good gunplay.  The guns in those games feel precise and they can be used effectively as enemies react to almost every shot. Another issue is that the enemies are really poorly done. Headshots are bugged as hell and seem almost random and they are the worst form of bullet sponges. Thats before you get to the BOWs. They flat out kill the game at times. They are stunlocking hell to fight and honestly it hurts seeing one of the best parts of the RE series just ruined. This is the culmination of the horrible 3rd person action shooter path this series was on before 7 came out. Ammo is so plentiful and honestly if it wan't the bullet sponge hell would be unbearable. This is before the fact that that it STILL incorporates GFWL. Honestly if they made this game more accurate to RE:5 it would have been a good game but sadly this is a horrble entry into a series that was at the time declining heavily.

3/10",1140,0,1,0,1,0,2019-01-04,2019-01-04,561,22,292,292
Idiotic to sell a game that doesn't play on Windows 10.,55,0,1,0,20,6,2019-01-04,2019-01-04,0,2,5,5
Don't buy this dumpster fire.,29,0,1,0,3,1,2019-01-04,2019-01-04,355,8,517,517
Uh. It's a game. I guess. It still uses GFWL. Online is as dead as I wish I was.,80,0,1,0,15,35,2019-01-04,2019-01-04,0,26,386,386
WORKS FINE IF U ARE NOT A ♥♥♥♥♥♥,32,1,1,0,14,5,2019-01-03,2019-01-03,342,6,1588,420
just dont buy really terrible pc port,37,0,1,0,1,0,2019-01-03,2019-01-03,215,35,28,28
"It was either this or RE4, i couldn't get RE4 to run without going to a black screen.

Edit: god i take this back, i managed to get re4 running perfectly but i tried to play this game and wooooo boy. I liked this game back when it released but nowadays i cannot understandf why i liked it.

Operation Raccoon City on Steam requires GFWL which from what i remembered hasn't been supported for sometime now and it is such a pile of ass to get working on this game, once you get it to work a new game begins, you start  in a shootemup world of resident evil where Umbrella Corps and Resident evil Outbreak had a child. nothing more.",629,0,1,0,0,0,2019-01-02,2019-01-09,2040,59,124,124
"While the game has an unprecidented amount of hate, I actually found the game to be quite enjoyable. Alone, this game can be a bit of a haul trying to defeat the Spec Ops in some of the missions. However if you're able to get a group of your buds to join you in either the story, or in versus to kick some ass; it can be an incredibly fun time! Come on, who wouldn't wanna take a trip to Raccoon City and clean out the streets of tyrants and other T-Virus infected suckers? For the price of the complete package, it is well worth it; especially since it's on sale!",564,1,1,0,10,0,2018-12-29,2018-12-29,0,45,675,608
"I thought this game isnt that bad and that the reviews are to critical, boi i was wrong. This game is legit on of the worst games i have played in a while. The story is bad, the gameplay sucks you take so much damage while enemies seem to take a full magazin and not even flinch if they get hit, kt feels like you are shooting with air. This game still requires GFWL wich is bad in every way, the is filled to the brink with bugs. In all honesty ive bought this game for sale for less than half the price, i couldve bought a bigmac and would have had a better time with it. If youre either a die hard resident evil fan or have 4-6 hours to waste and this is something you could try, for everyone else stay away from it please.",726,0,1,0,3,2,2018-12-28,2018-12-28,439,3,500,500
Decent game but it is VERY short. It's like 4 hours so only purchase if it's on sale for $6 or $7.,98,1,1,0,2,1,2018-12-28,2018-12-28,0,14,407,159
"This game is trash, dont buy it.

Still uses GFWL have fun trying to get this game working.

This game is a buggy mess, you will probably have to reset this game multiple times because either the A.I stopps working or a script will not work out correctly.

Enemy´s you shoot at will not react to bullets giving you the impression you shoot with nothing but air.
This game aint worth your money, dont waste it.",409,0,1,0,42,2,2018-12-28,2018-12-28,318,9,388,274
money back please.,18,0,1,0,2,0,2018-12-27,2018-12-27,0,18,128,128
"make a game that actually ♥♥♥♥♥♥♥ works, if i go through one more ♥♥♥♥♥♥♥ session of trying to log into a windows live acc. being told i have to make one, signing in, and then just being told i dont have a live gamertag, and then not being able to make one its a serious ♥♥♥♥♥♥♥ issue. im sick of it. wamt a refund if necessary",327,0,1,0,3,0,2018-12-27,2018-12-27,0,10,147,14
"DONT RUN WITH WINDOWS 10 AND YOU CAN NOT SAVE THE GAME  without Windows Marketplace and when you update Windows Marketplace to save your game, crash it! ♥♥♥♥ THIS ENEMEY GAME to customer.",187,0,1,0,45,13,2018-12-26,2018-12-26,741,47,32,32
It has that bureaucratic Windows Live piece of ♥♥♥♥,51,0,1,0,5,0,2018-12-26,2018-12-26,0,20,227,94
"The game itself in my opinion is fine. The gameplay lacks intensity and is stale at times.   The major downfall on getting this game is that, like so many reviewers state,  you have to have Game for Windiws Lives.  Once you do have GFWL going  its  a long process.  Overall the game itself is good but lacking in the replayablitiy factor.   I give this game a yes as it does have some good lore and tie-ins for the cannonical games. For the ones that have purchased the game and cant get the game to play heres the links to get it working and playing. 

1. gfwlivesetup.exe - https://www.microsoft.com/en-in/downl...

2. xliveredist - http://download.gfwl.xboxlive.com/con...

3. wlsetup-idcrl - https://www.microsoft.com/en-in/downl...

Dont worry if you have the client already it will update with these links.

REVISED:  I understand these are shortened but will try to post the full links asap",897,1,1,0,67,5,2018-12-24,2019-01-28,0,1,99,88
"aside from enemies being bullet sponges in any difficulty, some questionable plot directions and some framerate issues (not that bad), this game is pretty fun even on solo. Pure fanservice and quite nice voice acting, good for RE fans or just anyone looking for a shooter to waste precious time.",295,1,1,0,13,1,2018-12-24,2018-12-24,820,15,3119,1269
Loved it... I wish it wasn't dead. D:,37,1,1,0,7,2,2018-12-14,2018-12-14,865,21,542,542
"The game will not boot properly on purchase, Steam cannot (or will not) fix this issue ensuring that the title requires you to invest more than just your dollars into playing it but even then its myriad of technical issues, control scheme nightmares (ESC will not move you back a screen like it normally would, its only Backspace like this game was designed by a strange human PC gamer subspecies from a divergent universe), and non-functional matchmaking (despite there only being five people playing you're still lucky to matchmake with one of them, the other three are a herculean task the game just isn't up to doing.) Its not a cute or fun kind of broken, its the kind where if you paid $30 for this that you should file a complaint with the BBB and tell them Steam is peddling war crimes in a box.",803,0,1,0,12,6,2018-12-13,2018-12-13,970,197,42,42
"LIke my partner-in-crime said: ""if you explained Resident Evil to someone who doesn't know what RE is and gave them very limited funds to make a RE game, this is the result.""

It's RE only in name.  But that's not why it's getting a negative review (I'm not a RE fanboy and it's a negative before it's not canon...).  It's receiving a negative because it's straight up a bad game.  Poor design choices, clunky and weird controls, bad weapons - overall WEIRDness.  Take RE out of the name and you'd still have a very poorly created ""tactical"" ""shooter"".

The ABSOLUTE worst part about the game is Gaming for Windows Live.  Why does this tie-in still exist?  The first hour-and-a-half were spent simply trying to get the game to RUN with this crappy, nonsense program.  THEN working on getting coop to work.  Even if the game were GOOD, I'd still give a negative based on the inclusion of GFWL.  No questions: terrible.

We're going to finish it, because we are sadists, apparently.  My review MAY change upon completion, but given Capcom's track record and how much of a headache the first few hours of this game have gone, I doubt I'll need to update much.",1156,0,1,0,8,1,2018-12-08,2018-12-08,0,131,218,135
would be ok if not for win live. it's like the co-op from revalations.,70,0,1,0,12,0,2018-12-04,2018-12-16,6870,826,28,28
oh hell no i tryed this game for like 50 mins and then it would not play after so any of my friends of think of get this game  plz look in to it at les,151,0,1,0,2,2,2018-11-28,2018-11-28,0,50,374,50
"This game sucks balls.
You have to log to Windows Live to save your progress. 
DO NOT BUY THIS!!",96,0,1,0,7,0,2018-11-27,2018-11-27,0,45,642,267
Game is alright spend 90% of your time trying to find another person that plays the game.,89,1,1,0,0,2,2018-11-27,2018-11-27,379,162,3427,2565
"I wish I could give this game a thumb up, but it is just a mess because of the bad XBOX Live implementation.

First of all, what you need to know: This game is best played in coop with up to 4 buddys, Left 4 Dead Style.
But to simply invite your friends to your game would be too easy, right?
So even to start the game, you have to do some special requirements (Guides available on Steam) AND after that,
you are not done, because you can't just play onlie, you have to do other stuff, like open special ports and
f*ck around with XBOX Live.
All in all, it took me 4 Hours to finally play the game coop with my friends, almost as long as the main campaign of this game :p

Why do I still want to give this game a thumb up? ... to be honest, I don't know.
Maybe it's the charme of the game, maybe the fun we had in coop.
The game is so badly designed, it's always funny to laugh about it and actually, the game uses some nice ideas.

But to get you prepared, what awaits you: Enemies with Instant Aimbot, Bulletsponges, Silent Cutscenes, Copy Paste Boss Enemies, Boss enemies you can take control with one of your special abilities (So broken!), Bad Voice Acting, A Russian Umbrella Dude with a Snail Mask, another Evil Russian Dude walkting towards the camera in front of an explosion in slow motion, Broken melee combat, funny game controls.

So now to the nice stuff: 
This game is a full package of Resident Evil stuff. You will see so many iconic faces and enemies in this game that you will think every 30 minutnes ""♥♥♥♥♥♥♥♥♥, this dude is here?!"".
I like the Zombies in this game, their movement looks good and they are actually dangerous (Not as completly broken as the enemy Aimbot Soldiers)
You got 6 different Characters to play, each one with their own special abilities and some of them are surprisingly innovative. You get your typical Medic, Assault and Explosives Classes, but also a stealthy class, then the king of the minimap with a more detailed map and better vision modifications and of course my personal favourite class, the Scientist, who can take control of up to 5 Infected Enemies, even the toughest of them and also Minibosses. This is so gamebreaking but also a lot of fun :D.
Each class got 2 passive and 3 active abilities, so there is more you can get for each class.
You can also choose your favourite weapon loadout and there is a lot to choose and even more, if you got the dlc bundles.

The Difficulty of this game is insane in my opinion. On the highest difficulty the enemies take your whole ammunition to just kill one normal soldier, or 5-6 Headshots with a Sniper Rifle. Some Boss Fights can take up to 10 minutes. But thats only at the higher difficulties we played at. I would even recommend playing on easy for the most satisfyingly gunplay (headshots actually kill the first shot!)

I love the ending of this game and I won't spoil it for you. It was really surprising and works perfectly in a coop game, where your buddys don't have the same opinion as you have ;)

There is also a second campaign with different characters, but same classes. I only played the first chapter, because it is free and the rest is DLC. The length was insane compared to the Main Campaign, but I think it was because of the difficulty (Recommend time to finish 30minutes, we took 70minutes, 20 minutes alone for the Boss fight).

So all in all, a ""Funny because it's bad"" - Coop Experience, which can work well, if you are into that kind of stuff, but BEWARE the Struggle of actually getting this game to work!",3535,0,1,0,1,0,2018-11-27,2018-11-27,0,45,2136,1042
"Why can't this game be like Resident Evil 5 ?
WHY THE ♥♥♥♥ DO I NEED TO REGISTER O WINDOWS LIVE IN ORDER TO SAVE MY PROGRESS ?

Instant pass for me.",148,0,1,0,1,0,2018-11-24,2018-11-24,0,13,6,6
"The game will work at first but then later on it stops working, you won't be able to start the game and I noticed they rarely update the game or try to fix the problem.",168,0,1,0,1,0,2018-11-23,2018-11-23,0,2,59,59
This Game Refuses To Work,25,0,1,0,0,0,2018-11-22,2018-11-22,326,32,19,19
"Couldn't play the game properly because my fps stayed below 20 regardless of my graphics settings. Since every other game I have runs fine, I will not recommend this to anybody. Even if there's a solution, I should not have to look for it online just to play a game I just purchased while it had no indications of having such issues.",333,0,1,0,4,0,2018-11-21,2018-11-21,0,18,41,41
When it works its a fun game that gives the Raccoon Saga of Games a tiwst. However my friend and i tried to fix the issues with the pc version and the game is impossible to start up.,182,0,1,0,0,0,2018-11-19,2018-11-19,0,72,233,233
Won't launch anymore,20,0,1,0,1,1,2018-11-11,2018-11-11,1159,22,1335,951
"Cons: 

-You have to manually update Games for Windows Live 
-You have to use Windows Live if you want to play co-op 
-Clearly a console port 
- Good concept with not so great game 

Pros. 

-Very cool what if scenario in the Resident Evil Universe 
-Co-op is too fun
-Fan service sprinkled everywhere. 

It's average, fun but no where near the monster people claim it is.",372,1,1,0,9,1,2018-11-01,2018-11-01,155,22,3659,672
"You can't play it. Some extra things need to be done. Idk why steam hasn't pulled this game or CAPCOM held responsible for this. if you're a die hard RE fan, its alright, but I can't tell you more all due to me not being able to play this game to its full extent. It crashed",274,0,1,0,3,0,2018-10-31,2018-10-31,0,4,114,114
"I can't even start up the game, it doesn't launch I am super upset because this is the game I always wanted.",108,0,1,0,1,0,2018-10-31,2018-10-31,0,6,2046,15
"My favourite Resident Evil game, in all seriousness.

And also, Vector is the best character in the entire series.",114,1,1,0,6,10,2018-10-29,2019-01-12,984,520,692,692
i have never understood the hate for this game. Yes it is not great and it is not your typical resident evil game its a dumb fun squad shooter set  in the resident evil universe. i love the different abilities that each operator has as well as the drop in drop out multiplayer. Im very pleased to see that this has an active playerbase despite the negativity. All in all if you want a squad shooter set during RE2 pick it up on sale but do not come in expecting a stereotypical survival horror game because this game is clearly not that.,537,1,1,0,28,1,2018-10-24,2018-10-24,541,13,421,268
"Welp, there we go. A spinoff of Resident Evil that went full on action. This time, it's a third person shoter alike many others, but this time it's for 4 players. Also, seemed to be rushed and is quite glitchy. Came out a bit before RE6, was made by different Western studio.

And yea, usual shooter. With automatic cover system and normal humans with normal firefight you have to do, along with zombies that are too slow and weak. And BOWs that are bulletsponges to the point of stupid. Wasting almost every ammunition you have to kill 1-2 hunters? Aha. Humans are kinda bulletspongy too unless you headshot.
You also got melee kills. You can spam melee, you can press Use after melee to do a killing move, you can press Ability after melee to do claracter-specific special finisher, you can hold melee to grab a zombie and use it as a meatshield. No common-items inventory to manage. There isn't anything left specific to RE in gameplay. Aside from green herbs. But this time there is no game around combining different herbs either.

The main feature of this game was supposed to be three sided conflict. You, the evil Umbrella squad, go against the goodie military and there are zombies in between. Some characters have ways to manipulate the infected ones. However, calling it a three-sided conflict is an oversimplification. This is not just three. This highly intellectual game has four sides going for it, alike the 4D Chess that I regulary play with Donald Trump. The fourth side that you also have to fight against in unique way are your teammates AI. They will do everything to screw you up and you will have to suck it up. They will happily run into mines. Seemingly get confused whether they should shoot the enemy or not. Awkwardly rush forward into open space then decide against it and walk back. Stand in spots of fire, taking damage, when there is no combat around. Once upon a time I even had them get standing in the elevator near the end of a game for the majority of the level, refusing to move.

At least they don't pick any health items. You can ressurect them easily too. Even if they are missing a leg or a hand. It's fine man, stand up.

Overall, solo is trash. At least bring friends if you are going to play it. It's not a good game anyway. Because 3 sides conflicts are rare in campaign and versus is dead, so bleh. And it feels unbaked. Missing a lot of animations.

Even plot sucks. You would think that since they are going with ""what if"" scenario on ""what if during RE2 Umbrella and military has awesome forces to pewpewpewpew everything in the Raccoon City"", playing as bad guys too. But instead they work around it awkwardly. Like they weren't doing ""what if"" and rather were trying to add around canon stuff, trying not to step on them. There are a lot of ways that it avoids fun things. Such as scenes happening behind doors. Or scenes that are important to RE2 but would mean nothing to players who only played this way. Doesn't end in a fun way either.

I mean, Umbrella management tell you at one point that ""no one will survive in this city alone anyway"" and then get their jimmies rustled hard as soon as they saw a random policeman on the streets.

Then again, if you are going to buy it, buy the Complete Pack. Because it comes with DLC campaign that is as long as main campaign. This time you play as good guys. But gameplay is much more varied and devs introduce more elements over time, so it passes better. Core gameplay is still too generic and just doesn't feel good.

It's not THAT bad but has very very little to do with what makes REs good and it's not good enough by itself. Still not that bad. But wouldn't recommend to you, clueless people and friends.",3709,0,1,0,3,2,2018-10-23,2018-11-28,0,620,893,893
"An action shooter isn't inherently a bad idea for the Resident Evil series.  That it has been unable to really create a proper one, not counting the shift from survival to action starting with Resident Evil 4, is honestly pretty baffling when you see games like this and Umbrella Corps.  

To keep this review short, I think if you have some good friends, a free evening, and some drinks, you can have a blast with this game.  Much like RE5, and RE6, are built around co-op, so is ORC.  Not that I think this game is particularly good, its just obviously designed as a multiplayer game that allows you to play solo, but it's not a fun time.  The AI isn't that good, the enemies are boring bullet sponges, aiming never feels good, and the story is minimal at best and falls apart at the end despite the idea of dipping into extra-super-non-canon territory.

It's a big skip.  I only got it due to a bottom scraping cheap price, but honestly, if you want just want RE co-op, go get RE5, RE6, or the Revelation games.  They are a better time than this for sure.",1058,0,1,0,0,0,2018-10-20,2018-10-20,0,97,300,300
Horrible,8,0,1,0,0,0,2018-10-20,2018-10-20,0,34,1842,1842
A+ I believe this game is so underrated. I really like this game and as different as it is from the rest of the saga I enjoyed the story and the connection to the rest of the games. I recommend this game but understand that maybe it isn't for everyone.,252,1,1,0,5,0,2018-10-19,2018-10-19,0,9,395,111
Literally not able to play this game anymore.,45,0,1,0,0,1,2018-10-16,2018-10-16,353,1,1008,559
"Took me 10 minutes to origionally fix the issue with GFWL, next day i try to play it and is impossible again. Youre game wont save unless you have a GFWL account, dont bother its ♥♥♥♥ and repulsive.",198,0,1,0,5,0,2018-10-10,2018-10-10,562,9,118,118
"~I actually would recommend this game but there are a a few pros and cons that need to be made before buying this game~

(my opinion may be a little bias seeing that I own all the RE games on the original platforms they came out on and enjoy almost all of the)
1st(CON). This games story isn't there at all
2nd(PRO). Alot of references to other RE games and it is fun to see it littered throughout this game
3rd.(CON) I haven't had any but a few of my friends have had problems connecting to games with windows live making it hard to play online 
4th(PRO). Even though this games ""story"" sucks but the gameplay is surprisingly fun 
5th(PRO). You get to play as umbrella
6th(PRO). Replayability is a high with this game 
7th(CON). The characters in this game are pretty bland",774,1,1,0,1,0,2018-09-30,2018-09-30,0,6,1125,996
"I don't see a reason to hate this game, sure it isn't ""lore friendly"" but it was never advertised to be so, it's a fun little spin-off with the thought process of ""what it umbrella was compitent""",195,1,1,0,0,1,2018-09-28,2018-09-28,685,19,42,7
"It's a solid game that I found to be highly enjoyable. The storyline is full of action and suspense and there's never a dull moment. The game itself is quite challenging. It requires skill and strategy in order to succeed. The graphics are quite nice and the sound effects and music really add to the game. Overall, I would definitely recommend this game if you're looking for a good zombie experience.",402,1,1,0,4,0,2018-09-25,2023-06-02,0,250,58250,23967
"first, i barely could get the game to work, then i get it to work and it kept crashing on me, on top of that the AI is probably the worst i have experienced in years, they are so incredibly dumb is ♥♥♥♥♥♥♥ amazing, the combat can be fun but incredibly lackluster, i could not get past the second mission and even my strong nostalgia towards the creatures that appear on this game could not make me enjoy even a second of it. 
if you want to buy this game go ahead but i seriously dont recommend it",497,0,1,0,3,0,2018-09-24,2018-09-24,482,79,75,75
game is fun works on my win 10 just needed to unistall gfwl and dl the latest gfwl and works just fine.. it's just one of many spin off RE games i have played almost every re game that has bin released since ps1(only ones i have not are the re dsc and re uc) this one not bad. still have it on ps3 just wanted the pc version got it on sale,339,1,1,0,2,0,2018-09-23,2018-09-23,0,37,631,473
Could be a good game but plagued by boring story and an even more atrocious gunplay. I really hope Capcom would make another game like this where they fixes all the stuff I mentioned. It could be a really good game!,215,0,1,0,0,0,2018-09-23,2018-09-23,0,19,95,95
I wanted to give this game a try. Since it was on sale and RE 2 its on its way. This game does not work on windows 10. You have to search online and steam forums. To find a way to make this game work on windows 10. Then if you have a xbox one wireless controller. Game will not recognize controller. This game is a broken mess. Save your money for a game that works out of the box. Steam shouldn't be selling completely broken games.,433,0,1,0,21,2,2018-09-22,2018-09-22,0,116,17,17
"I'll preface this by saying, this game isn't anything spectacular. Hell the base version of the game probably leans toward bad rather than anything else, but I really like it.

Firstly, don't get it unless it's discounted. I've bought this game three times due to some unexplainable love (or mental deficiency), and I honestly feel that when I paid £6.00 for the version with all DLC I was playing the real game for the first time.

There are two stories, one where you play as Umbrella covering up the outbreak in Racoon City by sabotaging the city and destroying evidence. It's a servicable campaign with a lot of ""collectables"" in classic Resi fashion. The second story is the DLC and is *not* included in the base version, hence why you should wait till its only sale to buy the complete edition. This story is basically the other side of the game, and has you playing as a Spec Ops squad trying to do...well the opposite of the main campaign.

Honestly it's kinda scummy especially with how the Triple Impact Trailer (Awesome Trailer BTW) featured both squads *before* the game came out, meaning essentially the base game is only half the experience. The main campaign is short and can be finished in 5- 6 hours, although I'd argue it has replayability. When you add the second campaign you can bump it to 12+ which is arguably average for a shooter nowadays.

So what is it and why after all that do I like it? Well its a Socom style game set in the Resident Evil universe. Specifically during Resident Evil 2. You play as part of a four man squad (with six playable characters per campaign) and face a combo of zombies, generic soldiers, and special B.O.W.'s. You'll need to rely on your teammates and each character's special abilities to survive each level, meaning the game is obviously best played on Co-op. But even so, the single player is actually pretty good and the AI are actually fairly competent.

The general combat is pretty standard. You point you shoot you use cover etc etc. Movement is a little sluggish and actually feels slightly rooted in the modern resi style, even though it's a lot more accomodating to...well actually yknow moving around. Honestly it feels like a very typical third person shooter at its core, and its not neccessarily a bad thing. It doesn't push the genre in any real way, and borrow most of its mechanics from other co-op games and the main series itself, but the combination is actually pretty solid when all's said and done.

The level design is good in some parts and questionable in others. One thing that I feel makes the game unique is the fact the levels can feel very oppressive, making difficult situations even more intense. This isn't always good though, as the opression is sometimes just a case of shortsighted design, or cheap choke points and traps which just don't feel fun to play in. The general balance though leans towards good, and the environments manage to keep some semblance of variety even if the setting isn't massively interesting.

Story wise the game is decent. Hell maybe even good if you're a resi fan (or bad if you're a resi fan). The game shows a side of resi we haven't really saw before, and allows us to enter the setting with a lot more tools at our disposal than usual. You won't be all that surprised by the general narrative, but the experience is interesting enough to keep most fans playing. If you don't like resident evil, it still holds up, but don't expect anything magnificent.

Overall the game is a fairly standard third person shooter, with enjoyable co-op and a certain charm and atmosphere that can overshadow a fair amount of its flaws. It's not a great game, and a lot of it feels like it could have been fleshed out a lot more. But it's also not terrible.

Is it worth full price? No.

Is the base game worth buying? No.

Is it worth buying on sale with DLC? Yes.

So in conclusion, although its maybe not the kind of recommendation that will make you want to buy it, I can genuinely recommend the complete edition when its reasonably priced. It's not a cult classic, it'll never get a sequel, hell Capcom will never even admit it exists at this point, but it has one thing going for it. 

It's fun. With friends it's even more fun.

Personal (7.5/10) Objective (5/10)",4277,1,1,0,5,0,2018-09-20,2018-09-20,358,9,342,295
"While I love traditional resident evil titles and hope that continues of course not gonna deny it though how much I also loved the new direction with this title and I still hope Capcom someday will give us another Resident Evil inspired by and in the form of this Resident evil title too. While I enjoyed the story what interested me was now having the option of choosing between characters with unique backgrounds ,classes, and a progression system too. All this made for a good online coop game in my opinion and gave the game alot more potential then it realized and that they actually took advantage of at the time. Nothing wrong with cranking out more then one Resident Evil title for different audiences at a time. Resident Evil is a franchise where that is possible in my opinion.This formula is good for those who want more of an online and coop campaign experience and I feel Slant Six Games did a good job then but could've greatly improved on the formula if they would have been given a chance so bad they are no longer around but hopefully Capcom continues what was started with this title in a future Resident evil title someday.",1142,1,1,0,0,0,2018-09-20,2018-09-20,121,42,16,12
"Ive always liked this peice of crap game.
RE Story 1/10
Fun Factor 9/10
To take part in the raid to get the G virus with Hunk...Priceless.

This game is a huge failure as a resident evil game. It could have been the best, but it seems there wasnt alot of money put behind this. RE is known for care and attention to detail, this was kinda thrown out. For instance the spec ops campaign says you inserted via helicopter, but theres no cut scene, no chopper, you just appear in the middle of the street. As soon as you start there are way point markers telling you where to go every 50m. It seems very dumbed down in respects to classic RE horror of not holding your hand and having you ""explore"" Its basically a call of duty like game.. always moving forward.

Ok so thats how it fails as a RE game..but where does it shine? Its shines in 2 areas.
1.Nods to previous games is very respectable...example: as the spec ops you will see nemesis shoot down the helicopter in RE3 and find Jill, Carlos, Nikolia, and others.
2. I like the 3 way combat. You shoot an enemy human, they bleed, zombies chase them..works agaisnt you aswell. So the three way battles are cool.

I did NOT like the umbrella campaign near as much as I did the spec ops campaign. You can tell there is a huge difference in the two. (They were made by 2 completely different groups of people)

Umbrella Campaign: You run around with your team of 4 killing everything that moves aside from other umbrella employees..ish.

Spec Ops Campaign: You meet survivors, try and stop the outbreak, fight along side other squads not just your own, Has you protecting civilians like Sherry Berkin. She is crying and across from you and you have to throw flares for her to see in the dark and hit zombies as they come after her, once you get her to you,  your sqaud makes a 360 around her and you move through some sewers as zombies come from all sides.

The AI can be pretty bad at times for humans.

This game is a mix between awesome and sad. It does not deserve the RE title. But since it is RE and allows me to live out a fantasy of mine which is being on the streets of racoon city mid outbreak as apart of military squad, I cant help but like it. Its clunky, but when you hear those sirens, Gunfire, and see those spotlights and zombies charging toward you as you and other squads of soldiers try and hold back the horde, you cant help but smile and think this is awesome, then frown as you think, man, this could have been so much more had the time been put into it. I wish they would make a re-do for this game...great concept, poorly made.

Buy on sale, I got the game AND dlc for 8 bucks...No the game will not run as is, you will need to look for a way to get it to work in the discussions tab. 

Fair warning: The enemy humans are bullet sponges requiring multiple headshots to put them down, I wonder if their damage model is the same as zombies. Thats my biggest gripe on human to human combat. Maybe it was to allow the bleed/ zombie frenzy mechanic to work, but it is immersion breaking to hit people that many times before they die.

Final complaint, marketing for this game is a lie...as Umbrella you do not come across random survivors much less shoot them, you will never see the RPD  like the 2 cops they chased in the trailer. You will never see random civilian survivors, the umbrella campaign is a dead fish. Spec ops campaign is where its at.

I loved the mulitplayer, rumors say some people still play this..I dont know where or how, but I use to play it along time ago on console, and it was fun, 4v4 or 5v5 cant remember, with AI zombies everywhere. 

I only recommend on sale, and for nostalgia.

Because this game tanked, we will never see anything like this again, and its sad because for the final time, the setting and idea was awesome, the lack of funding and care is what killed it, shame to see my fantasy game fall flat on its face while something like RE7 had so much care and effort placed in it. I got this after buying RE6 on sale for xbox earlier this month, made me want an action game but with zombies that didnt shoot back. This is all there is aside from RE6 Leons campaign.",4173,1,1,0,23,3,2018-09-20,2018-09-22,0,92,600,171
The story not bad at all. Gives you a different POV of the resident evil franchise but good lord the combat is so damn clunky i couldn't go any further after the second misson.,176,0,1,0,4,0,2018-09-20,2018-09-20,229,106,64,64
It does not  work at all thats all you need to know from me,59,0,1,0,6,0,2018-09-15,2018-09-15,0,10,704,145
Meh.,4,0,1,0,2,0,2018-09-11,2018-09-11,0,99,264,264
"Game won't launch it keeps crashing
Just check the other reviews",64,0,1,0,6,0,2018-08-24,2018-08-24,302,63,725,725
"Heres a review
Some guy named BloodElf made a guide
1) Uninstall previous Games for Windows Live client and reboot PC.
- Microsoft Games for Windows Marketplace
- Microsoft Games for Windows - LIVE Redistributable
(You can use special programs for uninstall like CCleaner)
2) Download new version here (english)[go.microsoft.com]. Install it.
3) Go to Steam\steamapps\common\Resident Evil Operation Raccoon City and set Windows 7 compatibility for RaccoonCity.exe.
4) Run the game, open GFWL using HOME button, login, download updates, restart the game and play.

This worked for me and it works for Fable III and Bulletstorm original and all other games that use for games for windows live.
So everyone who keeps making these ""I can't start the game becuase I don't know how to go on gamingwiki or the discussion channel and look at the guides, and gfwl is a joke"" are a joke literally almost everygame can be played if you know what you are doing.
If you follow this guide step by step it will work i tried it and I deviated and it messed up just listen and it works.",1069,1,1,0,8,1,2018-08-23,2018-08-23,672,5,324,199
"I don't mind the game. It's far from great, but if you're a Resident Evil fan there's a lot to enjoy. Unfortunately I don't recommend this version of the game. It uses Games with Windows Live and generally runs like crap. If you really, really want to play it dig out an Xbox 360 or PS3 and give it a whirl there.",313,0,1,0,5,0,2018-08-22,2018-08-22,0,8,17,4
"This game has its pros and cons. Overall, I did enjoy the game and I would play it again in the future.

Pros:
- If you are a RE fan, it adds to the story from a new perspective, with alternative endings, so its has replay value.
- Many different styles of gameplay: 6 characters to selects and a lot of customizable perks and weapons that let you play your style.
- Great coop game, if you want to play this with a friend, you will have a lot of fun. You can play 4 people total in the campaign.
- It has controller support, and the keyboard controls are surprisingly pretty good.

Cons:
- The PC port of this game is terrible, works not only within Steam but also Microsoft Game Live, you require to link your Xbox Live account here to be able to play. Microsoft Game Live works terrible, it took me and my partner about 3 hours to make the coop server work. Even if is possible, is a pain in the ass.
- The game is not that long, in about 5 or 6 hours you can clear it all.

That's about it, to sum it up, the game is good, but the port is bad.
If you like the classic horror aproach from resident evil, be warned that this one makes more enphasis in the action part.",1170,1,1,0,1,0,2018-08-20,2018-08-20,0,45,1260,492
"HOW THE ♥♥♥♥ DO I GET IT TO RUN, SO STUPID!",43,0,1,0,6,1,2018-08-20,2018-08-20,1050,8,622,545
"It took only 3 hours to complete and although i got it for 10 bucks i feel i payed to much!
the gore is great in this game but the rest is not too great the last fight dissapointed cause there was no conversaition about why two of my teammembers defected and blah.
Hey if your looking for a quick game and want to play everything Resident Evil related wait for a sale.
Can't belive they charge almost 30 bucks for this.
But hey the graphics and the stting is realy cool butz i would prefer that they made something that could have been cannon.",543,0,1,0,3,0,2018-08-13,2018-08-13,1017,17,211,211
Don't unperson me.,18,0,1,0,2,0,2018-08-12,2018-08-12,1365,82,7,7
"Let me start this out by saying I am a huge fan of the RE series. I love just about whatever they come out with including this game and RE6 which may be an unpopular opinion. You may be asking a very important question right now. ""But Perp, if you like the game then why aren't you recommending it?"" Simple, you random person who actually scrolls through the reviews before blowing money on a heap of garbage, it's because the PC port is said garbage I spoke of but a moment ago.

     Relying on archaic tech such as GAMES FOR ****ING WINDOWS LIVE is not a smart move in prolonging the longevity of your game, but okay let's get this account because I want to blast some zombies in a psuedo-RE environment. Before the game simply replies [b] ""How about no?"" [/b] So now I'm sitting here after having initially launched the game for a couple hours and I'm like ""Hmmm, I dropped thirty dollars on this so I'll try a little harder."" So I do, and after doing so I immediately realize that after getting in the game and thinking I had logged into my account the first time what had [i] ACTUALLY	[/i] happened was that I had somehow pressed ""continue without saving"" and therefore lost all the progress I thought I had made even though you can't sign into GAWL to ****ing begin with. You can't make it through to the start of the game and keep the progress so I feel that the only thing about the gameplay I will comment on in this review is that it was obviously a console port and that it was clunky at best for a PC shooter . Honestly, if you want to mow down hordes of zombies and have your progress mean basically nothing afterward then you should buy L4D or L4D2.",1664,0,1,0,2,2,2018-08-12,2018-08-12,0,25,239,239
Personally the game is ok. I enjoy it but if you're a huge resident evil fan an are expecting survival horror that the series is known for I would stay clear. But i found it was refreshing and fun especially with friends. The characters are cool and deserve more credit. Plus there is a bug with Game with Windows Live that will not allow the game to boot up unless you uninstall The game and Game with window and reinstall both. You will only be able to play the game once after the fresh install unless you keep uninstalling and reinstalling both..which no one wants to do.,575,0,1,0,2,0,2018-07-28,2018-07-28,0,6,534,373
The only positive thing in Operation Raccoon city for me is that it shows the most beautiful Ada Wong among all the Resident Evil games to date.,144,0,1,0,0,0,2018-07-22,2018-07-22,0,26,409,409
"If you can get G4WL to play nice, if you have friends who can get G4WL to play nice, if you don't mind a clearly non-canon experience, and if you can get the game when it's on sale, then yes, I can recommend getting this game.

It's not a bad game.
It's just not the game that Mr. Rogers knew it could have been.",312,1,1,0,4,0,2018-07-07,2018-07-07,167,31,2140,1185
still better then resident evil 6,33,1,1,0,5,4,2018-07-06,2018-07-06,0,63,1139,182
"I spent far too long trying to figure out how to boot this game without it shutting down immediately. Tried every suggestion to fix this I could find and had no luck with anything, seems like others are having similar experiances. Asking for a refund. Capcom and Steam shouldn't be selling completely broken ports.",314,0,1,0,17,3,2018-07-05,2018-07-05,0,43,331,5
"Alright, I'll be straight. This game, is not THAT good, it has more cons than pros. (You may actualy find it bad, which I'd understand.)
Let me first say why I like it. It's Resident Evil, the main story happens between RE2 and RE3 if I'm not mistaken, it takes place in the middle of Raccoon City. You get to play as the bad guys, for once, and they are quiet well designed to be honest, I just wish there were a bit more of focus into their backgrounds !
Now let's talk about each points:

The graphics. The graphics are not that good, the lighting is bad, the anti-aliasing is really ♥♥♥♥♥♥. I have a wide screen and it feels like I'm playing on a portable console, let's not mention the amazing props... They could've done better...
There are not many different models for the Zombies. But I must say the main characters are well modeled, technicaly. I wish they did put more effort in the graphics, but, eh, it's badly optimized anyway.

The gameplay. Bad, confusing, clunky. I don't know, it's just not smooth. I will also mention the terrible FOV, which I hate the most in this game, you see nothing ! The camera's only good when you're running, to be honest. One thing I like tho is the skills for all different characters, leading to unique team compositions and strategies. Teamwork is required tho. And special mention for the d*mn bulletsponge soldiers (it's unfair).

The audio. Good, yeah, good. Good soundtracks I always enjoy to listen, you must get what I mean, when there are soundtracks you just don't pay attention or are just bored to hear. Well, surprisingly, I like the sounds of this game. The voice acting is standard, nothing extraordinary but not terrible neither.

Lenght and Gamemodes. I have not finished the game yet, but I've heard it's rather short, I'll probably edit it once I'm done. As for the modes, it's complete. There are not many people online, as you'd expect, but you can always find some groups. The game features many different gamemodes that are all quiet nice, I specialy love the Heroes mode, as it lets me play as mah boi HUNK. Plus, the mode is fun, sometimes difficult and tense.

Now you must be wondering why I'm recommending it. WELL, it's, this game has something that makes me like it for what it is, sure it could have been sooo much better. But at least, if you love the RE series, buy it, but only if it's on sale, I insist on it as you may end up disappointed. But give it a try. Oh yeah, and play it with friends.

Tips: there is a high chance the game won't even start. I recommend you to uninstall GFWL, and install it back from their french website (I think ?).",2626,1,1,0,0,0,2018-07-05,2018-07-05,106,4,751,751
"Well... this is not exactly what I would call Resident Evil. This is an action game themed in Resident Evil universe.

It is a fun game, giving another point of view to players. But there's no horror nor suspense.

You'll play as part of a team that is trying to execute Umbrella orders, mixing characters with different abilities and powers. Playing with friends is really nice, both in cooperative and versus modes.

Be warned RE lovers: Expect nothing from this game.

6/10",476,1,1,0,0,0,2018-07-05,2018-07-05,0,275,487,487
"Had this game for a long ass time and hated it because I couldn't get the damn thing to work. absolutely loved the game on ps3 I have great memories of it.

Tried getting it to work today and... ♥♥♥♥♥♥♥♥♥ I got it to work.... errrr. ♥♥♥♥.

Gonna play the ♥♥♥♥ out of this game even if the multiplayer is now dead as hell.

If you can get the game to play then by all means get it because it is amazing and it is really fun to play with mates in co-op... Shame the multiplayer is dead as ♥♥♥♥ now though :(",505,1,1,0,0,0,2018-07-04,2018-07-04,0,13,3863,134
"Get it because it's on sale, online was not bad at all with the game modes and it was a classic. Different from the original game mechanics/functions but I think it's worth it just to ♥♥♥♥ around. $8.00 make you holla complete pack! Like I said the PvP modes were awesome. More better than L4D's game modes.",307,1,1,0,0,0,2018-07-04,2018-07-04,114,15,2079,1398
"A short game with some online services issues/bugs that didn't really blow my socks off, I would have to rate this quite low on the list of Resident Evil games. Characters aren't super interesting but it's different to play as umbrella for once, I'd say grab it on heavy discount only if you're a fan of the series.",315,1,1,0,4,0,2018-07-01,2018-07-01,1170,632,734,734
in short.  fun with friends 10/10    graphics 7/10        starting the game 1/10    if u have windows 10 u will have to do a work around to get game to start and play online.  i almost gaveup but finally got it.    a controller recommended and buy the dlc . if u have 7 friends  all of yall fighting for 4 seats to escape zombies is the best thing ever.,353,1,1,0,1,1,2018-06-30,2018-06-30,0,52,1144,610
"Was an ok game, which managed to load fine the first time and then crashed on startup after every subsequent attempt. Really not worth the effort to get it working again.",170,0,1,0,0,0,2018-06-28,2018-06-28,0,8,57,57
"♥♥♥♥♥♥ way to play coop, windos ♥♥♥♥♥♥♥♥ gameplay is dumb and keeps crashing 1/10 ign don't recommend",101,0,1,1,1,0,2018-06-28,2018-06-28,295,7,81,81
"So, this game looked like it might be fun. Despite ALL the reviews, I wanted to give this game a chance. I WANTED to like this game because all in all it looked good. Even with people complaining about graphics, gameplay, story, etc. The idea looked good.
	Long story short, STAY AWAY FROM THIS GAME EVEN IF IT IS ON SALE DIRT CHEAP.
So, my experience with the game started by it not starting at all. After about 4 hours of trying different methods to find out why, it came down to fixing the GFWL. So long story short, tried 5 different methods that didn’t work before finding the solution.
	So, then after I was able to load the game, I tried playing the first mission. Nope, tried. The lag was so bad even with EVERYTHING reduced to low setting, that I concluded if I continue to play under these poor conditions that my eye sight would go bad. So I tried to find solutions. No fix found. I did however find out that the game is reportedly horrible for performance even with good PC’s.
	This is the problem. If I’m paying for a game, its understandable that if my rig specs don’t meet the needs of the game, then the game wont operate. But if my PC is good, and I have to become a novice hacker that will invest a fortnight into altering the game to work properly, then the game isn’t worth paying for.
	Verdict: Stay away from this garbage.",1344,0,1,0,0,0,2018-06-27,2018-06-27,0,8,28,28
"Game is fun, but has that ♥♥♥♥♥♥♥♥ Games for Windows Live bull in it. It ruins the game, makes it hard to start. and honestly i dont know if its even worth the effort to try to get it to work now. (got it working only once)",223,0,1,0,15,0,2018-06-25,2018-06-25,1128,223,368,24
Resident evil operations Raccoon city is NOT A GOOD GAME and its not a good RE game. The only redeeming factor of this game is that it take place during RE2 and RE3. Which give you the ability to fight Monsters from both of those games you will also visit some nice place from those Classics but the good part stop at that.  The Gameplay is very clunky and unresponsive the AI is terrible. The Graphics are ugly with no options. the game is unstable AND IT USE GAME FOR WINDOWS LIVE. I also hope you're ready to fight a load of bulletsponge solders. The worst part of the game to me. You have a  resident evil game with a bestiary so unique and you waste it with generic soldiers what a joke. Even for the 8bucks i paid for i would not recommend this game to anyone. Only buy it if you like resident evil like A LOT but the Original sountrack is good that's a plus right. I also almost forgot the base game has 7 missions if you add the DLC's it get to 14 missions around 8 hours to complete. so yeah half the game is missing if you don't buy the full package and without the full package you miss the best campaign of the 2 the spec ops one which is way better than the USS one.,1179,0,1,0,2,0,2018-06-25,2018-06-25,0,76,518,499
"Do not buy it at full price. Get it only when it is on sale. I wouldn't pay more than ten dollars for it.

The game has some issues.
The hit detection is not all there this happens very seldom but on occasion a bullet will just go staright through the enemy.
Enemies hit have minimal reaction Goldeneye from nintendo 64 did a much better job at this. Sometimes it feels as if an enemy you shoot doesn't feel pain at all.
The gun accuracy is way off. If you shoot an semi-automatic weapon the bullets fly all over the place except to the location you are aiming at. (Havent finished the game yet so not sure if this gets fixed with upgrades or something.)

If you are looking for your typical resident evil game this is not it. This is a shooting game not a horror survival game. If you are looking for a game to play with your buddies then this is a cool game to get despite all the bad things it has.",901,1,1,0,4,0,2018-06-25,2018-06-25,0,25,2317,920
"First and foremost, i played this game on the console when it came out. Yes, it may seem that i have low hours but i beaten this game multiple times before. I was not going to pay over $30 for it because of the amount of patches it needed (manage to get the game and the DLC for 7 dollars. It was on sale and i know that it was a steal). I will say this, this game is underrated. The marketing for the game was great and so were the trailers. I will not spoil the game but i will summarize the key things that everyone should know. Below is my brutal honest review of RE: Operation Raccoon City..

You play as the Umbrella Special Forces squad, The Wolfpack. Umbrella sent a team of elite soldiers to go clean up their mess before the world knows that Umbrella caused this. Each soldier has their own set of unique skills that they offer to the team. Essentially, you play as the bad guys in this RE game. First, it does have some survival horror aspect but, it's mostly action horror. The amount of ammo they give you is fair and you can play up to three other people with you. You will encounter some old areas in the past RE games and some rather... old faces. This game is most behind of the scenes. So, in reality, the game takes place between RE2 and RE3 (that should give you an idea of what to expect). In the DLC's, you play as the SPEC OPS group, who are there to help people. Currently at 7 dollars, this is a game worth looking at....

Pros

- Back to Raccoon City. A fan favorite city
- Co-op is fresh. Feels similar to RE Outbreak
- Controllers are good. You can play with a controller if needed
- Easy to join other players game.
- Can use an Xbox live account if you have one
- Story is alright. About maybe 5 hours of the story (if you take your time). Professional is hard. Everything to unlock everything i would say about 20 hours.
- Graphics are great since this game came out in 2012.

Cons
- AI can be improved. Slow to respond to actions
- Patches are needed to smooth the game (yes, i know. this is not going to happen)
- Multiplayer is pretty much dead
- No real consequences of your actions
- You must create or use your own Xbox live account to save progress. I did find this annoying.
- No Steam achievements...

Overall, pretty solid game. If you want a good shooter that takes place in a zombie filled city, then, why not? Grab a friend and hop on!",2379,1,1,0,8,0,2018-06-24,2018-06-24,175,21,1948,536
the game wont load.,19,0,1,0,2,0,2018-06-23,2018-06-23,0,35,481,6
Even on sale is not worth it,28,0,1,0,2,1,2018-06-23,2018-06-23,0,1,10,10
"The most horrid Resident Evil I've played so far. I've played a lot of the games from the series, but this one is nothing like any of them with bad controls and the mouse movement makes it seem like it was not meant for PC. It took me half an hour to get the game to not even crash on startup due to not having games for windows live on my PC, which should no longer be in any games because Windows live is no longer a thing. Recommend skipping this game if you are an avid Resident evil fan like I am and buy something else for its price. Being 30$ for this old of game is really not worth it being how bad it is. Luckily I got it for 6$ on sale which I still returned because it was almost unplayable and a waste of money in my opinion.",738,0,1,0,3,0,2018-06-22,2018-06-22,483,17,18,18
it's just awful,15,0,1,0,5,0,2018-06-22,2018-06-22,726,53,367,215
"This game wants to be challenging, but it just frustrating. I play on normal difficulty and it is too hard, because of the awful movement and invisible walls. DON'T BUY this game. Please!",187,0,1,0,3,0,2018-06-20,2018-06-20,0,8,171,171
"While it may be fairly short and have not much in the way of character development, Operation Raccoon City is an enjoyable game. You play as the previously unseen group of Umbrella special forces who's job it is to try and get their jobs done while battling the undead and the B.O.W's.

PRO
- Fun to see Raccoon City and iconic places set inbetween Resident Evil 2 and 3
- Different characters to chose from each with different skills
- Each character has a cool design and personality even if it is a little thin (would have been nice to see them in future games in some way)
- Iconic enemies such as the lickers and Tyrants
- Interesting to work for Umbrella this time around
- Co-op makes the game a lot more fun
- One person dying doesn't mean game over for the whole team
- The Echo Six expansion is pretty fun and adds a good mirror to the story
- Lots of weapons and skills to unlock

CONS
- Fairly short, about 5-8 hours
- Characters aren't too fleshed out and easily forgettable
- AI is fairly dumb
- Controls can be quite clunky at times
- Not the nicest looking of games
- Missions objectives can be quite repetetive

I've never understood why this game got as much flack as it did when it was released. I can definately see the faults in it but it's never really stood out to me as being a terrible game. It's worth a playthrough or two even if just for the tours around the locations upgraded from the PlayStation 1 days.",1434,1,1,0,12,2,2018-06-19,2018-06-19,1111,169,1162,835
My biggest regret on steam...,29,0,1,0,2,5,2018-06-17,2018-06-17,336,15,182,181
"refunded because the online was completely lost. still own it on ps3, may get it one day just to complete pc collection. but not really worried about getting it back. now if they patched the games for windows live to connect thru steam somehow. id get it again.",261,0,1,0,5,2,2018-06-16,2018-06-16,0,19,19,19
"it is a nice game, wish they would include these characters in the RE main story line. also maybe reveal the faces of the delta team members. 
it is a grind and unlock type of game, the campain is nice dont get me wrong, but you will finish it in less than one day. still good to play after you are done with the story, since you can select a different main character to play with (different skills). 

out of the crew I liked four eyes the most, followed by spectre and vector.",478,1,1,0,0,0,2018-06-06,2018-06-06,327,32,1643,1643
hurry up and fix the game,25,0,1,0,0,0,2018-05-27,2023-05-07,0,13,13305,13305
"REORC has been a mixed bag up till now.

Few of the things that keep the game rolling are a. The badass feel of being Umbrella. OMG Black military overalls !!  b. The post update weapon mechanics , much better than launch.  c. Addition of Echo Six missions alongside the Wolfpack ones now make for a more complete RE experience.  d. The Multiplayer is challenging if you're game for it.

Now the downsides: a. Level ups mean little and the game leaves you feeling underpowered until the end. b. The stories are inconclusive and do not really add much value story-wise. c. Characters need to be more fleshed out rather than just regular banter from picking ammo clips. 

All in all, I'd say REORC is an intense , gripping story watered down mainly due to average execution. But there is  substance here. And that is what makes us tick. For the ""I am the badass Bad Guy"" thrill.",876,1,1,0,0,0,2018-05-23,2018-05-23,0,49,1459,691
It stop working saints the first day I went into the game and soon I exit it try going back it crash. I'm using win 10 and all up to date software and latest hardware out best its equipment's.,192,0,1,0,0,0,2018-05-16,2018-05-16,248,4,7,7
"This is a good game, people have mixed reviews on this game though. Only problem I had was when you goto boot the game it will crash and I heard that it is a common thing if you get this game. Which I and some others have fixed, I had to look up on youtube if there was any fixes for the black screen crash, thankfully there is a fix. Which please Steam put this fix in or fix up this problem. The fix I have come across is from megagames.com and is to do specifically for the crash. It downloaded in a zip folder which after downloaded it may need to be renamed but there is one file you need from the folder to be moved into the resident evil orc game folder in your steam folder which is called Xlive.dll you can delete the remainder of the folder if you want but you must keep this file and move it into the game folder in order for the game to work. Steam please contact the developer and fix this issue. Other than that the game is working great.",952,1,1,0,2,1,2018-05-13,2018-05-13,0,5,840,382
Me gustaria saber de que va y como esta pero es imposible iniciarlo  y si inicia le sigue un CTD .___. porque rayos lo compre,125,0,1,0,0,0,2018-05-10,2018-05-10,0,13,37,14
"I love the idea of this game, and have no attachment to other RE games. Sadly the whole game feels unsatisfying to play, and the human enemies feel like ♥♥♥♥ to fight.",167,0,1,0,0,0,2018-04-23,2018-04-23,820,11,900,337
good but short wish for more - have not play the dlc yet,56,1,1,0,0,0,2018-04-22,2018-04-22,983,126,258,258
hey creator of the game can you help me out because when i play the game and get out of it and come back the next day it just crashes and not load,146,0,1,0,8,22,2018-04-11,2018-06-30,0,2,317,312
i hit a raccoon with a car yesterday,36,1,1,0,47,83,2018-04-02,2018-04-02,0,19,750,570
"Would be a good game if the developers could figure out a better patch for compatibility issues. It's been years now and still nothing has been done about it, this is absolutely ridiculous. Shame on Capcom and the developers for ruining what could have been an enjoyable experience on my pc.",291,0,1,0,3,1,2018-03-30,2018-03-30,0,1,602,138
"If I could rate a game ""neutral"" this game would be that, this game is kind of a guilty pleasure of mine, does it have it flaws and problems? absolutely... but I really like this game for it's story aspects and it's visual aesthetic. I'm a die hard classic Resident Evil fan (RE1, 2, 3, CV) it doesn't play anything like those, but what this game does for me is the fact that it tells another untold point of view and story of the Umbrella Agents sent into Raccoon City to exterminate the evidence of Umbrella's involvment. Gameplay wise the game feels very rough, unpolished, and the AI sucks terribly. It's true, it really does but if you play with a friend it makes it all the while better. I would recommend this game if you're a fan of RE 2 & 3's storyline, visual aesthetic, and environment. If you want a traditional RE game, or even a shoot em' up zombie game, this probably isn't it for you.",900,1,1,0,13,0,2018-03-28,2018-12-23,883,36,1957,1491
"If you like mindless Zombie shooting,this game is for you.

Decent game,but as a Resident Evil its kind of bad. 

Operation Raccoon City had so much potential, but the developers blew it. 
The characters are basicly without any backstory or personality. (And im pretty sure they all wear masks just to avoid lip sync) 
You barely have any kind of story, especially without the Echo-Six DLC-s.

I overall recommend the game,but dont expect too much of it. If someone somewhere reads this who can make it happen, this game needs a reboot with actually good written characters, more story, more indirect involvement with the classic games and its main characters, more horror element. The potential is clearly there,the idea was awesome but the result...",751,1,1,0,0,0,2018-03-21,2018-03-21,0,2,2597,1965
"this game is really cool, it is really rare game that player could infected by zombie virus and become another zombie!

it has many different characters who have unique different abilities you can choose to play and develops their ability by earn scores in stages. 
you also can unlock new guns by spend scores and if you got any new gun it will keep it on your hands until you drop it away even you leave the game or join other player's game.

you can use special melee moves to instantly kill a zombie!

if you bitten or clawed by zombies and got infected, there still have a chance to save yourself, before you devoured by T-Virus.
you can use antidote to cure your infected body, but you need to search carefully when you walk through the city. every character can carry only one antidote at a time.
no need to mention that it is very rare to find.

if you got infected and you don't have any antidote, maybe your teammate willing to use it on you, but i can't guaranteed they will, maybe they will think you better die and become a zombie then they can kill the zombie and resurrect you to save their antidote XD.

be careful, there are many other enemies in this fallen city and not only zombie can infect you but also any bio-weapon created by T-Virus. every human survivor you seen that maybe infected by those zombies/monsters.

if you play this game in single play mode, you also have other 3 members to support your mission, they are all control by AI, no need to mention how stupid they are, you better to find your friends play with you.",1550,1,1,0,1,0,2018-03-18,2021-10-02,245,98,1938,1938
If you can't play it bc of windows 7 there are plenty of guides to help you debug it. Main draw back from the game is it was built to revolve around multiplayer but the multi is dead.,183,1,1,0,1,0,2018-03-06,2023-03-11,173,13,4702,2821
WHEN I DOWNLOAD THIS GAME I THINK IT'S A VERY GOOD ONE TO PLAY ONLINE BUT I HAVE TO SAY THERE IS NO ONE IN THE GAME TO PLAY ONLINE OR MABEY SERVERS ARE NOT WORKING ANYWAY I THINK I'V SPENT MY MONEY BADDLYY,205,0,1,0,7,2,2018-03-02,2018-03-02,163,13,1984,515
"Ever wanted to play for the bad guys in a Resident Evil game?  Well here's your chance!

This game is basically the RE version of Left 4 Dead 2 : you play in a group of 4 characters of your choice (each have their own special abilities such as better healing, incendiary rounds, disarming mines, turning invisible, etc.) ; you shoot zombies (err... biohazards!) in the head with a decent choice of weapons (especially if you get the DLC weapons) ; and you fight your way from a safety area to the other.

So for those who wonder if this game is worth it, my answer would be yes, but buy it only when it is on special offer for 8$ (all DLCs included).  It happens a few times each year (Xmas specials, summer sales, Capcom's publisher week-ends, etc.)  With the DLCs, you basically get twice the content of the original game.  And they are definetely worth it! Also : Bring friends!  This game is far more enjoyable when you play coop.",934,1,1,0,1,0,2018-03-02,2021-01-13,0,9,7618,3578
Better off buying the game for ps3 or 360 if you want to play the game.,71,0,1,0,4,0,2018-02-22,2018-02-22,0,1,188,66
"I don't recommed this game on pc, only on Xbox 360 and Playstation 3. There are a lot of reasons 1 and 2) When the game was still functioning Capcom blocked this game on steam in Latin America, and when it's games for windows drm stopped working years later they were lazy to pass it to steamworks, and they killed the block on latin america robbing much money from the users. 3) The online is empty because of games for windows live. 4) They didn't acclare that this pc version wasn't made by slant six, if not by a pc company porting with irregular fame called QLOC. 5) the high resolution effects and textures doesn't appear, meaning this is an butchered xbox 360 version. 6) they game lags with games for windows live because of the player's live account. And the lastest reasons: 7) Missing blood and bullet holes decals, unifxed Beltway's finishig move and poor illumination effects. If you like this game, go buy it in consoles, because it has it's great quality there.",976,0,1,0,7,2,2018-02-20,2018-02-20,0,2,5406,974
"tl;dr: Operation Raccoon City isn't as aweful as people would have you believe. If you are looking for a game like the classic Resident Evil though, you had best save your money. If, however, you are interested in a manic, Resident-Evil-flavored third person shooter more in the veins of left 4 dead, you probably can have a lot of fun, and I would totally recomend it for you.



Ok, let me be brutally honest for a moment: Operation Raccoon City is an aweful game, but only if you are comparing it to the rest of the Resident Evil Series.

Now let me be brutally honest again: About fifty percent of people who are down rating this are probably looking at this game the wrong way, but by no fault of their own. I already know I'm going to get people hating this reveiw because of this opinion, but hear me out.

Operation Raccoon City is a fun third person shooter. I have only revently gotten into the Resident Evil series. Because of this, I have little to no nostolgia connected to the series. However, after playing about an hour of every Resident Evil game so far, I can completely understand hardcore fan's dislike of the infamous Operation Racoon City. It is nothing like the rest of the series, not even like it's more action based installments such as 6 or the Revelations games.

However, Operation Raccoon City is a good game in its own right. Obviously it has its list of problems, such as its...interesting AI (not nearly as bad as people would have you think, but not great), windows live (not that hard to set up, but just feels really old fashioned), oddly placed difficulty spikes (essentially any level featuring lickers or hunters is unnessisarily difficult to finish), and obvious lack of effort into correctly porting the game onto the pc (navagating the menus is a nightmare, some key rebinding is probably advised, and using a controller will cause you to get a really annoying clicking sound every time you try to go right. This last little gem is because the d-pad on the controller is used for items, and clicking right on the d-pad is used to switch the type of grenade you are using, and for some reason the game gets confused when you go right with the joystick and will not only make your character go right, but will give you the ""switched grenade"" audio que. No f*cking clue how that even happens.).

But, if you can get past these issues (all of these problems can be solved easily, save for the inclusion of my arch nemesis, hunters), the game has its strong suits too. Gunplay is solid, and weapons actually feel like you are doing damage (the only useless weapon being the pistol, which seems to have the firepower of a small child throwing nerf darts), character design is pretty badass, dialogue is ok, level design is pretty interesting, gameplay is genuinly entertaining, and while the story is essentially an excuse to fit as many recognizable charcters into the game as possible, it certainly makes more sense than some of the other Resident Evil games

If you can play the game with the preverbial grain of salt, there is a lot of enjoyment to be had in this rather underloved installment.",3134,1,1,0,24,1,2018-02-18,2018-02-18,327,17,744,265
"[h1] Not a great game. [/h1]
 Worthwhile if you have some friends that you want to mess around with. If you are planning on playing solo or to a serious degree, you will probably get frustrated. Also, don't rely on finding randoms to play with online. The online community is way to sparse. 

[b] You will run into [/b]

[list]
  [*] Buggy bug bugs
  [*] Bullet sponges with bullet-sponge faces
  [*] Repetitive Areas
  [*] Levels that drag on for too long for their own good 
  [*] Many enemies take so many bullets without any response that it makes your guns feel worthless
  [*] Stun locks 
 [/list] 

There is fun to be had in this game; the graphics look great, the characters are fun, the abilities are unique, the guns are responsive, and the concept is stellar. 

However, it gets stale pretty fast. With strange design decisions like there not being a lot of ammo on several of the missions despite the game being more of a horde game. The game isn't terrible, but will likely not hold you for long.",1009,0,1,0,2,1,2018-02-16,2018-02-16,479,329,512,473
Not even a fun meme game. Let's just pretend this doesn't exist.,64,0,1,0,1,0,2018-02-15,2018-02-15,0,52,420,420
Fun game if you don't take the Resident Evil title seriously and don't expect a true survival horror experience. After trying Umbrella Corps i can finally say this game has a little charm of his own. Yes it's not perfect and the emphasis on killing Leon is kinda meh when there's Jill who's a member of S.T.A.R.S roaming the street at the same time. Just play this game with no expectations from the main series and you'll be golden.,433,1,1,0,4,0,2018-02-15,2018-02-15,0,2,2343,643
This game is hilarious. Highly recommend with a friend.,55,1,1,0,1,0,2018-02-13,2018-02-13,175,4,934,934
This game was a great horror/action game until they ruined it with Games For Windows Live( a third party game crasher)...,121,0,1,0,0,1,2018-02-11,2018-02-11,105,38,464,434
Game is so hard it doesn't even start.,38,0,1,0,0,0,2018-02-11,2018-02-11,0,35,40,40
"This game diminished the overall quality of this world. Possible world semantics, used in the  languages of propositional and first-order modal logic, allows us to discuss possible worlds in terms of thier being ""close"" and ""far."" If we use this admiteddly simplified understanding of PWS we can make a comparative evaluation between the closest possible world where this game was never made and our extant world. The world where everything remains the same with the only change to its composition being that this game was never made is a vastly better world. Being exposed to this game diminished my zeal for life.",615,0,1,1,1,1,2018-02-02,2018-12-30,0,6,589,465
"Let me get real  here fam.

I love Resident Evil. This....is not Resident Evil. 

This is a run and gun nostalgia throw back. Purely meant for you to say ""Whoa, you rememebr that boss?! Let's destoy it in 1.5 seconds!""

Fun for a second, then just.....sad. 

5/10 spicy boys

Rec. price point = ~$3",298,0,1,0,2,1,2018-01-22,2018-01-22,0,97,1694,1693
"DON'T BUY THIS GAME, the games for windows live service is impossible to navigate and use with this game. Best of all it won't let you save your game if you don't login to the games for windows live service. I tried for about an hour and gave up.",246,0,1,0,3,0,2018-01-16,2018-01-16,118,2,209,58
If crap took a giant crap it would still return this crap. The only good thing I can say about this game is at least it doesn't work anymore.,141,0,1,0,1,2,2018-01-14,2018-01-14,0,26,653,652
"It is fun, if you can get more people to play with you especially... I wouldn't call it a scary, or even a horror game, so if you are looking for a more classic or scary resident evil, then skipn this one, but if you are looking for something like Left 4 Dead 2, but with more tactics and complexity, then this game is for you. but I will warn you, a lot of your enemies will shoot back, because not all of them are zombies or zombie like.",439,1,1,0,0,0,2018-01-13,2018-01-13,0,29,92,92
"[h1]★ ★ - - -[/h1]
K to start with i usually rate RE games on 2 things, how good of an RE game it is, and how good of a game it is generally for its genre


1) like most RE games after Code Veronica the story isnt great, they go back over stuff from RE 2 and add new things that happen, when will Capcom learn people that like the RE games that came before RE 4 like them exactly how they are, lol so stop adding new stuff and reworking the story. 

Personally i feel like they should have just ended RE at Code Veronica and called the games after that by a new name with new characters, so that way we have 2 good titles instead of 1 good title at first for its genre that got stretched out.

2) Now id have to say this is probably the 1st RE game ive played that not only isnt great at being an RE game but it also fails to meet satisfactory gameplay for the genre of game it was intended to be. So yes im saying the button controls are fine but the way the controls, gun recoil, sprinting and using cover arent very smooth. 

First off the cover is automatic when you walk into a wall or something so it happens when you dont want it to like when you sprint in RE 6, let alone the gun recoil is just poor so its hard to tell what your aiming at lol, so its obvious this was meant to have Gears of War gameplay but wasnt done well.

-

This game uses Games For Windows Live which i see a lot of ppl dont like, which i understand that usually im annoyed when games have some extra crap you have to get and log into to play, but i personally like the GFWL or it could be a lot worse like Uplay etc., it allows you to play with xbox console users and steam users by just adding them to your Live account, let alone the online is free so theres no xbox live subscription needed, also it doesnt force you to launch the GFWL client, just install it so the game can use the files, you dont have to actually launch GFWL ever.
*(although we shouldnt have to use these extra programs, and devs should start making games that connect online universally to other devices / platforms, but as long as we customers keep paying for Exclusive games then why would they have to?)*

If you get this game tho you wanna get GFWL yourself cuz the version that comes with this game is broken apparently, so if you have GFWL installed from another game and it works then your fine, or youll wanna get a working version yourself.

So personally id say this game isnt really worth buying in general even if you ignore that its Resident Evil and just wanna get it for gameplay value, and i dont say that about many games. The only way id suggest getting it is a +75% off sale otherwise its not worth it even for coop in my opinion, although i will give it to them the game has a decent amount of missions and content to play through.",2808,0,1,0,1,1,2018-01-02,2020-03-05,94,16,1318,1318
this game wont start,20,0,1,0,1,1,2017-12-31,2017-12-31,277,2,7,7
"i purchased this yesterday, played for 90 minutes and it closed. tried reopening and it just automatically closes before it launches. I was looking forward to play but unfortunatly it turned out to be a refund for me instead. once they fix the issue i will purchase it again. until this is fixed i wouldnt recommend spending money and time for this issue.",355,0,1,0,3,2,2017-12-31,2017-12-31,257,1,94,94
"""This has been the worst experience I've had to date in my life. I vote that we end this and you get your money back. I'm crying because of how horrible I feel. Infact, you have just revived me but I feel the need to walk into these trip mines some more.""",255,1,1,0,3,3,2017-12-30,2017-12-30,718,2,88,88
Only reason I bought this truthfully was for Vector #NonGay-ManCrush,68,1,1,0,18,15,2017-12-28,2017-12-28,487,14,537,537
"What the store page does not tell you is that you'll need a windows live account to even save your progress, I lost a good 7 hours in this game during offline play only to exit out of the main campaign to try the dlc it was bundled with and lost all of my progress. Not to mention the last three levels in the main campaign are unbalanced as hell if you are going solo because I managed to sprint past most of the enemies during the lab escape and the fight vs Leon reaching the objectives before they can kill me otherwise the massive enemy spawn rates will end you on normal not to mention the hunter ai.

Even though I paid $8, it is not worth it",649,0,1,0,3,0,2017-12-28,2017-12-28,0,9,844,502
"Controls are miserable and the AI is extremly stupid and glitchy...
Completely garbage!",87,0,1,0,2,0,2017-12-24,2017-12-24,0,1,66,31
"too expensive,   six hours too finish the game...",49,0,1,0,7,1,2017-12-16,2017-12-16,924,51,374,272
"Now, this is a game that I would recommend a group of friends play.

The reason behind this is, the game can be a bit tough for new players trying to get in to the game, but it is also very fun to play once you get a hold of the controls.",238,1,1,0,1,0,2017-12-01,2017-12-01,666,3,859,680
"I don't recommend playing this game, even if you are a resident evil fan. I thought I'd buy it just to see how bad it was, and was still let down by how bad it was. 

The game is buggy. 
There is a lot of content put behind dlc.
All of the guns handle the same and feel about as effective as eachother.
Segments where you fight other people with guns occur far to frequently and are uninteresting and painful to play; this isn't helped by the lackluster cover system and terrible handling of all the guns at any range further than 3 metres. 
The writing isn't great, and neither is the voice acting.

I guess this was an attempt at making something similar to left for dead, but it has gone horribly, horribly wrong. This is worse than any of the atrocities that Umbrella themselves produced. Burn it.",801,0,1,0,3,0,2017-12-01,2017-12-01,403,8,194,150
this game is not the best one its the worse one i have played,61,0,1,0,1,0,2017-11-29,2017-11-29,0,34,577,374
"I enjoyed it and though it was going to be good to play with friends, So I spent 4 weeks befriending somebody with the hopes of playing this game with them and in the end they ended up not owning a PC. Total waste of time.",222,1,1,0,6,30,2017-11-28,2017-11-28,0,42,3161,1925
"Was a bit wary of this considering how bad it sucked on console but I was jonesin' hard for something similar to Outbreak and for $5, this is a steal. It's good fun when randoms join your game. Can be a bit tedious when playing with just AI at your back but it's definitely better than the console version. The enemy soldiers still take way too many bullets and the guns all feel kind of bland but overall if you're into RE, particularly the Outbreak games, you'll probably enjoy this.",485,1,1,0,0,0,2017-11-28,2017-11-28,0,40,150,150
Won't run windows 10,20,0,1,0,0,0,2017-11-27,2017-11-27,226,1,207,207
Game doesnt launch on windows 10,32,0,1,0,12,0,2017-11-27,2017-11-27,0,5,33,33
I wish they made a sequal. It's always fun seeing the game from the evil side.,78,1,1,0,7,1,2017-11-25,2017-11-25,0,13,376,376
"how the **** do i play this game!!!!! It wont let me sign in or nothing.... Getting a refund.....             


UPDATE: I dont know how to get a Refund , but i got it to work.",176,1,1,0,0,0,2017-11-25,2017-11-28,119,4,171,161
"goofy controls...but...cheap. can pick this game up for less than a cpl of pints, so its not as bad as people wanna say. make sure to get rid of that annoying windows live stuff.",178,1,1,0,0,0,2017-11-24,2017-11-24,0,23,37,37
nice,4,1,1,0,0,1,2017-11-24,2017-11-24,113,30,52,52
Bought this for nothing. Can't even play it.,44,0,1,0,0,0,2017-11-24,2017-11-24,0,2,147,147
"It grows on you after a while. ♥♥♥♥♥♥ as can be as it starts, bareable towards the end. I don't have enough words to describe how much my friend and I ripped into it whilst playing. Ps.. Bertha Heal!! 2/10 I would play it again, if I had enough alcohol. Oh, and make sure you kill leon at the end.",297,1,1,0,0,0,2017-11-23,2017-11-23,417,28,536,334
"If you have Windows 10, don't even bother wasting your money unless you just want to play the whole five hours of Campaign, because Multiplayer doesn't work and is still linked to ""Games for Windows"" Marketplace and even if signed in, it won't let you play. Honestly regrettable I payed money for this.",302,0,1,0,0,0,2017-11-23,2017-11-23,172,2,131,54
"other than gfwl which needs to be stripped from the game.
its solid a enough game",81,1,1,0,4,0,2017-11-23,2017-11-23,0,77,2615,1982
"the game amuses me even with some bugs I explored all the characters and I had a lot of fun there were lots of negative comments, however I did not regret I followed my path not the opinion of others (of course I looked for game play on youtube and free versions to test)",271,1,1,0,0,0,2017-11-22,2017-11-22,0,7,1583,1415
"Glitches. Glitches EVERYWHERE.

- No sound
- Xbox Live not connecting to Steam
- Game won't launch (has a hundred fixes for a hundred different reasons)
- Numerous un-official patches usually required to run
- Disconnecting on a constant
- Game still shows Xbox 360 controls as 'default' keys in-game
- Sound options don't save (most of the time) upon leaving the screen

I loved the game on Xbox 360 but this is just a horrible port.",434,0,1,0,3,2,2017-11-19,2017-11-19,0,134,1003,1003
Great Game!!!,13,1,1,1,0,0,2017-11-14,2017-11-14,2884,728,61,10
"Concept is interesting. It was alright I guess. They tried something different. I would say get it when it comes out real cheap on special. This is only recomended for RE fans, because I don't see the appeal otherwise.",218,1,1,0,0,0,2017-11-12,2017-11-12,0,195,459,458
the game is fn but i wish i had freinds to play with. the Ai on my team is just straight garbage,96,1,1,0,8,2,2017-11-12,2017-11-12,295,175,678,621
"Typical shooter but not that boring if you have friends. However, if you don't, it's a slogfest.
6/10",101,1,1,0,4,0,2017-11-06,2017-11-06,220,46,527,452
Constant crashing,17,0,1,0,3,0,2017-11-04,2017-11-04,969,218,154,152
"I love the Resident Evil games.  And this one in particular got some mixed reviews.  But I think it was damn awesome.  Game play was good, DLC kicks a$$, graphics are 7/10 in my opinion. Good story line.  Buy it. I'm proud to have it in my collection.",251,1,1,0,0,0,2017-11-03,2017-11-03,29,12,11955,3005
"I really enjoy this game! Had some issues when I first got it because it wouldn't start, just have to press ""Home"" once it opens. After that the game was nothing but fun! Got the complete Pack for $8 on sale, but I would of gladly payed full price for it.",255,1,1,0,0,0,2017-11-01,2017-11-01,592,22,386,385
"[h] Okay... Lets get real here [/h]

This games is seriously underrated. For a extremely cheap price, as of 2017, this game is worth spending a few bucks. The game features an [spoiler] antagonistic group of specially trained private military operatives, who work for the one the most infamous video game pharmaceutical companies that are responsible for the disasters that take place [/spoiler]. The story is pretty interesting with twist and turns here and there. If you purchase the package deal, you will get another campaign featuring [spoiler] protagonistic group of government special operatives [/spoiler]. Many of the franchises heroes come into play and their stories are in sync with their original counterparts. In short, try it and see if you like it. I think is is worth it. 

(10/10)",798,1,1,0,0,0,2017-10-30,2017-10-30,0,25,1583,691
Terrible game,13,0,1,0,0,0,2017-10-30,2017-10-30,435,259,303,303
does not start,14,0,1,0,10,0,2017-10-29,2017-10-29,245,17,5,5
This is not a bad game at all I don't know why all the hate for this title. It is really good so far mind you I have only played a few minutes but I am really liking the game play works great on windows 10.,206,1,1,0,0,0,2017-10-29,2017-10-29,0,29,67,64
Runs pefectly at 144hz and I love it so much!,45,1,1,0,0,0,2017-10-27,2017-10-27,32,31,303,268
i love this game i just love the resident evil series,53,1,1,0,0,0,2017-10-23,2017-10-23,352,97,159,30
Full of action pack and friendly adventures. Real great cutscenes and I highly advise playing it with 3 other friends! For only 8 dollars I basically paid the budget for this whole game.,186,0,1,0,2,9,2017-10-21,2017-10-21,121,3,687,687
♥♥♥♥♥♥♥,7,0,1,0,6,3,2017-10-21,2017-10-21,0,1,548,548
"Late to the party finishing this game but I had fun playing through it even with some annoyence that could occur.
AI running in the way when you need to go a direction or shooting and they promptly walks right in your way and get shot and complains.
I ran into one bug in the game which made me have to reload it. Otherwise everything worked fine.
I did have fun playing it and the story was ok but nothing more for me at least.
Game ran otherwise fine.
Hard to say if I should recommend it or not. You just have to consider what it is. I had read some reviews and it made me go in with a mindset of just playing it for what it is and enjoy.
I will recommend it as I did enjoy the game. Just don't expect this to be like any other Resident Evil game in the series.",764,1,1,0,0,0,2017-09-26,2017-09-26,924,252,397,397
"I'm sort of split on this game. In the end I really like it and I had a lot of fun with it on pc and ps3. I dropped a ton of hours into it on ps3 and decided to get the pc version with my friends so we can all play since they didn't have a ps3. The main problem with this game game is that it's a lot of fun with friends, but single player is really lacking. I'm going to strip the Resident Evil tag off this game for a minute and just explore what the game itself contains without a franchise looming over it's expectations.

You choose from six operatives, each with unique abilities. Throughout the game you can purchase new weapons or upgrades for each characters abilities. This adds some replayability but the game itself seems like it was flawed on release. I may seem to be harsh on this game but in the end I will say why I recommend it still, I just feel you should have the full knowledge of what to expect. For my example, I'll just give a run of how a level normally goes.

First off, let's say you want to play online campaign. You will select join game, then after a few minutes you will get thrown into single player since no one plays this game anymore. If you are lucky, you will find a room with just one other person or two. Either way, the level starts, you select a character. The first thing you'll notice is the awkward controls. I highly recommend a controller for this game as the keyboard is very difficult to get used to for this pc port. 

What you may learn also after getting the controls somewhat down is that enemies have switched roles with you. The zombies themselves are easy enough since you can 1 hit kill them with grapples and special attacks, but instead of the player being a bullet sponge and the enemies being made of paper, enemies can take rounds to the face and shrug them off like you were shooting spitballs. Meanwhile one bullet to your body and your health depletes more than half. You can do a 1 hit kill move if you get close enough, but getting that close is near impossible without taking a round to the face and dying. This is definately a game where you have to learn to take things slow. It can get fustrating for new players or people used to a more fast paced action experience. I guess you could consider it somewhat tactical, but simple cover based shooting is hardly a comparison to true tactics. I don't mind the challenge too much but that's just me. 

As for bugs, they exist and you may encounter them. They aren't as frequent as a Bethesda game, but they happen. One time a boss was supposed to appear but never did, forcing me to quit the level. Another time I was supposed to activate a garage door to open it, but the prompt never showed up so we all had to quit on that as well. It's not horrible, as I said they happen rarely, but it's still something that shouldn't of been overlooked in development.

Speaking of development, this game is unfinished. There is a character named Spectre you can play as. At one point in the story line, you have the ability to activate a computer to shut down all generators. He is the only character capable of doing this (it's not very useful since you can just shoot the generators) but this implies that Capcom had intentions of having certain character only interactions with the environment throughout certain levels. No other option exists in the game for any character so it was obviously cut from the game. This kinda sucks as it makes characters less unique. On a side note, if you get the expansion dlc levels where you play as the BSA team, this idea is implemented. So Capcom did probably have intentions to have this in the base game but cut it.

Graphics wise, its ok. For me it works fine but I know my friends had a hard time running this game. The optimization isn't the best so for lower end computers it can get very sluggish. Sound wise the game is fine as well. Guns make gun noises, zombies moan, your character makes sounds when shot; the usual. Nothing exceptionally fancy. 

So far it may seem I've been bashing the game. But there is some things I like. For one, the characters are cool. Their whole persona is let's work together just to get things done. There is no romance, no true friendship, just business. Sadly there personality isn't dipped into much, usually only side comments being made that make their personality, which I feel is appropriate because there not supposed to be the chatty friendly type. Also I'm a sucker for co-op orientated games. If you actually utilize a characters abilities you can pull off some fun gameplay. One of you can go invisible and sneak behind the enemy while one cover fires. You can human shield a zombie, while your teammate throws a sticky bomb onto it, then you throw the zombie into a group of enemies and watch them explode. You can make your own fun somewhat, but as I stated in my first paragraph, this requires human players as A.I. bots don't do any of this. Lastly the gameplay can be interesting. You can human shield an enemy, kick him down to his knees and choose to shoot his head or shoot his stomache to cause him to bleed (bleeding makes it so zombies quickly rush to you and attack, useful for distractions), there is an array of weapons to use like rifles, smgs, shotguns, machine guns, and sniper rifles, and finally special abilites. It would take forever to list special abilites in detail but a few worth noting is one character can disguise as the enemy and roam freely behind enemy lines causing havoc. Another can shoot the zombie virus into a non undead enemy and turn him into a zombie. or shoot an infected enemy to control it. One character even has the support role, where she can shoot darts that buffs teammates.

There is a versus mode online where it's pvp, but to be honest, it's horrible. People abuse cheap mechanics and there isn't much to it. The game is mostly about the co-op storyline element, and the pvp was slapped on because every game now days needs some pvp gameplay.

In the end I do recommend this game. I stated early that I took the Resident Evil tag off this game and judged it without that title. If you look at it from that perspective, it's not a horrible game, it's not polished, but its cooperative content can make you have fun with it. If you add the franchse tag back onto it, I think it lets us know Capcom was trying a new idea. It didn't go perfect, but it was a nice idea.  I enjoy the characters, the atmosphere, the challenge, and if you get the DLC, the game is much better since Capcom took there actual time with that. Either way if you can get a group of three friends to get this game on sale with you, it can be a lot of fun regardless if you are into Resident Evil or not. 

tldr, get on sale with three friends. It's not the best game of it's kind but its unique in itself and can offer some fun gameplay if you take advantage of what the game gives you.",6910,1,1,0,1,0,2017-09-20,2017-09-20,955,18,2645,1783
"So I had mixed feelings about either buy it or not, because of negative reviews. And what do i tell you, don't listen to those cry babies. Tell you why.

First, I had no problems with GFWL, i was already signed it into it and it went all smooth (Win10 x64).. About controls - well, if you did play RE5, it's almost the same, but more fluid. Not perfect, but fluid enough. Such controls is a RE trademark after all. Anyways it wasn't a trouble for me directing my character.

Playing as Umbrella's Elite Security squad is awesome. Story is interesting to follow. At least i wasn't bored. A lot of unlocables, different abilities, everything adds to the replaybility. I actually feel i will be returning to this game after i complete story mode, just to hop in, and have some fun with other players. Not a regular thing i do with games, but it is this kind of game. Very good for co-op.",884,1,1,0,16,0,2017-09-20,2017-10-10,150,23,715,619
"As an RE fanboy, it's difficult to recommend RE Operation Racoon City. 
More than 10 years ago, I didn't think it was bad and played through it. 

The concept is fine, unlike all the other parts. SpecOps Team + Hunk have a mission to complete and fight their way through the familiar locations.

When I wanted to play it again recently, I somehow didn't like it anymore. After a few minutes, I uninstalled it. Mainly because of the terrible controls and the overall gameplay. It plays as a side story to RE2 and is purely a 3rd person (cover)shooter where you fight hordes of different enemies and creatures. But very poor mechanics and there is nothing special. 
It just feels unsatisfying.

The graphics, level design, and sound are okay  - nothing special.

The great thing is that it has been working without Games for Windows Live for several years now. 
Thank God, because Windows Live was even worse than Uplay/Ubisoft Connect.
That was the reson you couldn't even start the game or play it.

As a fan of the RE universe, I would say that you don't necessarily have to own or have played this game, even though it has some good ideas and it's cool to fight in a team.

However, if you want to complete your collection, you should buy it for a very very low price. But you won't really enjoy it.  In my opinion, there is absolutely no replay value.

I have mixed feelings about it and the tendency is rather negative.
Therefore, I no longer recommend it today.",1485,0,1,0,1,0,2017-09-17,2026-01-02,219,50,594,594
"[i]The review is written from a single-player perspective.[/i]

[h1]Short version: 45%[/h1]
Slant Six Games tried, but they were not up to the task to create an interesting and compelling third-person shooter with Operation Raccoon City. The classes, weapons, and their unlock system are great, but the stages are boring and the campaign has no real story.

[h1]Long version:[/h1]
Operation Raccoon City has become quite infamous since its release as the worst Resident Evil game ever made. While it is far from the truth, it is also undeniable that ORC has enormous issues.

The first big problem is that the campaign is criminally short: the par time on its seven missions is barely three and a half hours (granted, the Echo Six DLCs double its length). It has to rely on an unlock system for replay value, where you can grind XP to buy dozens of weapons and skills for each individual character class. This system is common in shooters, but few of them have ORC’s balance. Every class brings a unique set of special skills (although only a handful of them are useful in single-player), and the weapons—except for some infamous DLC additions—cater to many play styles.

Still, good mechanics mean nothing when the level design boils down to copying the same room repeatedly on each stage. Combat is even worse: when we are not fending off the same zombie horde, we participate in generic third-person cover-based shooting against even more generic human soldiers.
Not even the story tries to justify our endless quest for the next set of chest-high walls, because apart from the mission briefing and debriefing screens, there is no plot. The original selling point, promising us the chance to hunt down some famous RE characters thanks to ORC’s non-canon status, is a lie as well. All we get is a 30-second encounter and one large shootout at the very end. Not only it feels like being cheated, but it also shows how lazy the writing got, also reflecting ORC's overall quality.",1979,0,1,0,26,0,2017-09-10,2017-09-10,0,627,1257,1257
"Had alot of fun on the Xbox 360.  This ""Games for Windows Live"" kills this game on arrival though.",98,0,1,0,1,0,2017-09-09,2017-09-09,495,3,16,16
"Game is too buggy, crashes a lot and bug that decreases your aim sensitivity is the most annoying i've ever seen in gaming. Yet often appears game breaking bugs which force you to restart your mission. If not these bugs the review would be positive, also QTE at first mission is bugged. i've avoided Birkin's attacks and still got damage and died xD",349,0,1,0,20,1,2017-09-06,2020-07-17,940,93,5061,4803
"needs games for windows live.

recommend uninstalling.",54,0,1,0,1,0,2017-09-05,2017-09-05,805,19,6,6
I bought it and I cant even play this game... Why?? can I just return this and get my money back?,97,0,1,0,1,0,2017-09-04,2017-09-04,63,1,68,68
Windows Live doesn't work... Either fix the issue or take the game off the market,81,0,1,0,1,0,2017-09-02,2017-09-02,0,3,22,22
"Racoon city oha how i wanted to play you since you came out i never thought that you would be as bad as they said my god how i was wrong. This game so bad the devil wouldnt want it if you traded it woth your soul. The gunplay is horrible very clunky not smooth at all the animations are just ew i could make smoother animations with a stack of sticky notes. The story is meh i kinda like it you know killing leon and such was a nice addition except that god awluf final fight to predictble even for capcom. The AI Oh my god i dont even know how this is acceptible to anyone either bullet sponges or they spam the same move and animation lock you til your dead (im looking at you hunters) The graphics are eh dont really care about that but my god the port is just so horrible worse than dark souls worse than arkham night i cannot get a stable 30 fps with this game i can run the phantom pain on ultra solid 60 but i cant run this piece of trash at 30. What in the holy mother of god where they thinking 

-69/10 -IGN",1017,0,1,0,0,0,2017-09-01,2017-09-01,567,18,378,143
"Being a fan of the original Resident Evil games I loved seeing scenes from them remastered. I loved going through the familure streets of Ratcoon City. While the gameplay is nothing like the original games it is still alot of fun to play with your friends. The game feels like Left for Dead mixed Resident Evil 4/5/6's gameplay. I recamend this game to anyone that like Third person shooter and Resident Evil games mainly if you liked 4, 5 and 6.",446,1,1,0,2,0,2017-09-01,2017-09-01,0,2,1915,724
"As a long time fan of Resident Evil games, i have to say this is without a doubt the worst. Even if you do want to play this game you shouldn't get it on pc because of Windows live is gives you problems. Repetative gameplay with a short, boring story.",251,0,1,0,0,1,2017-08-30,2017-08-30,249,3,95,95
"As a game itself...it's nothing great or new...

....BUT!

As a Resident Evil fan, it's great to see some of the old locations, and it's nice to be spending a little more time in Raccoon City. It's not 100% accurate to the source material, but still enough to make you think ""I remember that from playing Nemesis!...oh and that from Resdent Evil 2!"" 

The nostalgia factor alone sold it for me, but I would suggest to wait for a sale. 
If you can get a friend to buy it as well, then you'll have a more enjoyable time. It's much better with co-op.

Also: You can still play online via Games for Windows Live. I've played with my friend a couple of times last week.",664,1,1,0,0,0,2017-08-28,2017-08-28,1980,16,699,699
Cant play on Windows 10 :(,26,0,1,0,0,1,2017-08-28,2017-08-28,0,2,104,102
"==========

Game doesn't work ""out of the box"". You have to google, then unninstall stuff the game installed, then install ""Games for Windows Live"", then create an account and login, or, well, if you don't then you can't save your progress...

F*CK THAT

good old GameCopyWorld, much easier way to fix it, now all I have to do is launch the game, what a time to be alive!
==========

Other than that, the game suffers from an acute case of consoleness:
-10 seconds of pointless waiting on logos when launching also gets old fast
-can't skip cutscenes
-can't disable depth of field
-Controls problems:
--sprinting works like crap, can't control character properly due to insane dump in mouse sensitivity
--vertical mouse sensitivity seems to be half of the horizontal, as usual for console ports
--amonst the worst aim controls I've ever played with
-ridiculously close model pop-in, like, 3meter distance is enough to make a monitor appear/disappear lol
-quickscenes thingy where you have to press buttons like a monkey, might as well have a cutscene

==========
Other negative stuff:
-sound options don't save, music gets old fast
-There are basically only some 4 zombie models, so they just look like zombie clones
-Zombies may spawn out of thin air in front of you
-You lose all your nades and such when you die and restart from checkpoint

==========
Good stuff:

Not far enough into the game. Characters look cool I guess.
Runs fine at 5k DSR 60fps, with uncommon dips to 30fps. :)
Having all 4 being human players seems like a good idea, too bad it needs GFWL",1565,0,1,0,0,0,2017-08-21,2017-08-22,726,42,130,130
"As much as it pains me to speak ill of the Resident Evil franchise - for this installent i will.
I have played only the first few missions on this game on Steam but previously played about thalf the game years ago on console.
It has not changed at all. The controls are poorly strcutured into the game - snap to cover and aiming are awkward and frustrating at best.
The tougher enemies are also a bit ridiculous too.
The idea and concept was brilliant but it has failed to live up to a very high franchise standard.
My recommendation is to spend yourt money elsewhere and leave this title alone.",595,0,1,1,1,0,2017-08-21,2017-08-21,326,110,43,41
"Game is definitely better than what the reviews on here reflect...It's kind of like Gears of War and Resident Evil had a baby. You'll come accross familar characters playing through the story mode. I had random players join my game and play it with me all the way up until the end. I mean for the 7.99 I paid for the game and ALL the dlc it was definitely worth it. Pick it up while it's on sale and there's a good chance you'll have random players join your game to play with you. Or with how cheap it is you and 2-3 friends can easily afford this game and have something to do on a night you're bored. Grab it if it's on sale is the verdict, and grab some of my pancakes and syrup. Jemima out",694,1,1,0,0,0,2017-08-21,2017-08-21,0,15,287,287
Fun if you have friends.,24,1,1,0,8,1,2017-08-21,2017-08-21,1084,112,594,433
Online servers are still active but no one plays and Games for Windows Live is required if you want to do online with friends. The game itself is fun but the gameplay can be described as bland,192,1,1,0,1,0,2017-08-20,2017-08-20,932,14,2079,580
can't lanch game,16,0,1,0,2,1,2017-08-20,2017-08-20,0,2,1375,337
"I didn't get very far in this game, due to boredom. 

Okay, I really wanted this game for a while and remember watching a bit of it when it first came out. It looked so fun to play with friends or even on your own. But I guess time wasn't this games best friend...

First of all, games for windows live. Its still a thing on this game and is very surprising. It FORCES you to log in because if you don't you can't save, at all. So after having a bug that closed the game as soon as it opened, I then had to deal with games for windows live. Wasn't fun and although it took about 10 minutes to fix, its still something you don't wanna have to deal with.
Alright lets get onto the story from what I saw;
You are a squad from umbrella sent to reteave the G-Virus. But like every zombie game it goes wrong leading to an outbreak that you had to clean up/hide (sorta) then escape from.
That about as far into the game I got, generic but ittle do. (Look at the games description for more.)

This game is a cover based zomby/miltarry shooter/""horror""? Its all over the place.
My first gripe. when I was playing and was fighting off generic guy with gun #163-#170 the zombies never seemed to attack them? Like ever, it just felt like I was fighting off disgrunteled pedestrians.
My second gripe, the camera speed. Now I have the DPI on my mouse aalllll the way up and in every single game I own (par one or two) I have never needed to change the speed of the camera. Now in this game I had to change it a bit, then a level later change it a bit more, then a check point later I'd have to change it more, it just feels like the camera is extreamally sluggish, and in a game like this, it would need to be relitively quick.
My third gripe/annoyance is the cover system. How can you have a ""cover-based-shooter"" when half the time I'm running into the cover and not actually ducking? A dedicated button would have been useful as the exact opposite happens as well, I'm running somewhere and suddenly snap into cover?

The default button leyout is questionable. Why. Is. The. Swap. Weapon. Button. 4?!?!?! 1: primary/secondary 2:health/magical cure (with a dedicated heal button like H or something) 3:grenades (with use being G)
I might have made an unusual leyout right there but its still easyer to figure out than this mess.

All in all I can see why people do like this game and don't like this game. If there was a meh button for reviews, I'd click it.
If you want this game, by all means get it, but get it on sale, it isn't worth the full price and I'm quite shocked that its still this much.

4/10 would stand there like an ass instead of getting into cover again.",2661,0,1,0,5,0,2017-08-18,2017-08-31,0,115,104,104
"Super neat game. Got it back in the day, on the Xbox 360. Enjoyed it enough that I ended up getting it during a sale on here. Co-op is super fun!",145,1,1,0,4,1,2017-08-16,2017-08-16,0,6,31,28
"A perfect love letter for Resident Evil (the ones set in Raccon City) fans!!!

I am such a fan, I finished Resident Evil 1-3 like dozens of times, so due to those countless hours sunk into those games I feel I have an authority to judge this curious instalment in RE saga.

First and foremost... THIS IS NOT ANOTHER CANON RESIDENT EVIL GAME! Get it into your thick skulls you crazy purists!

This is a cooperative action game set in the Resident Evil universe. You can say this game is LEFT 4 DEAD: RESIDENT EVIL EDITION as the game is very similar in many core aspect of the gameplay:

- 4-player coop (bots are available and fill in empty slots)

- you progress through map by doing objectives 

- you got 1 main weapon (shotgun, assault rifles, sinper rifles, SMGs, light machine guns) and 1 sidearms (all kinds of pistols)

- you fight zombies and many other special infected 

- if you get down, other players must revive you


Of course it is not a complete 100% L4D copy! There are differences, the only big one being Third Person Perspective opposed to first person perspective in L4D. Some other diferrences that make the game even better then L4D:

- characters in game have different skills and abilities, you gain experience to level up your chatacter

- you can choose a gun when you start the map

- aside from monster enemies, you also fight armed human enemies

- every time you get hit by zombie/monsters there is a chance you will get infected, if you wont cure the infection before your health runs out, you will become a raging zombie that will viciously attack your companions

But like I said before, there are so many main aspects of the game that are in common with L4D, you should treat it as this kind of game and not a typical RE game.

But that dosent mean it cannot be a survival horror!!! Just switch to the hardest difficulty and enjoy a true survival horror where you must use ammunition, gernades and health items wisely if you want to survive.

That is what this game is, and it is briliant. You can feel that people who created this game loved the Resident Evil games. There are so many details, some bigger and some smaller, that are directly showing this love to the original RE. Calling this game a spin-off would be too much as events in this game are completely different when it comes to some important parts. So I would call it an alternative reality in RE canon, where the events of Raccoon City outbreak occur as they did, but the military and Umbrellas private army had bigger roles in this event. 

There are two sides, the BAD, being Umbrella corps, ruthless guns for hire that do the dirty work and cover up Umbrellas involvement in the incident and the GOOD, being special military unit Echo-6, whose mission is to uncover evidence of Umbrellas fault.

During missons you encounter characters from original RE. As the good guys you help Jill and Carlos fight Nemezis or you help Sherry when she gets separated from Claire in the sewers, you also accompany Claire while she is looking for Sherry. As the bad guys you accompany Hunk as he is about to steal T-Virus from doctor Birkin and you escape Umbrella labs being chased by his mutated version. You encounter Nicolai from RE3 and you chase down Ada Wong only to receive later on an order to... assasinate LEON KENNEDY!

So like I said this a perfect love letter to RE games and it should be treated like that, it is not canon, it is a 'what if' version of events. And as huge RE fan I love it and I think creators did a wonderfull job.

There are plenty of guns in the game, and also every member of the team have different abilities that they can use.

There are also many (if not all) iconic monsters from RE 1-3. You have standard zombies, zombie dogs, but also Lurkers and even TYRANT! And of course that is not all. 

Being able to play up to 4 players and cooperatively playing the missions is a great fun, honestly I liked it even more then Left 4 Dead.

But there is bitter taste in all this tastefull cake... the game has horrible performance, no matter how good PC you have it will still run like sh*t most of the times, it is not unplayable but it is certainly a pain to play very often. The controls are also not very good when it comes to PC standards so many people can have issue with that but I, myself got used to them and they didnt bother me very much after some time.

If only Capcom had invested into getting the game more optimized and removed the GFWL service and replaced it with Steamworks, it would be a perfect game. So sad that they abandoned this game cause it could've been a great game and I would look so much forward to a sequel set in the newer RE games' universe.",4700,1,1,0,31,0,2017-08-13,2018-03-14,4678,198,3405,1711
"Is honestly a good game that gets way to much flak for all the wrong reasons. Not gonna waste my time on that with this review though, the point is DO NOT EFFING BUY IT. The Multiplayer/co-op is dead, not as in empty, as in unplayable, requires games for windows live which is a service that no longer exists, ergo no multiplayer, that said if you can handle medicore computer AI teammates then go for it, but again just keep in mind, if you wanna play this game with a few of your buddies and have some squad based BOW slaying action, you just flippin' can't.",560,0,1,0,12,0,2017-08-11,2017-08-11,0,29,50,50
it wont start at all. i dont know what to do pls HELP!!!!!!!!!!!!!!,67,1,1,0,0,2,2017-08-09,2017-08-09,113,7,12,7
Not too much of a story and missing side waves :D but i playied it pirated at first and said to myself i just have to buy it I had so much fun with it on just offline ! and the game can be putting to the test even on normal!,224,1,1,0,4,0,2017-07-25,2017-07-25,266,51,201,38
its broken and steam dosent ♥♥♥♥♥♥♥ care,40,0,1,0,5,2,2017-07-21,2017-07-21,0,40,525,5
For all the hate this game gets I still love playing it. It was a change in gameplay when it first came out and I think thats what really threw everyone off. Like any other resident evil game I play it will never get old and is always fun to play. The downside is not many play online anymore and you end up with stupid npcs making stupid moves and getting killed. I got this game again when it was on sale and its worth the price then however I would not pay $29.99 for it. Overall a cool idea and online multiplayer is fun (when someone else joins your team) But you will always have haters who think their game play styles should matter most over others opinions. I just wish it had more story to it with maybe some new DL content. I'd recommend this game when it's on sale and actaully put some time in before judging it you'll be suprised of how addictive it gets.,869,1,1,0,11,1,2017-07-20,2017-07-20,0,2,1164,1094
game is amazing but update it so we dont need gfwl anymore since it has been shut down,86,1,1,0,6,0,2017-07-13,2017-07-13,4875,139,389,90
"Made by the same people who ♥♥♥♥♥♥ up the SOCOM franchise... 
How can such a cool concept for a game be made mediocre? Hire Slant Six Games. 
If I had known this prior to my purchase there wouldn't have been a purchase. 

Optimization is awful as well not helped by Games For Windows Live. 
Shooting is disapointing, complimented by horribly bullet spongey enemies and a broken cover mechanic. 

Stay away, stay FAR FAR away from THIS Raccoon City.",448,0,1,0,11,1,2017-07-07,2017-07-07,1046,242,352,252
Best resident evil ever just like file outbreak for a cool campaign,67,1,1,0,1,0,2017-07-06,2017-07-06,110,5,2395,1851
Loved the game back on 360 but GFWL ruined it. Haven't found any online matches. Wish it was on steamworks,106,0,1,0,0,0,2017-07-05,2017-07-05,0,2,352,116
*elongates my eyes and pokes u in the head with them* sorry its hard to see where im going with these,101,0,1,0,6,1,2017-07-04,2017-07-04,0,13,555,246
This game is physically painful and Capcom will be paying for my hospital stay.,79,0,1,0,8,1,2017-07-04,2021-04-23,0,23,964,366
TO EVERY ONE SAYING OPERATION RACCOON CITY WAS NOT SCARY: i was scared when spectre slurped me up with their eye stalks :{,122,0,1,0,3,0,2017-07-04,2017-07-04,0,23,670,364
"I wish there was a maybe button

it requires GFW  and i know some people walk away from that. Well for windows 7 if u do have an issue there some work arounds on these forums and Re5/lost planet2 require the same work arounds so one and ur done for those 3.
windows 10 seemed not have an issue but that was for me and my friend. Anything is possible for GFW.

Pros:
- high replay value (if you over look the cons)
- multiplayer
- easy to match up
- level up systems
- plot is overall decent
- unique skill sets for each character
- choas
- smooth camera
- controls are overall well
- melee finishers are different for each character
- can run, dive, and shoulder check zombies/humans!


Cons:
- requires Games For Windows
- enemy hit boxes are not optimized
- enemies are bullet sponges in harder difficulties
- 1/3 ov bullets from ur gun do not get detected or registed to the enemy hits
- friendly a.i. doesnt not support
       •••  in pick-ups (if you get downed)
       •••  there path finding is horrid (get stuck or block your way randomly)
       •••  they randomly stop supporting
       •••  if it's a 2 human and 2 a.i. campaign, if host goes down a.i. do less support while the last 
                  human is picking up the slack
- ammo amount in guns are horrid always running out
- infected vision is basically useless wouldv've used for a 3rd gun slot or new skill

I beat this game for the 360, so this my 2nd copy;  i find it really fun.
I say if you have friends and a fan ov the series and can ingore some ov these issues then 
go for its a fun 3rd person shooter just wish there were more levels and plot or even a part 2.",1644,1,1,0,4,0,2017-07-04,2017-07-04,0,20,890,777
If they replaced all the guns with paintball guns it might actually make sense when guys don't go down after getting shot in the face 6 times. If the Devs mod this I will give this game a positive review. Otherwise it's absolute animal feces.,242,0,1,0,0,0,2017-07-04,2017-07-04,0,12,96,96
GFWL. All I need to say. Ruined it for me.,42,0,1,0,10,2,2017-07-01,2017-07-01,769,11,730,340
"Good story and graphic but bad shooting and gameplay :)
worths to buy only on sale.",83,1,1,0,8,1,2017-07-01,2023-08-24,0,52,2510,349
"Games for Windows Live.
That was my experience.",47,0,1,0,5,2,2017-07-01,2017-07-01,0,4,8,8
Not The Best Resident Evil But The MP And Co-Op Is Good,55,1,1,0,5,0,2017-06-30,2017-06-30,0,42,1829,138
"Don't play this game. Even if you have 3 friends and you are sadistic enough to convince them to buy it on sale, don't.",119,0,1,0,1,1,2017-06-29,2017-06-29,0,5,298,214
LITERAL.....AIDS.......,23,0,1,0,0,4,2017-06-29,2017-06-29,479,21,154,154
"Only tried it a bit before refund but it could be fun if you play with friends. Solo? No ♥♥♥♥♥♥♥ way.
Also GFWL/10",114,0,1,0,1,0,2017-06-28,2017-06-28,427,57,58,58
"I don’t understand why Capcom removed this game from the store. It’s always worked fine for me. Back when it used GFWL, you either had to update it or remove it (which meant losing online mode). In 2025, we got an update that removed GFWL entirely, which made us lose online for good. I reinstalled it a few days ago and played it from start to finish without any issues. Even though I like it, I understand that ORC has its problems. The game’s concept is really interesting, maybe if it had more development time, it could have turned out better. I’d rate it a 6/10. I hope it returns to the store someday! I’d like more people to be able to play it.",652,1,1,0,0,0,2017-06-25,2026-05-01,0,1,4531,4277
"I think this is one of the good Resident Evil games I wish Alice from the movies could be in a game but this makes up for it, but over all a nice spin to zombie games",166,1,1,0,1,0,2017-06-25,2017-06-25,171,10,5,5
"Do not be fooled by the small amount of time I put into this. This is a horrible, horrible port. The mouse & keyboard controls are absolutely horrible. It's like the sensitivity changes depending on if you aim vertically or horizontally, depending on if you ""aim"" or not, and it's just overall wonky. Also, the AI is not the smartest, and if I can find that out in this little amount of time, then that's saying something.

Do yourself a favor and don't even get this on sale. I regret it, and I only spent $7.50 or so.",519,0,1,0,4,1,2017-06-25,2017-06-25,0,26,22,22
"Resident Evil: Operation Raccoon City Isnt a traditional Resident Evil game its still a fun game especially with friends in co-op. 
The game playes pretty well and there are a few classes to choose from so thats always nice, lots of weapons and some collectables too.

Pro
+ Multiple Classes
+ Lots of weapons
+ Aditional difficulties 
+ Dialog from Resident Evil 2 is redone word for word

Con
- Windows Live",409,1,1,0,16,4,2017-06-25,2017-06-25,374,78,1063,597
"Resident Evil: Operation Raccoon City is a pretty short game, where you play a one of the members of a special operations team of Umbrella. You can pick your character among 6 agents and choose your team, which has to be conformed by 4 players including you.

Within the game, you play in Raccoon City, the place where the outbreak started, and as an Umbrella spec ops team, you have to complete certain tasks. There's also 2 different endings.

The campaign is great, although it's very short, and if you wanna play it with a joystick it might be a little difficult to set up.",577,1,1,0,0,0,2017-06-24,2017-06-24,390,62,1835,1362
"My only issue is that it's lagging. And sadly that's a small issue compared to things other people've wrote. I was able to launch it in win10 without any crashes and difficulties and with Win LIVE running, although the game says GFWL is disabled. Because it works, I cannot say it's a bad product to buy, but considering all flaws people mention... Sale might help? Edit after playing 10hrs: it is way better than I anticipated. One of the ""bad"" games which are done well, so I can already say it's WAY ahead of Umbrella Corps xd",529,1,1,0,0,0,2017-06-23,2021-09-12,572,89,629,16
"I got to only play one mission then GFWL ruined everything with an ""Update"" and broke my game tried all of the guides to get the game to work and still broke. GFWL is the worst thing ever any game that would have worked previously don't work anymore because of that ♥♥♥♥♥♥♥ launcher.",283,0,1,0,0,0,2017-06-09,2017-06-09,0,14,308,308
"This is the most poorly optimized RE title released on PC to date.  No matter what machine you run, hardware, software, OC'd, etc.. this game runs like CRAP.  NOT RECOMMENDED FOR ANY REASON!",190,0,1,0,2,0,2017-06-09,2017-06-09,0,83,119,119
"Rip 

2012-2017 

╥﹏╥",21,1,1,0,0,0,2017-06-08,2017-06-08,0,32,2509,2249
"DONT START, neer work",21,0,1,0,0,0,2017-06-07,2017-06-07,0,1,5,5
назик пидр,10,1,1,0,0,0,2017-06-04,2017-06-04,0,3,191,67
"I like how everyone wears a full-face mask. That way the devs don't need to animate facial movements or lip sync. That right there kinda shows off the amount of effort given to the entire game.

Play It COOP or Don't Play It At All / 10",236,0,1,0,0,2,2017-06-04,2017-06-04,823,71,142,142
"It's not the best game in existence and it's certainly not a brilliant Resident Evil game gameplay wise. But, having said that, it's not entirely awful. It's a pretty generic third person shooter (although I'll admit there are some nice features such as the blood rage stuff (which basically means you could cause severe blood loss from an individual which will attract zombies) and the fact that both human enemies and allies can be bitten and become infected, and there is also a decent amount of enemy variety and classes and special abilities to choose from), which bares the Resident Evil title and is based in the Resident Evil universe. 

Additionally, it's not scary (which isn't suprising considering it's a TPS that gives you loads of weapons and ammo), but there were moments that made me jump enough or had enemies catch me by suprise to make me feel (slightly) on edge and as if I was actually heading through this zombie infested city. 

I'm having some fun with it so far, hence the positive review, but it really isn't amazing. It's not worth full price, however. If you're a Resident Evil fan or just want another basic TPS to play I'd recommend giving it a go. But don't pay full price.

EDIT: At the end of the game there's a two choices than can be made, which I won't mention for spoiler reasons, and they both have decent cutscenes to follow, but the lead into the parts after that choice are insanely hollow. There are no cutscenes after that choice and it practically just throws you straight into that decision without any drama at all. Of course I didn't want it to be insanely over the top dramatic, but having literrally no dramatic introduction to that scene made it feel empty and pointless. Additionally, the only consequences of that decision are a (slightly) different ending boss fight and a different ending cutscene. It's a linear shooter so I'm not suprised, but it feels rather pointless.

That being said I did enjoy the game enough to give it a postive rating and I'm just going through the DLC Echo Six story now. I've not tried the multiplayer as I don't want to and I'd be suprised if anyone still played it.

Also, on a side note, the Crimson Heads look absolutely ridiculous in this installment xD

From what I've seen of Umbrella Corps. though... Well, in comparison to that, this game looks like someone at least did something right when they turned Resident Evil into a generic squad-based TPS.

EDIT: The Echo Six story has a much better finale than the USS story. A pretty cool, but repetitive final boss fight makes it go out with much more of a bang than the main game. In fact, I prefered most of the Echo Six DLC to the original game which makes the DLC feel like a cash grab that should've been in the base game. Unfortunately, the Echo Six story leaves the story with an unresolved cliffhanger, but it's not too annoying. Just feels like a set up for more DLC or a sequel, just in case they made the decision to do so. I'm pretty much done with the game now. I'm unlikely to play it much again. Not particulary interesting enough to make me play it again.",3111,1,1,0,1,0,2017-05-30,2017-06-04,0,24,1663,693
"Despite all of the hate it gets, I actually really enjoyed it, problems and all. Pretty fun on co-op, and the DLC missions are way better than the original story. Never touched versus and probably never will.",208,1,1,0,27,1,2017-05-30,2017-05-30,550,63,1646,1259
Pfft hahahaha! ♥♥♥♥♥♥♥♥♥ this is an awful game.,47,0,1,0,0,0,2017-05-28,2017-05-28,0,300,6,6
"is not good
lots ♥♥♥♥",21,0,1,0,0,0,2017-05-27,2018-06-27,217,45,46,32
The game is actually good but the developers have to remove the GFWL so that the game doesn't crash on start,108,0,1,0,0,0,2017-05-22,2017-05-22,0,70,4181,4139
"People honestly ♥♥♥♥ on this game too much, while yes, it's not your TYPICAL RE GAME, the co op is fun as hell to do with friends, and that is why I believe it's a great game.  Sure, PVP sucks ass, but the campaign is fun to do with friends.",241,1,1,0,4,0,2017-05-17,2017-05-17,0,196,615,439
I find it quite mixed in my judgement... its a cool game that really takes you back to many old and known locations from Resident evil 2 and up...  and its a good story but difficult to play...took awhile for me to learn controls.. but its a fun game and worth having if you are a RE fan.,288,1,1,0,3,0,2017-05-08,2017-05-08,0,10,24,24
"Don't get this. Sadly this is reliant on the Games for Windows Live software, which is currently not working and is a fracking PAIN to use...

Honestly its pretty pointless to even try to get it at this point. I've been struggling to play this game (back when it did work), with sub-optimization, while now when I tried returning to it, it crashes on startup.

Im trying to get a refund from steam, but I doubt they will even give it at this point. This game is hopeless, don't bother...
That goes for almost any game that requres GFWL software.

As for the game itself, its horribly dated with clunky controls. Honestly I played this only for the lore. Dun let the hrs fool you, its inflated playtime with infuriating mechanics. Its a cover based shooter with ♥♥♥♥♥♥ cover mechanics, aimsnap/aimbotting enemies, retarded AI and many MANY more issues. Think ""special needs"" gears of war, and thats about what summarizes the experience in Op Racoon City. I came back recently because of some RE nostalgia, and even this left a bad impression. From horrible mission design, AI and enemy placement, repeating sections, fking retarded controls (not not being able to run in a separate direction from where you are facing, no cover-to-cover/vaulting mechanics and really stagnant gunfights with aimsnapping enemies being thrown from every angle, it just feels ♥♥♥♥ to play honestly.

You can get this for memes, but please dont expect a ""fun"" experience from this. This is a remnant of the time Crapcom decided to foray into the 3rd Person Shooter genre and then realized they had no idea on how to make it. Was a great game in theory muddled by really ♥♥♥♥♥♥ ass design and even worse game mechanics.",1696,0,1,0,0,0,2017-05-05,2021-08-19,510,160,743,50
"Okay I'll be as honest as a RE fan can be: it's clumsy when it comes to certain things but I LOVED IT.... and I won't be ashamed to admit that I loved it MORE than RE6!! First thing first I'm not a fan of the RE who took the action/shooter as main style of game BUT I'm a RE fan that feels the need to play all the game despite the review and the style of them and then at least it feels fair to judge them :P 
I bought this game thinking ""Meh, it's going to be boring"" BUT I actually liked it a lot for the atmosphere and the whole meeting thing with the main characters from the first RE games. The location are spot on!! I just love how you can see Raccoon City from a total differen point of view and it looks amazing.
I highly reccomend to buy this game on sale but you won't regret it either! :)


I do not use Windows 10 so I didn't encounter any of the issues which are known to the community. With Windows 7 it ran smoothly ...at least playing as SINGLE player in a PRIVATE campaign. :)",995,1,1,0,6,0,2017-04-18,2017-04-18,411,49,2193,2153
"Heard a lot of negative things said about this game, and I can see some of the points people bring up, but honestly, as a long time fan of the Resident Evil series, I really enjoyed this game.

Sure, it's not like the others in the series, I suppose, if you're expecting a survival horror type of game. It's also not quite like the more action oriented entries in the series such as with RE 4/5/6. It tries to do its own things, and in some regards it succeeds, and in others, not so much. I wish there were more levels, as well as a bit more refinement on the guns and the cover system, as it can be a little cumbersome at times.

Oh, and the one major thing I see people bring up and it is quite valid, the DRM. This still uses Game for Windows Live, and for some people, they can't get it to work, and for others, it's no problem. I didn't have an issue using GFWL even on Windows 10, but YMMV. But I do agree that games should be purged of that stupid thing.

I got my fun out of it, wouldn't pay full price for it. I picked it up at a really cheap discount, and even then, you'll probably only enjoy it if you're a fan of the Resident Evil lore and get a little joy at the inclusion of past enemies and characters.",1219,1,1,0,1,0,2017-04-12,2017-04-12,0,12,612,527
"GFWL not patched out, this discontinued DRM renders this game unplayable.

When it was working it was just an okay game.  GFWL held saves hostage.",146,0,1,0,0,0,2017-04-12,2017-04-12,0,3,370,370
"i was very disapointed with this game. 

i wanted to like it, i wanted to love it. i tried to look past all of the negative reviews... and so i baught it....

sadly the game was horribly ported. it would not run properly, plus the gameplay and the feel was just atrocious.",272,0,1,0,2,0,2017-04-03,2017-04-03,345,14,18,17
Pensa num jogo BUGADO,21,0,1,0,7,4294967294,2017-04-02,2021-07-02,319,6,398,398
Windows live,12,0,1,0,21,3,2017-04-02,2017-04-02,380,320,15,15
Well got this in a steam sale also bought another follow on game neither would start on Windows 10 64 bit tried compabilty mode but still no luck searched the internet tried several suggestions but never managed to get them to work had ask steam for a refund due to them not working so be warned unless you have a old pc running Windows xp or something as it will not work on a modern powerful gaming pc like mine!,414,0,1,0,6,0,2017-03-31,2017-03-31,0,3,9,9
"Thumbs-up for 'now'. This review is mainly from PvE- PoV. PvP will be more bia'ed if said.
Pro: 
Gameplay is good for those whom love FPS.
Good abilities, weapons, ammo, heal kits, revive.
Good graphics.
Good for a short-length gaming.

Cons: 
Head shot to normal zombie seems pointless (shld head shot = instant kill).
Ammo pile is vitually un-noticable unless full atention on floor.
Zombie' vomit have some weird hit-scan function. (vomit from afar), making u requiring viral jab more often.
Limited abilities (ie, timed sticky bombs, why not have another variation which gives me +1/2/3 HE/flash/fire grenades, etc?). Same for passive, some are just for a bonus reduction for active ability (ie, -2/4/6 CD to Demo' ability, with the same secondary function throughout the passive ability' lvl?)
Weapon damage formula is More XP cost = More Damage, there shld be balanced.
Drop-only weapon are only avalible via drop from enemies. ie, flamethrower.
FPS/CPU/RAM-demanding.
3rd DRM (Window Live, the one given via download doesn't work) & Xbox live' gamer tag.
Lack of Modding-ability. (ie, no running zombies, etc?)<-- this further limited the game community growth.
On Full progression. Doesn't seems to have another more reasons to play other then for the Fun. Or for the sake for playing.",1293,1,1,0,1,0,2017-03-31,2017-03-31,0,18,1631,506
Please make this game compatible for windows 10 please!!! Or make it a remake such your other game like RE2!!!! comeon Capcom!!!!!,130,1,1,0,0,0,2017-03-29,2019-04-12,0,59,1957,869
"This is a very underrated game in the resident evil franchise, it’s not your normal resident evil game with survival horror and puzzles so if that what you are after play resident evil 4 or 5 however it does have a decent story set in the resident evil universe and if you can co-op with friends it is a fun shooter and worth picking up when on sale. There are some issues with the game such as it has some awkward controls for pc and i would recommend using an xbox controller as the game is more suited for controllers than mouse/keyboard and it still uses the old Microsoft games for windows so you will need to uninstall and download the new updated version from Microsoft, And if you have windows 10 u will need to go in your resident evil file and change the compatibility to windows 7 for it to even start up. To conclude worth a play but only if on sale (not worth £29.99) and if you don’t mind going a bit out of your way to allow you to start playing the game.",970,1,1,0,0,2,2017-03-28,2017-03-28,0,4,334,217
"Most bad reviews come from some users who had problems with Windows drm system,i advise against this kinda of review as they critizise the drm system but not the game itself, Personally it doestn affect me.

This is a great third person shooter with cover mechanics and a Resident Evil theme which to me is very delightful, i played this game when it was released and i almost completed it to 100%. It has a great variety of weapons, characters and abilities .The scenarios are good for a casual player and nostalgic material for those old Resident Evil fans with Nemesis, lickers, hunters, MR X and so on.This game gave a chance to re visit Racoon city and because Resident Evil is no longer what i originally liked this game provides a great fix for me.

You can spend 20 hours completing this game to a 100% and the different difficult varieties keeps things fresh (and hard).

This is not a flawless game but so far i havetn encountered any glitches or bugs (keep in mind i ve played the 360 version and the pc version).

The bad? no windowless option and Windows drm makes just gets in the way of most people. fortunatley steam refunds exists so if the game doesnt work for you, you can just refund it.",1207,1,1,0,2,0,2017-03-27,2017-03-27,321,20,1101,164
Good luck getting this game to work. It is basically unplayable at this point.,78,0,1,0,3,0,2017-03-27,2017-03-27,0,5,34,34
havent played it yet wont load keeps kicking me out of game.,60,0,1,0,2,0,2017-03-27,2017-03-27,0,23,10,9
"The game is written well enough to be interesting for people who are well into the RE games and for those that are new to them, with gameplay that's challenging enough on normal to be fun.
The game's place in the RE universe isn't strictly canonical/non-canonical, being a ~70% canon ""what if?"" scenario that is believable enough for the people that know the background material.

That said, it isn't a long game campaign wise, and some of the settings involved are a pain (Games For Windows Live being the top of that list), and is better suited to co-op play with friends than going it alone.

Getting it to work first try just doesn't happen - you have to program remove all Games For Windows Live stuff already on your computer, then reinstall it from the xbox webiste, then reinstall it through the game, then sign in...
...but once you've done that, it just works.

It's probably going to be more enjoyed by the kind of people that liked the Left for Dead games, in that its level progression is more forgiving while also having a better range of easier-harder difficulty settings (they feel pretty good for what they're labelled as), access to an extended arsenal that everybody can use but has to be unlocked (without the to-range guns being ""stupid strong"" - there are a few direct upgrades, but those are only minor, with the big changes also drastically affecting reload time, range etc in a negative trade-offf), and abilities.

The grenades system is familiar enough for those players, but the special grenades and one-use items are improved on - there are two characters for every class (one for one campaign, one for the other), and each of those gets two passive abilities that can be upgraded and chooses one from three active abilities that can be upgraded, resulting in easy to select varying gameplay per person and a largely range of 'special items', which can be used multiple times due to the recharge mechanic.

The health system is also better. There's the normal healing items that you can carry, which also heal any allies you're next to, and a virus mechanic that can turn your downed allies into an enemy (don't worry, even if you blow their legs off, you can still revive them good as new - and they get their base kit back!), and you can heal that or go on the run for a while if you don't have access to the right tools, but two classes are also set for dealing with it.
The big thing though is that you can just... revive people. You don't have prone time, but you don't need it, as you just get them back up ready to go pretty easily.

6.5-7/10 game for objectively, though it'll obviously score less with people that were never going to like the game.
Funny how that works.",2708,1,1,0,0,0,2017-03-27,2017-03-27,0,25,435,435
Bought this game a fiew months ago. Ran once :( Big Thumbs Down!,64,0,1,0,1,0,2017-03-26,2017-03-26,0,10,14,13
dont work  window 10 needs to be fix,36,0,1,0,2,0,2017-03-26,2017-03-26,74,2,383,242
i loved this game for ps3 so i bought it on steam (i have windows 10) was excited to play doesnt work at all tried to find a work around now it requires gold membership this is just garbage ♥♥♥♥♥♥♥ trash wasted money wasted time just a complete waste,250,0,1,0,6,0,2017-03-25,2017-03-25,0,28,445,27
"Great game but Microsoft Games for Windows is just s***t and now you cant play it anymore.
Thanks.

20:41 24.03.2017
TSK CryptZar",129,1,1,0,13,1,2017-03-24,2017-03-24,301,41,172,134
"Game will crash immediately on launch, this is just disappointing. I have yet to find any way to fix this, if anyone would point me in the right direction it'd be much appreciated.",180,0,1,0,25,3,2017-03-24,2017-03-25,0,20,74,9
i love it,9,1,1,0,1,0,2017-03-17,2017-03-17,0,2,3498,1242
"wont open. got it to open by installing latest GFWL client from Garrets pcgaming wiki page , installed GFWL did not open installed REORC waited five minutes for GFWL to connect , logged in ... game worked , made some kind of change and it quit working again , gonna try again cuz me dum",286,0,1,0,9,0,2017-03-16,2021-05-09,0,19,730,27
"It won't work on win10, because GFWL doesent even exist anymore",63,0,1,0,1,0,2017-03-15,2017-04-16,0,3,191,46
"Despite the fact that it's non canon to the rest of the series it's still a fun game.
Especially playing co-op with friends!",124,1,1,0,15,0,2017-03-14,2017-03-14,0,4,2316,1639
The game just does not work,27,0,1,0,17,1,2017-03-10,2017-03-10,0,5,117,115
"Its a awesome game for those that are a Resident Evil die hard fan.
For me, it brings everything to light and understanding as you play through the story and actually see for yourself what umbrella was really up to in the Raccoon City event.",241,1,1,0,13,1,2017-03-10,2017-03-10,0,3,3168,1202
"First, it has GFWL, which is crap, there's a workaround that but even so, it's a nuissance from the start, second, it's one of those games where the gameplay suffers if you try to go singleplayer, and since this game has poor popularity...yeah, you get the picture. Story it's not bad, and sadly there's no exploration, just going from point A to point B, shoot the place up, proceed to point C, shoot the place up, rinse, repeat. Boring gemeplay.

Rather extract an organ.",473,0,1,0,18,3,2017-03-05,2017-03-05,0,55,135,135
"An enjoyable Spin-Off with 4 players co-op campaign, lots of multiplayer modes and great fanservice. Graphics and AI could be better. The game has lots of flaws but it's hard to overlook the fact that during a dozen or so hours I had fun. This imperfect collection of ideas has that elusive element of satisfactory gameplay. I can recommend it to gamers with co-op partners that know that it's just a shooter set in a familiar universe.",436,1,1,0,6,0,2017-02-25,2017-02-25,0,35,1964,1964
i do not like this game i thought it was going to be like some of the older versions of resident evil but it failed.,116,0,1,0,2,0,2017-02-25,2017-02-25,0,1,71,71
"Let's see here:
Good Graphics +2 (at this point most people buy the game)

Remember the old days in raccoon city +1

Co-op for 4 players +2 (this right here is awesome)

PvP modes +2 (Hero mode: you can play with every hero in resident evil)

Nice cutscenes +2

Level up system and you can use other weapons 0,5+0,5 = +1

Total= 10/10   Now the sad part

Full of bugs -2 (but that don't break the game, the bugs are not that bad, is just too many bugs)

Today there is almost no players -1 (because bla bla... this resident evil is not Horror game bla bla bla)

You can play with your mouse, is easy, but for the most people a controller is better for this one -1

So yeah my final score is 6/10

(But just between you and me, I love this game because you can play as umbrella security service, those mask are so cool :3    so here +1 point, final secret score 7/10)",866,1,1,0,13,0,2017-02-23,2017-02-23,0,111,4815,3027
dO NOT BUY THIS REQUIRES GFWL no support or updates trash game,62,0,1,0,8,0,2017-02-21,2017-02-21,3403,82,101,101
"real review from a re fan 

if you want to see the nemesis again this is the game for you, though its a bit different from the ussuall re game it shows a few events in the game from the umbrella prospective and i found it to be a good game for the story and for the characters, if your after tripple a quality though this isnt for you. 

known problems , the microsoft intergration can conflict with alot of older systems and people not adept with removing some of the microsoft dependecies, if you cant fix or mod a game with given tutorials again this isnt for you, 

there are no achivements 

would i reconmend this, as my system will play this yes i do how ever its known alot of people cant get this game to work.",719,1,1,0,4,1,2017-02-15,2017-02-15,801,40,189,183
"Just terrible...
Only thing that kept me playing was the story.. Which became ♥♥♥♥♥♥ up in the end and didn't make sense at all..",129,0,1,0,2,0,2017-02-11,2017-02-11,569,22,783,783
"I wish I could get my money back . DEAR GOD DON'T BUY ,it's not even a fun ""bad"" game to play, It glitches multiple times when playing online co-op so you can't progress. Harder difficulties just ramp up their health so they all become bullet sponges. You are being robbed if you buy this game. IT IS BROKEN.",308,0,1,0,0,0,2017-02-10,2017-02-10,0,13,1171,398
"Okay. absolutely terrible game okay.
Terribly Optimised
Terrible AI
The hardest difficulty is everything takes 10x more bullets and enemies with guns have impeccible across the map aim. NO. Managed to play it all the way through in multiplayer... Was funny at the start... It ended up a chore, at best.
Just... no.
NEVER EVER pay full price for this game...",357,0,1,0,0,0,2017-02-10,2017-02-10,683,89,728,233
The only Horror is the gameplay.,32,0,1,0,6,12,2017-02-08,2017-02-08,0,55,30,30
10/10,5,1,1,0,6,2,2017-02-07,2017-02-07,711,3,8,8
"Game was ok. People freaking out that its not RE, but fail to realize this is from a different POV. Wish it would've focused more on RE3 but all in all a good experience,",170,1,1,0,2,1,2017-02-06,2018-02-01,910,57,652,419
"It's a sloppy mess of a game, but I find it to be very entertaining. Any Resident Evil game that brings me back to Racoon City is one worth playing, even if it doesn't stand up to the quality of the main titles. Lots of guns to unlock, skills to improve, and plenty of zombies to shoot. Since updating to Windows 10 I had to download a different version on Games for Windows Live or wtv it's called which was frustrating for about 3 minutes but after that the game has been quite fun.",484,1,1,0,0,0,2017-02-05,2017-02-05,0,12,991,872
"I brought this for a random shoot em up, so i could maybe still have a rez feeling, I just can't say this is a good game to buy, I was hoping it would be a good co op shooter even if a bad resident evil game. I've beaten it before on console and for some reason had a good memories, I think maybe I was young and easily entertained, 

Top not being too impressed with the game itself, its glitchy to a point where a mission would not finish and gameplay is clunky.... Don't buy.",478,0,1,0,2,0,2017-02-03,2017-02-03,491,198,161,151
Great Game. Had to fix a way around the start up problem. but after seriously all the hate it gets its a good game and solid gameplay. everyone bashes it for being bad but really only thing i hated was how the sound worked that was it. but yea soild game i actaully am sad none of this characters will be seen again. 10/10 happy i can kill leon and claire just because ♥♥♥♥ them <3,381,1,1,0,0,0,2017-02-01,2017-02-01,0,20,423,242
"Just, wow. Horrible game",24,0,1,0,2,1,2017-01-30,2017-01-30,565,101,17,17
help this game does not launch when i try to start it i have tried everything,77,0,1,0,5,0,2017-01-29,2017-01-29,0,1,262,19
"Please remove ""Resident Evil"" from the title. Thanks.",53,1,1,0,9,6,2017-01-28,2017-01-28,908,14,42,42
"Besides the wonky loophole to jerryrig the game to even run, it isn't even a fun game to play once it starts working. The zombie obliterations are kinda cool as you can shoot them all over and they'll pretty much fall apart but every boss is a bullet sponge that barely flinch to make openings. The tyrant fight is what did me in where nothing of use mattered and it became just a crapshoot where I would peek around corners to take advantage of the boss's terrible AI and my third person perspective.

The game has a problem where it can't decide if it's a zombie game or a shooter. It tries to mix the elements into one another and it becomes an unenjoyable  experience overall. It does neither element right and it just leads to a frustrating mess where you get stun locked in a corner due to some awful level design. There are dead ends everywhere which can turn this game into a trial and error ordeal. 

The game's not good and it shouldn't be sold in the current condition it is in. If you can't hit play and actually play the game, it shouldn't be sold.",1061,0,1,0,3,0,2017-01-19,2017-01-19,699,71,278,278
"If you want to play this game, first download the GFWL from the external microsoft site ( http://www.xbox.com/en-US/Live/PC/DownloadClient ) before opening the game from the first time (if you had already opened it, uninstall all Games for Windows Live components in your control panel and install it manually), Then, go to the game foulder (usually under ""C:\Program files (x86)\Steam\steamapps\common\Resident Evil Operation Raccoon City""), find the .exe file of the game, right click it, go to properties -> compatibility and put it in compatibility mode for windows 7. After that you can start the game. The game is pretty fun. Worth your money if its on sale. But don't expect it to be similar to any other game of the Resident Evil franchise.",748,1,1,0,4,0,2017-01-15,2017-01-15,348,16,529,529
underrated,10,1,1,0,0,1,2017-01-14,2017-01-14,0,50,423,384
"I did as this person explained but with some minor changes of my own and it worked! No lag or anything! The only thing that I did was, installed WGL (from the link below), reinstalled the game (reinstall is optinal. I had to reinstall as I had took the game off my PC.),restarted my pc, DON'T change compatiblity to run as  Windows 7,opend game from Steam and it opend up and worked first time round and continues to work fine on Windows 10! Thank you for giving me a legit explenation and way to get this game to work! :D

""☮ Peacekeeper ☮

How to start the game:
1 Remove app and opportunities following applications
'Microsoft Games for Windows - Live Redistributable'
'Microsoft Games for Windows Marketplace'
2 Download and install http://www.xbox.com/en-US/Live/PC/DownloadClient after installing you may need to restart your PC. I personally only helped re-instal GFWL.
3 In the properties of the game (look for where you put her Steam) set compatibility with Win7 and direct run as administrator.
4 Finish.Click click click until the game is not only start.Start Racooncity.exe folder with the game.""",1108,1,1,1,0,0,2017-01-10,2017-01-10,0,114,278,118
Fun game. I like it when it starts.,35,1,1,0,7,0,2017-01-08,2020-06-29,0,14,1753,1701
"Best game with friends.

It's one of those It's so bad it's good game.. :L",74,1,1,0,1,0,2017-01-07,2017-01-07,1467,131,851,603
"I don't know what to think of this game.. After playing all the games in the series this game is like a mix between TF2 and Left For Dead 2. For the people saying ""you've played it with no problems"", must have a such a special alien system as I can agree with other people that say it doesn't work, I've spent more time trying to get it working then anything. Please people don't waste your money on this garbige.",413,0,1,0,0,1,2017-01-07,2017-01-07,0,4,1366,250
Games for windows live ruins another one... Cant even tell if the game is worth playing.,88,0,1,0,0,0,2017-01-06,2017-01-06,0,10,65,22
Hell yes. Most interesting game for me. Cool characters USS. Nice history.,74,1,1,0,1,0,2017-01-04,2017-01-04,0,9,324,318
truly aweful. total waste of money.,35,0,1,0,0,0,2017-01-04,2017-01-04,0,41,84,23
Remove GFWL! and a price drop then yes...yes you may experiance a great L4D type clone set in the res evil universe. But since it dose not look like it...i'm sorry just dont put yourself though the pain of purchusing this.,222,0,1,0,0,0,2017-01-03,2017-02-08,0,10,2703,251
"This game is difficult to recommend for even the diehard Resident Evil fans. I would say the only reasons to buy it are:

-on sale for $10 or lower, with all DLC included
-you're like me and enjoy replaying games you bought for console back in the day and want to play them smoother with a mouse and keyboard with sweet graphics and smooth FPS
-you really, really love RE
-have a sense of duty to play every single RE game out there
-want to shake things up and try a new game because you're bored of your Steam library (not sure how this is possible)

Anyway, you must fulfill ALL these requirements to purchase this game! Not one or two, but ALL! I'm not even kidding. The game is a 5/10, maximum. 

RANTING TIME - don't have to read of course

Let me start out with a somewhat positive. Versus. Can be fun for the competitive types out there. Pretty cool to play as RE2 and RE3 heroes and villains. Gamemodes aren't too bad. If you have a group of friends to consistently play with, you'll most likely have fun.

The game plays as a third-person shooter that has cover mechanics. I personally fell in love with these kinds of games since Gears of War (great cover system). Not here unfortunately. Cover mechanics are just out of wack. You can be in cover with half your damn body sticking out and it won't let you peek out for a shot! And of course you can still get hit. Sometimes you can't even peek out to shoot from cover. The positive is that they have one. It's like 60% broken, but they have one. As for your character movement, it is not smooth. There is a diving/dodge mechanic but it's not implemented in the best way either.

Gunplay is OK. Not impressive by any means. You can aim and shoot your target with mostly no problems so it passes the test with a bare minimum score. Unfortunately there are weird angles that won't allow you to hit your enemies, but will allow your (gun-wielding) enemies to hit you. Ridiculous.

Teammate AI - dumb as hell. No problem fighting regular zombies, but anything else (soldiers, bosses, hunters) it's like they're trying to get hurt. Enemy AI on the other hand, will wreck you. Even on normal difficulty. When fighting soldiers, the player character takes like 90% of the aggro. I mean ♥♥♥♥, there's three other targets to choose from, wtf? And your teammate AI will barely do damage, while take a ton because they'll get in the crossfire. You're also going to hate getting knocked down, whether it be by and explosion, tyrant, hunter, whatever. The animation to get up is slow, and you'll just be a damage sponge until you get up and into cover. It's the worst when going against hunters, who have a leap attack that automatically knocks you down. And it's like auto aim, they'll change angles midair so you get hit no matter where you go. If you're targeted by 2 or 3 hunters they'll just keep leaping at you and you're in an endless loop of getting knocked down with no chance to maneuver around. BS way to die.

Rant over. I don't recommend it really.",3008,0,1,0,0,0,2017-01-02,2017-01-02,0,3,339,178
Better than RE5 and 6. SeemsGood,32,1,1,0,3,3,2017-01-01,2017-01-01,3,1,1133,1062
"It's pretty insane the amount of problems this game has, I spent 20 minutes of gameplay just troubleshooting how to run the game, and now I'm not even sure if I want to run this.",178,0,1,0,3,0,2017-01-01,2017-01-01,456,137,106,106
"It's an OKAY game but sadly it still has GFWL.
Even if you take that away from ORC and give it Steamworks it still is a buggy mess that is somehow enjoyable.
Characters are the only saving grace this game has but sadly ruined due to booty (not good kind) broken gameplay.
Maybe if Capcom would have took another year to debug and make gameplay better but I doubt it.
Just skip this game.",387,0,1,0,0,0,2016-12-31,2016-12-31,220,22,952,253
"Notice: Game works on windows 10! found a video on YouTube for how to make Street Fighter X Tekken work. Windows did a updated Games for Windows Live that you can download from Microsoft webite (http://www.xbox.com/en-gb/live/pc/downloadclient). Thats the link to the video by John Mellinger.

Now that the game works fine again i love it and man did i miss it! This game is like a non-open world Division. I loved this game when it first came out and I still love it now. Makes me wish they made a second one but I guess the Division beat them to it? almost the same kinda game just different settings. 

I hope more people get back on this I miss the co-op play",663,1,1,0,0,0,2016-12-31,2016-12-31,0,49,354,58
"This is ♥♥♥♥♥♥♥ awful. I've played all the Resident Evil titles, and this game is ♥♥♥♥♥♥♥ garbage.


Some parts of the game are ♥♥♥♥♥♥♥ glitched and you can't go anywhere so you forcibly have to restart from the checkpoint, and if you're playing online you have to leave the lobby and rejoin it all over again and do it.

The ♥♥♥♥♥♥♥ enemies shoot you from weird ass areas and do massive damage, and you can't shoot them through a crack that they can shoot you through.

This game is used as torture for terrorists. Don't buy this.",531,0,1,0,9,6,2016-12-31,2016-12-31,0,75,322,322
This game is a huge bag of giraffe bile. There was a lot of potential with the concept but that potential was never realized. The gameplay is frustrating and I cant imagine anyone enjoying it.,192,0,1,0,1,1,2016-12-30,2016-12-30,732,2,72,61
"buddie got me this game.    all i get is black screen,  dont get.",65,0,1,1,0,1,2016-12-28,2016-12-28,462,3,6,
"If you are looking to buy this game for multiplayer I do not suggest it. The players are insanely inactive and the first player I found said finally a person, sadly this cannot start the game. If you are looking to buy this for campaign go ahead it will be worth your time.",273,0,1,0,1,0,2016-12-27,2016-12-27,139,8,20,
"Don't believe the negative reviews. This game rocks!! I had no issues with GFWL in Windows 10. The graphics and game play are awesome. It's extremely fun and challenging. Buy this especially if it's on sale, and get the bundle with the extra campaigns.",252,1,1,0,1,1,2016-12-25,2016-12-25,0,33,918,87
"Excellent game, stupidly unstable port. 
After fixing the inevitable GWFL crash, deleting settings.dat, setting compatibility mode to Win7, disabling high-DPI scaling and visual effects in the properties menu, setting the affinity to use only three cores, running contig.exe in the ORC folder, increasing memory.ini thresholds, setting priority to ""above normal"" and ""high"", lowering the graphical settings to absolute minimum including setting my resolution to a painful 640x360, applying further optimizations through nVidia Control Panel, even after many restarts/settings.dat deletions, my GeForce 730 stutters with this game so terribly that I can't even play it. No game has ever given me this much trouble, I'm normally able to get ANY game to run at about 60FPS using some of the above methods, even Splinter Cell: Double Agent and GTA4. 
This is the worst port I have ever FN SEEN, and I've been able to work with some of the worst of the worst, but not this. 
It seems like a five-year-old took the native 360 version of this game, made it run on PC a little, and built the final product. To reinforce the notion of sheer laziness of Capcom's [not Microsoft's] job on this port, the 360 HUD is still there, with the differences being that keys replace the face buttons, but the visual 360 D-Pad is still there in the left corner of the screen. 
This is a horrible mess, and Capcom has hardly lifted a finger to solve any of the problems with it, and they haven't even glanced in its direction since 2013. 
That means ""you're not getting any updates or support for this game in the future, you crummy end-user marks.""",1626,0,1,0,3,1,2016-12-25,2016-12-25,0,7,178,24
"How to start the game:
1 Remove app and opportunities following applications
'Microsoft Games for Windows - Live Redistributable'
'Microsoft Games for Windows Marketplace'
2 Download and install http://www.xbox.com/en-US/Live/PC/DownloadClient after installing you may need to restart your PC. I personally only helped re-instal GFWL.
3 In the properties of the game (look for where you put her Steam) set compatibility with Win7 and direct run as administrator.
4 Finish.Click click click until the game is not only start.Start Racooncity.exe folder with the game.",565,1,1,0,24,1,2016-12-23,2016-12-23,466,20,363,155
"Alright. Okay. This game is not good.

HOWEVER.

It is fun to play,
Multiplayer, just joking around.

Its hard to take the game seriously because for some reason all the cutscenes are really quiet compared to normal gameplay, the game has Gamebreaking glitches that make it impossible to beat some sections multiplayer (Showcased in some screenshots i took.) and last but not least

Its just not rewarding to play,
Shooting things has a slight delay and theres no hit marker or and positive reinforcement, that makes you feel good about it.
The Cover system is worthless, even under cover your going to die.
And the Perks and Gun Unlocking system is just inintuitive.

This isn't going to be anyones favorite game.
But im still going to recommend it because i had a good time with it, and certain parts of the game have a lot of charm,
Just know what your getting into.",869,1,1,0,0,0,2016-12-23,2016-12-23,804,10,556,497
"The game is fun, but buggy and you have to through a lot of GFWL hassle (games for windows live).

Sadly, while what is there is pretty decent and alot of fun with a couple of friends, the game feels like it was cut short of what it was supposed to be. Just when you think the story of the game is actually starting, the game is actually near its end. 

Overall I would give this game a 4/10. Worth picking up on a incredibly discounted sale, and if you have some friends to play it with, and if you can be bothered with GFWL issues. Otherwise no.

EDIT: While the game says I have 7 hours played, probably 2 of those were just spent trying to get the game to work.",665,0,1,0,9,0,2016-12-21,2016-12-21,592,22,418,342
"I love resident evil series (the movies) but this game is under average. Some characters are quite good, but it doesn't worth its price. The windows live crap has pissed me off too. I don't want any business with Xbox things, and I can't save? Deleted after 2 hours, new record.",278,0,1,0,2,0,2016-12-21,2016-12-21,0,2,155,155
"The game was fun when it was playable, but now it doesn't work. It will not work unless you get extremely, EXTREMELY lucky, or if you're able to configure the software yourself.",177,0,1,0,14,0,2016-12-20,2016-12-20,0,2,1286,1041
Can't even play this piece of ♥♥♥♥,34,0,1,0,10,3,2016-12-19,2016-12-19,0,92,356,18
"do your self a favor and NOT spend your hard earned money on this POS, This should NOT be called a RE game. Controls suck, story sucks and the whole gamne is junk",162,0,1,0,10,3,2016-12-18,2016-12-18,1000,84,876,876
WHY WOULD YOU MAKE IT GAMESFORWINDOWSLIVE IT WONT EVEN RUN ON MY PC,67,0,1,0,10,2,2016-12-11,2016-12-11,144,4,516,391
"ok this ius simply one of the best RE games to date way better than alot of the new stuff, more action oriented and a squad of 4 to go through the events of RE2 and 3. great combat badass bosses, and a challenging yet fun game sadly due to negative reveiws from supposed critics the games best feature the multiplayer is lacking numbers wise however the story mode (s) will be a fun experience nonetheless if you do get it and you dshould be free to add me and we can help bring the multiplayer community back!

9/10
or 
9 umbrella agents out of 10",548,1,1,0,2,1,2016-12-05,2016-12-05,435,24,1097,1094
"I am having a LOT of fun with this game. my worry was it was gonna suck and not have that re feel. well guess what its more fun and has MUCH better controls than RE6 , I definatly say get it to any resident evil fan! Cool bosses, monsters and human enemies. Just wish more ppl were online playing it.",300,1,1,0,3,0,2016-11-30,2016-11-30,0,30,1308,354
"It's a fun game, if you can get it working. Unfortunately, if you're on Windows 8 or 10 (I'm on Windows 10), this means jumping through some hoops, possibly going through some more hoops later. Not sure if it's fun enough to be worth the effort. I did what needed to be done to get it running, was able to play it, went to play it again on a different day, was no longer working, found out you need to delete the settings file for the game, started working a little bit again, but now freezes at the title screen, currently troubleshooting as I type this. If this sounds like too much, then I'd recommend passing on the game, or playing a console version of it.",661,0,1,0,38,2,2016-11-29,2016-11-30,772,22,958,625
"Great game, in my opinion, if you manage to setup the microsoft live account. Just search within the game forum and you shouldn't have much problem with the game's functionality.

Campaign:
You play as the Wolf pack, Umbrella's Delta team, special force and must seek and destroy any evidence of Umbrella's experiments following the Dr.Birkin unwillingness to cooperate. External forces are involved with the good doctor, no one must leave alive.

Secondary missions (optional add-on):
You play as the Spec-Ops, sent by the goverment following the total radio silence of Raccoon City. Local info of the population status is sketchy at best, but an epidemic seems to be involved. Investigate and establish the current situation within the quarantine zone.

Single Player :
Pros: The atmosphere is incredible, from the bloody streets to Umbrella's ressearch center. From the simple zombie to Birkin's mutant form, a well defined fan service. There's a wide range of close combat combos you may master and, in time, you can unlock around 30 different firearms. Every character has different specs, each playing a key part within the team's survival.

Cons: Your afliate teamates A.I. respond well, but it isn't the cadillac of programing. Their lack of tactics truly shows during the last mission when you must face an endless horde of Crimson heads while the Spec-Ops have a fortified forteress with (unidentify suspect) shooting you with a scoped rifle.

Coop:
Pros: The game is made for teamwork, as espected and its communication mechanics work like a charm.

Cons: With Microsoft Live, no Lan, only online games which might cause some headaches to people who haven't a swift internet connection and wants to play with their siblings. Just a side note.

Overall : Clearly needs more support from the 3rd part company or Capcom, but it's still a nice hidden gem. I reccomend it if you work past the Microsoft Live situation (Look for the solution on the forum).

Have fun people! :)",1982,1,1,0,0,0,2016-11-24,2016-11-24,0,8,3179,2058
"Game's too short, the controls are clunky, especially mouse acceleration that can't be turned off, and apparently there's GFWL problems now.",140,0,1,0,14,0,2016-11-24,2016-11-24,417,30,400,400
"Great game for online coop play , need's a badge doh.",53,1,1,0,0,0,2016-11-24,2016-11-24,0,13,1718,1068
The worst RE game ever made not recommended.,44,0,1,0,7,1,2016-11-23,2016-11-23,6238,21,235,235
♥♥♥♥♥♥♥♥♥ THIS GAME IS TERRIBLE!! HAHAHAHA!!!,45,1,1,0,0,1,2016-11-05,2016-11-05,0,110,6,6
"running windows 10, and it took a couple of hours to get the game to work.

Games for windows marketplace is does not seem to work with windows 10 it took a few installs and several system restarts  before the game actually loaded. Took 2 more system  restarts, a new install of the game followed by 4 attempts at loading the game for it to finally work. And overall the game wasn't worth all that trouble",405,0,1,0,0,0,2016-10-31,2016-10-31,0,3,160,5
Game will literally not play unless I uninstall windows live and re install it every time I want to play it. It's not worth it seeing as how its a generic third person shooter anyway,182,0,1,0,8,0,2016-10-28,2016-10-28,0,87,299,262
"EDITED: Since I wrote the original review, it seems that the game has been fixed. I hopped on and got to have an actually enjoyable experience. So, with that, my recommendation goes from 100% DO NOT BUY, over to BUY WITH CAUTION. It could work for you, it could not work for you. But I do like the game, so I would recommend at least giving it a try.

PC version is utter ♥♥♥♥♥♥♥♥.

Sure, I can get it to launch and even get into a mission. But the game itself is so poor that I literally can NOT get past the first gunfight, and believe me, I've tried. Several times.

My system even blows the recommended hardware out of the water, with an i5 4460 @ 3.2GHz, 8GB RAM, and a PNY GeForce 730 with 2GB onboard VRAM.

I'm keeping it in my library for the naive hope that one day, I'll be able to play it again. But I don't think it'll ever happen.

Worst comes to worst, I'll drop $20 or whatever to get an Xbox copy from GameStop again.",934,1,1,0,0,0,2016-10-27,2016-12-06,0,22,9171,257
Pretty good.,12,1,1,0,5,1,2016-10-23,2016-10-23,0,1023,1313,1283
"Absolutely love Resident Evil and want to gobble up all the tiny morsels of lore you can?
Buy it

If you're looking for gameplay -  look elsewhere.",147,0,1,0,2,1,2016-10-22,2016-10-22,915,105,295,253
"I decided to try it again after a couple years to see if they fixed it, Now it doesn't even open... just crashes right at the start, kinda like how it first was a few years ago...",179,0,1,0,0,0,2016-10-17,2016-10-17,0,7,241,241
"An addition to the Resident Evil series which was neither asked for not wanted by any individual with full mental capacity. Is it bad? Yes. Is it awful? Debateable. It's definitely not good but it's a (excuse the pun) brainless shooter set between the events of RE2 and RE3 (all non-canon of course).

It's essentially a horde wave shooter in which you clear areas of enemies and move onto the next objective. And this repeats for over 6 hours. It makes Resident Evil 6 look good. And RE6 isn't good. So go figure.

I... have mixed feelings about this game. It most certainly would be fun with friends but this old game still uses GFWL, so with that system all shut down they didn't bother changing it so you're stuck playing offline with AI. I did enjoy the dumb shooting moments at times, but it's most definitely not something you should consider getting over say RE4, RE5, REmake, RE0 or heck, RE6.

Just avoid it.",918,0,1,1,0,0,2016-10-09,2016-10-09,0,96,577,577
Buy this if you hate yourself,29,0,1,0,6,10,2016-10-09,2016-10-09,0,44,550,513
"the only game i wont ever uninstall in till they Remake it, maybe one day doubt it but im hoping",96,1,1,0,0,0,2016-10-09,2024-07-24,0,162,61892,60374
"it does not wok  on steam 
does anyone how to fix the game please let know",74,0,1,0,1,0,2016-10-07,2016-10-07,0,1,2020,748
"TL;DR: I'm a good man, a ♥♥♥♥♥♥' saint, but this game pissed me off so much, I decided to kill Leon at the end without any hesitation. 

This game is a crap. Such a shame, cuz it could have been a damn good one, an entertaining action packed co-op/competitive spin-off. But it's more rather a pain in the ass. 
- poorly optimized code
- almost no story
- weak, powerless action
- stupid hitbox and weapon spread
- weak and badly chosen gun sounds
- dumb, unresponsive controls and stupid mouse handling (is it really so hard to implement a good one?? Just copy Max Payne 2's, morons)
- too tight FOV (no options for it)
- lack of required TPS elements (no jumping/climbing over cover, only forward prone by using stupid button combo (sprint+use) that gave me ♥♥♥♥♥♥♥♥ a lot of times, wtf??)
- automated cover use (I ♥♥♥♥♥♥' HATE IT!!), dumb, nearly useless cover system
- retarded, annoying, useless A.I. teammates
- bugs, crashes (really rare, I can admit, but there shouldn't be any)
- Windows LIVE

To be fair here's some pros:
- not unplayable, it has some kinda joy-factor
- 4-player co-op with 2 campaigns (I don't give a damn about the competitive part especially with these controls and mouse handling)
- hollow, yet interesting characters you can play as
- some kinda character/perk advancement (you can unlock and upgrade very few passive and active skills up to lvl3 - more than nothing)
- unlockable weapons (I love to unlock gears)
- almost not existing, but not bad story with great cameos (and spine shaking moments from RE2)

I like the idea that it's a fast paced, action packed, team based co-op/competitive TPS in the Resident Evil universe (actually it's RE2), but the implementation is BAD. I'm not a refunder type, but if it wasn't Resident Evil, I'd asked for a refund after 30 mins. This is not an AAA game, this is an AAA crap. And it really hurts, because, as I told that earlier, it could have been a damn good game, I feel sorry for that. What a waste.",1980,0,1,0,9,0,2016-09-23,2016-09-23,3211,58,1507,1441
"Why can't this game be the same like it's own trailer. Capcom, you cheated on me. :(",84,0,1,0,0,0,2016-09-22,2017-06-10,0,135,939,934
"Worth it for $5 or less. I remember when it first came out I tried it and I thought it was pretty bad. Since then I've played much worse third person shooters so in comparison this is definitely worth the $5 I paid on sale. It is a bit generic and is one of the weaker entries in the Resident Evil games but like i said, still way better than a lot of other tps games that pretend to be good. I would rank it well above RE1-3 because those horrible tank controls do not hold up nowadays, but well below RE4 and up. Play all of those before you play this.

It is fun to play co-op if you can find anyone. I was playing the last few missions today to finish the game and amazingly two actual people joined and played with me. I was pretty shocked but was having fun with them although the game does lack any kind of communication with ppl. Would've been nice to at least have been able to type to them.

6/10 decent for one playthrough which is around 6 hours playtime.",967,1,1,0,4,0,2016-09-12,2020-03-25,0,1083,373,373
"Why GFWL.

GFWL is the mother of all **** ups at the best of times it doesnt recognise my account. When it does it says cant download profile then crashes back to login screen. So playing with this game means no saving.

Its a pretty standard third person shooter. Even though I have played less than an hour and the majority of that time was trying to log in to GFWL. It did bore me a little. Playing in normal disfficulty enemies were taking up to and beyond what i would call the 'Normal'amount of shots to take them down.

I will play this game some more, but if I cant save my game I don't see the point.

CapCom need to remove GFWL. Then this game will be steps up massively in my books.

The only reason I reccomend this game is because I can see its potential. Even though it has been out for a while and many peopl have been playing longer than I.",856,1,1,0,0,0,2016-09-11,2016-09-11,0,9,51,15
With Capcom adding anti-tamper malware DRM to its games that we have already bought over a decade ago I'd boycott he whole company at this point.,145,0,1,0,0,0,2016-09-06,2026-02-16,0,38,94,94
Let's see the graphics are horrible. The Gameplay is just got awful. The story feels generic. It feels like a quick cash grab with all the DLC.,143,0,1,0,0,0,2016-09-04,2016-09-04,0,86,42,42
"game of the year.

i had a good time falling through an elevator and dying everytime you try and fight the boss",111,1,1,0,0,2,2016-08-27,2016-08-27,350,10,603,585
"Gameplay is pretty good assuming you buy the DLC mission packs which actually contain the playable part of the game however game play is let down by poor controls and large frame loss, clearly a port from console that was done hastily for money. Storyline is quite weak but does tie in with some of the plot line from the film. Not very good value for money at full price but for 90% off it was passable, would i recommend it to anyone, no you dont get very much gameplay for the price and is quite different from rest of the series so if you are buying it because you like resident evil games then its also probably not for you apart from the weak storyline and similar enemies seen in other games/films.",705,0,1,0,0,0,2016-08-26,2016-08-26,0,431,505,352
"Hassle to set up, but it is worth it once you get it working.

Pick it up on capcom sale, as the $30 is too much for a game that came out as long ago as it did",159,1,1,0,2,0,2016-08-25,2016-08-25,0,16,615,391
"I got Resident Evil Operation Raccoon City the other day when it was on sale and played it for the first time. Despite the low ratings, I found it a lot of fun. I played single player and co-op and both are great, but I like co-op better. I'm not a fan of the Resident Evil games, but since this one was made as an action shooter, I like it much better. I haven't had any problems with the game except for, when I tried loading the game for the second time after taking a break, it would crash and not load. I'm running windows 8 and found a fix on Youtube.",557,1,1,0,0,0,2016-08-25,2016-08-25,0,6,4208,2046
"Operation Raccoon City. ""The Ugly Duckling"" in Resident Evil franchise. The precusor of the changes that the Resident Evil franchise has experienced. Changes that shook the RE fanbase at it's very foundations. Changes that haunt people to this day. Changes that made people who accepted them to be shunned and called heretics or even worse - casuals.
   
No more classical steady aim, its run and shoot now. Dodge and and squeeze the trigger and let god sort em' out. This is the game that set new directions and gameplay changes that were the backbone of Revelations and RE6 gameplay mechanics. 

No more ""jumpscare-conserve-your-ammo"" scary, instead it's ""get-into-cover-and watch-to-not-get-owerwhelmed-by-whatever-the-game-throws-at-you-while-you-keep-throwing-grenades-and-blindfire-like-crazy"" scary. And dodge. Always dodge. Especially when Fighting against T-103's and MA-124's. 
Of course there are some jumpscares still but if you played Resident Evil before they are as predictable as they always were. 

If you're an RE fan - remeber how you used to go back time and time again, either to fix some random tram wire, use a key or get that morgue door open to get the gun? Forget it, there is no going back this time. There's no puzzles either. The only puzzle you'll ever have is trying to understand and cope with the teammates AI - especially if you'll try to play offline. When the AI teammates are just your group filler it's slightly better - but only at a statistical margin of error. I guess they do their best to keep it real and die as often as possible to enhance your feeling of hoplesness and despair just to keep up the biohazard zombie horror appocalypse theme. 

Playing with real people, now this is where the fun begins. If you get a well oriented people that know the ropes, feel and fill their roles, you can have almost an action movie experience - the one the subpar movies have never gave you. Otherwise you can feel like a one man hero, real wolfpack leader, trying to save the day. Or at least try to and fail miserably and be ensured that this is just a nice zombie fairy tale and in real life it's impossible to survive it without teamwork and dealing with other peoples selfishnes. (You bastards picking up first aid kids when I'm a medic and I can heal you better with them than you can heal yourself - I'm pointing at you)  

And don't trust your teammates too much, in the end you will find out that they might not feel the same about what you've all went through.


Despite recieving many negative reviews both from the players and the press this game is not as bad as it seems so don't believe everything you've read or heard. Personally I believe that this is one of the most underappreciated games of these few last years. When it comes to Resident Evil franchise, sure, it falls out of canon - in terms of gameplay - but it does that well in order to be what it is. 

When it comes to storyline it's non-canon too, a hypothethical scenario, but the way it's presented, the mix of real protagonists and antagonists, revisiting places from RE2 and RE3 can make you feel like it's the story untold. The story about desperate attempt to cover up the greatest viral outbreak in the whole Resident Evil franchise, something that a company like Umbrella - with its both private and goverment funding and with it's own special forces and R&D divisions - would most likely attempt to cover up. And thats where you step in as the cover up team alongside your favourite Umbrella Security Service cleaner HUNK (guest appearance in RE2 cinematics, many RE games extra modes and first mision in ORC)
There's also the DLC that allows you to play the gov side that tries to investigate the outbreak on their own and assess the situation - I've found those missions are tougher and more challenging, but its good to see both sides of the story.
  
This game was meant to be a step into another direction, away from mainstream series and it did it well. Imagine an Left4Dead game with third person perspective and an Resident Evil theme - thats Operation Raccoon City. Does it have replayability value? That depends. If you like to play better and better the same scenarios with diffrent random people - just like in L4D - then sure, it has great replayability value. If you want to just do a co-op with random players once in a while - sure it does. You want some sense of achievement? Sure there are guns and skills to unlock. (really usefull once you learn the misions scenarios and figure will you need a cqc or something with more kick, if you are forced to play with one class or another cause others pick it first). It will get extremly repetetive at some point though, but if you are a RE fan and you love Raccoon City as the best RE setting - you will enjoy coming back, even if its just once in a blue moon.


Notice: your saves are not in a cloud, they are stored locally. Keep that in mind and copy those save files in ""my docs->CAPCOM->RERC"" somwhere else once in a while or you'll start with a clean slate. Also sometimes a rare bug can occur when game starts up and instantly crashes with no error - to fix that delete settings.dat file in the same folder as above.

Hint: in close combat, when your skill is charged Q+Q+Ctrl (default settings) for class based execution. (This is biggest flaw in the game, the tutorial is lackluster)",5377,1,1,0,4,0,2016-08-24,2016-08-24,0,2,5442,3140
"I'll follow other reviews but in the opposite key.
I like this game because it works for me. Totally recommend.",111,1,1,0,17,6,2016-08-23,2016-08-23,2324,47,310,310
I saw a zombie and quit the game. 10/10 Zombiephobia again.,59,1,1,0,0,1,2016-08-23,2016-08-23,0,29,385,40
"My name is Bertha, ready to play.
Hold your fire, he's ubcs.
And why are you here?
We move?
He's attaking from above
Ooooh, doggies
INCOMING
Sorry, we've got orders
Bertha is so awesome 



LOOK AT THIS





ON IT, LUPO",219,1,1,0,0,2,2016-08-23,2017-05-23,28,2,2660,1864
"The classical games of the Resident Evil franchise are mostly about surviving, dealing with the tension of managing low supplies and also some puzzle solving. Well, you can basically say goodbye to all of those features in this game, because it's basically an action-oriented title which surely does a great job at it. Now that the basic mechanics were explained, what about the story? There're two different storylines to be mentioned: In the first one, you control a bunch of mercs who're there trying to erase all the data related to the Umbrella's incident, in other words, you take the role of the bad guys. As for the other one, it's the other way around, I mean, you lead a team that is there looking for survivors. The graphics are cool, the soundtrack is ok too, there's nothing exceptional to be mentioned besides that though. As for the gameplay itself, I really don't advise playing the game on your own, because the AI is so dumb that your teammates all behave like a bunch of pigeons. Besides that, you may also bump into one or two glitches that can be really annoying (especially the elevator one), although in my personal opinion they aren't enough bad to spoil the whole experience. There're several different characters that you can choose and each of them have special skills and weapons, which can be unlocked through experience points and that is something cool. I can't really say anything concerning compatibility problems because I still use Win7. Either way, me and my friends had to deal with a headache while we were trying to play online but fortunately that problem was solved after some ports were opened at the router.

Tl;dr - Forget about the classical Resident Evil games. This is basically Gears of War with zombies and it's definitely meant to be played with your friends, not alone.",1820,1,1,0,0,0,2016-08-22,2016-08-22,0,315,731,731
"Doesn't matter if you play this game for RE plot or for the action part, it sucks both ways. It's clunky, laggy and extremely bulletspongy.


And Games for Windows Live is cancer",178,0,1,0,0,3,2016-08-21,2016-08-21,0,154,20,20
A decent game totally ♥♥♥♥♥♥ up by Games for Windows LIVE.,58,0,1,0,0,0,2016-08-21,2016-08-21,0,13,1274,723
I don't own this...why can I write a review? :(,47,1,1,0,1,4,2016-08-21,2016-08-21,0,40,34,34
"So after having finished it once again, I really enjoyed it. 
Before buying the game i was reading a lot of the reviews saying it was hard so i jumped in on Vetran mode as Spector the only playable charector with no usefull abilitys other then showing all pick ups and finished it alone. The game is not hard unless you play it like Gears of War and don't stick to cover and pick your shots.
The other problem everybody have is the GFWL system it uses making the game crash on startup, but it takes less then 2 mins to fix that, but again the avarge gamer rage quits when something don't work for them

While i love this game it have some its problems for sure. 
- Enemies being really bullet sponges
- Controls ain't the finest
- Melee is meaning less
- Ally AI is piss poor

Other then those things i had a great time even tho i wanted to switch charector a lot to remove my problem on not having any skills

I sure as hell wanna play this anytime over the other Resident Evil titles... because they are truely garbage in my eyes, this on the other hand trys to do something about that",1087,1,1,0,3,0,2016-08-21,2016-08-21,1128,40,561,485
"Don't buy this game! Not only does the controller support no longer work with the Xbox one controller. But Now no matter what I do, I am getting 10-15 fps. I have an i7 with a 960m gpu, 12 gb ram, and 250gb ssd which can run games like the division, metal gear phantom pain, yet REORC Can't even get past 15 fps. Save your money, Or throw it in a garbage bin, but do NOT spend on this game.",390,0,1,0,0,0,2016-08-21,2016-08-21,0,1,285,251
"The sale is too good to be true.
It asks for a discontinued system to login in order to save your progress. This is not worth the time or money. Will be demanding for a refund.",176,0,1,0,1,2,2016-08-20,2016-08-20,0,2,47,14
"Literally the franchise's ""Sonic Boom"". The gameplay is poorly balanced, the quicktime actions are poorly timed and move slowly (i.e. your character moves too slow and gets John Cena'd by a giant mutant zombie), and the cutscenes? Oh boy, the cutscenes... This is why I compare the game to Sonic Boom. The cutscenes jitter and jabber before the shot is fixed and moves forward... until the next camera transition. As for how the gameplay is poorly balanced, it's designed so that you waste a whole clip on one grunt because you missed 50% of it, and it takes the other 50% to take him down! add to that the fact that, after every cutscene, the game has a titty-piddling hissy-fit and lags more than your average COD game before you can finally play semi-properly.

Not my wisest Steam Sale buy...",796,0,1,0,0,1,2016-08-20,2016-08-20,0,6,35,35
"Game is completely, and totally ruined by:

1) You start it up, it requires a windows login. Okay, I don't want to have anything to do with my old microsoft live account, but i dejectedly login anyway, then:
2) they require a product key. You bought the game. It's authenticated through steam. In addition they want a product key too. 
3) To make matters worse, you can't copy and paste it. This is the final ♥♥♥♥♥♥♥ straw. ♥♥♥♥ this ♥♥♥♥. 

Without a login you can't:

1) save
2) access online content

In other words, the game is completely and totally unplayable.

Not only that but it will continually harass you for logins at various stages of trying to enjoy the game. For example just trying to play the game without login in, even with it ruined by not saving and not being able to access online content, just trying to play the game without these features, I got harassed no less than 5 ♥♥♥♥♥♥♥ times for logins at various stages of the menu process. 

♥♥♥♥ OFF. I HATE microsoft. I hate DRM. I don't agree to them selling my personal data to some ♥♥♥♥♥ in America, or some advertisement companies. And i particularly hate companies who think that customers owe them big time for some overpriced crap and terrible customer service somehow that they can move the goal posts from you playing the game to having to jump through hoops, essentially begging to have access for the thing you ♥♥♥♥♥♥♥ paid for. 

Refund please. Also you can't leave a review if you've not ""played"" it for 5 minutes. Get ♥♥♥♥♥♥. I am idling this game's login screen for 5 minutes, JUST to leave a negative review. There should be laws against ♥♥♥♥ like this, there should be warnings when you buy the game warning you that the developers are a bunch of morbid ♥♥♥♥♥♥♥♥ that require logins. 

People buy stuff on steam because it's a cool repository of software that they can hopefully access deep into their future. If those games and applications require logins that rely on 3rd party servers, then if at any point in the future they decide to take down those 3rd party servers (as microsoft has done no less than twice, prior to microsoft ""live"") then the game / software becomes unplayable. Or for example if the 3rd party company becomes bankrupt (looking at windows 10, that's a realistic possibility). In other words, you've paid for something that has a limited lifetime, determined by some beaucrat somewhere who probably doesn't give a ♥♥♥♥ about anything but wearing a nice suit and selling out everyone he can find to increase his salary. That's pretty ♥♥♥♥. When people buy software, they implicitly believe they own a copy legally. If you start blurring the boundries between ownership and terms and conditions, you will only disappoint people, and people will understandably get very angry, esp if the time period expires for them to get a refund and the thing they thought they owned, they no longer do, because they require a login to a service that, for whatever reason, no longer exists. 

Don't tolerate games that require logins. Have some self respect. Demand a refund and go and play a cracked version without the ♥♥♥♥♥♥♥♥ for free. I don't advocate illegal activity normally, but in this situation it's completely and totally justified. Companies like this are committing fraud. They are ""Selling"" a game, but after you purchase it, you find out they've put a login into it so they can take away the thing you own, at any point in the future at their desire. In my opinion, that's fraud, either you buy the software, in which case you own it, or you don't buy it then they own it. On a friday afternoon you want to just sit down get drunk and shoot a few zombies in the balls, but no. Scumbags have to go and ♥♥♥♥ it all up for you. Things like this aren't entertainment, they are a succinct synopsis of everything wrong with the world today. They want you to pay for their product, thinking you will own it, then when you've purchased it, they then want slither like cockroaches from under the carpet with ever changing terms and conditions that you inadvertantly clicked on, to retain the ability to take back your purchase as ""theirs"". What a cheek. 

Additionally i have been idling this game for 45 minutes in the background and steam is repeatedly saying i can't leave the review because i need to ""play"" another 2 minutes. It's been saying i need to play another 2 minutes for the last 45 minutes. Steam can ♥♥♥♥ off too. Respect your customers. They pay your bills, and they leave reviews, and they WILL boycott every. Single. ♥♥♥♥♥♥♥. Thing. You ever publish ever again. Because you betrayed my trust by trying to confidence trick me and sell me ownership of something I will never always have access to. 

And that's the crux really of ""intellectual property"" law. It's ""property"". How can it be property if you don't have access to it, because you're locked out of accessing it? If you bought a house and you were unable to get to the front door, would that be okay? In the UK there is a law for this, it's called a right of access to your property. It clearly states that is illegal to prevent someone from accessing their property. In other words, if someone buys the land around your house, it's ILLEGAL for them - even by negligence - to not provide a path, or road for you to get into your property. By putting a login there, through a 3rd party, you're essentially guaranteeing that in some point in the future you will NOT have access to your property. In my view this is totally ♥♥♥♥♥♥♥ illegal. Just as denying someone access to their own house is illegal. DRM pretends that information is property (which i don't actually agree with btw) but when customers assume it's property and bite the bullet and purchase, companies bend the rules so it's not really property when it suits them, and makes out that it IS property when it does. This hypocrasy is wrong, both ethically and legally.

I'm sorry, but as a concerned citizen here with an IQ higher than that of a ♥♥♥♥♥♥♥ sandwich, stuff like this SERIOUSLY pisses me off - particularly when it masqurades as ""entertainment"". 

A ♥♥♥♥ game i can put up with, logins and subscriptions that aren't clearly labled as required in the video before you buy the game. Just no. Would you spend money on a game you have no guarantee you can use tomorrow? I don't think so. So now you see things the way I do.

Thank you for my refund.",6401,0,1,0,54,11,2016-08-19,2016-09-09,0,103,24,24
"A broken buggy mess that requires a redundant platform to run and save your progress. Save your money and give this one a miss as it shouldn't even be sold in it's current state, cheers Crapcom!",194,0,1,0,6,2,2016-08-19,2016-08-19,0,81,15,15
No multiplayer,14,0,1,0,5,3,2016-08-19,2016-08-19,0,8,24,24
"ENG: Despide of some bad optimization in processing and that ♥♥♥♥ called GFWL, in terms of gameplay this game is way better than Umbrella Corps.
Get 4 friends together to buy this game and you'll have some good hours of fun.
Only buy this game in a 75+% discount.
PS: Don't take this game's campaing too serious, it's a spin-off

PT-BR: Apesar de alguns problemas de otimização de processamento e aquela merda chamada Games for windows live, em termos de gameplay, esse jogo é muito melhor que Umbrella Corps.
Junte 4 amigos para comprar esse game e vc terá algumas boas horas de diversão.
Somente compre esse game com mais de 75% de desconto.
OBS: Não leve a campanha desse game a sério, ele ela não faz parte da história de RE (spin-off).",740,1,1,0,3,0,2016-08-19,2016-08-19,761,14,1060,709
"Biggest issue with this game is the FPS drops. Fixing the crashing issue is easy, but when Steam soaks up 50% of the CPU and you get massive FPS drops every 3 minutes, it's an issue with the game and not your PC at that point.

Monitoring my computer, it runs fine when using 90%+ of your CPU. Once you see it dropping to 27% of your CPU, the game is almost unplayable..and that never stops.

So the fix for that? Run the game outside of Steam, losing all DLC and Steam access. Eh, sure I'll try it. Works fine until 10 minutes in when it crashes, and never runs again when trying to boot.

Sigh... Save your money people until they fix this.",642,0,1,0,1,1,2016-08-19,2016-08-19,1675,50,98,98
"Ignore negative reviews, the game is good. Just do the fix mentioned by Capcom and it runs great. A shooter in the RE universe, kind of like gears of war meets RE; it's fun and also can  be hard, so its a good challenging game.",227,1,1,0,1,0,2016-08-19,2016-08-19,716,30,1940,312
"Resident Evil Racoon City was a game that I personally enjoyed. The thing that killed the game, was that people thought it was the traditional RE. It was your basic co op shooters which I enjoy to play.Let's get to the beast things.

The setting. So, this is taking place during RE2 and I believe you are trying to destroy something forgot. Everyone who plays RE that play the second one and it should've brought you back to Leons sexy perfect hair. That was pretty damn cool. 


Good party coop game. It may not traditional RE but damn it was fun at Times.

Since I'm doing this on a phone I'm going to cut this short. Sorry pc guy


BEAST THINGS:

Good coop game
Good to relive RE2 if you don't have a PS1
Good to see a sexy perfect hair Leon again


UNBEAST THINGS:

No depth in a coop shooter 
So damn linear 
Rushed ass game
Made by Capcom

Final Verdict 

5.7/10
Good for casual gamers who enjoy RE in shooter
Not good for gamers who're looking a traditional RE game.",973,0,1,0,3,1,2016-08-19,2016-08-19,0,17,307,307
If it ever ran I might like it.,31,0,1,0,14,12,2016-08-19,2016-08-19,207,5,61,61
Gears of Resident Evil. underrated gem in my mind.,50,1,1,0,0,0,2016-08-19,2016-08-19,0,20,56,55
"- What i can say, about this game. Game is cool, have a coop mode to 4 players.
Game have a 2 diferents ends.
Game have a 6 playable characters, but coop is up to 4 characters, like i say
earlier.
 In this game, like in each Resident Evil, we have something to collect, we must 
destroy a camera etc.

- In this game, the best option, is playing minimum with one friend, because
bots is such a stupid, and they not help you, if you are overpower.
Conversion, and optimization of this game from consoles to PC is tragedy.
Sometimes in main screen ( not main menu ), where is ,, press spacebar "",
there i was have 12FPS. In main menu, where is option to choose a game mode,
and other things, i was have 4FPS.

- In game, was courius. When hoard was not coming, i was have 24 - 32 FPS,
when hoard was coming, or was shooting against SPEC OPS, sometimes
i was have 12 - 14 FPS.
I was finish game with friend on all dificulty levels, and Professional dificulty
level is not so hard, when we was end the game, on all previously levels.

- Even the hoard of zombies is not so hard. The bigest problem is
,, The Hunters "". In this game, hard to kill is ,, The Hunters "".
Even the ,, Tirant "" ( gas station level ), is more easy to kill and the SPEC OPS  on 

Professional dificulty level.
Is a worth buy this game? Ofcourse :) A lots of fun, cool characters, many hours 
of pleasure :)",1377,1,1,0,6,0,2016-08-11,2016-08-11,401,59,2524,2034
"This game is actually fairly good. I was never a fan of the other resident evil games, other than 2 on psone. Gameplay was too slow and the controls were too unresponsive. This game is more of a shooter than a slow moving survival, its action oriented and tells a side story of resident evil 2. It is not warranting of a bad rating as its actually much better than the fanboys are really giving it credit to be. In other words, if you are a fanboy, you are absolutely going to hate this game, no ifs/ands/buts about it. If you want a decent zombie action experience, this is better than left4dead.

The only reason I am not recommending this, is that the developers absolutely REFUSE to remove GFWL from their framework. The game crashes on startup, on win 10, and the workarounds with the xbox app do not work for me, so the game is currently unplayable for me. You will probably have slightly better experiences if you are running windows 7, as im sure a lot of workarounds exist for it, but in its current state, it is unplayable for me.",1040,0,1,0,65,4,2016-08-04,2016-08-04,892,91,1035,684
"This game is a very interesting addition to the series but not in a good way. Some of what this game really gets right is the different weapons, this game is probably the most diverse in terms of weapons. However the gameplay is difficult even on casual and the game is unplayable single player. I liked this game but the story was also not very gripping it seems like it was designed for multiplayer. Overall I could not recommend this game because of its many flaws as a game by itself and its inability to stay true to the classic games I grew up with.",555,0,1,0,1,0,2016-07-12,2016-07-12,0,145,1747,876
"Steam asked if I wanted to update my review, so here goes.  I was especially salty when I wrote my original review because this is a game I was very hype to play.  I was extremely disappointed by it.

The game still uses Games For Windows Live, so you will need to follow a community guide and do some tinkering.  On top of that, if you are actually going to attempt to play this, make sure you have both of the windows 10 Xbox apps open and signed in: the built in companion app, and the newer downloadable one.  Having to do all this just to get the game to function is strike one.

I played the game through again with two of my friends, and the honest truth is that while the game has its moments, it is horribly unbalanced and if you don't have 2 or more actual human beings it becomes frustratingly hard even on the easiest difficulty.  The game really needs to go easier on you when you are not playing with 4 human beings, the teammate Ai is abysmally bad while the enemy Ai seems to have literal aimbot at times.  I tried playing the game by myself on PS3 years ago and literally couldn't bring myself to do it because my Ai companions would die very quickly, leaving me to fend for myself with very limited ammo and only one ability that has a long cooldown (and also may or may not actually do anything useful if you're playing alone, depending on what character you play as).  Strike two.

There are a lot of great ideas here, they are just not executed very well.  I also believe that the game should have focused on creating an interesting behind-the-scenes of Resident Evil 2, it has the potential to do that and I think that would have been really cool.  Instead, it's a non-canon what-if game.  So, not only is the gameplay a mess, but the story is completely irrelevant to the story/lore of rest of the games that Resident Evil/Biohazard fans care about, or even the movies which would at least be something.  What is the motivation to suffer through this unpolished, unbalanced, unpatched product?  Three strikes, you're out.

I'll give the game brownie points because it did make my friends and I laugh quite a few times at how bad it was.  Also, there were also a couple of cool story and gameplay moments; the cast of the main campaign is interesting and I enjoyed listening to the unique conversations that would play depending on which of the 4 characters were in your squad.  You can tell there were people on the development team who cared about what they were making.  I respect that and I feel bad that their project flopped so hard.  Plus, it's Raccoon City.  That was a huge selling point and built hype; aside from the on-the-rail shooter side games, Raccoon City's iconic locations hadn't really been given a true ""HD"" treatment until this installment.  They are neat to walk through even if a lot of the areas don't stay faithful to their original layouts.  Sadly, good art can't save a bad game.

3/10



Original review:

Don't.

Just, don't.

The game is ludicrously hard without 2+ people even on casual difficulty, and the gunplay mechanics are slow and sloppy.  It's like the tanky controls of RE1-5 had a really ugly baby with RE6.  Granted, the whole game is kind of an experiment.  But it's just a bad one.  Several things in the game left me wondering if the devs even played Resident Evil 2.

There will be some nostalgic throwbacks, and I'll honestly say that the maps and character models are great.  The game had a lot of potential, and could have been redeemed.  But the lackluster story that is literally non-canon ruins the effort entirely.

Don't waste your time.


2/10",3621,0,1,0,2,0,2016-07-12,2021-03-29,1056,221,1491,677
"I Cannot get this game to work on Windows 7 but I dual boot, and I did get it to work on 10. Dont buy this if you use 7.

I recomend this game on certain circimstances, its really fun with friends and Ive had some good times on this game.

BUT if you don't want to fool with games for windows live issues do not buy it, it really is a pain in the ass. 

It is a pretty good sale title, but the issues it has are pretty bad, but can be resolved",443,1,1,0,0,0,2016-07-12,2016-07-12,593,57,596,476
"I really like this game. But it has some flaws. The main one is AI. The developers really didn't think that one through it's really not intelligent. The most humorous one is if one of your team walks into fire and you revive them, they walk back into the fire and die quickly.

That being said, I like the storyline, the action is non-stop. If you're expecting a classic RE game, you will be disappointed. This story is from a completely different POV.

For those who have the GFWL make, make sure you have the most current version. You must uninstall the GFWL that is installed on your PC, then download the current version. Link below


http://www.xbox.com/en-US/LIVE/PC/DownloadClient.",688,1,1,0,1,0,2016-07-08,2016-07-08,0,12,726,705
It's okay I guess.,18,1,1,0,1,0,2016-07-07,2016-07-07,179,7,575,575
Stop saying this game is bad. You're wrong.,43,1,1,0,10,1,2016-07-05,2016-07-05,0,14,290,207
"Bueno sinceramente este juego es MUY bueno mas que nada para los fanaticos de los Resident Evil ya que te introduce en otra historia. Lo bueno es que es muy entretenido, no es facil si lo juegas en la dificultad maxima, es bueno para jugar con tus amigos. Lo malo es que bueno la historia es corta pero aun asi te hace pasar un buen rato. Lo que recomiendo es comprarlo en dias de oferta por su precio y bueno para jugar al online solo se necesita una cuenta en xbox live lo cual no es molesto. COMPRELO EN OFERTA!!! no hagan caso a las personas que no les gusta, los verdaderos fanaticos de RE que jugaron al primer juego sabran lo bueno que es.",646,1,1,0,4,0,2016-07-04,2016-07-04,0,37,988,197
More action oriented and plays differently than any other RE game but I enjoy it.  Some controls are a bit clunky but can't complain.,133,1,1,0,4,1,2016-07-03,2016-07-03,0,5,275,2
"At first the game was smooth sailing (as smooth that the clunky pc controls can be). Then when I joined a game I was lagging to the point where the game was unplayable. So I disconnected and gave the game another chance, this time it did not lag but Shortly after we started my team and I could not get past the first area, From this point it seemed that the online multiplayer was not an option. So I took a break from the game. When I came back to play the game would not launch. I tried verifying local game cache through steam, when that did not work I tried to unistall and reinstall the game. Again this did nothing but waste my time. After about 2 hours of research on how to fix the issue I found a fix that worked, Finally I could play the game I bought. So play I did, While playing I encountered the 2 different types of enemies zombies and enemy soldiers with the three AI teammates that fight aside you. That reminds me the AI in this game is terrible. The game has a cover mechanic that is so bad that I could not rely on it to save my life in a gunfight. The overall gameplay was mediocre at best and clunky, annoying and repetitive at worst. You may notice that I only played 1.3 hours in this game and that may not be enough to judge the game fairly. The reasons to this are 1 the fix I mentioned earlier only worked for my second session playing the game (I tried the fix again and it did not work a second time) and 2 so I can return this terrible game. Also this game feels more like a cookie cutter 3rd person shooter than a resident evil game. To conclude DON’T BUY THIS GAME it is broken and will not work at least on windows 7,8 and 10 (which are the main versions of windows I see people saying it doesn't work on). Also when the game is working its not worth the time or money. 

If you have any questions send me a steam message (especially if you're thinking about buying the game)",1909,0,1,0,0,0,2016-07-01,2016-07-01,0,4,246,77
i love this game on xbox but on PC it sucks  you have to download a fix to even start the game and when you get the game to work it will drop frames faster then my black dad dropped me out of his life and all the time it will run at like 20 frames till combat then wont go past 10 and drop to 0 every 15 seconds,311,0,1,0,0,1,2016-06-30,2016-06-30,0,3,393,393
"Why does this game use a DRM service that stopped working 2 years ago!?

This is stupid! I wanted to play this game again, but not THIS badly. This will be the first game I get refunded on, I think.",198,0,1,0,1,0,2016-06-29,2016-06-29,0,83,729,28
"So the game only works if you delete 2 apps on your system with windows games and some other thing i did. i got it to work. Its  cool. its old the animations for stuff is out dated and god its old lol. the memories are cool though, the game is still entertaining. its fun.",272,1,1,0,0,0,2016-06-29,2020-06-26,0,61,779,652
"You know, I was ready to hate this game. I liked Revelations, but I really didn't like 5 or 6. Well, over time 5 got better but 6 is still pretty bad.

ANYWAY.

This game is basically a generic squad shooter with Resident Evil flavor. And for reasons quite beyond my understanding, I'm really, really enjoying it. I'm only a few hours in but there are interesting mechanics (bleeding mechanics attracting zombies!) and honestly, I've had a very good time.

If you're looking for Survival Horror, this is not for you.
If you're looking for RE 4, 5, 6 gameplay, this is not for you.
If you're looking for a flawed but pretty good third-person shooter with Resident Evil flavor, this is very fun.",693,1,1,0,6,0,2016-06-28,2016-06-28,0,10,391,391
"Uses Games for Windows login, and since that's dead and the option to link to Steam is no longer available you can't save your progress. Could have at least stripped out the dead GFW or put a warning on the purchase.... :/",222,0,1,0,1,0,2016-06-28,2016-06-28,0,12,138,138
"RESIDENT EVIL OPERATION RACCOON CITY
--------------------------------------------------------------------------------------------------
This game is NOT for casual players who want to just ""get into"" the Resident Evil story. This game is more of a fan service to people who already understand the franchise. Let me explain something, this game is good fun on normal. The game is filled with bugs and enemies can become annoying. The game is best played with a contoller, and is best purchased WITH the DLC. 

NOTE: This can CAN run on Windows 7, 8.1 AND 10. There are multiple ways to UPDATE windows live. The game runs decent for my rig but I can say its a mediocre port at best. The game itself is nothing special besides average. The online aspect isn't there since the community for it is basically gone. The music is decent and the story contradicts that of the real Resident Evil story.

It's a fun twist full of easter eggs for the hardcore fans.
Expect to play it alone, and expect to only get 7-10 hours of pure entertainment. In a realistic aspect, it's about 5 hours of ""wow, this is playable"" then after that becomes repetitive.
I'm giving this a RECCOMEND, BUT ONLY FOR PLAYERS OF THE FRANCHISE. The game is just too confusing without the proper understanding of the lore. 

6/10 Average Game

Bugs Are Often (Nemesis just DISAPPEARED in a fight)
Annoying Infected System (Why do my teammates become zombies, get blown to bits, then I can magically revive them? Umbrella medicine is either FAR more advanced than anyone anticipated or these soliders are not human)
Story Branches With RE And Provides Lore, But Can Contridict The Actual Events Of Raccoon City

Also, why the hell can Vector turn invisible? Where was this in Resident Evil 2-3? 
Regardless of ALL the things I listed, the game isn't as bad as all these reviewers make it look. It's actually quite enjoyable at times.",1895,1,1,0,7,0,2016-06-28,2016-06-28,391,70,455,455
next awesome resident evil game,31,1,1,0,1,1,2016-06-28,2016-06-28,338,27,200,15
Done better and more thought out than Umbrella Corps.,53,1,1,0,2,0,2016-06-27,2016-06-27,0,30,859,602
"Not sure what all the complaining is about.

Bought the game.
Played the game.
Played online with friends/strangers flawlessly
Saved no problem

Yeah had to log into GFWL but like most gamers at some point I made and Xbox account and linked it to Steam. So I didn't even have to log in. 

Never crashed, only a few minor NON-Game breaking AI bugs.",347,1,1,0,5,0,2016-06-25,2016-06-25,0,51,516,516
"-Can't adjust field of view (it's too close)
-Can't play alone (forced to have 3 AI partners)
-Y axis sensitivity is not always the same as X axis, sensitivity changes depending on where you are (it's a bug)
-Personally dislike recoil, accuracy and range mechanics 
-Holding down the shoot button, doesn't continuously fire semi-automatic weapons 
-Field of view should not change regardless of what is going on
-When holding down a direction while moving, if you melee attack, you should not move in that direction (it's useless to kick behind you if you can't see behind)
-there's no need to have a designated ""Escape Grapple"" button, it would have been better if it was the left mouse button for example
-""Stomping"" would not be necessary if you could aim your melee attacks 
-""Quick draw"" is a terrible mechanic
-""Blood Frenzy"" isn't explained (still no idea what that is)

the game wouldn't have been that bad if it wasn't for the mentioned above",951,0,1,0,1,0,2016-06-24,2016-06-26,0,15,450,450
Broken boring garbage with wooden gameplay.,43,0,1,0,9,1,2016-06-24,2018-01-22,2193,783,43,43
nice game,9,1,1,0,1,0,2016-06-24,2016-06-24,25,2,359,205
"I had too mucv expectations of how great this game was. I could finally get this game after three years, it wasn't worth it.",124,0,1,0,2,1,2016-06-23,2016-06-23,307,24,204,176
Why GFWL? this is on steam so it shouldnt need this dumb GFWL.. taking me hrs just to make a GFWL account so i can play this old game..,135,0,1,0,4,0,2016-06-23,2016-06-23,191,26,277,277
"I dont like being negative, but this game is just all round bad and glitchy, even with the fix's offered.I am a huge res evil fan, but Dont waste your coin when there are many many better options out there.",206,0,1,0,0,0,2016-06-22,2016-06-22,0,4,42,42
"Before I dive into my review of one of my favorite Resident Evil games, let me start off by saying it isn't the game's fault that it isn't exactly PC friendly. I had to download an xlive.dll file in order to crack GFWL out of my game. With a bad connection, my poor aim and the fact I mainly got the game to relive the campaign again, I didn't really care that I disabled online play.

That being said, Resident Evil: Operation Raccoon City is probably one of the best RE games you can play with friends if you aren't really into what Umbrella Corps provides. With distinct classes and an amount of weapons that would make a redneck happier than a kid in a candy store, plus two campaigns (you can access the Spec Ops campaign via Free Play) the multitudes of zombies, Crimson Heads and other infected to mow down. as well as cameos from beloved characters like Leon Kennedy, Claire Redfield, Jill Valentine, and Nemesis, this was eight bucks well spent in my opinion.",968,1,1,0,0,1,2016-06-21,2016-06-21,272,8,3165,765
"The best Resident evil game for me, this is a fun 4player co-op and fun to kill friends!!
...Let's kill leon!! xD",113,1,1,0,2,0,2016-06-20,2016-06-20,310,9,1269,508
"Do not buy, they dont even  give you real CD keys, wich means yo cant even play.
I bought the game in a sale and it seems it is a general case, im still waiting for mi CD key.",175,0,1,0,4,0,2016-06-20,2016-06-20,166,7,301,264
"This review is just about the way Steam sells CD Keys that do not work for GFWL if you want to save your progress. I read up on how to fix Windows 10 and I thank most of the reviewers for their easy step by step process to reinstalling GFWL. Unfortunately, I tried to use my key to play online ( I am guessing that a slim few still play online) and it says it is invalid. Steam screwed me over for the first time with this, and it was on sale. You can still play but it won't let you save your progress. My next and last review for the game will involve me playing a lot more. For the first part, however Steam get your ♥♥♥♥ straight please!!",642,0,1,0,3,0,2016-06-19,2016-06-19,669,4,81,7
"Don't bother, especially if you're on Windows 10, GFWL doesn't work, and even if it did? The CD keys that have come out with the latest sale aren't even legitimate.

Yes really, they're selling invalid CD Keys during the latest sale, and their support is conviniently down during the refund period.",298,0,1,0,2,0,2016-06-19,2016-06-19,0,40,86,7
"FUN GAME TO KILL FRIENDS IN XDDDDDDDDDDDDDDDDDDDDDDDDD

#CANCER GAME AHAHAHAWAAWHAHH",84,1,1,0,2,0,2016-06-19,2016-06-19,0,16,810,259
"You people are all idiots if you say its not working on windows 10, cause I have windows 10 and guess what it works perfect no issues at all. try google search for a fix before you run ur traps about ♥♥♥♥ being broken or not working or blaming capcom and valve for your issues and problems 

PS. This Game Works great some parts are a bit hard but very fun a must play for any resident evil fan",394,1,1,0,2,0,2016-06-18,2016-06-18,0,4,740,668
"Unlike most people who got this game, I have windows 10 and It works fine for me.
Though the only problem is I'm still waiting for my key to get send to me.
I Can only play offline for now.",189,1,1,0,1,2,2016-06-18,2016-06-18,0,28,685,308
"Resident Evil: Operation Raccoon City .........Not a bad game: only here are games for Windows live........ I didn't really like it,.......... please make this game,.............. as in Resident evil-5 on steam........ Without any registration........",251,1,1,0,7,0,2016-06-18,2023-01-07,0,50,954,312
yes,3,1,1,0,0,0,2016-06-17,2022-09-29,525,147,1163,1090
"An unexpected gem really, i love the idea of playing as the bad guys. And not some big picture, take over the world guys either, just realistic and professional operatives all there (well besides money) for their own reasons. Love the guns, the 3 way combat between you, other humans, and zombies can get interesting and is pretty awesome. Missions are generic, but working with the team and the combat is enough for me to not give a ♥♥♥♥.  Spectre is my favorite, he's basically a russian Third/Fourth Echoleon agent (even though there is already a Russian counterpart organization in that universe, I just don't remember it's name), it can be hard as ♥♥♥♥ though, like not a deep thought rts or dark souls level hard, theres just so many things on the sceen to kill you sometimes, you just kinda die. 10/10 would randomly purchase again.",839,1,1,0,15,0,2016-06-17,2016-06-17,0,12,1216,479
"The games movement and shooting animations are worse than Early playstation 1 games,graphics look like 3ds could do better and the story is god aweful even with a friend playing",177,0,1,0,1,0,2016-06-17,2016-06-17,0,7,77,77
"Still laughing about how all these kids keep claiming this game doesn't work for windows 10.   Game works perfectly fine.  There are plenty of fixes for it, don't listen to the lazy.  I have windows 8.1, my friend has windows 10.  We both had the exact same issue (Black screen instant closing) which is related to Games for Windows Live.  We both had the issue fixed in 3 minutes, both got our keys registered, everything.  Stop being lazy.

LINK TO FIX:  WILL FIX BLACK SCREEN AND INABILITY TO SAVE ISSUES FOR WIN 7, 8, AND 10!!!

https://steamcommunity.com/app/209100/discussions/0/828937545790772394/


Game plays smooth, doesn't look bad, and generally is the same as it was for console with a better system running it (my computer).  It's still a shorter game but still full of action and some degree of teamwork.  Zombies are still basically a non threat, the special forces are a nice change from the norm as they react well enough to keep you busy.

Pros: 4 player co-op
Unrestricted point spending (You can build points on one dude and spend them on another)
Melee system was pretty sick in this one
Speed shooting pistol

Cons: A bit easy
Short
No longer worked on


This game had a ton of potential, could have made more missions for days.  I think the disappointment was they just let this one go.  Still a good game.


BUG FOUND:  On the stage ""Redemption"" where you have to fight on an elevator, you must do that section solo.  In Co-op, players tend to fall through the elevator or out of bounds, as will the AI 90% of the time.  This is a game related bug and sadly without support from the game devs there is no known fix.

Other than that one bug, the entire main game was played without issue, on both win 8.1 and win 10, saves and all.  This game works, but due to time and changes in coding, it requires a little ""assembly.""  If this game still had developement support, but they have released 3-4 titles since this game's release, you can't expect them to work on it forever.  Have patience and happy gaming.",2031,1,1,0,37,3,2016-06-16,2016-06-18,0,5,1073,1049
"Owned this game on 360 and thought it wasn't THAT bad of a game. So when the complete pack was on sale for $8 I was like, ""What the heck - I can play through the Echo Six missions with my bro"". Within around an hour of playing, I remembered why this game got such bad reviews. Nothing about this game feels solid - nooooooothing. CQC is a joke, gun play feels loose and isn't satisfying, and any enemy that's not a zombie has a ridiculous amount of health. Oh yeah, and it uses Games for Windows LIVE. ♥♥♥♥ THAT ♥♥♥♥. It's broken AF AND makes you get LIVE Gold to use any online features. #NoThanks #I'llBuyAGoodGameThanks",622,0,1,0,3,0,2016-06-16,2016-06-16,0,48,42,42
Wow what a great game loved it when it first came out loving it all over again,78,1,1,1,0,0,2016-06-16,2016-06-16,0,1,126,126
"Докатились…в обзоре нужно сначала прочитать инструкцию, чтобы игра просто запустилась…

[url=http://steamcommunity.com/sharedfiles/filedetails/?id=567144406]Инструкция[/url]

Но, пройдя все перипетии GFWL, мы получаем бодренькую игру на пару вечеров. 
Рекомендую любителям серии РЕ начиная от 4 части, остальным настоятельно советую пройти мимо.


------ 

Sunk in the review ... you must first read the instructions in the game to just run ...

[url=http://steamcommunity.com/sharedfiles/filedetails/?id=567144406]Instructions[/url]

But, after going through all the vicissitudes of GFWL, we receive cheerfully play on a couple of evenings.
I recommend to fans of the series since RE of 4 parts, the rest of the urge to pass.",726,1,1,0,4,0,2016-06-16,2016-06-16,1068,42,184,109
"Now that Umbrella Corps exists, this it he second worst game in the Resident Evil franchise. Fortunately, it wasn't made by Capcom, so they almost get a pass.

I'll be up front with you here. This game....it no good.

Let's get the silliest bits out of the way first. This game still uses GFWL. It still. Uses. GFWL. Moving on. My play time may say 30 minutes. I assure  you I pre-ordered this game on PS3 when it came out and played it there first.  http://raptr.com/Grenadeh/games?sort_by=title

Slant Six did a superb job of creating a believable, enjoyable, and creepy atmosphere for Raccoon City, doing justice to the many different iterations of the town. Cars are wrecked everywhere, there's plenty of blood and everything is on fire, and it's dark. The Umbrella labs beneath the city, especially, I have to say are the most exquisite part and add depth to the facility that makes it far more believable than anything we ever saw in Outbreak, RE2 or RE Chronicles.

Unfortunately that's the most concentrated group of positive things I can say.

The weapons are all broken and disappointing, save for the knife. The knife and melee options make for a fun revisit to a different developers game: Dead Rising - where guns suck and you can melee everything til the cows come home. As far as the guns go, I have literally shot both AI and human players in the head 8 times [and they didn't die] with the .50 cal. Sweet death, or it should be. It wasn't just ""Oh maybe it glitched."" No, this happens on a reliable basis all the time in story mode and a little bit less in multiplayer. This rifle is used to destroy equipment and disable vehicles. It's not used on human beings. This would literally gib a human being. Yet a human enemy, be it a soldier or another player, does not instantly die when hit anywhere with it. Thus the problem with putting an anti-material rifle in any game, ever. It's SUPPOSED TO BE BROKEN. When it isn't broken, it ruins the game, and so it's then broken in a different way. In 4 years they have not patched any problems with the guns.


Zombies will not reliably attack you unless you are bleeding, which is a good game mechanic for multiplayer, but even when you are bleeding they often ignore you and the same applies to enemies. Hunters will literally run up to you, and troll you. 

I'm not joking. A hunter will occasionally run right up to you, be within inches of ruining your life, and then it will suddenly spin around and run away. What the ♥♥♥♥!? That hunter just trolled me! All of the B.O.W.s work on aggro, so, whoever shoots the Tyrants more, that's who it goes after. Admittedly, the AI functions well enough to make the game stressful and harrowing - the way it should be - but more often than not it's just a battle of hopefully directing the NPC enemies away from you long enough for someone else to be the victim.

Some of the actives in this game, much more so than the passives, are complete broken ♥♥♥♥♥♥♥♥♥♥. RPG abilities do not belong in shooters, ever, and this is no exception. Lupo especially - she has an active that grants her invincibility (or is it infinite ammo?) for about 20 seconds straight, with pretty much no cool down. It's not fun, at all, to be the one unfortunate enough to be trying to kill her. Vector has active camo that won't reliably fade even after being grenaded. Both Spec Ops teams and USS have the same skills for matching classes, but it seems the majority of the time that the U.S.S has a pre-existing design advantage.


This game does have many good game modes, like G-Virus sample mode, which is essentially capture the G-virus (like CTF). Nemesis is another good mode, though DLC of course - it's an objective match, King of the Hill essentially, where each team can take control of nemesis and he'll murder the other team as long as your team controls the Nemesis panel. All of the game modes, minus Heroes, are fun, they are just crippled by broken weapons. Heroes unfortunately pits two teams of ""heroes"" against each other - heroes being somewhat canon characters who have THOUSANDS of HP and can take anything but a Grenade Launcher shot to the face, repeatedly, and still kill the other team alone if the other team has lost its heroes - even if not, they can still take on four enemy heroes at once for quite a while. I have had matches where we literally corner raped Jill Valentine for minutes straight, hitting her thousands of times with every weapon in the game, and she did not die.

Story is, of course, irrelevant in this game, as it contradicts pretty much every game that is considered canon, and intentionally so. Even knowing that, the story is virtually non-existent and consists only of a non-stop slew of Ramirezery:

 'Wolfpack, do everything. Do everything else. Wolfpack, we're leaving you for dead. Fight us.""
which, without being tied together by an overall plot like a similar action thriller novel would be, is just annoying and tedious.

The most disappointing thing about this game is is really, honestly did have a lot of potential. The setting is awesome and the multiplayer shooting in the middle of BOWs is a great idea. It just simply doesn't work. And now another developer is trying again with Umbrella Corp. And Umbrella Corp honestly looks even glitchier and less polished than this game did. I really wanted to like this game.

Sidenote. Slant Six literally came out to the journalists one day and said they don't know why the game is broken or where to start on fixing it. After this, I then got into an argument with a woman who claims she was on the ORC dev team. She claims Capcom was overbearing and caused most of the problems.

Lady. The game is fundamentally, at its most basic gameplay mechanics, broken. That's not Capcom telling you what to do. That's your game being a turd.

If being broken wasn't bad enough, they released an army of DLC for this game including Nemesis mode and several other parts of multiplayer and campaign. Are you joking? Don't buy this garbage unless you find it for less than $10. This is $60 I'll never get back. Right now because of E3 it's on sale for like $7. It's stil not worth it because I doubt the MP community still exists.",6208,0,1,0,7,2,2016-06-16,2017-01-30,2461,177,342,314
evrething you need to work gflw is on the internet . i have windows 8.1 .,73,1,1,1,0,1,2016-06-15,2020-02-21,536,61,992,43
What the ♥♥♥♥ is this? Don't buy it pls.,40,0,1,0,3,1,2016-06-15,2016-06-15,514,31,263,263
"Do not buy this game you can not use in Windows 10 and may be in windows 8.
No compre este juego si tienes un sistema operativo windows 10 o windows 8.",151,0,1,0,1,0,2016-06-15,2016-06-15,535,2,270,23
"Do not buy this game. Problems with GFWL are all you get by paying money for this game.
Btw RE:ORC is a pretty good game. I liked it back in 2012 but gfwl ruined and keeps ruining gaming experience even after it's death.",220,0,1,0,8,1,2016-06-15,2016-06-15,539,3,76,76
"I'm so worry when read review after purchase this game about game unplayable with window 10
but game is work for me, I can played it

Window Live is still here! Game froce you to log in window live if you don't your game will not save
Really bad horrible optimize can't belive frame rate is drop
Game Play is broken feel so horrible when I played
Play for fun with your friend this game is ok Just don't expect too much
So If you are RE Fan and just want to collect it like wait it for discount I get this game because is discount 80 percen Ahhh I can imagine if I get this game with full price how upset i'm I.",611,0,1,0,6,0,2016-06-15,2016-06-15,736,94,34,34
"Don't buy the game, gfwl doesnt allow you to safe because you cant log in anymore somehow so every progress is wasted. Instant Refund!

There are no fixes yet",158,0,1,0,9,0,2016-06-15,2016-06-15,0,2,32,32
"Do not buy this. It uses windows live. as a result it crashes every time you try to play it. 

Steam and Windows live does not mix. what the hell were they thinking ? 

Steam belongs on Steam and nowhere else. Same for Windows live games. 

There are no fixes for this game that work since it looks like on the forum no one has played the game for three years. 

on sale or not dont waste you money. 

Windows live games do not belong on Steam. Games made for Steam only belong here in this marketplace.",503,0,1,0,1,0,2016-06-15,2016-06-15,0,25,17,17
Unplayable.,11,0,1,0,9,3,2016-06-15,2016-06-15,0,7,51,51
"this game is just not fun at all. really not at all, and got nothing to do with resident evil",93,0,1,0,3,0,2016-06-15,2016-06-15,0,1,212,212
"Amazing game and i would recommend ! 

Old windows file is gone, use these links for windows live pc update to make game work: https://community.pcgamingwiki.com/files/file/1012-microsoft-games-for-windows-live/
or
https://community.pcgamingwiki.com/files/file/1012-microsoft-games-for-windows-live/?do=download&csrfKey=7457a90c554566b27987dbddd96dacb9

Hope this helps anyone who can buy the game get unstuck here or elsewhere!

Happy Gaming!",443,1,1,0,4,0,2016-06-15,2024-04-18,185,10,1330,153
Cant play now.. :( it sux becose its a realy good REsident evil... they need to fix and remove Windows live to play this game,125,1,1,0,2,0,2016-06-15,2016-06-15,805,164,371,362
Bad port to PC.,15,0,1,0,8,1,2016-06-15,2016-06-15,211,12,40,40
If more people played this game I'd play it again,49,1,1,0,5,2,2016-06-14,2016-06-14,377,37,1,
"Win10 start RUS/ENG

И так для всех кто не может запустить данную игру на Win 10. Сам использую Win10 64. Согласен что не очень приятно мучаться с запуском игры,но всё же.Вот как я решил проблему.
1-Удалить через приложение и возможности следующие приложения 
'Microsoft Games for Windows - Live Redistributable'
'Microsoft Games for Windows Marketplace'
2-Скачать и установить  http://www.xbox.com/en-US/Live/PC/DownloadClient после того как установили может потребоваться перезапуск ПК. Мне помогла лично только повторная переустановка самого GFWL.
3-В свойствах самой игры(ищем куда вам Steam её поставил) ставим совместимость с Win7 и прямой запуск от имени администратора.
4-Финиш.Прокликиваем до тех пор пока игра не запустится.Запускаю только с папки с игрой.
P.S. Пруфы можете посмотреть у меня на странице.



And so for all those who can not run this game on Win 10. Sam I use Win10 64. I agree that it is not very pleasant to suffer with the launch of the game, but it zhe.Vot how I solved the problem.
1 Remove app and opportunities following applications
'Microsoft Games for Windows - Live Redistributable'
'Microsoft Games for Windows Marketplace'
2 Download and install http://www.xbox.com/en-US/Live/PC/DownloadClient after installing you may need to restart your PC. I personally only helped re-instal GFWL.
3 In the properties of the game (look for where you put her Steam) set compatibility with Win7 and direct run as administrator.
4 Finish.Click click click until the game is not only start.Start Racooncity.exe folder with the game.
P.S. Proof can see on my page.",1587,1,1,1,53,4,2016-06-14,2016-06-15,818,39,165,165
"good trailer , very bad game.",29,0,1,0,8,5,2016-06-14,2016-06-14,0,4,307,307
this game is my guilty pleasure but thanks to game for windows live bs you cannot play the game. well u can play. you just cannot ever ever save,144,0,1,0,22,0,2016-06-14,2016-06-14,0,7,28,28
fantastic and greate game but not worth 30-40 dollars  i love this game and favor it it is one of my favorites but unless you have money blowing out your ♥♥♥♥♥♥♥♥ i suggest ether waiting for it to be on sale a price drop or if u have ps3 or xbox this could be bought for 10 dollars for those systems this game is in no way a waste of money but it is also not worth what steam is selling it for due to the easy and qucik to beat story line i mean i played it over several times its that fun but i dont agree with selling it for 30-40 dollars its simply not a even trade when i can get it elswere for much cheaper and still have money in my wallet,645,1,1,0,3,1,2016-06-01,2016-06-01,0,65,7383,5301
"Terrible, it opened as soon as it downloaded, closed it self, and now closes as soon as it tries to open. No support coming my way ether, thanks alot to ass hats at Valve and Slant Six",184,0,1,0,2,2,2016-05-31,2016-05-31,0,6,350,22
"WARNING: GAME DOES NOT WORK ON LAUNCH, TROUBLESHOOTING IS REQUIRED. DO NOT BUY IF YOU CAN'T TROUBLESHOOT YOUR WAY OUT OF A WET PAPER BAG. (It was a pretty easy fix for me, but varies system to system. My fix featured at end of review.)


A hesitant recommendation, but not nearly as horrible as most say it is. On sale and for Resi fans I'll say you can do much worse. This will be a review of the base game. Figured with summer sale on the way some people could use some info.

Just closed out the game's ending with only 5 hours of play. I'll give some ups and downs followed by some general statements.

Pro's
-(Some) creative set pieces
-Decent voice acting
-Decent music
-Varied characters with differing playstyles / abilities
-Coop

Con's (I'm not gonna rub this too far into the grain but the game has a ton of them)
-Ai is pants on head retarded (If at all possible, play with friends or online)
Willfully will go into gunfire or areas with danger, also will not revive eachother (Solo play this means you die it's gg)
-Story (while redeemable at points) is largely lackluster in presentation, I hear DLC fares a bit better but leaves off in a cliffhanger that will never be resolved
-Graphics are so so
-Controls could be better
-Many mechanics (including finer tuned melee abilities, regular abilities, or dodging) are never explained
-Game reads very much like a console port
-Boss fights revolve around bulletspongey enemies
-Multiplayer is done through games for windows live
-Newer systems will have to use a fix
-Lazy design choices (only 5 alternate zombie skins start looking a bit too familar by the time you're finished)

A very interesting concept lacking in proper execution, as much as I fill up the con side of this list I don't regret my purchase. Anyone looking for a bit more Resident Evil probably won't walk away from this regretting it. Somewhere beneath this game you catch fleeting moments of greatness where you see that they started off with some really great ideas, core mechanics and setpieces. That said, controls, movement and gunfire feel kind of janky and are up to you to figure out with some things not being properly explained even in the controls menu. Story is forgetable but some banter between the characters was pretty cool and I personally thought they did a great job with the voice acting the rest of the game considered. Overall feeling is pretty fun if largely uninspired on the whole. More fun online with regular players.

Some great mindless shooting if you're looking for it with a Resident Evil coat of paint. Just don't buy it at full price.

WINDOWS 10 FIX - I.E  HOW TO TROUBLESHOOT YOUR WAY OUT OF A WET PAPER BAG

The game installer comes with an outdated games for windows live installer, rendering each game launch doomed to failure. To rectify this:

- Go to control panel
- Go Programs -> Uninstall program
- Uninstall GWFL marketplace & redistrubtable
- Restart PC (Some people say do this, I didn't and was fine)
- Go to http://www.xbox.com/en-IN/Live/PC/DownloadClient and download latest GFWL
- Win 10 users should be good to go, more fixes in the forums if you dig",3136,1,1,0,67,5,2016-05-31,2016-05-31,959,54,424,346
"I only reccomened this game if you know how to get past the worst gaming program any video game could ever include in their pc port of a game, yes i am talking about the games for windows live. if you can get past this and get this game to work on windows 10 let me know, i'm current trying to figure it out myself, 40$ down the drain cause of this ♥♥♥♥♥♥ program being attached to this other wise very amazing game.",416,0,1,0,9,1,2016-05-25,2016-05-25,934,38,2014,40
"could have been a really good game, but its just another game unpolished and released too early. Seems like a bad PSP game",122,0,1,0,32,2,2016-05-20,2016-05-20,0,44,1248,734
Capcom and Valve are basically selling a game they know isn't working.,70,0,1,0,193,18,2016-05-19,2016-05-19,0,363,1887,1781
Recomended.,11,1,1,0,4,1,2016-05-13,2016-05-13,0,166,2447,1754
"I was max level (99) for this game on the Xbox 360 and I put alot of time into this game, but since I havent played in a while I decided to get it for PC. 

3 Major Points:
-The PC version of this game has near nobody in online Versus mode. (extremely hard to find a match)
-Online Versus or Co-op play is encouraged because the gameplay is fun and your offline and online rank are shared.
-The story is not very satisfying compared to other RE games.

At the time on Xbox 360 the game was new and alive, it's just not the same anymore.",536,0,1,0,4,0,2016-05-11,2016-05-11,0,14,681,475
what the-?  you call this a resident evil game...why?!,54,0,1,0,7,0,2016-05-01,2016-05-01,0,39,87,87
"Screw this game. Its total junk.

1. It uses Games for Windows Live, good luck if its even up and running
2. Its an awful console port, with very frew pc options or improvements
3. It worked the first time I tried it, now it wont load AT ALL.

It should be illegal to sell games that have GFWL. Going to try to get a refund because it wont even let me play.

Yes, ive uninstalled GFWL and installed the latest version. No luck. Yes, Ive set compatability mode and run as admin (this actually causes the exe to crash when i run it, rather than just nothing happening at all like it was normally doing).

The Bulletstorm fix ONLY works if you wanna play single player, so that is NOT a viable solution. This game is meant to be played online with others (but judging from the number of people who cant even run the game, finding someone to play with is probably an issue too).

This is the last Capcom game I will buy until they stop doing cheap, broken, PC ports. Its clear they simply dont care about PC.",1004,0,1,0,29,0,2016-04-24,2016-04-24,1997,291,15,15
"doesnt work, 11/10 wish i could play it again",45,1,1,0,1,0,2016-04-24,2016-04-24,0,167,282,269
"Really short, could use more storyline.",39,0,1,0,1,0,2016-04-23,2016-04-23,0,2,576,570
"DO NOT BUY THIS GAME ON PC IN 2016 WHATSOEVER. Games for windows live is a joke and this game has it. I cant even get into my profile that once worked anymore, so I cant even get online or save. What a joke ive beaten this game on 360 in the past its fun if you're a die hard re fan like me but its not a good game by any means whatsoever.",339,0,1,0,4,0,2016-04-17,2016-04-17,0,2,84,82
"Honestly, so far I have been having a blast! 
Playing with a bunch of friends is really the saviour here. I don't think this would be much fun alone. 

Now the game suffers from some terrible fps drops, I mean, the main menu runs at 20 fps.. And the game itself runs at a stable 60. Only drop in game has been on a level with an entire building on fire. 

The AI is not very smart but then again, they are zombies. The human AI is a bit better but nowhere near good. This does allow for some hilarious moments if you share them with friends. The postivite here is that the game does not allow you to run and gun. If you run in the open with humans firing at you, you will die. I like that.

So should you buy it? Make sure you have at least 2 friends to play it with. Look at the guides to get Windows Live working properly and you should be fine. Also I can run this on Windows 10 64bit without problem... except for the main menu x)

EDIT: 4 hour campaign? I bought this for 7 euros and that included all the dlcs, so I am not mad, but this was originally sold for 60. Thats just not accaptable.",1097,0,1,0,0,0,2016-04-12,2017-12-31,0,46,464,464
"Controls are even clunkier on PC, AI is just as bad (or worse, can't even tell) 

It only took 80 minutes to realize just how piss poor this game is. it's like... Moderately better on console, but not by much",208,0,1,0,1,0,2016-04-12,2016-04-12,0,28,320,85
"Resident Evil as a FPS = Guns + Zombies (Mutants) + Medical Marijuana!  Can play solo, but reccommended for two or more players for the most entertaining experience.",165,1,1,0,0,0,2016-04-07,2016-04-07,284,9,2277,1463
"While I loved it on console, I have to warn against purchase of this game for PC/steam. I will say I got it and all the DLC on sale and was super excited, only to run into major issues that caused the game to repeatedly crash before even showing the title screen or anything. Ran google searches and performed all fixes people did while trying to start the game, reading that these fixes didnt work for some people and did for others. After the last fix, and repeatedly spamming the play button until it stopped crashing and actually started, I come to find out that the game requires a Microsoft LIVE account inorder to play online AND save any single player progress. 

Okay, I made an account, only to then find out that the CD keys that steam gave were invalid with Mircosoft Live. (Tried three seporate times, double checking for errors) Not to mention the horrendous overlay for the LIVE account that I had to type this all in repeatedly signing me out and requiring me to resign in and wait, then click accept on terms and sevices and enter the code again, then wait to see it fail, wait more as it signed me out to repeat the process, and wait to load my signing back in.....

Long story short, at this juncture, it is only a waste of time to purchase this game. Hopefully in the future things will improve.",1315,0,1,0,3,0,2016-04-05,2016-04-05,0,3,7,7
"Games For Windows Live ruins the whole game. Hard to even start it, low framerate. Don't buy.",93,0,1,0,12,1,2016-04-05,2016-04-05,414,15,148,87
meh buy it when it goes on sale.,32,1,1,0,0,0,2016-04-04,2016-04-04,411,37,2633,373
"Comes with the annoying turd known as Games for Windows Live. Item controls are pretty clunky as well. If you have someone to play co-op with it's fine, otherwise you're stuck with bots that aren't of much use.",210,0,1,0,4,0,2016-04-03,2016-04-03,212,10,487,87
"Ah Resident Evil: Operation Raccoon City.. The all out action shooter, of the Resident Evil series.. Is it good? Well that all depends on what your looking for in a shooter. 

If your looking for deep tactical gameplay, you really won't find it here, its basically a mindless cover based shooter. You mow down zombies, abominations, and other mutated critters in droves. With some squads of the evil Umbrella swat teams thrown in for good measure. But, its main selling point is the multiplayer co-op the game has. Shooting tons of monsters with a buddy or 3 is great fun, and is what the game is all about.. You can play alone, and its still pretty fun, but not like playing with some friends. 

The story in the game is interesting, if your a Resident Evil fan, you will enjoy it as it tells a lot of what happened between events during RE2 & RE3, helps flesh out what happened in those two games, which is pretty cool. 

So overall its a fun game, a lot of fun with friends, but overall its a mindless action romp through the early Resident Evil story lines. 

Some people have issues getting the game to work, due to problems with GFWL and Win8 and Win10. But honestly its such and easy fix to get it working, its not that big a deal. True we shouldent have to deal with it, but blame microsoft for doing what they did with GFWL, but either way, even a person with a tiny little bit of computer saavy, can get the game running just fine.",1441,1,1,0,0,0,2016-03-31,2016-03-31,0,12,1226,877
"This game happened to be on sale when I purchased it, so it was only $7.99 for everything (Including the downloads and expansions).  I originally played this game on the PS3, and I liked it a lot, however I was skeptical of buying expansions over the playstation network.  Despite the negative reviews, I thought this game would be worth giving another chance with expansions...

I was wrong...

The moment I turned the game on, a lot of popups were asking me to make a Windows LIVE account (which I found out was the same thing as an Xbox LIVE account).  I make one with fake info, not disclosing my personal info.  It then proceeds to verify my email.  Then expects me to restart my computer... and the steps go on and on...  This is way too much of a hassle to play any PC game!

If you really want to play this game, get the console version.  The PC version is too much of a hassle to get running.

EDIT: This game is also unstable on the PC.

EDIT 2:  There is a known glitch where you go to select Campaign -> Freeplay -> Offline, then go back to the main menu, the game self destructs and will require a reinstall to play it again.",1138,0,1,0,3,0,2016-03-29,2021-09-25,0,52,1050,251
"needs to be moved off of GFWL and over to the steam servers. otherwise 0/10 cause it won't even let you launch anymore

Edit: now i won't even open up",150,0,1,0,0,0,2016-03-29,2016-05-27,725,10,474,359
"Its ok fun but its missing some features you would expect from a resident evil game like item management, having more than 2 guns at a time, puzzles etc. its very different but its still some fun if you can get it working, i did. Better than the reviews, most are hating GFWL and i get that but the game itself? Playable. Passable. Im using win 10 and saving np with GFWL working fine. I paid 8$ cdn. for the full game all dlc's incl. At that price not bad. Dont pay more tho really. Bought it mostly to complete my collection but was happy whan i got it working and am halfway enjoying it ish. I know glowing recomendation right? Remember 8$.. whats that in usd $5? worth that and u can always refund if u cant get it working. Go for it.",738,1,1,0,4,0,2016-03-29,2016-03-29,1300,55,1237,209
"The Setting is good but thats about it.
The Game is a wreck, it lags has many bugs, the sounds are ♥♥♥♥ or just not there.
there are like 5 Zombie Models, Guns all perform the same, The story is too short and you can only play the first Echo six mission and if you want to play the rest you are forced to buy overpriced dlcs. I played this game in coop with a friend because we played RE5 and RE6 together and thought this game might be good and also for us its pretty easy to have fun with any coop game. 
But this....damn, worse than a ♥♥♥♥♥♥♥ Brony convention. 0% Fun

Dont buy this.",586,0,1,0,0,1,2016-03-28,2016-03-28,0,12,467,467
"This is one of the most horrible games I have ever played.
Lets just say that if you don't manage to get your menu to allow more than 10 FPS you should ask yourself why you are calling yourself a game developer.

Also XBOX Live can go right back to hell.",254,0,1,0,0,0,2016-03-28,2016-03-28,623,26,386,369
"I played this less than 5 Hours on Steam and I already finished the campaign. Overall Resident Evil: Operation Raccoon City could have been a great game. The 4 Player Storyline was awesome and even tho it's an action shooter instead of survival Horror it was fun because with 4 players this fits more. The mechanic that you can actually get infected is great and the fact that we're having the antivirus makes sense as well because we're from Umbrella. Unfortunately the game was really poorly made and this is why it sucks so hard. Of course there's still the online mode and the dlc missions but I never liked the online mode of Resident Evil. 

I bought the game for 5,59 so I don't really care that it is such a bad game. I will still give this game a YES because I just love the Resident Evil franchise. The game could have been so good, sadly they ♥♥♥♥♥♥ it up real hard.

5/10",883,1,1,0,2,0,2016-03-28,2016-03-28,0,56,281,281
"Fun Co-Operative experience with friends, but is a pain to get it to work with Windows 10 and uses GFWL. This guide helped me to get it to work tho: https://steamcommunity.com/sharedfiles/filedetails/?id=709327988

Story is a what-if scenario and isn't canon, but its good for shooting zombies in familiar locales and fighting famous creatures such as the Lickers and Hunters. Only worth it when it is on sale though, definitely not worth full price.",450,1,1,0,1,0,2016-03-27,2018-07-01,341,39,777,613
"This game has received mixed reviews and I can personally say this is a load of nonsense and I will recommend this game to any Resident Evil fan and I will explain why. 

The story is different and played from the perspective of Wolfpack which is a spec-ops unit under Umbrella Corporation which is great because you always play as the main characters which fall outside of the Umbrella Corporation. This really does give a different perspective to the Resident Evil sotry as a whole which I enjoyed. 

Relating to the gameplay issues people are having:

- There was not one single game crash when I launched the game or during playing the game through.
- There are no bugs during the game either, everything runs smoothly. 

The game overall was exciting as you can upgrade your character and unlock new weapons, abalities etc... During the actual missions there is a lot to do in terms of finding collecatables etc which for me extended the gameplay time as well. 

Making a quick point on the DLC content, I had NO ISSUES!!!! I bought the DLC add-on and the extra ECHO SIX missions were there, all new added costumes and weapons as well. 

In conclusion and not to give too much away story wise, I would recommend this game with a double thumbs up to any Resident Evil fan out there!",1286,1,1,0,3,0,2016-03-27,2016-03-27,482,8,598,598
"Great game on console but I should have to have to spend half an hour looking up how to get the game to work!
Buy it for your PS3 or X360 or just parite it",155,0,1,0,1,0,2016-03-26,2016-03-26,0,2,31,10
"This was a fun game that is no longer works, Not compatible with windows 10, I enjoyed playing it solo.
If you have a windows 10 pc wait until eith capcom or windows fiqures out how to fix.
unfortunate.",202,0,1,0,2,0,2016-03-26,2016-03-26,0,15,1239,1036
"This game is frustrating beyond belief.  I actually got it to start up without a hitch, but when I saw it was stuttering just turning around with nothing attacking us, I pushed down the graphics as low as it would go, leaving the resolution at native.  It helped, but things still weren't smooth.

I'm not one of those people insisting that Resident Evil stay true survival horror.  I liked RE5 and Revelations. But this... this doesn't even pretend to be horror.  It's like Left 4 Dead, except everyone, human and zombie alike, is a bullet sponge.  Half the time, I wasn't even sure I was hitting them.  Equally bad, there was often no indication that you'd actually killed them.

Whoever designed the port UI needs to be beaten.  Q is now the physical attack?  And what the hell am I supposed to do when a zombie grabs me?  The screen shows a ""C"" key, but with a double-headed arrow above it.   Should I press C?  Move my mouse back and forth?  Both?  Should I waggle the C key back and forth?  Who the f*ck knows?

And the arbitrary nature of the boss battles are absolute killer.  Suddenly, I can't turn around?  WTF?  I arbitrarily can't go any further than this point?  Riiiiiight.

Anyway, I got to the Licker battle and finally got pissed off enough to quit the Campaign mode.  I don't play online.",1306,0,1,0,3,0,2016-03-26,2016-03-26,621,13,156,156
"I did like the game on ps3, but 1 bad thing to me... can't do four player... server won't let us.",97,1,1,0,1,0,2016-03-26,2016-03-26,933,17,151,151
"I've always loved the Resident Evil series, i heard alot of mixed reviews about this game but it looked fun enough so I gave it a go.

It's nothing specal, just a third person co-op shoot em up game, still quite fun if your bored with your endless libary of nothing to play.

It did take me a while to get going however, since I had to make a windows live account in order to save my progress, but that's all over now.

Overall I would recomend this game, but only during a steam sale, I got mine for $5 you might get yours more or less.",537,1,1,0,0,0,2016-03-26,2016-03-26,0,22,413,149
"Games For Windows Live = Rubbish.
I bought this a while ago, got it to work after a lot of stuffing around, then hated it and quit it.

Tried to play again as my friend wanted to play coop over LAN....well, now I can't even sign into GFWL because it's rubbish.

Don't bother wasting your time or money on this.",310,0,1,0,9,0,2016-03-25,2016-03-25,0,8,25,25
"This game ♥♥♥♥♥♥♥ suck. DO NOT BUY THIS ♥♥♥♥♥♥♥ GAME!! This is a game for Windows live which means it is ♥♥♥♥♥♥♥ worthless and has so many problems... I don't understand how valve can have it on the market, this should be fixed before they can sell it.  WTF!!!",260,0,1,0,5,0,2016-03-25,2016-03-25,0,7,26,26
The game doesn't work properly. A ton of issues related to games for windows live prevented me to play with my firend or save my progress in game. Thanks capcom for reminding me of how much a bother this awful drm is for paying customers. Would not recommend this experience. Thank god for refunds.,298,0,1,0,2,0,2016-03-25,2016-03-25,2319,210,11,11
"could have been  a great game. kinda sucks that the first mutant you fight you can not manuever away from him or kill him, so you just constantly die. got bored of the game in the first five minutes",198,0,1,0,2,0,2016-03-25,2016-03-25,252,17,612,162
"There can be good and bad said about this, but overall, I love it.

   First of all, this game is extremely underrated. 
On the one hand, it's short, being able to finish the entire base campaign in about 4 hours if you know what you're doing, blowing through enemies, but still grabbing collectibles along the way (they are required for your chapter rankings in this one.) For example, look at my hours played (7.3 at the time of this review) - I've played all the way through the main campaign twice in just over 7 hours... Also, you have no ability to order your team where to go, which could come in handy if you want to do a mass team heal with one First Aid Spray, and once in a blue moon, the game will glitch in a way that prevents you from continuing, and the only way to fix it is to return to the main menu and reload... or die. This game could have really used a ""Restart Last Checkpoint"" option. This can be pretty brutal during the Echo Six DLC, because is not started the same way as the base campaign and you cannot return to a checkpoint if you return to the Main Menu, only if you die. And no, it is pretty much impossible to kill yourself if there are no enemies present at the time of the glitch. Also your squad would probably kill them anyway. Speaking of the AI though, they do die a lot. Sometimes you just have to pick your battles and make it to the next checkpoint to get them back instead of going back and reviving them manually.
   
On the other hand, it's an amazing game to play with a few friends, and for being a few years old and having a bad overall reception, this game has a rather large cult following, and it actually still isn't too hard to play online.  As short as it is, fans of it have no problem playing through the campaign over and over, with diferent character/ability/weapon combos without it ever getting old. 
All in all, if you find that you enjoy this game, it's replay value soars sky-high. This is great, because if it had no replay value and a 4 hour campaign, this definitely would not be a positive review.
Should you decide to pick this one up, definitely get the complete pack. The Echo Six DLC is literally half the game. It has increased difficulty over the main campaign and basically raises the play time of the whole thing to 8-9 hours if you don't have to restart checkpoints, for the feeling of a more complete gaming experience.

-DLC- 
   They kind of screwed us on the DLC with this one. When you buy the base game, you're only getting half of what you should be paying for and MUST buy the Echo Six packs for the complete game.The weapon packs are pretty pointless, as any vet of this game will tell you they aren't even the best weapons of their type so you'll probably end up never even using them. There is also only one costume change, and it's basically just a difference of the color pallette, and it only applies to the Wolfpack, not Echo Six.
    I have invested a ridiculous amount of hours into this game on PS3, and I was waiting for a sale to buy it on Steam, which almost never happens. If this game is on sale, buy the complete pack, buy it now.

All in all, this is one that you either love or hate.

A negative point that other players bring up is that it uses Games for Windows Live, but it's not really that much of a bad thing. Though some people have had issues, if everything is installed correctly, this game should work perfectly fine. Maybe they'll move it to Steam just like RE5 and Dead Rising 2 in the future.",3508,1,1,0,0,0,2016-03-25,2016-03-26,0,11,4638,2447
♥♥♥♥ you Games for Windows Live >:(,35,0,1,0,4,0,2016-03-24,2016-03-24,667,4,38,38
"Remember when you could play games without garbage DRM runining everything? Boy oh boy were those good times. I've spent four hours trying to get this game to sign in to Games for Windows Live. At this point if I don't get the refund, I won't care. I'll just keep this review up. Maybe educate some other people looking to play this from buying it. Nobody deserves money from their customers if this is how they treat them.

Grade - F
0/10
GFWL is either evidence of god not existing or just not caring.",503,0,1,0,11,0,2016-03-24,2016-03-24,389,13,527,294
"Time for a not so serious review.

I played this game for 30 minutes, before I could even start I had to download the latest GFWL client manually since the game would crash on startup otherwise.

Gameplay is extremely generic. You take cover, fire your guns with no recoil, but absurd spread instead and shoot down tons of worthless AI opponents. The AI is horrible, a group of ""special forces"" will just stand at the same spot the whole time, waiting for you to slaughter them. In fact, at some point I just entered the options menu while I took cover and dinked around with my keyboard and mouse settings for a few minutes. When I came back the enemies still stood at the same position and didn't even attempt to charge at me. Same for the friendly AI, HUNK just mindlessly ran into enemies and knifed a group of these ""special forces"" guys, talk about plot armor.

Everything in this game basically screamed ""refund me!""

Also, did I mention it requires GFWL?",962,0,1,0,13,1,2016-03-24,2016-03-24,297,50,29,29
DOES NOT WORK WITH WINDOWS 10 or even in compatibility mode. DO NOT BUY!!! It also uses games for windows live that no longer exists!!  It should be illegal to sell this game with out that disclaimer!!,201,0,1,0,38,3,2016-03-24,2016-03-24,551,53,695,695
I Cannot play online! help me! i want my money back!,52,0,1,0,1,0,2016-03-24,2016-03-24,172,2,984,14
"The game doesn't even work. Games for windows live is broken, I've tried logging in 50 times now and nothing works. I can log into my account on the xbox webpage but it doesn't work in this f*cking game. F*ck you steame you pieces of sh*t.

REFUND!",248,0,1,0,14,0,2016-03-24,2016-03-24,579,73,35,35
"Still uses game for windows live. Only bought it to play with others, can't. Refuuuuund.",88,0,1,0,0,0,2016-03-24,2016-03-24,0,20,8,8
"Great game co-op, it gives a great prespective of what was going on behind the events of Resident evil 2 and 3.


I personally liked the change in gameplay and felt it helps compleate the full resident evil story-line.",218,1,1,0,0,0,2016-03-24,2016-03-24,0,38,532,195
this game does not work on windows 10 DO NOT BUY i also tried the forums for help they do not work well not for me they dont again DO NOT BUY EDIT: I got it to work with some of the forums help but ya its still not a buy if you dont want to to that stuff,254,0,1,0,5,0,2016-03-23,2020-04-02,0,17,1616,6
Got it on sale.,15,1,1,0,0,1,2016-03-23,2016-03-23,1522,83,542,66
"only launched the first time, wont run now, dont buy, EDIT: ok so 2017 is here and the game is still broken, wont open at all, why is installing and run from desktop not a thing still ? when i did play it i enjoyed it for what it was, but it just WONT open",256,0,1,0,18,0,2016-03-23,2017-05-08,346,77,349,322
"bad game play, stiff movement, I really hate 3rd person view.",61,0,1,0,1,1,2016-03-23,2016-03-23,0,5,30,30
"This is a fairly good game, but because of ""Games For Windows Live"", or GFWL, this game is near unplayable. Honestly, save your money, time, and effort, for something better. If you heart is really set on this game, then get it during a huge sale and be ready for quite a bit of stress from dealing with the GFWL bs.",316,0,1,0,16,1,2016-03-23,2016-03-23,948,5,14,14
"This game is more fun than Re:verse and Resistance. Capclown, stop making RE pvp, it doesn't work, we all want GOOD PVE with Resident Evil.

Capclown when are you fixing this game?!",181,0,1,0,0,0,2016-03-23,2024-04-18,429,207,1326,420
"THE BEST EVER, IF YOU REALLY LIKE TO PLAY",41,1,1,0,1,0,2016-03-20,2016-03-20,0,8,923,867
My brother and I had a blast playing this game. Not perfect by any means but it did the job :),94,1,1,0,3,0,2016-03-19,2016-03-19,0,4,629,629
Bertha is gonna fix you up good!,32,1,1,0,1,0,2016-03-15,2016-03-15,490,11,1944,965
jogo é bom gostei da jobalidade interessante porem o multplayer é morto já que os servers era lagados e caiam frequentemente,124,0,1,0,2,0,2016-03-13,2016-03-13,268,15,2550,2550
"ORC is one the games that have a 50/50 chance of you loving or hating it. I invested so much time with this game when it first came out on PS3, I pre-ordered it, got all the DLC, ect. Its a wonky third-person cover shooter, so if you want a mediocre game that you may like, its worth investing when its on sale.

Though good luck, hell will probably freeze by the time another sale for this game happens.

EDIT: Looks like hell froze over quickly.",447,1,1,0,38,44,2016-03-01,2016-03-23,839,34,2248,1710
Couldn't open the game.,23,0,1,0,1,3,2016-02-26,2016-02-26,0,2,36,36
Beat it one time and then beat it on every difficult after that. Really enjoyed this game for it's Third-person shooting.,121,1,1,0,0,0,2016-02-22,2016-02-22,0,31,1925,1229
"I have been playing this all the way back when I had it on Xbox 360 now I am getting in to PC gaming a lot more I wanted to play this classic.

Bad News if you are Windows 8/10 Owner it won't work straight away if you have already got GFWL thats games for windows live you need to completley wipe it off and download it again from this link http://www.xbox.com/en-gb/Live/PC/DownloadClient

The Good news is once you have done this REORC will work flawless or if you are still running Windows 7 well you won't have a problem making this gem work.

Happy Gaming",560,1,1,0,17,1,2016-02-19,2016-02-19,315,7,340,313
you need the full game but not many people play this game....so you most likely play it alone...buy the complete pack for  best over all game...buy cheap cause no full price it not good enough for that....on and I give 3.5 out of 10,232,0,1,0,0,0,2016-02-19,2016-02-19,0,71,5624,2537
"Update- 2025-6, they patched out GFWL!!! No, I am not kidding! They actually did it! Props! That being said, online, afaik, is still inaccessible. This is not the end of the world but it really does matter. I don't expect it to ever be fixed and patching out GFWL is ""enough"" but it's fair to point out that 2/3rds of the game are still inaccessible.


---
Update-2023, not even the GFWLL patch works now. Some connection errors or such nonsense. So now its literally unplayable. Designed obsolescence.

---Old review
-Games for windows live.

Its really hard to overlook this. Why cant companies put a little effort in and patch this dam G4WL/DRM ♥♥♥♥♥♥♥♥ from games. Hell this is a marketted product still being sold. This is fraud. Since no PC can download and play this game without a tricky file swapping session. That is not a product. Certnly not a complete one at the very least.
Actually its better described as a broken product thats left to users to fix.

... oh man.
With that said I REALLY like this game. Gameplay is a little sloppy but carries some hidden charm. The characters are as interesting as any RE characters and the story... well. Idk. Its not bad. Its not particularly original but at the same time its nice to see a known plotline from a totally different perspective.

Look, when push comes to shove Im not gonna recommend this game. I cant. Its 100% not runnable in its 'off the shelf' state which is just asinine. The content of this game is 'ok' and unfortunately(in my exp) the online aspect of this game no longer exists. Which I should mention is a rather large scale part of the game. Or was.

Sry. I do not support G4WL, lack of support, and I do not feel the games content level justifies 30$.

Game alone in its SP state: 7/10
Game in consideration of price: 4/10
No online: 3/10
..and ofc with G4WL 0-1/10.


Note: In case its not clear, you can bypass G4WL. The issues with Games for Windows Live have a fix availible. Its not part of the product your buying. It is however playable(last I checked) with a little effort.
You can find such info in reviews or guides here on steam.",2119,0,1,0,0,0,2016-02-19,2026-01-16,0,119,1346,1294
"I would only recommend this game to hard core Resident evil/Outbreak fans.
I enjoyed it but at times it was flawed and unbalanced, playing by yourself with AI backing you on harder levels will test your patience. 
I did find a number of the Umbrella characters very interesting and like a lot of people would like to see more of Hunk in there res evil series.",359,1,1,0,0,0,2016-02-17,2016-02-17,0,26,1730,906
"The game should be removed from the market, Capcom should value their customers more and  a refund of the games paid price to all that have had to own a game that won't work due to the developer neglect. I'm a huge fan of all Resident Evil games but not no longer a fan of capcom and steam neglect of helping the community",322,0,1,0,0,0,2016-02-10,2016-02-10,0,1,942,942
"not if you have windows 8
also it doesnt even start 99% of the time
I want my money back ♥♥♥♥♥♥♥",96,0,1,0,0,0,2016-02-01,2020-08-27,0,23,5293,2132
"I bought the other RE games and I am sorry to say that I can't play this game. Can't even get through the first level. Of course this is after trying several times just to get the game to work in the first place. GFWM is a pain to set up, but once you do you can try to play the game. The pick up items are extremely difficult to find. picking them up is not straightforward either. What a shame. I gonna uninstall it, uninstall GFWM, cry, have a good nights sleep and then play something playable.",498,0,1,0,0,0,2016-01-31,2016-01-31,0,10,110,108
Besides being an Okay game. It's broken and does not run on windows 10. Not kind of broken. Broken broken. But they will take your money and Stem does not give a ♥♥♥♥ about it.,176,0,1,0,0,0,2016-01-31,2016-01-31,0,28,973,949
It's different from the originals which even though I dislike that cause I don't even like RE5 or RE6 if you have 4 people to play this co-op it still has a cool story and very enjoyable but the NPCs are pretty badly programed and it is a game for windows live which sucks but all in all I still enjoy it.,305,1,1,0,0,0,2016-01-29,2016-01-29,0,132,2174,1619
"A decent cover shooter marred by GFWL (which works... i guess) and ♥♥♥♥♥♥ AI. I'm a sucker for anything  Resident Evil so the plot interested me,was fun",152,1,1,0,6,0,2016-01-28,2016-01-28,0,165,747,394
"It´s medioker shooter game. I dont give a damn about the history of Resident Evil like some pathetic persons whine about how this game is not following the story correct. Every Battlefield gets more antirussian and its pathetic but i dont let it bother me. So lets go on with the review of this game, when it came out it was unplayable, now it is just playable, only recommended if it´s at sale for 5 euro or less. I never seen it on Steam for such a price as the price Steam demands is 27.99  euro, ridiculously high so no i dont recommend it.",544,0,1,0,0,0,2016-01-26,2016-01-26,470,22,565,248
"Who asked for this, what was the point of this, who through this was a good idea??? and Capcom is releasing a sequel to celebrate the 20th annyversary of the franchise. WTF.

PS: Why does this still in my library!?",214,0,1,0,0,0,2016-01-23,2017-11-22,658,311,853,853
It's The Lord of the Rings: The Third Age of Resident Evils!,60,0,1,0,0,0,2016-01-20,2016-01-20,1423,29,961,961
:( Kill me,10,0,1,0,1,1,2016-01-19,2016-01-19,1002,72,802,186
This game wont launch for me it goes to a black screen like its going to load then it crashes and goes back to desktop i have re-downloaded this games 5 times and nuthing changed.I would reccomend it tho just because i have played it on ps3 but as far as PC i wouldnt know cuz it never launches! Can someone please help,319,1,1,0,0,0,2016-01-17,2016-01-17,0,1,68,7
"It's an absolute pain to get the game to actually open, you still have to deal with GFWL, without the DLCs it's only about 3 hours long (the DLCs adding a roughly equal amount of time), and the AI is dumber than Payday 2's. 
That aside, even with fragments of GFWL still there connecting to play with a friend works easily, and the gameplay itself is at least a 7/10. 

Get the Complete Pack, and then play it with a buddy or two, and you've actually got a pretty solid and enjoyable, if still short game. 

Some things to try if you can't get it to open:
1. Make sure it's installed to the same drive as Windows.
2. Uninstall MS GFWL Redistributable and MS GFW Marketplace using Control Panel's Uninstall feature, and then redownload/reinstall GFWL.
3. Go to My Documents/Capcom/RERC and delete settings.dat (This is only applicable if you've gotten the game to run at least once before).
4. Just keep opening it straight from the .exe over and over, lots of times it'll eventually work.",988,1,1,0,0,0,2016-01-17,2016-01-17,7985,560,396,396
"For a Resident Evil Game this one definately ticks all the box's.  If you love sniping, heavy machine guns, assault rifles ect, this one allows you to do all of it & more.  Playing as Umbrella Security Service totally rocks (being the bad guys is always fun) & even more so when playing with your friends.  The dialogue is fun to listen to, the storyline is engaging & definately sets the mood.  This game is actually a *challenge*, even when playing with your friends on normal difficulty & the AI actually uses tactics.  The music, graphics & sound effects all get top marks in my book.  Each character gets a unique melee attack (and unique abilities), what you see in the video is pretty much what you get, theres nothing more satisfying then shoving a grenade into a zombies mouth & then kicking them into a ton of zombies & *boom*  =D  For a stand up shooter with your friends (or by yourself) this one totally rocks,  I highly recommend it.",947,1,1,0,0,0,2016-01-16,2016-01-16,0,2,2600,2156
"Resident Evil ORC Review:

Resident Evil Operation Racoon City is lame, a let down, and a pain in your rear end.

The game takes place in Racoon City during the Infamous infection time, (Same time as Resident Evil 2 & 3). You are part of a squad from Umbrella that must follow orders and do missions within the disastrous and unstable Raccoon City. 

You are a squadron of 4 deployed by Umbrella, you get to choose your character you play as, aswell as the companions you bring along with you, note the campaign can also be played with 4 other players to have a full coop story experience.

There is a a few different classes and characters, such as Vector(Recon), Lupo, Beltway (Explosive Specialist), Spectre (Marksman), Bertha (Medic), FourEyes (Scientist). They all have different abilities such as Stealth, Seeing through Walls, Plantings explosives, Healing, & all kinds of different perks. Which is nice to be able to choose whom you enjoy playing as the most.

You can unlock new weapons, perks & abilities by buying them with XP which is nice. Though the level system is quite redundent.

The story itself is mediocre, nothing to shabby or to keep you wanting to move forward, you end up just shugging along although it was nice to see characters such as Nemesis, Leon, Claire, Sherry & Ada during your travels in Raccoon City. It was a nice cross-over with Resident Evil 2-3's story although this games story is Non-Canon to the series.

Now well the big part, the Gameplay. I found this game to be entertaining most times. Shooting up zombies and infected, (those Crimson Heads & Hunters sure could be a pain) but I enjoyed having a challenge with B.O.W's which was nice and shooting up zombies on the streets of Raccoon City.
 
What I absolutely despised about this game was the ""Enemy Soldiers"", they were literarly your worst nightmare and they were freaking everywhere you go in this damn game. They would be spammed in large numbers and were hard to kill, they would Harass/Aim-Bot/Shoot You Up as if you were trying to land on D-Day. One soldier could literarly murder you within 2 seconds if your not in cover, now imagine 15 of them clumped like a bunker you have to get through (Dying Simulater begins). The Enemy Soldier A.I are ridiculously hard in this game even on Normal and they will kill you.

Remember when I mentioned getting through soldiers is like attempting to get through a bunker with an automated turret?, well imagine that but with 20 zombies harassing you at the same time, is that not enough how about annoying Crimson Heads and Hunters, yea your gonna get real angry during situations like that because this game is stupidly unbalanced.

Ah, so you cleared the area of Zombies & B.O.W's?, well you better watch out because that soldier over there just killed  you. Oh?, not a problem right this game has checkpoints?, Oh did I forget to mention this game has one of the worst Checkpoints systems I have ever seen... If you clear a room of 50 people proceed a bit further and die... well guess what? you gotta clear all that bull crap again, and it will happen ALOT in this game.

But, I have A.I Partners to help me right?, Your A.I Partners are useless as Nipples on a Man. They may get a few zombie kills, but oh boy when it comes to fighting Soldiers & B.O.W's you are the one whos gonna do all the work. Example of treachery: You have Bertha on your team because she's a medic, well she aint gonna heal you when you absolutely need it, you could be right next to her with little to no health and she will prioretize any enemy over healing your behind.

If you got friends you can play with, do it because the A.I are useless, YOU are the one man army here with a bunch of monkeys with guns.

This game has a crappy Auto-Cover system, more reason to die.

Overall, this game can provide entertainment. I had fun playing it, apart from the deaths from soldiers of course. Is it worth its retail value?, Absolutely not BUY IT ON SALE as I did, no more than $10 should you pay for this game.

Don't believe me about the Enemy Soldiers?, well I will leave that for you to find out on your own :)",4134,1,1,0,0,0,2016-01-13,2016-01-13,0,29,492,492
"Fun co-op shooter set in the Resident Evil universe. It veers off course of classic RE games by adding a major emphasis on combat rather than survival or exploration. Even funner when you can manage to drag some friends in with you.

As of this review it is still on GFWL system which makes it so you cannot play MP or save your progress which makes it really hard to convince you to buy it. Still fun in single player (easily completed in a single sitting if you don't go for 100%), but your best bet for buying this is either waiting for a large sale and waiting on Valve to move this to steamworks.",601,1,1,0,0,0,2016-01-08,2016-01-08,0,37,2020,2020
"I like this game! How ever, I'm not sure if it's a Steam thing or just the game in general but, sometimes it'll boot up and let me play, other times it won't!",158,1,1,0,0,0,2016-01-07,2016-01-07,214,4,1752,387
"FOR THOSE OF YOU WHO CAN'T LAUNCH THE GAME:

- Open your start menu and search for 'Uninstall a program'.
- Uninstall 'Microsoft Games for Windows - Live Redistributable'.
- Uninstall 'Microsoft Games for Windows Marketplace'.
- Download and install GFWL from -  https://go.microsoft.com/fwlink/?LinkID=201134  (Credit to Steam User 'Arkais' for finding the link)

With that out of the way, is this game actually worth $29.99? Simple answer - no.

Operation Raccoon City forces you to play alongside three other members in your squad for the entire game. This isn't a problem if you have three friends to play with, but considering how unpopular this game is, chances are you'll be playing with at least one bot, and you won't be able to fathom how mind-blowingly stupid they can be. They stare at walls during battle, stand in front of gunfire, run into crowds of zombies and spray you down with first-aid when you have so much as a paper cut. Occasionally they'll shoot at the enemy to little effect.

Awful AI aside, the game is rife with bugs, clunky controlling and horrible gameplay mechanics.

If you're adamant on buying this, wait for a Steam sale.",1157,0,1,0,176,18,2016-01-06,2017-07-05,0,17,861,861
"I had pre order this game on the xbox 360 and enjoy played the hell out of it so when i was able to buy myself a copy for the pc. I was happy as hell but soon i would find out the hard way that GFWL does not work on window 10 at all. If you have a Window 10 OS DO NOT BUY THIS GAME. You can only play single player offline and that is all since GFWL is built into the game. You need the program to work and good luck on that plus for me the game has stuttering issues as well but that could be caused by window 10 since this game is kind of old already but if you have a window 7 then go head and buy the game and give it a try once it's on sale or buy it through G2A since its cheaper on there. For window 7 user the Games For Window live will work for you and don't have to worry about doing all kind of file modding to get the game working like us Window 10 user's. I am still going to keep my copy of the game and hope one day that someone is able to find a fix to allow me to play online until then I can only sit back and play the waiting game...I hope this help out anyone looking to buy the game. Will be posting Computer spec's down below

Computer set up
I7 4770 3.40Ghz 3.50Ghz
12G's of ram
GTX 650 2G vram
2T HDD
Dual monitor's
Window 10 home",1254,1,1,0,0,0,2016-01-06,2016-01-06,346,9,420,77
great game,10,1,1,0,1,0,2016-01-04,2016-01-04,0,52,1366,830
"Requires GFWL and a crap load of Effort to get working, Liked it at launch and had fun with my friends but now you'll find Guides on how to fix it everywhere when it was Capcoms responsibility to provide its consumers with a working product, Up yours capcom fix this game FFS.",276,0,1,0,8,1,2016-01-04,2021-09-11,336,18,839,685
"If we can summarize this game in a word is BLAND.

Quite frankly and just like all recent Resident Evil games this is too much bland. Bland graphics, bland story, mediocre port, bland gameplay.

I only recommend this to hardcore Resident Evil fans, otherwise avoid this boring chapter in the looong list of RE games.",316,0,1,0,0,0,2016-01-04,2016-01-04,255,43,1137,1137
"Games For Windows Live. Enough said about why this is a horrible purchase for PC.

Want a cheap co-op experience where you get what you pay for (If you get it for like $5.00) ? Get it for Xbox 360 or something, where the multiplayer at least works. Or, alternatively, get Resident Evil 5.",288,0,1,0,0,0,2016-01-03,2016-01-03,213,56,18,18
♥♥♥♥ sucks lol,14,0,1,0,0,0,2016-01-03,2016-01-03,0,1,80,80
"My god, what a rancid pile of crap.
I bought this years ago, and everytime I see it in my library, I want to punch myself in the face for my stupidity.
It runs like extra-crunchy peanut butter gumming up my laptop, and looks like dog vomit.
Cutscenes run behind their own voices and sounds, and EVERYTHING in them take forever to appear, then take even longer for their textures to pop in.
Gameplay is even worse, where the very act of SPRINTING causes the framerate to tank.
The guns can't fire accurately past five feet, and the grenades are like peaceful gusts of wind to the AI, but they'll send you flying like you've just been struck by a semi truck going at top speeds.
Multiplayer is damn near non-existent, and all but 3 of the modes are bland copies of better modes from better games.
I'm warning all of you: No matter how cheap it is on sale at any time, DO. NOT. SPEND. ANY amount of money on this garbage.
Get Left 4 Dead 2 or Killing Floor.
Much cheaper, and way more enjoyable.",992,0,1,0,3,1,2015-12-30,2015-12-30,0,2,109,109
"The short and sweet, this is a fun little co-op game. The setting, similar to Resident Evil 2 movie. The bad, just horrible AI partners and no FOV slider *I tell tale of an obvious console port*. Find a buddy, or better 3, so you do not have to deal with the AI as much, and you should have a good time. If you get motion sick from low FOV, I would avoid, or play in very short bursts.",385,1,1,0,0,0,2015-12-28,2015-12-28,0,79,452,184
Does not work in windows 8.1,28,0,1,0,0,0,2015-12-28,2015-12-28,0,1,86,86
It is ♥♥♥♥♥♥♥ terrible,22,0,1,0,3,2,2015-12-27,2015-12-27,695,50,23,23
"This game is a missed opportunity.  It's as if they got the worst parts of and FPS and decided to put it all into one.   Get it for like $5 if it's on sale but if not, don't bother.",181,0,1,0,0,0,2015-12-27,2015-12-27,0,8,143,143
doesnt launch and fixes on forums dont work.,44,1,1,0,0,0,2015-12-26,2015-12-26,0,10,7,7
Lot's if flaws but I wouldn't say it is a bad game. I had fun,61,1,1,0,7,0,2015-12-25,2015-12-25,0,13,947,856
"After playing this game for 18 minutes yesterday evening, and then trying to play it today but spending three hours fixing issues with installing it on my secondary HDD as it has more space and my primary storage is a 250GB SSD, and then moving the files to my SSD and reinstalling it, only to witness very few players playing the game at all and the quality of the gameplay, I have come to the conclusion that the only things that're good about this game are: Vector, Spectre, Foureyes' character models and the menu theme song.

Do I think you should buy it? No. Not even if it's on sale, disgusting game. I was looking forward to this and so eager to buy it!..only to find out that it was a waste of my money. RE failed after Resident Evil 5, 6 was good but not that great.

If you want a good RE game on Steam, go for the remastered edition of RE or RE4, RE5 or lastly Resident Evil: Revelations, a game that was ported from the 3DS with better and scarier gameplay than this wannabe tactical SWAT game, regardless of single/coop play.",1039,0,1,0,4,2,2015-12-25,2015-12-25,321,87,27,27
"THEY FINALLY LOWERED THE PRICE ON A WINTER SALE, DO YOU KNOW HOW ♥♥♥♥♥♥ I AM!?!

a good game doe",96,1,1,0,1,0,2015-12-23,2015-12-23,487,24,912,236
I bought this game with out it being on sale even though lots of people said i should but i didnt want to wait. Every time i read a comment it said it wasnt worth it but in my oppinion it was and it has hours of content. Granted you have to fiddle with windows for a bit but it's well worth it.,294,1,1,0,13,0,2015-12-23,2015-12-23,0,6,1263,754
I paid money for this.,22,0,1,0,1,0,2015-12-13,2015-12-13,0,2,1404,1404
Simply doesn't work. This is a wide problem and now the workaround doesn't fix the issue.,89,0,1,0,0,0,2015-12-08,2015-12-08,0,6,72,49
"Let me first start off by saying that though I have played through other RE games, it has not been a major staple of gaming life.  That stated, this game is an interesting one.  A Rainbow Six style shooter with not as many tactics involved.  The game is best experienced with friends.  The graphics aren't particularly great, but the game can have an interesting draw to it that I really can't explain.  Each of the characters has some cool things that can be done, the weapons are interesting, as well as the special abilities.

All in all this game is far from perfect.  But if you approach it with the mindset that this isn't your standard RE game, I think it has some interesting aspects to it.

I believe it is worth your time and consideration.",750,1,1,0,0,0,2015-12-08,2015-12-08,0,4,1201,1128
Great party squad shooter based on RE 1-2. Get it when it's on sale and enjoy with friends. Very very fun game.,111,1,1,0,0,1,2015-12-08,2015-12-08,0,21,4718,604
"Absolutely worth its price (especially during sales).


Amazing campaign (it kinds of feel good to play the bad guys, for once...) , Amazing DLCs (but for those who prefer to remain goodies-goodies... Don't worry, the Echo Six pack's here for ya), good and intense gameplay (really fits both the multiplayer and singleplayer part of the game) , and so on...

Its only drawback would be its graphics which are, despite being correct, not really ""excellent"", but that's pretty much it. Otherwise, I love this game, love the USS, love the little plus it gives to the Resident Evil storyline... 


It's good.


/inb4 -999 karmas",624,1,1,0,2,0,2015-12-06,2015-12-06,0,34,2047,717
totally worth to buy game i love it,35,1,1,0,0,0,2015-12-06,2015-12-06,378,13,733,410
"One of the worst Resident Evil games i've played in a while, though the gun play and sound effects are excellent, the amount of bugs upon release, FPS drops, bosses getting stuck, progression blocks, terrain disappearing, a long with half of the game being locked as DLC doomed this game from the start. An obvious console ported game also further hindered PC players with clunky controls are gameplay limitations.",414,0,1,0,4,0,2015-12-05,2015-12-05,0,10,3752,2617
"Ok so let me start this review by stating this game has some flaws, big ones now more so than on time of release and i will explain that further on. ok so lets go through the pros. The gameplay itself is pretty fun and if you have friends that you can play with it wil be great if you can manage to get this game on sale with the spec ops missions then go for it. The multiplayer is in my opinion the best part of this game with fun game types and then the addition of having zombies running around is great fun and really makes things alot more tense. The game its self when played by your self can be challaging which is nice since most shooters you can breeze throuh. Unfortuantly thats about it I can say about why I like this game

Now for the cons. The story is weak. The really could have got alot more out of it and the ending is just awful with it just cutting to credits from a weak ass end cutscene on top of all that you have to pay for the spec ops missions which should have been included on disk and not some sort of dlc cash in that Capcom are notorious for. Also the campaign is super short clocking in at maybe 3 hours long. Unfortunatly the online multiplayer seems dead (now i only tried queing once but never got a game). Which really sucks cause thats like half this game.

Slant Six has some great ideas but the just dont quiet excute them right. I did really enjoy this game on release (Xbox360) but the lack of people playing online really has me questioning if i should recommend this game.Personally I really enjoyed this game and didnt realise all the flak it got on the time of release but since im writing this review now and not then Im going to have to say I do not recommend getting this game (unless you get it on sale price like I did)",1770,0,1,0,0,0,2015-12-04,2015-12-04,0,13,1607,431
"I've never gotten past the first mission in a Resident Evil game before (though I intend to). 
I realize this is a very different game from most others in the series and it messes with the story or something. 
Whatever. 
Got this game 75% off. Worth it. 
Admittedly I also enjoyed the heck out of Aliens: Colonial Marines (which I got for 80% off) and played that campaign with friends to completion. 
I really enjoyed the Wolfpack characters and their campaign. I played it on easy and had a blast. It's Co-Op so friends can join to make it even more fun. I've only started the other campaign and assume it will be just as good (though the characters are dumb & nowhere near as cool as the Wolfpack)
p.s. This is the first game I've played on the PC with a controller. It's not really designed for mouse & keyboard but it's playable.",834,1,1,0,7,2,2015-12-03,2015-12-03,0,58,929,386
"This game may have bugs and some terrible ones, but if you can find the way around them you can bypass them.  Still this is not meant to be like any other Resident Evil game, I think this set the tone for games like 5 and 6 and then the combination of both styles in revelations and revelations 2.  This game stands up decently, and played fast paced and is a challenge.  I reccomend this game for any fan of resident evil and despite what negative you may read play it and make up your own mind.

The co-op aspect of this game makes it more fun, and some missions easier as you have allies.  The addition of the spec ops missions also adds a nice element, this game is a play and make up your mind one.  If you just listen to the negative press then don't bother.  But if you want to form your own opinion, do so as it's pre adrenaline rush fun!",846,1,1,0,0,0,2015-12-03,2015-12-03,664,30,2577,1342
"First Impression (Will change when game is done)

So far, I'm not seeing why this game got such immense hate. Sure it isn't the best game in the world, and it doesn't encapture that old Resident Evil feel, but let's be real for a minute. Fans of the series who kept on hoping that Resident Evil would re-encapture the horror of the original 3 are going to be sorely dissappointed. The series moved into a more action oriented genre with 4, becoming more action-oriented with each iteration after 4. So the fact that people are acting surprised that ORC was primarily action based need to get a reality check. Comparing this to any other Resident Evil will basically give you the worst impression of all. This was meant to be a completely stand alone title, giving a non-canon hypothetical scenario that takes place between 2 and 3, where you play as the bad guys basically.

As for the game itself, aside from the terrible friendly AI and GFWL, ORC has some good gameplay to be had. A linear shooter, where it becomes cover-based against humans, and turns into an all out slaughterhouse against zombies, it flips between the two surprisingly well. The story is pretty cheesy and feels a bit half-ass, but again most of Resident Evil's story telling is not all that exceptional. They all feel like a cheap B movie became a longer than expected series, but never got past its B movie storytelling. But I do cherish that in Resident Evil and can enjoy the stupidity and silliness. 

I wouldn't reccommend this game at full price right now, but it is definately worth 10 bucks, especially if you have someone to play with and can deal with GFWL.",1641,1,1,0,2,0,2015-12-01,2015-12-01,0,67,149,149
"I will never understand why this game was so hated. Playing it even in 2015 the game does things that most multiplayer games STILL don't do. Optional exploration, secrets and collectibles. There's a certain level of polish that's usually thrown out a window as soon as a game becomes multiplayer (e.g. re4 to re5).",314,1,1,0,1,0,2015-11-30,2015-11-30,0,7,646,646
It doesn't work. Maybe it's windows 10 or it just sucks.,56,0,1,0,0,0,2015-11-29,2015-11-29,0,3,22,22
"Good game, sequel please Capcom",31,1,1,0,0,0,2015-11-29,2015-11-29,0,36,2362,954
"Didn't really understand why are there so much hate for this game, it's troublesome to make a windows live account but it's one time thing. 

I've been a fan of Resident evil since the late 90s, sure this can't beat the original 3 but it's still fun in it's own ways. As fun as it can be, it's not worth the full price for everything. Grab a friend or 2, or 3 to join in the fun!

Cutscenes graphic were amazing, though I was disappointed in the choice of changing Jill's, Carlo's and Nemesis appearance and voice and Claire look.. not her best during in game.

Vector and Beltway are awesome, by the time I write this review (4 hours of gameplay), I have only cleared Wolfpack's mission, going after Echo 6 next.

Oh and get it on sales! This doesn't worth the full price!",773,1,1,0,0,0,2015-11-29,2015-11-30,0,24,673,491
"Fun and dumb co-op if you can find it on sale. Paid 10 dollars for the game + expansions. My friend and I played through it in 10 hours. Laughed at some jank, but be warned that you have to install Games for Windows Live and use that.",234,1,1,0,0,0,2015-11-29,2015-11-29,0,23,623,606
"I was really happy to see that the game was on sale, I jumped on it as fast as I could being a big RE serie fan.

As much as I would like to recommend that game, I cannot !
The game is poorly optimized, objects just pop right in front of you, gameplay is stiff like a 2001 shooter, game for windows live is a mess to install to make the game work, to augment difficulty they tought it would be fun to make the enemies bullet sponge (you actually need to shot enemies for 3sec in the head for them to day and sometimes they don't even react to being shot and just keep pourring bullets at you), so manny enemies shooting at you ! comon' its RE not Gears of War !!! QTE are weirdly spawn and sometime not responding . . . etc . . .

I asked for a refund after 1H30. . . 

not even fun to play in co-op with friends like RE6",821,0,1,0,13,2,2015-11-29,2015-11-29,0,88,959,78
"I remember pre-ordering this game back in 2012 on the 360 because it looked pretty dope. Needless to say, I never picked up my copy. After 3 years, I grabbed it on Wednesday because it was finally on sale. Today I decided to stream the game on Twitch and after playing the game for 20 minutes, I requested a Refund. This game had so much potential and a promising story of the bad guy's prespective, yet it is overshadowed by awful AI, bad frame rates, and the fact that I can't play with others unless I have Windows Live. The only thing ""good"" about the game is that HUNK is in the game; thats pretty much it.",611,0,1,0,2,0,2015-11-28,2015-11-28,0,2,44,44
"a basic co-op shooter in the resident evil world. to be honest there is nothing special about this game, you get to choose a character, each  with different skills and after that of course you get to change your weapon loadout. I have been a fan of resident evil since the first part came out and I must honestly say I actually enjoy this game. It is very fun when you get to play with your friends and just have a good time.

I recommend buying it on a sale, since the base price is a  little too high for what you get.",520,1,1,0,80,5,2015-11-26,2016-09-26,0,169,131,131
"Just no, wtf is this, gears of war, splinter cell with zombies.",63,0,1,0,0,1,2015-11-05,2015-11-05,0,16,699,603
"Big fan of the RE series, This one is just a waste of HD space in my opinon.  There are way to many bugs and issues going on here.  The playability is not very good and it is way to linear.  I originally bought it because it was supposed to explain more of the original story from RE 2 and such, but I just can't seem to force myself to play it.   If you are considering buying it for the memories or if it's on sale,  Just don't,  buy something else.",451,0,1,0,1,0,2015-11-04,2015-11-04,0,26,98,86
"This games is sad, poor aim system, movement, constantly crashing. fun multyplayer as long it works properly.",109,0,1,0,0,0,2015-11-03,2015-11-03,0,31,1012,888
"This game is really really really really really really bad. Do not buy this game for any reason, even as a joke.",112,0,1,0,0,0,2015-11-02,2015-11-02,646,19,139,139
Worth a buy if on sale deserves a lot more praise than what it got.,67,1,1,0,13,0,2015-10-29,2015-10-29,0,1,805,805
"All the progress to get this game to work, first black screen, then sign up for live... The game itself sucks..",111,0,1,0,0,0,2015-10-17,2015-10-17,0,10,253,4
This is one of the worse games ever. Bad mistake buying it. Save your money and avoid.,86,0,1,0,0,0,2015-10-11,2015-10-11,0,1,22,22
the game is dead,16,0,1,0,2,0,2015-10-07,2016-06-29,1188,52,420,420
this game really SUCKS!!!!!!,28,0,1,0,1,1,2015-10-07,2015-10-07,0,57,268,268
"This game is a steaming pile that dosen't know where to derive it's source material.  The infinite respaning bullet sponges that are the enemies and the crappy dlc cash grab just makes the game infuriating.  And If you plan to multiplayer,  you can easily break the game by dishing out ""Too Much"" damage and breaking the game!! 

Seriously, catch  it on sale if you are a fanatic but never buy at full price!!!!



Now yyou cant play the game because you cant properly update GFWL.  ♥♥♥♥ this game.  Pirate it, watch a youtube playthrough, play any other RE game but leave this crap alone.",589,0,1,0,4,1,2015-10-04,2016-10-26,0,56,1547,1478
"this game is bad for the following reasons, a story that starts brillant and ends in a horribly jumbled mess and a decision thats clear before it even becomes one, umbrella betrays you big shock a seedy organization sends you in to kill civilians and cover up evidence and everyones shocked when they decide your no longer useful and a stupidly incoherent plot that jumps around and quickly turns into call of duty with zombies in it not to mention your partner ai is about as  bright as a black sharpie, they pick up a healing item or an anti virus(appraently every citizen in the city was distributed anti virus at some point because they drop them like a fat kid drops his pants at the sight of a snickers bar) and they decided i have a healing item or im infected and i can just heal myself or cure myself but nah id rather die or turn into a mad flesh eating zombie OH and heres the best part you can blow them in half with a shotgun gibblitizing the upper half of their body( ya know were all those organs your body needs to function)and revive em like nothing ever happened and the enemy ai seems to be cortana because they are the single smartest buggers ive ever seen as they concetrate fire and actually use their weopans appropriatly, your ai partners never change to better weopans ya know ya need a little more pew pew to keep those decaying hands away from your naughty bits but they choose to stick with the ♥♥♥♥♥♥♥♥ weopans in the game forcing you to be the only bastard out there doing anything and the ais basic strategy is to charge into a room screaming leeerroooyyy jeeennkkkkiiinnsss this game is easily the worst resident evil ive ever played and ive played all of them including 5 and just a thought in resident evil 2 you escape the underground by using a train which takes you out of raccoon city and to a train yard out side another neighboring city how the ♥♥♥♥ did zombies get there and how the actual ♥♥♥♥ did you get there in 5 minutes? did you strap a rocket to beltways back shove a can of beans down his throat and ignite his farts? and im sure you had to use a chopper to get there what stopped you from shooting the pilot and flying into the distance giggling like a japanese school girl with umbrellas number on speed dial im sure lupo and vector could make some hilarious prank calls in short this game has many loopholes and an obvious decision that in all actually should be obvious kill leon or help him hello they betrayed you once theres no chopper in sight and the government clearly knows umbrella did it so??? decisions decisions gentlemen..... annndd another plothole the anti virals you pick up and use are g virus cures whats stopping them from using your blood to make another g virus? why the hell do you need specifically the girls? in her locket in resident evil 2 is a g virus sample boom theres the answer would have been nice if they thought that through or better yet why not tell the player she was infected by her own father giving her a pure sample of the virus? better yet you can just turn to the 12 millions cure vials just lying around in the streets!(im exagerating the number) but there is enough of the buggers to ensure you dont need her, i do not recommend this game if you want a nastalgic resident evil 2 game buy resident evil 2 for playstation or hell but outbreak those will truly give you the resident evil feels",3387,0,1,0,0,0,2015-09-26,2015-09-26,0,19,809,631
IT'S NOT WORKING ON MY P.C. - WHAT A FUDGN WASTE OF MY F'N MONEY FIX THIS NOW!! I HAVE WINDOWS 8.1 WHATS THE F'N ISSUE.. IM NOT HAPPY,133,0,1,0,1,1,2015-09-13,2015-09-13,0,1,8,7
good,4,1,1,0,0,0,2015-09-06,2015-09-06,0,1,377,377
This game entertains me alot,28,1,1,0,0,0,2015-09-06,2015-09-06,917,47,7567,1746
"This game ♥♥♥♥♥♥♥ sucks, controls are clunky, graphics are lacking, and i dont know why the even released this peice of ♥♥♥♥ port, i dont know if it was just my game but it wouldnt even let me play without a controller

save your money, this game is worthless in my opinion",273,0,1,0,0,0,2015-08-26,2015-08-26,0,2,50,50
"DO NOT BUY IT, NO ONE IS STILL PLAYING THIS GAME!!!",51,0,1,0,1,0,2015-08-18,2015-08-18,0,3,95,95
"I wanted to give this product a chance, but after playing for an hour I was unstatifed at the state this game was left in, and it still has ties to ""Games to windows Live"" that means no saving, no online mode, and DLC is pretty useless. Do not buy.",248,0,1,0,10,2,2015-08-17,2015-08-17,0,34,73,73
"Even if this game is non-canon in Resident Evil timeline I can't recommend it.
I was actually really excited when I first heard about this game because I thought they could really made a good experience out of this.
But I was very wrong... the game is disappointing (game for windows live doesn't help at all) and its mechanics are very very poor.
Too bad.",356,0,1,0,4,1,2015-08-14,2015-08-14,0,45,573,569
"Not sure why this game gets so much hate, yes you have to make a windows live account and stuff which takes like a half an hour but once you are able to play the game it makes it so worth, the game play is amazing and its never boring because youre always being attacked by somthing and i love that you can choose your loadout of weapons and abilitys it just makes it all the more better",387,1,1,0,62,14,2015-08-05,2015-08-05,190,12,696,291
"Not playable anymore. Great that steam still sells broken games.

Edit: got it to work. 

Still a fun game. But the issues with GFWL are pretty annoying and its a shame they never got fixed.",190,0,1,0,0,0,2015-07-31,2017-05-15,386,32,1901,1901
"With Windows Live being down for good, as far as I know anyway, there is no real way to play the game if you have forgotten your login credetials, as you can no longer recover them.",181,0,1,0,7,2,2015-07-26,2015-07-26,0,5,941,938
"Operation Raccoon city? More like Resident Evil cash grab for an unfinished and buggy game. 

The controls are horrible, the story isn't great and leaves you wondering how it ties in to the actual Raccoon Incident, and on top of that the characters are uninteresting. Save your money and sanity and steer clear of this game.",324,0,1,0,9,0,2015-07-25,2015-07-25,0,20,743,743
"Lets be real its not the greatest RE game but its not the worst either. It is what it is but its a completely different RE game compared to the rest of them. Some of you will like it and others wont, however i still would consider giving this game a try if your a RE fan, who knows you might actually like it.",309,1,1,0,0,0,2015-07-24,2020-12-31,0,8,2530,1307
"Sadly this game has been riddled with bugs since release and has never been fixed. There's a point when playing multiplayer wherein you're riding on a platform upwards to leave a facility and it suddenly just drops to ground floor and doesn't allow you to continue, but curiously it doesn't seem to happen in single player mode. Did I also mention this game is STILL running on GFWL? That's right, that means there's no way to save your progress now. Considering that makes the game even more unplayable than it was before, PC players honestly should be refunded for the price they purchased this game and its DLC for.",618,0,1,0,29,2,2015-07-16,2015-07-16,0,13,6222,5935
I actually spent real life money on this. I think chugging antifreeze would've been a better decision,101,0,1,0,2,4,2015-07-14,2015-07-14,461,70,443,261
no,2,0,1,0,6,1,2015-07-04,2015-07-04,644,33,913,913
"I've got plenty of problems. Crashes , black screen , more crashes. I tried all the possible solutions and nothing worked. I suggest to keep away from this game till the get their ♥♥♥♥ together! I couldn't get a refund because I played more than 2 hours. Waste of moneys!",271,0,1,0,0,0,2015-07-03,2015-07-03,0,5,508,476
"It is not the T-Virus/C-Virus/G-Virus that should be contained! It is the people who work on this atrocitythat should be quarantined!

Rating :
4.0",147,0,1,0,6,11,2015-07-02,2015-07-04,1487,139,331,331
"ehhh its okay but not at full price

Operation Raccon City sees you playing a secial ops team of umbrealla commandos as they go through the streets of racoon city trying to recover info and elimnate various threats to the corp....at least in therory thats what its about.

In practice what we have here is a squad shooter set in zombie over run city.  It plays kinda like left 4 dead but now you have classes each with there own gear and upgradable skills.  The game play is okay but the enemies are kind of boring.  you'll find your self dealing with the same kind of enemies for most of the game and your weapons feel like they lack impact. there are a few parts where you'll be placed in an arean with some kind of objective that will spice things up a bit but mostly its trecking from a to b shooting zombies and the ocasional licker.

The story is crap.  None of the new characters are really that intresting and the end is horrible.   

There is some fun to be found in multiplayer but there are better games out there for this kind of thing.  

Basically this game is not worth full price.  If you can get it for cheap during a sell for like $10 or less then i'd say you'll get your moneys worth but not full price.",1222,0,1,0,39,1,2015-06-23,2015-06-23,0,78,519,503
"[b]Resident Evil: Operation Raccoon City[/b] is a action game based on the main Resident Evil universe, the events on this game are not to be considered canon, they are mostly a ""what if"" scenario showing how things could have been if Umbrela was better prepared to handle the events that happened during Resident Evil 2 and 3.
In this game you play as a Umbrela Elite Squad that is sent to the William Birkin's lab underneath Raccoon City to retrieve a sample of the G-Virus and to destroy any evidence that connects Umbrela to the virus outbreak that has killed thounsands of people and turned them into zombies.

[b]Pros:[/b]
• Good graphics for relatively old game;
• Interesting level system that gives you reason to replay the game;
• Interesting alternate story showing a bit more of Umbrela's actions;
• Extremely fun to play in co-op with up to 4 friends.

[b]Cons[/b]
• Games for Windows Live (and not a chance to port this to Steamworks anytime soon, the company that made this game for Capcom no longer exists, therefore it's not possible to port it without high costs and we all know Capcom won't bother);
• Amazingly dumb AI (and not only 1 of them, but 3);
• Expensive for a old game and seldom goes on sale.


All in all, RE:ORC is a great game. It's fun to play with your friends and it's nice to see other side of things around Raccoon City.
People like to call this ""a great action game based in Resident Evil but a bad Resident Evil"", but most people do not realize that this game isn't canon and the events here are not part of the original RE timeline, it's just a ""what if"" games showing Umbrela's side of the Raccoon City outbreak.
The Games for Windows Live is the main issue here, it's broken and particularly worse if you use Windows 8+. 


I do recommend this game, should it ever go on sale (which is hard to happen), try to get it for you and a couple of your friends, you'll have lots of coop gun together.",1937,1,1,0,2,0,2015-06-21,2015-06-21,921,22,1367,1185
"Experience the Fear: Set in the terrifyingly bad and buggy game of Resident Evil: ORC.
And no, the co-op is little better. Doors kept spawning in front of my friend 'til we had restarted 3 times just to let her into a building, then it happened again a room later. Just don't waste your time 'til they release a bugfix patch.",325,0,1,0,3,0,2015-06-21,2015-06-21,0,62,222,222
"Awesome co-op game, bad single player game. Would cloak Predator style and snap zombies neck again.

Bring it back please Capcom.",129,1,1,0,0,0,2015-06-20,2026-03-03,0,32,1045,1045
"This game is bad.

Despite having some minor fun from shooting things, if you play with humans, leaping onto railings and clipping into ♥♥♥♥ you shouldn't be running on? This game is not fun.

It will seem like gross advertisement (and it is, because I'm in this recording!) to mention this youtube video: https://www.youtube.com/watch?v=KtTl0z8XZxI&list=PLjMFLLlPbqSCqHymjk_ClH3O4UVna6hvj

...the game isn't fun. Enemies are bullet sponges. The level design is awful. Every aspect of this game is punishment. Don't play it.

We tried to make the best of this game. It hurt us, in our souls. Don't make our mistake.",615,0,1,0,0,0,2015-06-20,2015-06-20,657,22,970,868
"Calling this game bad is an understatement. Between the dull and bland characters, the poorly implemented ""Gears of War"" esque gameplay, sound design that is all over the place, and a plethora of bugs, RE:ORC is not so much a game as it is an excercise in self torment. 
My friends and I each bought this to play together over a year ago when it was last on sale, essentially as a group suicide pack, and we were not disappointed on that end. Playing with friends alleviates some of the problems, since a bad game can at least be comical when played as a group, but it also introduced another problem in the form of enemy health multipliers. With four players, some enemies can take an absolutely broken amount of punishment, even when all of you focus fire on one at a time.
The DLC is just as bad, and includes its own set of bugs, including not selecting the next stage, changing the difficulty at random, and at times straight up crashing when your team is killed.

Do NOT buy this under any circumstance, as you would be better off flushing your money down the toilet. For those of you who may be curious as to how bad this game actually is, you can view the recordings my friends and I made at
https://www.youtube.com/playlist?list=PLjMFLLlPbqSCqHymjk_ClH3O4UVna6hvj",1272,0,1,0,2,1,2015-06-20,2015-06-20,0,1,1115,981
"I played the game, and its DLC missions and well a couple things hold it back. For starters GFWL really makes this frusfrating because of its online and because it makes it a port. Using keyboard and mouse feels awkward in this game and is best suited for a controller. Second, the game doesn't really go anywhere, it has this great idea but its story and characters are left to be desired. Honestly....If you were to get this, own it for your 360/PS3 because it is not worth owning on a PC, also if you were to get on those systems.....get it for dirt cheap and only if you are curious. Overall a playable boring letdown really.",629,0,1,0,0,0,2015-06-18,2015-06-18,0,8,805,773
"Took this amount of time to make the game playable again, only to remove online play in the process?
It wasn't even a good game to begin with.
Shame on you, Capcom.",166,0,1,0,1,0,2015-06-17,2025-06-01,0,20,2146,2146
"You must have seen all the bad publicity this game got, I cannot say is unjustified, the game is flawed... but I still had quite a lot of fun playing it.

Its a co-op resident evil game for PC, what do you want? I have been wanting one of these since RE2 and I was unable to play the PS2 Outbreak series.

So here it goes, the story just does not really fit the timeline in any way (pretty common now with the new RE series), missions are few (still I enjoyed replaying them with different people and leveling up) The PvP is sometimes frustrating because of lag (and because people have near wallhack skills to locate you... OK I suck at this game's pvp... shut up)

I really had fun with it, it was worth the price for me. My best recommendation is to check some youtube gameplays and decide if you personally would enjoy it. I did.",833,1,1,0,0,0,2015-06-17,2017-09-13,480,338,702,702
14/07/2024 - game doesn´t launch. tried everything. win 11. capcom still didn´t fixed it. shame.,96,0,1,0,0,0,2015-06-13,2024-07-14,0,25,753,753
THanks based Capcom for games from windows live.,48,1,1,0,2,1,2015-06-13,2015-06-13,470,41,548,548
This game feels nothing like RE 5&6. Very broken feeling in my opinion.,71,0,1,0,0,0,2015-06-07,2015-06-07,0,1,40,40
While not the best game in the series still is a good game lots of fun with multi-player options. Other then the issue with games for windows live and the settings.dat file the game is easy to load and run. If you have issues with the game it is easy in most cases to fix should take more then 10 mins depending on your pc and knowlage. The reason the doesnt work is a Microsoft fail not the game company's or steams.,417,1,1,0,0,0,2015-06-02,2015-06-02,0,5,2588,2154
"Game doesn't even work. Download installed. Clicked it on steam, nothing happens. I didn't pay ♥♥♥♥♥♥♥ money for a puzzle in solving this ♥♥♥♥, i played for a zombie game.",171,0,1,0,2,0,2015-05-30,2015-05-30,246,83,511,25
"I can't really call myself a true Resident Evil fan, I've only recently managed to play Resident Evil 4 and have never played any of the original games (I.E Resident Evil 1-3). I will go ahead now and say I rather enjoy this game quite a bit, it's certainly got enough charm for a quick game every now and then but it doesn't have the lasting draw that most other RE games have. Resident Evil: Operation Raccoon City did some things right, but did quite a lot at a mediocre level and some things plain badly, so I'll tell you what i think, and you can decide for yourself.

The Good 
-The Character design: The characters and most enemies in this game are quite varied in appearance and personality, and I like that. Mainly I'm talking about Wolf Pack here, they each have an interesting back-story that is never mentioned in-game (you'll need an external source like a wikia for that) and they all look unique and interesting. Personally if they were a little more developed I wouldn't mind seeing them in other games.
-The Music: I'll say now regardless of how one-sided my opinion is, I love the music in the game. It's a mix of atmospheric tones to intense dramatic symphonies, all of them fit their respective situations perfectly.

The Okay
-The Cover mechanics: Cover in this game is a bit iffy, some things you can hide behind others you can't sometimes you can shoot from cover sometimes you can't. It's kinda like rolling the dice with your health and that's never a good thing.
-The Combat mechanics: Combat is arguably the main aspect of RE:ORC, and when the main aspect of the game isn't the best part of the game, you're not in for a good time. Recoil feels almost non-existent but bullet spread is a pain to manage, especially with the less accurate weapons. The meele combat is okay, however performing executions and special moves is unresponsive and it usually takes multiple attempts to perform one.

The Bad
- Enemy design : Enemies in this game can be easily described with the term ""bullet sponge"". They all take a hell of a lot of ammo to kill and that's not helping the face you hardly have any to begin with. This isn't a problem when it comes to the slow and easy to deal with zombies, but when faced with enemy humans, hunters and lickers it becomes a huge problem and is even more apparent in the harder difficulties. Additionally shooting enemies hardly causes them to react, they just take it like nothing has happened most of the time which is frustrating when it comes to already hard to kill enemies like the hunters or the final boss depending on what choice you make.
- The Story: Not much to say here, even for a spin off title in an alternate reality the story of this game is really weak and boring with no real development of characters.

All in all, RE:ORC is a game that's fun with friends, but not worth the given price-tag. Give it a shot if you can ever get it cheaper but don't expect to be amazed by the game.",2955,0,1,0,0,0,2015-05-23,2015-05-23,350,5,1951,1948
Hot garbage,11,0,1,0,3,0,2015-05-09,2015-05-09,0,1,854,854
someone play this with me,25,1,1,0,0,0,2015-05-06,2015-05-06,617,44,13,13
One of the few games that will not punish you for not having a group of friends to call on at all hours.,104,1,1,0,0,0,2015-04-30,2015-04-30,0,10,1788,1788
Its very cool game!,19,1,1,0,6,1,2015-04-24,2015-04-24,0,2,383,383
"if you like a game to be as basic as possible, like call of duty... then you'll love this

if you like call of duty, then you'll love this

if you like call of duty with zombies, then you'll love this

if you've ever played call of dooty, and liked it, then you'll love this game


WARNING!!! gameplay is EXTREMELY repetative 

this game is soo basic without much to offer that it feels like call of duty.
you go into a room and kill some guys, then you go into the next room and kill some guys. then another room, hide behind a box and kill some more guys, a couple zombies here and there too, but thats about it....next room rinse and repeat. i've beaten this game and i gotta say it doesnt get any better than that.

this game is still way better than call of duty though, mainly cause you can play co-op through the campaigne with 4 people total, and the zombies that look like resident evil style zombies.

the story was trash

playing as the bad guys was an interesting concept for resident evil.

ONLY reason i slapped a recommended tag on this is im a die-hard resident evil fan. i got resident evil in my bones.",1120,1,1,0,0,1,2015-04-23,2016-01-26,862,182,916,899
"Resident Evil Operation Raccoon City is during the events of Resident Evil 2 and Resident Evil Nemesis game you take control of Umbrella's Secret Service or Wolfpack and Echo 6 which is another team after you beat the Wolfpack missions. The Team play is awesome not only you can do single player but you can also do multi player and hang with your friends and kill zombies together! The game is alot of fun and if you play Resident Evil and you want to know what happened during RE 2 and Nemesis? This is the game you want to get to learn what goes on. 

The level up system is awesome throughout the game you can see who is stronger but there's also a character selection you can choose any of the 6 members of wolfpack. Vector, Lupa, Beltway, Bertha, Spectre and Four Eyes you can pick the skills you want to get and the weapons you want to use.

So I would recommend this game to any player who loves RE and who like team play",929,1,1,0,0,0,2015-04-17,2015-04-17,172,6,5449,3922
"I want to love this game, I love resident evil series. I don't like this one. I downloaded it hoping it to be good and I was hyped back then when this game came out, and no I wasn't holding this game to a high standard. Now the gameplay well for me, I didn't like it. It was boring, and I didn't like the way it was set up, But their was one good thing about this, it was the story of it, or at least what I heard of it. But when I play this I get bored with the game almost instantly. So would I reccommend this game, eh maybe if you like the older ones story yes, but if you don't care for the older one no not at all. This game is not good gameplay wise, story wise it's should be good. So if you want this game I would say no, but watch youtube videos.",756,0,1,0,15,2,2015-04-12,2015-05-14,0,16,48,43
Wanted to like this game but it starts with the barely function mouse aim and goes down from there.,99,0,1,0,0,0,2015-03-31,2015-03-31,0,14,285,145
Windows Live stands between me and the games I have paid for. I lost the password to the account and they want a paid account and credit card access to confirm my identity. They never had access to that information before. How does it ID me now? I won't be foolish enough to buy or recommend any Windows Live or Capcom software again.,334,0,1,0,0,0,2015-03-30,2015-03-30,0,32,478,478
awesome fun little game. played it co op and had a great time.,62,1,1,0,0,0,2015-03-27,2015-03-27,1057,41,717,717
"interesting concept, bad execution",34,0,1,0,0,0,2015-03-26,2015-03-26,0,1399,1440,1440
does not work,13,0,1,0,0,0,2015-03-23,2015-03-23,0,5,63,63
"I think this game is good, I like all the Resident evil games. Just so many cool things that add to the whole RE atmosphere and makes it feel like you really are an Umbrella soldier in the middle of an outbreak.",211,1,1,0,7,1,2015-03-08,2015-03-08,0,12,1103,710
"This was a tough third person shooter game. I played all of the single player maps (including the DLC maps), and I must say; this game is very different from other Resident Evil titles - it is overwhelmingly and predominately a shooter game! Unfortunately, there were several in game negatives to contend with as well. First of all, it seemed as though the weapons were entirely too 'nurfed' - most of the time, it was necessary to shoot the enemies multiple times. Also, the 'tag-a-long' AI controlled comrades, were frequently in the way or under foot. With that said, I nevertheless did enjoy this game. If you like a challenging third person shooter, then this game is for you.",681,1,1,0,19,2,2015-03-08,2015-03-08,0,71,1329,1180
"Besides my own, personal gripe of seeing yet [i]another[/i] action-oriented Resident Evil game, I was somewhat excited a little with the game.

But next came disappointed.

The gameplay isn't much to talk about. It's your typical 3rd-person, shoulder-shooter with a Resident Evil skin. Some of the mechanics keep it interesting at times (like the ""infection"" status), but it's ultimately unoriginal and nothing special.

So with a mediocre gameplay, surely the story would be its saving grace?

Nope.

The story, while midly amusing, is basically a ""what if"" plot for Resident Evil 2 and 3, and it's not very good. The only ""oohs"" and ""ahs"" you'll get are from the cameos of other characters in the series.

Overall: Unless you're a die-hard Resident Evil fan, then you're better off saving your money. The mediocrity of this game isn't worth it.",846,0,1,0,0,0,2015-03-07,2015-03-07,224,10,1084,1074
"loved it with the co-op team, a friends together!",49,1,1,0,0,0,2015-02-26,2025-04-21,0,3,901,901
"Many people did not enjoy this game, i loved it. A fun 4 player coop that gave me the resident evil 3 feel with some of the maps. NOT THE GAMEPLAY BUT WITH THE MAPS. You get to fight Nemesis!!! For DLC pack you play as the good guys but without the DLC, you play as the bad guys. You are part of umbrellas team and you must destroy all evidence of the outbreak and eliminate any survivors.  Teamwork is the best way to win due to ammo will go by fast. Also a really cool thing about the game is once you have been bittin you can turn to a zombie!


Con
ONly downfall i would say is that the game runs on GFWL. Hopefully it will get on steamworks soon.",651,1,1,0,12,1,2015-02-24,2015-02-24,2739,2250,795,794
"Game's campaign was entertaining up till the last level where you have to use the very badly designed bleed mechanic to get zombies to break through a barrier covered by spec ops. Not only is the bleed mechanic unreliable, but the zombies never stop spawning and would rather attack your team than the spec ops. It's a very flawed mission and pretty much is designed to draw out a very short game by leaving you frustrated and constantly wanting to beat the mission when you aren't equipped to bleed enemies. The game's potential is there but the execution is lackluster and whomever deisgned the bleed mechanic of the game should be fired from Capcom immediately.

As far as multiplayer goes, it's alright but not very engaging or fun. It's a tacked on multiplayer how it feels and how it was developed. The game is pretty much the co-op experience of the campaign with a tacked on multiplayer but neither seems to be very well developed or thought out as you're constantly running out of ammo from weak guns for the second half of the game. 

Unless you get this game for extremely cheap (less than 5 dollars) you're better off spending it on a game with more replayability and a better story (if it has a campaign).",1218,0,1,0,22,4,2015-02-19,2015-02-19,1509,21,248,248
"resident evil orc is a decent zombie game of corse its not as good as the other RE games but it do yust fine for resident evil fan 

the good + 

decent gameplay 
pretty good levels 
the multiplayer is also pretty good 
a good amount of weapons 
and very cool characters 

the bad-
yust 7 levels way to short
it runs on windows games for live that is realy anoying 
the reloud animation is bad it bothers me :p
and the moste anoying thing of all in this game is the great amount of health the soldiers have that is soooooo anoying that kinda mest up the game. 

dont get me wrong i love to play this but still buy it at your own risk be awere of games for windows live 

end result 6/10",686,1,1,0,0,0,2015-02-15,2015-02-15,0,51,2418,1244
The worst Resident Evil game you can get on Steam :),52,0,1,0,3,3,2015-02-15,2015-02-15,0,7,359,246
"UPDATE!!! PLEASE READ!!!

There must've been a RECENT Update to the game, now it RUNS PERFECTLY on my ACER.

Try validating integrity first.

I'm pleased that an update finally fixed this game...",195,1,1,0,0,0,2015-02-03,2017-03-16,230,13,479,349
"This is a fun game if you're a FPS fan. However, it's very hard to install the game if you have window 8.",105,1,1,0,10,3,2015-01-31,2015-01-31,0,1,512,394
"A game about shooting zombies with 4 friends this is not. You run around shooting bullet sponge soldiers who you can shoot them in the head for 10 seconds and will just stand there shooting back with no reaction....Resident Evil has become a joke. Its a just a shell of its former self. The story was lame , The AI just bumb rushes you as you pointlessly fire away at them. Its also only half a game.

as Capcom who loves to bend its consumers over and give it to them up the rear decided it would be a great idea to cut out HALF THE GAME and charge you for it as DLC. i wish i could say i dont feel to bad for only payin $8 for this game with all the DLC but its still a waste of space on my HDD. 

What a great day it will be when Capcom finally goes under and maybe some other company will buy the IP rights and actaully make a RE game worth a damn.",852,0,1,0,9,2,2015-01-30,2015-01-30,1681,224,396,396
"This game hardly even works, and isn't really that good when it does.  Environments are nice, music takes some nice ques from the old RE games.  One boss is almost unbeatable thanks to a bug that causes him to spawn under the floor.

8.5/10 tho",244,1,1,0,1,1,2015-01-27,2015-01-27,704,22,1174,347
"Operation Raccoon City takes us back to where it all started and treads a path laiden with familiar setpieces that fans of the franchise have known and loved. However its an almost straight console port with an antiquated GFWL messing with the program (nothing a google search for a fix cannot solve) but it did have trouble appealing to diehard fans of the Resident Evil franchise and thusly is an experience largely overlooked, by no means is this a 'bad' game but it had every opportunity to be so much greater than what it is.

Operation Raccoon City's greatest strength is also its greatest weakness, a non-canonical and self contained story set between the events of much beloved Resident Evil 2 and 3 sees a USS Operative team initially led by HUNK; are taken through the events that transpired to bring Raccoon City to its knees. Initially the story remains on-canon with the rest of the timeline until your team is tasked with wiping out central characters of the Resident Evil franchise, namely Leon Scott Kennedy, Claire Redfield, Jill Valentine and anyone else who happens to wander into your path, this is where the game begins to flounder like a fish trapped in a wine glass. That isn't to say the story is terrible, but it muddies itself with getting involved in 'what-if' scenarios rather than choosing to focus on Umbrella's more devious wetwork conspiracies and opting 'out' to remain behind the shadows. It is because of this the story fails to be anything memorable or meaningful by distancing itself as far away from the canon of Resident Evil as it can which in the end is a great shame for something that had so much potential. Digressing away for a moment however, the very standalone nature of the narrative and its daring to turn away from the fans expectations to offer a new perspective is refreshing and should be commended; after all, there are no cliffhangers or questions left unanswered come the finale and the wake of all your destrution, so it does earn its merits there.

Gameplay wise, its a mixed bag of nuts. A four player co-op campaign is there and with friends, its a great experience, a choice of 8 playable characters all with their own individual perks and playstyles can be upgraded through a below average levelling system in which you spend your hard earned XP for weapons, passive or combat skills. The controls are designed for gamepads in mind, the mouse and keyboard setup doesn't really work too well and navigating the environment rests between clunky or fluid. You wouldn't press a button and accidentally do something else but the accurate responses just dont quite hit the mark they should. Your adversaries are lethal bullet sponges and often will take more than a full clip of ammunition to bring them down. With online co-op, coordinated attacks can mean the difference between life and death and this can actually be joyous fun.

As a single player experience it has the potential to be quite frustrating as your teams AI is lacking in some departments, yet excels in others. For example, they can manage themselves when it comes to healing, shooting or finding the nearest shady spot in an all out firefight but in close range combat they have a hard time deciding whether to go melee or gunsa'blazing, often resulting in their death through lack of final decision.

The difficulty during missions can spike at key chokeholds found throughout the game, you could be sailing through one moment and suddenly you're watching the load screen time after time wondering what the hell happened? Even on a moderate difficulty setting the game will contest you for dominance, which for some, might be no bad thing; yet for others it will just be an aggrivating nightmare.

Ammunition is always in abundance so the survival horror aspect is largely withdrawn in favour of running and gunning but if you ARE on a higher difficulty setting then you'll see its just as well with my points mentioned above. There is also, in all difficulties a pretty cool feature which can have the player contract the zombifying virus if they absorb too much damage or become infected when heavily bleeding, which puts on a desperate scramble for an anti-viral container to cure yourself before you turn and start eating your friends, all of which are limited in number throughout each chapter of the game. Death is not permenent when playing online with friends but offline, the AI are incapable of reviving you so being downed is a no-no unless you dont mind a fair bit of backtracking from the last checkpoint.

There is some exploration to be had albiet completely optional, searching for CCTV cameras, token recording devices or laptops that reward you with additional XP and concept art unlocks in the gallery menu. All obtainable while looting for keys or switches to doors that were previously locked. So although levels seem linear, there is some exploration to be had, even if it is only minor deviations from your current tasks.

In conclusion the game is not terrible by any means but it is a misfire on something so full of potential. Its like a cheap mulled wine, merlot or chardonnay; take your pick. Its a cheap, pleasant experience that gets the job done but you'll find yourself with a dry taste in your mouth at the end and if you drank too much of it, probably a bit of a headache. Still, an experience worth visiting if you can pick it up on sale with a few friends who are daring enough to give something new, yet old a try.

FINAL SCORE:
65/100

By Daniel Kerr Spendlove
written for AbsoluteHell.net",5555,1,1,0,0,0,2015-01-15,2015-02-18,0,35,1928,1681
good game and very fun to play,30,1,1,0,0,0,2015-01-10,2015-01-10,0,7,239,239
"The story of modern Resident Evil is a series of crude attempts at action gaming/RE fan service. Don't get me wrong, I'm a big RE fan, but when you make these games insanely shallow, they're hardly worth experiencing. Raccoon City was hastily thrown together and feels more like a free DLC than a standalone game. Karate-kickiinig zombies in four directions is kinda cool, but the novelty wears off quickly when you realize how awful the rest of the game is. Don't bother with Raccoon City, just wait for Resident Evil HD or check out Revelations.",547,0,1,0,0,0,2015-01-08,2015-01-08,0,26,124,117
"This is such a broken game. However, it is still playable and ok at $9 US or below. g2a.com is where I bought mine. The predator shotgun is hands down the best weapon in the game. Playing the co-op can be fun if you have friends with mics and I would reccomend this game if you want to try a resident evil experience vastly different than classic versions of the game and a reimagined story, (which I kinda think connects ok), then I think this is an ok game, but don't think it is worth more than $9, it is not. Also on the harder difficulty settings it can be really hard. Over all it is different enough to play casually, but to master this game would just be plain tedious since the controls and hit collisions is off just enough that it becomes annoying when trying to use precision on more enimies except the bosses, where hit detection works rather well. 

I also own this on PS3 and both versions are about the same. I assume this one is easier to find more players and is actually easy to hack for the single player portion incase you get board or want to revese engineer and explore. 

Once again, I do caution you, this game is somewhat broken and not perfect but can be fun with friends,",1199,1,1,0,2,0,2015-01-04,2015-01-04,0,2,155,136
"The gameplay is actually pretty good. I like it, it's far better than the new RE multiplayer.",93,1,1,0,1,1,2015-01-01,2023-05-07,604,92,1332,966
"The worst of the Resident Evil Series, but that doesn't mean its horrible.
It's mainly due to the developers being new at not just the franchise, but at making games altogether. 
It's Developed by Slant Six Games, whoever the hell that is, and Published by Capcom - and it's more of a sidestory.
That being said, if you really love all that is Resident Evil then you can dig it. 
I dug it. 

You go back to the events of Resident Evil 2, now from the perspective of the Umbrella Corporation going in to retrieve data. With DLC you get a whole new campaign from the U.S. Spec Ops perspective. This game definitely has a lot of content.

However, it is a multiplayer based game and no one is online. Being a bummer it doesn't really affect the gameplay much because you can customize your teams loadouts. They are pretty competent on their own.

My favorite feature of this game that I wish they retained forever is that when you get bit or soaked in infection, you actually BECOME infected. This is so awesome. You have to have the first aid spray to medicate yourself and fight off the infection, otherwise you will turn and your teammates will put you down.

It's not the best port out there, but it's not unplayable by any means. I haven't dealt with any freezes or crashes, just when you aim it looks a little funny. Like your dude is a little choppy in his movement. Doesn't effect the gunplay though, I kill people and zombies fine.

6.5/10",1445,1,1,0,7,1,2014-12-23,2014-12-23,0,373,96,96
"Easily the best Resident Evil game yet, Resident Evil: Operation Raccoon City, or ORC for short, is a truly hidden gem of video gaming. With all the tactical options of the SOCOM games combined with the amazing horror of Resident Evil, this game outperforms all the other Resident Evil games in gameplay alone. The story is easily the strongest point, from the moment you're stopping the evil Birkin to protecting Umbrella's name by destroying any claims of wrongdoing. With an amazing dialogue that is different for each playthrough, this game is easily worth $60 and I recommend the complete version with all the bells and whistles.
10/10",640,1,1,0,3,1,2014-12-21,2014-12-21,825,74,1444,220
"Paid $24 for this ♥♥♥♥, Game crashes at start. Bought the game twice one for me and one for my GF...
DONT BUY
UNPLAYABLE 
READ MORE REVIEWS

Fix the game or return my money capcom.


Game has not worked since GFWL Shut down Almost 9 months ago. Rip Off... 100% 
Guess what, Capcom still has not fixed the game, DO NOT BUY IT. ITS A RIP OFF 100%
Game is hella stupid anyway. But I'm ♥♥♥♥♥♥♥ bored so I wanted to play something....

CAPCOM  NEVER AGAIN $$$$ From me.
....................../´¯/) 
....................,/¯../ 
.................../..../ 
............./´¯/'...'/´¯¯`·¸ 
........../'/.../..../......./¨¯\ 
........('(...´...´.... ¯~/'...') 
.........\.................'...../ 
..........''...\.......... _.·´ 
............\..............( 
..............\.............\..

CAPCOM^",789,0,1,0,9,7,2014-12-21,2015-02-27,0,28,975,335
resident evil is one of the best games ever this is not resident evil its just a pile of crap that mised the dirt and landed on a cd instead,140,0,1,0,3,0,2014-12-17,2014-12-17,0,75,77,77
"I think its a fun game, although the story sucks just slightly. I do agree that this kind of beats the undead horse into the ground, as Racoon City was long in the path.

The major problem I found with playing it was trying to get it to work. The bad thing is that its launched not through Steam but through the obsolete Windows Live app. I wish they would update that so that it launches through Steam or some other relevant platform.",435,1,1,0,1,0,2014-12-15,2014-12-15,0,6,1367,792
"UPDATED- JANUARY 2025

Yes!! I finally Got this Working again on Steam in January 2025!
I have been playing online most of the day. This worked for me, try it!


Windows 11 | ONLINE *WORKING* (june.2024) Launch *FIX* By ❤Ilona
_______________________________________________

(The Guide)
When you install the game, and launch, naturally the game will close by itself. So here is step by step (up to 10 minutes) on getting it to work:

1. Go to Control Panel and uninstall 2 softwares that is installed within the game's directory, so-called ""Microsoft Games for Windows Redistributable"" AND ""Microsoft Games for Windows Marketplace"".
*The reason for that is because they are installed out of date and the devs has not patched anymore.*

2. You gotta install Games For Windows Live (GFWL).
Download from this site: GFWL
https://community.pcgamingwiki.com/files/file/1012-microsoft-games-for-windows-live/

*Launching gfwlivesetup installer will cause the installation to fail due to marketplace being no longer available. Instead, you should install the package by manually running the following apps: xliveredist, gfwlclient, wllogin_64 (it's all in the Drive folder shared in the website shown as ""raccoon city installers"" and GFWL).

3. Launch the game.
*If it doesn't work you just have to browse local files and right click on the game app then click on properties. In compatibility mode you will set it to windows 7 compatible.

4. Now you will login to your most recent LIVE account, or register to a new one.

VERY IMPORTANT NOTE DURING YOUR FIRST LAUNCH OF THE GAME:
While registering everything in-game for the first time, it will be shown a DIALOGUE BALOON saying ''please wait''. So at this time, you will wait for proximately 5 to 7 minutes even tho no message of ''please wait'' appears at all anymore. It will automatically appears the CD-KEY and BOOM! ready to rock.



ORIGINAL REVIEW FROM 2014

Let me be clear when I say that I really do enjoy playing ""Resident Evil Operation Raccoon City"", the game has in my opinion solid graphics and great game-play for both the single and multiplayer experience, but multiplayer can be a real blast and where the most fun can be had. Also for me finally being able to play as Umbrella and playing through franchise events through their perspective is a joy.

However if STEAM Reviews could be either rated as Positive/Neutral/Negative vs. just the choices of Positive/Negative I would put this review at ""Neutral"". As fun as this game can be I just can't fully recommend it at this time and here is why....

Why does STEAM still sell games that have ""GAMES For WINDOWS LIVE"", the support for that service has been stopped. 

While there are people that would argue the GFWL service still works as it always has, I will tell you from experience that I have never had any issues until this year.

Here in this spot, the original review at this point had a fix to get Games for Windows Live working to run the game, but since then, that original fix does not work anymore.  Please check the top of the review above for the January 2025 Review Update for a new fix that someone put together  that is both easy and works if you own this game and want to play it again.

Maybe I'll see you in game, Lock N' Load!",3263,1,1,0,133,4,2014-12-13,2025-01-12,1013,38,2552,2030
"The nostalgia didn't kill me as much as the overwhelming lag did.
Also, what's with the need to create a windows account in order to be able to save your game?",159,0,1,0,5,1,2014-12-11,2014-12-11,0,4,469,102
"Alrighty boys and girls here's my review on this interesting piece of a game.

If you're looking for an interesting story that branches away from playing the usual individuals in most RE games; then this is the game for you. From what I've played of the Campaign mode it's quite a thrilling game. Quite a selection of weapons to choose from, but sadly you can not upgrade them. It is nice that each member of the U.S.S. has their own unique abilities so that is a plus. A real bummer for those going through the campaign mode if you do not have a Games for Windows Live account, or for some reason your account is broken you will not be able to save your progress. It fully relies on the GFWL to save any single player data Im guessing since it had the option for 4-player co-op.

If you were looking to play this for its multiplayer modes then I have some bad news for you... Since GFWL has abandoned this game like a stand up on prom night... it's made the multiplayer... well unplayable. Unless the good people decide that developed this game decide to get things switched over so it relies on Valve and Steam more.... I don't see it being played multiplayer-wise for some time...

In conclusion if you're a bored individual who's looking to pass the time or a RE enthusiast looking to play the story; I recommend the game then. I myself will be giving it a thumbs down rating for its broken multiplayer aspect.",1414,0,1,0,4,0,2014-12-11,2014-12-11,0,12,220,220
"This game is awful. I watched the reviews and got suckered in. Got in on release and damn... The game felt broken, stupid AI... Because of games like this I rarely pre-order any more. Wish I could get my money back for this..",225,0,1,0,6,1,2014-12-09,2014-12-09,345,13,133,133
Not exactly what I was expecting.,33,0,1,0,2,0,2014-12-02,2014-12-02,0,2,21,21
"FOR FOOK SAKES, PUT THIS GAME ON SALE CAPCOM, YOU THIEVING ♥♥♥♥♥♥♥♥. WHY ON GODS EARTH WOULD I GET A FRIEND TO PAY £22.99 FOR THIS PILE OF ♥♥♥♥♥, JUST TO -TRY- AND ENJOY THE MULTIPLAYER. ♥♥♥♥♥♥♥♥♥♥♥ STOP BEING SO RETARDED.",222,1,1,0,22,14,2014-11-30,2015-04-07,0,161,970,553
No,2,0,1,0,1,0,2014-11-29,2020-10-20,247,9,280,280
Epic Co-op!,11,1,1,0,1,0,2014-11-29,2014-11-29,248,4,1468,1467
Everyone gets glitched in a door and loses the game: the game,61,1,1,0,2,0,2014-11-17,2014-11-17,212,2,731,727
"Despite all the mixed reviews about this game, this is my all time favorit RE game ever.
for many reasons, Being able to play as Umbrella corp's unit. Finally brought in the ability to move and shote at the same time. very fun to play (despite being short) different playable characters with different ablilities giving diferent exerience wich make it more fun. i love RE 5, 6 and ORC (yea the most hated ones but hey each have their own likings)",446,1,1,0,1,0,2014-11-16,2014-11-16,0,157,962,907
"This is an awesome game. True, it branches off from traditional Resident Evil games, but I think in a good way. All the characters given give the player a good chance to play their own way, and the co-operative aspect gives ORC more tactical gameplay than other Resident Evil games. The random encounters with Spec Ops in the game also add a bit of warfare into the game. So, if you love Left 4 dead and Gears of War and would like to see something of a combo between them, I fully recommend this game.",502,1,1,0,3,0,2014-11-07,2014-11-07,0,13,3135,719
"If i had of known, that this game was made by the same game company who "" completed "" SOCOM CONFRONTATION,


I would NOT have bought this game. Very telling trademarks, very reminiscent of SOCOM CONFRONTATION, like they just barely changed their engine to make this game.

Go to youtube, and search SOCOM IS DEAD.... and you will know what i mean.

Found several mission bugs, and for a game that is supposed to support multiplayer completion of missions, that is a big no-no. Also online is unbalanced as hell.

If it comes down to $5, sure, buy it.",550,0,1,0,1,0,2014-11-04,2014-11-04,117,3,685,685
"Awful game, seems to be a port of a console game initially.
Cutscenes just are detatched from the game, G virus monster coming at you, all of a sudden, calm as hell cutscene.
Weapon sounds are awful and innacturate, aiming is innacurate... etc etc.

Seems to have been made for the simple point of cashing in on the movie franchise, by a team that have never made a game before, who have never seen the movies....

P.S. we're not even  going to talk about the original games, this doesn't even  deserve to have those mentioned anywhere near it.",544,0,1,0,1,0,2014-11-02,2014-11-02,0,16,26,26
"I want to like this game. I really do. When you're actually fighting zombies and monsters, the game is awesome and has that intense Left 4 Dead vibe going on.

The problem is that this game insists upon being Gears Of War 90% of the time. I don't play Resident Evil to duck behind cover and get into gun fights with random soldiers. When I want to do that, I'll play Call Of Duty or Gears Of War. When I play Resident Evil, it's because I want to shoot zombies and the like. This game would be really awesome if there was an option to remove the random gun toting soldiers. They bring nothing good to the gameplay. It's not fun. It's not cool. They're just annoying and force you to play the game in a way that makes it feel nothing like Resident Evil or Left 4 Dead.

When you're just running and gunning and mowing down zombies, the game is quite enjoyable. But those moments are rare since the game insists upon throwing soldiers at you every other minute.

I can't even bring myself to finish the game. If the encounters with soldiers were a very rare thing, I could get over that. But the fact that they are a constant part of the game is really really really killing the buzz.",1182,0,1,0,43,4,2014-11-02,2014-11-02,605,49,376,340
Did not like this one!  Too hard for me! Should have a demo first!,66,0,1,0,1,0,2014-10-31,2014-10-31,0,24,278,278
"I enjoyed playing this game. It's a lot of fun in my opinion, although the story aspect of it doesn't really go anywhere.

It did however endear me to the playable characters, I would actually love it they appeared again in resident evil canon, they are quirky if a bit sadistic and apathetic. That also goes for the spec op team as well, I found them to be quite likeable. It's the little in-game dialogue that really endears them to me.

I've finished both the original and spec ops story lines and am still playing this game, the only pity is the fact that the online multiplayer is quite dead and unless you have a lot of friends with this game won't be able to enjoy.",672,1,1,0,10,1,2014-10-30,2014-10-30,0,4,1340,1320
Def fun if your into a run and gun em' shooter........ def not a resident evil game. I have all the resident evils and love the franchise. This game completley steps out of bounds of what you would think RE is supposed to  be. That being said ...if you are not an over the top RE fan then this game might still be fun for you? I enjoy it as a 3rd person shooter...... but I don't even categorize this  game by any means as a real resident evil game. If your a hardcore RE fan I would pass on this . It has the characters and the setting but it is far from you traditional RE game. I still enjoyed it. Don't buy this if your expecting a RE experience. If you wanna a fun 3rd person shooter than try it out k? :D,710,1,1,0,10,0,2014-10-18,2014-10-18,0,26,66,62
"its an awesome game !!!

too bad about the ratings. its not like the other resident evil games
but people should give it a chance honestly.

its very plesant to play with someone online
its tells another side of the story with ubmrella  but not as good as the other games.

it has cool features like infections and....funny A.I and ragdolling... seriously ragdolling is like a trademark for capcom ^^!

i really hope steamclouds gets added. its a game that really deserves a chance!

5/10 storytelling, 7/10 game play, derp-factor 13/10, co-op fun 9/10",552,1,1,0,18,1,2014-10-14,2014-10-14,2159,203,546,129
"Forced one direction boss fights, clunky gameplay, terrible AI.

Dead giveaway that the game is bad - only shows a CGI cutscene.",128,0,1,0,3,0,2014-10-03,2014-10-03,371,174,82,82
♥♥♥♥ games for windows live. but other than that its k. 6.5/10,62,1,1,0,9,1,2014-10-02,2014-10-02,671,19,365,86
"I really liked that game back in 2012, it may feel different compared to the older RE but it doesn't make this one a bad game, it's just more action-horror than survival-horror. Different, but still good.

Unfortunately the community is as good as dead and unless you plan to play it with a friend I wouldn't recommend it at it's current price, it's really fun on coop but it's not the same solo, so you may wait for a sale first.

Didn't played the PvP part much, can't comment on this part.",492,1,1,0,3,0,2014-09-29,2014-09-29,0,197,1646,1593
"It definitely is rough around the edges, and the experience system is not really utilized as well as it could but if the game goes on sale for at most $20, it's worth the price of admission. It's enjoyable enough story and co-op campaign gameplay.",247,1,1,0,3,0,2014-09-23,2014-09-23,484,12,654,654
"It's a pretty awful game in terms of character animation, fluidity, balance, hit detection and just over all design. Thankfully it isn't canon to the series and is a ""what if"" scenario.

You're a crack team of Umbrella operatives sent in to Raccoon City to retrieve the G-Virus during the events of Resident Evil 2 & 3. There are 6 playable characters and you can customize a 4 man squad... Personally I think it could have did without a few of the classes as they seem to be quite useless for general game play situations... However the online portion (good luck finding people who still play this) might have some use for them.

The game play itself is fairly annoying and cumbersome but once you get used to that, you'll figure it all out. Basically Shotguns and quick firing from your pistol are your friends... which is sad because there's over 40 weapons to unlock, all of which are just garbage when compared to a shotgun or good assault rifle.

It's damn near impossible to beat the game solo on Professional which is my only gripe... You need a team of 4 people who know what they're doing. So if you intend to get the full experience, make sure you have a full group readily available. After all is said and done it's basically just a grind out to level 98... yes level 98, the year of the original events from Resident Evil.

Capcom messed up by giving the SOCOM guys full reign of this because that's exactly what it is... a dated mess of a game with a Resident Evil theme.",1485,0,1,0,6,4,2014-09-22,2023-02-21,615,262,710,710
"TL;DR: If you're on the fence about this one, maybe come back when there's a sale on.

While this game tried to be Left 4 Dead, Gears of War, and Resident Evil 5, it fails to live up to any of those standards.

Mechanics:
=> Hosted through Windows Live
=> Awful console port with poor mouse support
=> The camera is situated in a way that your field of vision is obscured by your character
=> The game is either insanely easy or insanely hard
=> Each character can pick from one of three abilities to use in-game. Only one of these three is actually useful
=> One character's abilities are all useless
=> Levels are not large enough to support four players
=> Online co-operative suffers from severe connection issues
=> Unclear mission objectives
=> Very little penalty for dying
=> Can't decide whether it's a serious story arc like Gears of War or an arcade shooter like Left 4 Dead
=> Each character has identical stats
=> You can unlock the best weapons almost immediately
=> Unfair enemy AI
=> Promised greater interaction with canon characters
=> Promised greater choice

Aesthetics:
=> Each area recycles models and textures from the first level or two
=> At least half of the female characters (who are supposed to be professional soldiers) wear inappropriate uniforms for combat
=> No diversity in character shape

Story:
There isn't one

Verdict: Feels unfinished. Minor balance and gameplay tweaks could fix most grating issues. I've seen worse, but then I've seen significantly better, too.",1503,0,1,0,3,0,2014-09-21,2014-09-21,906,21,1122,681
"It sucks on all kinds of levels but its a fair share of fun.
Nothing close to any other biohazards ive played but its interesting, would advice buyin at discount in case it doesnt suit your taste.",196,1,1,0,0,0,2014-09-18,2014-09-18,466,87,51,50
THIS GAME SUCKS!,16,0,1,0,1,0,2014-09-13,2014-09-13,0,9,52,52
i givew it a 0 not becouse its a bad game its because it dose not how at all on windows 8.1 steam needs to make a update so ppl that has windows 8 or 8.1 can play with out going though thia bullsh@$ of download is windows market thing so i am sh$% out of 40$ because it will not work on windows 8 or 8.1  so i do not recommend if you have windows 8 or 8.1 if they fix this then i do recommend because it is a fun game to play because i use to have it for the xbox 360 and so sorry for all the because's,502,0,1,0,2,0,2014-09-11,2014-09-11,0,3,84,83
this game is horrible. if your looking for a resident evil game this isnt it. its not horor or anything. its lie a cheep ♥♥♥♥♥♥ shooter game with horible movement and controls. huge waist of money,196,0,1,0,3,0,2014-09-10,2014-09-10,338,6,91,42
Not as good as Bad Rats.,24,0,1,0,6,0,2014-09-10,2014-09-10,667,1,138,138
"This game is brilliant, but i just wish there were more guns, more missions and possibly a firefight mode to earn xp offline when you don't feel like playing campaign so i would like to see a dlc with more missions for each campaign and possibly a campaign as HUNK to try escape the city, just something like that would make it even better",339,1,1,0,2,0,2014-09-06,2014-09-06,0,5,3997,1606
"Resident Evil: Operation Raccoon City is a gaiden game for the Resident Evil series. It's skirts on the ""recommend"" side of ""recommend or not"", but only barely. There's quite a few flaws in the game, but it's overall not a bad game.

A bit of background. You play as one of Delta Squad, an elite fireteam in the Umbrella Security Service. From there you take on increasingly harder missions assisting Umbrella in eliminating evidence of their involvement of Raccon City's outbreak and their ""morally questionable"" practices. 

Now this is NOT a bad game. However, if you walk into this game expecting a ""Resident Evil"" (i.e. survival horror with zombies) game, you WILL be disappointed. If you do not treat this game as a ""Resident Evil"" game, you will enjoy it significantly more.


The good points,

It runs on a class system, where there are six classes to pick from (Recon / Demolition / Assault / Sniper / Medic / Scientist), where each class has their own uses and skill sets. Only one of each class can be in the run at any given time, so your team will ALWAYS be missing something. This, in my opinion, is actually good, but can shoo away some people. For example, at some points you run into armed mines. Demolitions are the only ""safe"" way of effectively dealing with them, but if you don't have a Demolitions, you could be slowed down severely by those mines. If your team is lacking a medic, you will ALWAYS be missing something important. Optimally, you'd set up a fairly balanced team to go into these missions.

The gameplay is fun. It's not ""Holy crap, you have to play this game"" fun, but it's fun. It's a passtime and enjoyable enough to play. There are some flaws in the gameplay, but that will be covered in the next section.

Now for the bad points.

It runs on Windows Live for some reason, so you'll need to get an account there to play the game online at all. It's especially redundant because looking at the grey / black background of this review window should give you the impression you're already on Steam. So why would we need Windows Live? I admit, this is incredibly minor. It's still a minor gripe, nonetheless.

The AI in general. The AI enemies seem to be programmed as zombies. As a result, most of the enemies will come after human players. AI allies are also really, really, really, REALLY dumb. As a result, I recommend you play this game with AT LEAST 3 people. If you can find 2 other people to play this game with (that can, of course, agree on who will play what role), it'll be a much better experience.

The cover system. It's terrible and needs a lot. The game is moderately schizophrenic on what qualifies as ""cover"" and what doesn't. Some ""cover"" doesn't protect you entirely and it can be a big hassle in the middle of a firefight. This somewhat ties into having more than just one player.

Overall

In spite of the more ""bad points"" than ""good points"", one of the bad points is almost completely negated by having friends you can play with and another is more of a minor inconvenience. If you want to play this game, I would recommend that you wait for a sale and make sure you have a few friends you can play this game with. Even with all the DLC, this game is NOT worth the $40 price tag.

TL;DR - Play with friends, wait for sale. Not a bad game.",3298,1,1,0,3,0,2014-09-05,2014-09-05,0,43,1203,386
A lot better than most shooters these days. Just wish the mutiplayer community was more active for matches.,107,1,1,0,9,0,2014-09-05,2014-09-05,0,35,1281,1123
"It's bad. as a port to pc especially. However, the versus and co-op are both fun for messing around. Highly recommend to mess around with friends and alike, both in few and large numbers. Naturally this is a buy only if on sale.",228,1,1,0,8,0,2014-09-04,2014-09-04,1254,144,406,406
"Very good game, Capcom have taken different approach with this game in comparison to other Resident Evil games as you get to be the villains. In a nutshell, a lot of action; a lot of gore; and again fancing overwhelming odds. This is without a doubt the Resident Evil representation of Left 4 Dead. Much more interesting if played with friends and other online players.",369,1,1,0,1,1,2014-08-18,2014-08-18,0,14,1654,1472
"so many downvotes that the 32bit vote counter broke and I needed to change it to a positive review...
but this game still sucks so you can downvote it as much as you want.",171,1,1,0,1,1,2014-08-17,2014-12-22,900,224,58,58
Don't waste your time/money!,28,0,1,0,7,0,2014-08-10,2014-08-10,2570,21,242,194
"While fighting special forces my best friend spectre™ randomly turned into a zombie and cause a TPK

I've played all three gears of war and mass effect games and none felt as grindy™ as this game

4 Eyes / 10",208,0,1,0,3,0,2014-08-07,2014-08-07,0,44,72,57
"After running the game once, the game failed to launch ever again. Considering how many consistent problems that this game has for the 360, which it was originally designed for, it's impressive that TeamNOS made a version for PC that I could even run. The only pro of this game is that it has a diverse but not crazy character line-up, and a good soundtrack.
Cons: Environments prove very difficult to traverse, whether it's because of unavoidable obstacles, or crappy character movement, or some combination of the two varies with each experience. Enemy line-up is annoying to say the nicest possible thing. There's also a lack of challenge with a very limited variety of gameplay. Every part of the game feels the same. The story is pretty crappy without much thought put into it at all, and the one time you have a choice as to what you do, you aren't able to witness it resolve whatsoever. Overall, this game is glitchy as hell and is almost incapable of being ran successfully because of how many problems there are in it. Not to mention GFWL D:",1050,0,1,0,4,0,2014-08-05,2014-09-10,0,21,208,208
"it's like mastrubating with sandpaper

10/10",44,1,1,0,24,32,2014-07-29,2014-07-29,0,75,1346,920
♥♥♥♥♥♥♥♥♥.,10,0,1,0,5,0,2014-07-23,2014-07-23,360,13,717,717
"HUNK murders a UBCS soldier, who has the potential to completely glitch out, along with a majority of the game.


7/10.",119,1,1,0,3,0,2014-07-12,2014-07-12,0,7,3379,941
YFC7X-DH3VM-4GQBT-T3W7Y-K3XDF,29,1,1,0,5,20,2014-07-07,2014-07-07,0,1,4987,90
I personally believe this game was given a little too much critisism due to being way too different. I love the cross between Call of Duty and Resident Evil. It was a nice refresher while we waited for the release of Resident Evil 6.,233,1,1,0,12,0,2014-07-06,2014-07-06,64,5,815,815
I actually like this game.,26,1,1,0,1,0,2014-06-28,2014-06-28,249,14,382,350
This is a must have all the best part of resident evil in one game,66,1,1,0,0,0,2014-06-28,2014-06-28,0,1,2286,872
"Pros: 
1. Pretty good graphics
2. runs well (IF it runs at all - had an issue where it crashed to desktop every time I launched and one where it refused to launch), you get to pick from a variety of classes/characters
3. The enemies are kind of cool, as are the chapters. I like the environments. This game is aesthetically pleasing.

Cons:
1. This is my #1 biggest complaint for this game: you are playing COMPETITIVELY AGAINST YOUR FRIENDS. And it actually hurts your progress. I play this game with my boyfriend. I generally get the first few shots in and he comes along and steals them. He ends up with over 100 kills, I end up WAY beneath my target kills. He gets 15000 xp, I get 1/5 of that. He gets to buy awesome guns and skills. I get to buy nothing, chapter after chapter after chapter. First come first serve for bonus XP like data collection and camera destruction. He plays the guy that can easily see it, runs around and collects it all, I get nothing. This con alone is enough to make me not recommend this game to anyone. This is literally the one thing I cannot stand about certain games. There is NO reason to make a competitive co-op game. I'd be better off playing with the stupid AI, because then at least I'd get XP to progress. However... I don't play single player games very often. I hate them. I don't like playing by myself, but in this game you are forced to. 

2. I hate how you can only carry two weapons and that a pistol is mandatory. Coming from other RE games (like RE5) this doesn't sit well with me. I hate being forced to use a pistol. Yes, I most likely would pick a pistol, but I'd like to have the OPTION to use a machine gun instead of it. 

3. I think the collision barriers are WAY off at certain positions/times. I constantly have issues with my character's shots getting clipped by imaginary objects. I am clearly hitting him in the center of his chest. There is nothing blocking us in between. Why is he not dying?????? 

I'm playing this game because my boyfriend likes it. Otherwise I would not be playing and would consider this game a waste of money. If you have an issue with some of the cons I've listed, I honestly wouldn't buy it unless you are getting a super good deal. Don't pay more than 5 bucks.",2254,0,1,0,7,0,2014-06-26,2014-06-26,150,10,350,321
"Personally, I enjoyed and still enjoy playing this game. The only problem I ever had was the graphic settings (color banding). But after some setting changes, this was no longer a problem. Though many say the AI was not the best , it never really gets in the way. 

Many reviews will have you believe the controlling is annoying. This is not so. By the end of the first level I knew what to do. Trust me, it's not Sonic and the Secret Rings.  

A feature I really enjoyed was each character's special ability. From stuffing a grenade into a zombie's mouth to actually turning a B.O.W. into an ally, this game gives you a wide variety of techniques for eliminating any enemy.

However, this game is quite short and the DLC is a bit pricey. That is why I would only recommend buying this game when it is on sale.",810,1,1,0,16,0,2014-06-26,2014-06-26,0,3,11759,5102
Poor aiming and many other flaws. Don't waste the money,55,0,1,0,0,0,2014-06-26,2014-06-26,0,27,702,702
Bertha will always get you up.,30,0,1,0,3,0,2014-06-24,2014-06-24,620,32,239,239
Awful !,7,0,1,0,0,0,2014-06-21,2014-06-21,513,15,63,63
"As a RE Fan. I really recommend this game only for others fans of Resident Evil. 
This game Is a good idea, bad applied. 
Besides the change in story line with the Resident Evil 3 Nemesis, I really enjoy this game, the missions and the characters are not that bad, but the storyline needs more detail.",301,0,1,0,0,0,2014-06-19,2017-08-24,810,29,4742,3086
"let me start off by saying, i really, REALLY wanna like this game. and this is only my personal view.

the idea is good, a four player tactical ops. game, set in a resident evil setting, youre the bad guys so to speak.
but the problem is.. the different ""classes"" dont really have a balanced sync between abilities. many of them seem more like ego-classes, some have a somewhat beneficial ability, problem is you often forget to use it in the heat of battle.

there are a few major things that spoiled this game for me, and thats:
1) horrible, and i do mean HORRIBLE AI, i played this through with a friend, and the two AI's where worthless really, they take grenades, health sprays and anti viral sprays, but they never use them to help the group, even the healer class as AI often dont use the health sprays. so I decided to shift and be the healer, just to have that under control, problem is the AI runs away from you when you try and heal them, often resulting in you wasting the spray (or not completly wasted, cause you do heal yourself) 
sometimes the AI runs into walls, getting stuck or glitch into a room behind a door that is locked, resulting in you not having that extra gun, well... hadnt it been for the fact that they more often than not decides to melee the enemy instead of using their guns, resulting in them being infected, and if you dont have the anti viral spray, they will turn to zombies and attack you, (luckily the medic can shoot anti viral into a team mate every 20sec, so thats often not a problem, if the medic is player controlled). and the AI will die and needs a revive, which can be hairy in the midst of zombies and soldiers trying to kill you.
AI (artificial intelligence) more like RS (Real Stupidity)
2) the sometimes unending waves of enemies, often accompanied by not enough ammo or health pickups, reulting in your team being ripped to pieces. i love it when its intense and on the edge, but its pretty anoying to get your butt handed to you like theres no tomorrow. 
often the pickups are plentiful, but then sometimes the game 180's and you get nothing.
3) there are data pickups, for every piece of data you pick up you get 50xp, mind you this is a multiplayer game in intention, but data is not shared, so if one is greedy, the other will get no bonus xp. its easily fixed but agreeing to share, but come on, least have the bonusses be shared. same with special weapons, if one is greedy the other(s) wont get to try the special weapons. again easily avoided by agreeing to share, but i still think this should be shared.
4) many complain that the cover system is annoying, as you walk up to a crate and you automatically crouch behind it, this dosent bother me, i think it makes it easier to get into position for fights, what does annoy me is the fact that cover often dont work, like you being shot to hell through concrete barriers and iron plates. and the fact that if you try and shoot through an opening in a car for instance, you will not hit anything but the car, metal beam or alike, no matter how big the openening is.
5) the game becomes boring very fast, the story is boring and uninspiring. and as a Resident Evil fan, i find it so disheartening that it only partially follows the events from the second game, i know this is a spin off and non canon. but i mean, when they get up close to what i remembered from the second game, but decides to change a minor, but important thing, that makes me kinda annoyed. 

this is really sad because the idea of the game is really good, it couldve been the game that brought something new and cool. problem is, its like the developers decided to drop the project and just go, ""ah well screw it, this is fine""

Plusses:
+ the graphics are fine, dark and gritty
+zombie dismemberment, you can shoot off arms, legs, heads, hands, torsos and so on.
+its a fun take on the resident evil franchise
+youre the bad guys for once
+alot of gory detail, entrails hanging from bodies, blood smeared on the walls and such

Minusses:
-it gets boring too fast
-story is dull
-low pick ups, and the suddenly alot of pick ups and vice versa
-cover system often dont work
-HORRIBLE AI from team mates
-things arent shared
-many classes quickly turns to ego boosters, instead of having some real goodness for the team

i payed 8euro for this game, and i would say thats about as much as i think you should pay for it, do NOT pay 29.99 im fairly sure most of you would be dissapointed.
dont buy it if you dont have someone to play with.
its not a horrible game, its just.. it feels unfinished.",4573,0,1,0,3,0,2014-06-19,2014-06-19,443,23,589,471
"The main problem with this game is that Capcom clearly don't understand how human beings function. :)

08/10/2020 edit: This game isn't made by Capcom. :)",154,0,1,0,12,3,2014-06-15,2020-10-08,977,43,2931,153
"With Games Fail Windows Live down, you cannot save.  Do Not Buy.

Yes, it's a fun spin-off, more action than action, for the psychotics in us.  But if you don't want to play it in a marathon run, it's unplayable for now.

Capcom, please remove GFWL.  Relic have for Dawn of War, and their publisher went under!",310,0,1,0,7,0,2014-06-10,2014-06-10,661,32,234,18
operation can't run on my computer :(,37,1,1,0,0,0,2014-06-10,2014-06-10,0,43,81,81
Mówcie co chcecie ale gra jest dobra bo to sa chociaż zombie a nie cuda mutanty z 6,83,1,1,0,3,0,2014-06-08,2015-03-25,560,66,2503,1424
garbage day!,12,0,1,0,7,0,2014-06-05,2014-06-05,0,143,276,276
woth checking out,17,1,1,0,0,0,2014-06-03,2014-06-03,299,8,80,49
"I actually like this game. I'm only playing it for the coop campaign version since im a campaign person, but still. You get to see the insides of Raccoon city buildings including the famous RPD and the hospital, amoung other places. It has A RE2 feel to it in some places and even feels as if they took parts straight from the Resident Evil Apocalypse movie. Sure, for the price it's not worth it, also the fact that it's GFWL and so far no news about fixing that once GFWL is gone, which sucks. But this game was a personal mission of mine to beat before GFWL dies, mission will be completed tommorow lol.",606,1,1,0,4,0,2014-05-31,2014-05-31,556,556,1138,592
"I've Played This Game on the 360 When It 1st Hit the Shelves.
I Absolutely Loved This Game, Especially When I Had Someone to Play it With.
I Recommend You Try This Game, It's Fun & Teamwork is Needed. lol
If You Have No TeamworkSkills, You Should Work on That. lol xD",267,1,1,0,0,0,2014-05-25,2014-05-25,0,5,67,54
"This game has been globally slammed as average at best. I however disagree with this.
Being a long term Resident Evil fan. (Since it started) This game however different from the original elemnts which made the games great is actually very enjoyable.

In my opinion (Yes, we all have one, just like A-Holes and they all stink) is that it all went downhill after Resident Evil 4.
It lost it's horror feel, desperation of a lack of ammunition and a situation that could not be controlled or won; just escaped. 
(Especially in Nemesis)

Anyway, back on track.
Graphics are enjoyable.
Fun gameplay. 
Plenty of weapons.
Unique charachters.
Team based action.
Familiar fun locations you've always wanted to explore openly.
YOU GET TO BE ON THE OTHER SIDE! Clean-up crew anyone!?

Anyway, it's not ever going to be the next L4D but it's an enjoyable game which is replayable.
Nothing is ever perfect, but for me this is more of a traditional RE game by some standards, inventive with others which makes it quite an interesting combination of old and new.",1047,1,1,0,29,0,2014-05-25,2014-05-25,0,15,1081,1081
i love this game for ps3 to bad i need a new video card to play on pc,69,1,1,0,0,0,2014-05-20,2014-05-20,0,2,471,468
Doesn't even start on WIn 10 anymore :(,39,0,1,0,1,0,2014-05-17,2020-07-18,0,97,600,600
THIS IS A GREAT GAME,20,1,1,0,0,0,2014-05-13,2014-05-13,0,8,1065,558
fun game with friends :),24,1,1,0,0,0,2014-05-05,2014-05-05,0,20,847,580
"This game is like a daytime soap opera, Every time a level ends the game crashes and i have to rewatch all the Cutscenes i just saw before i can Play ONE level before it crashes again.

It also goes though the first time setup every time i launch, and checking steam integrity Always finds a mysterious 512k File missing.",321,0,1,0,0,0,2014-04-29,2014-04-29,1795,15,155,155
"Its an ok third person shooter. Abit of a story but nothing amazing. If you dont have anything to play and your board then play it. Make sure you buy it in a sale. There are issues with getting online. I did have an issues at the start where the game wouldnt run, but a d.ll file sorted it out.  

Worth a play if you get it cheap, Nothing amazing tho",351,1,1,0,2,0,2014-04-26,2014-04-26,0,4,352,303
All I can say is worst Resident Evil EVER. Would not recommend,62,0,1,0,3,0,2014-04-24,2014-04-24,128,1,102,102
worst freaking game ever! not worth the time and money. does not work after not playing the stupid game after god who knows how long. now it won't even bother to reinstall or play.,180,0,1,0,0,0,2014-04-18,2014-04-18,0,9,249,163
Doesn't deserve as much hate as others have giving it... It certainly is not anywhere near as good as many of the other Resident  Evil games. It does have it's problems with enemies taking an unrealistic ammount of damage and the aiming is a bit off. However if you play this with a friend as I did you may find it a bit more enjoyable.,336,1,1,0,40,1,2014-04-11,2014-04-11,832,26,549,427
GFWL. Enough said.,18,0,1,0,2,0,2014-04-07,2014-08-27,0,29,6020,3341
"This game  offers a neat experience in being able to play with a squad in the main story. I just wish that it offer co-play, split-screen on a local system.",156,1,1,0,0,0,2014-04-07,2014-04-07,312,23,753,753
"This game isn't that bad as everyone says it is, its worth playing for any resident evil fan. The main story isn't that long its about 4-5 hours max and no one hardly plays the multiplayer, good luck finding a game to play online. The main story takes place around the same time as resident evil 2 and 3 in raccoon city. There is only a few bosses battles classic enemies like nemesis, tyrant, william birkin. Although this is not resident evil's strongest effort, its still really enjoyable for even the most causal of zombie fans.",532,1,1,0,1,0,2014-04-03,2014-04-03,0,74,438,392
"I'm going to go out on a limb here and say that this (other than Dead Rising 2), is my most enjoyable online co-op zombie experience. You can never have too much fun fighting the undead! And especially with the odd iconic Resident Evil character making a guest appearance, plus a very fun multiplayer experience.

If I gave this game a solid rating, It would be a 7/10.",369,1,1,0,1,0,2014-03-31,2014-03-31,0,10,429,385
"If you go into this game thinking that it will be like any other Resident Evil game you WILL be disappointed.  It's a lot more like the Gears of War Series.  Party combat, lots of cover based shooting, very linear gameplay.  Honestly, the gameplay isn't bad, but the story is pretty weak.  The final level is pretty disappointing, and it doesn't really resolve anything in the end.  I was surprised to find that there is a hidden campaign tucked away that the game barely even acknowledges.  There aren't really any achievements acknowledging it, and you can't continue the campaign from the main menu once you start it.  Overall, gameplay is decent, but there are quite a few minor issues that can ruin the experience.",719,0,1,0,4,0,2014-03-29,2014-03-29,13234,169,577,545
Honestly i can say i enjoyed playing this game. not alot of people gave this game credit. It was just one of those passer-by games til Resident Evil 6 came out. It is a fun game tho. i do reccommed it to people who like stratedgy games.,236,1,1,0,3,0,2014-03-26,2014-03-26,0,6,786,118
cant play on wins. 8,20,1,1,0,0,1,2014-03-17,2014-03-17,0,5,111,6
"This game is terrible yet still somewhat satisfying to play. 

Although I only paid $3 for it I wouldn't recommend getting this since I experienced countless issues with launching the game and getting GFWL to start. Since GFWL will die later this year, you'll be left to play with the worst AI ever created. Just thinking about not having any other option than the AI gives me shivers all over.",394,0,1,0,4,0,2014-03-16,2014-03-16,0,7,1336,575
how should i rate this one...well its not the worst game ive played and not the best its amusing some parts of it but it lack feeling to it hard to describe but if u like resident evil u will play this at some point.,216,1,1,0,0,0,2014-03-10,2014-03-10,338,77,1109,507
"Love this game. Need a bit of fixing, if modded, it would be one of the best game I have played.",96,1,1,0,0,0,2014-03-08,2014-03-08,0,14,733,659
"Although many people consider this a horrible game, I find it to be fun and enjoyable if you know what to do.   FIrst off, the game has glitches and bugs that can definitely ruin the player experience; A.I. seems to be the most common but picking different teammates can fix that to an extent (having an all female team + the player makes the game easier) and sometimes the menu might tell you to press [b]B[/b] for a second instead of [b]Enter[/b].  Medics especially have the best A.I. since they'll haul ass just to save you from death if you've taken too much damage (but they might heal you after you've healed yourself with and herb or First Aid Spray.)  You can also sometimes stick to cover when you don't want to and not stick to cover when you want to (I've only experienced the former.)

The campaign for the game can either be long and frustrating or short and enjoyable, depending on difficulty and player playstyle (this game really only gives the option to attack instead of sneaking, seeing that you're on an elite team sent to destroy evidence and kill witnesses, which is pretty damn edgy and feels like a bit of fanfiction) but you can turn the infected against your enemies by using a special ability by the team Scientist or making enemies bleed out.  There is also the Echo Six Campaign which seems a bit more fun (to me at least) [b]but is hidden away in the Chapter Select menu.[/b]

The game runs smoothly on my laptop on Max settings and at an always nice 60fps.  Mind you, this is a laptop from the Summer of 2013 and is non-gaming (Intel i7, 16GB RAM, 1TB Hard drive and IntelHD 5000)

The multiplayer seems to be dead and might not come back (even if it were given T-Virus) seeing as GFWL [b]is still being used[/b], which is a shame as the multiplayer can be the most fun you can ever have on this game (which seems to be a trend with most games, but I digress.)  Though you can sometimes find someone to play with in co-op at rare times.

The Cosmetic DLC isn't really worth it at a normal price but on sale it's an ok buy (it changes the colour of the player's chosen character and gives them a slightly different outfit, at least in terms of Vector's.)  The Weapons DLC can make the game easier or harder (The Matilda and Grenade Launcher are horrible weapons since you can't shoot well at long range and have limited ammo, both in terms of magazine and resevoir; and not being able to pick up extra ammo, respectively) so just either pick and choose which weapon pack you want, buy the Complete Pack or just get the Weapon Stash for all eight weapons. The Campaign DLC has a slightly better A.I. than the base game but it still has some of the faults of the base game (getting stuck or stopping at a random area and sometimes just tanking bullets from enemies.)

Seeing as this game was only published and not developed by Capcom, there should be some similarities from games developed by Slant Six Games such as the SOCOM series.   Actually, it plays a LOT like them.  There might've been a sequel to this game but Slant Six closed down in June of 2013; it could be a blessing or a curse.

I really recommend this game ONLY if it's on sale and not a regular price, though I shouldn't discourage you from buying this if you really want it and want to play with a friend (or 3)",3310,1,1,0,0,0,2014-03-07,2015-08-13,525,20,3278,1783
"The game feels like a very cheap B movie. Voice casting is just terrible and feels often over the top and unrealistic.
Gameplay is repetitive, aiming is terrible, game is boring.
The character sticks to the wall at the wrong moments and sometimes when you want to turn around when you have to run away from the enemy you are stuck and keep facing the enemy.

Nice if you paid 3 EUR, anything above is a waste of money.",418,0,1,0,4,0,2014-03-05,2014-03-05,2132,57,193,174
Got this game and all DLC,25,1,1,0,0,0,2014-02-28,2014-02-28,27,4,2843,849
thought  it would be a fum game but it wont load....waste of time,65,0,1,0,5,0,2014-02-25,2014-02-25,0,6,12,7
"This is an excellent tps i find it is most enjoyable when playing with friends that said there are some very minor issues the first being that with Microsoft closing down Games for windows live the multiplayer servers are going to be unavailable along with the activation servers.  also i felt the campaign as fun as it was could have been longer,  same with the echo six dlc missions
i still love this game and as a fan of the franchise i was happy to see a side of RE3 i had only imagend",489,1,1,0,0,0,2014-02-25,2014-02-25,584,9,428,269
"Put lots of time in for this one but I have to say a terribly rushed game!!

the bugs are simply inexcusable for a release and truely have never been fixed, and these are not simple bugs were talking game crashes on an average , random sound bug cuts sound off for no aparent reason but those are just the bugs.

SINGLE PLAYER
-enemies are bullet sponges 
-team ai is most useful when they are dead  
-weapons ammo and damage count is way out of porportions
-cover and duck system for cover is basicall useless and broken (no one uses it)
-and the best way to clear a level is to run through it after shooting your ai team in the head so they dont get in the way.

MULTIPLAYER

this is really the only somewhat redeeming feature in this game and thats not saying much

-all the bad stuff in single player still applies to single player except for team ai because its multiplayer
-this game is very easily modded in system files which is sort of a double edge sword becasue u can make the game beter 
by changing gun and equiptment values however it sticks in mulitplayer and so if your modded you have given yourself a unfair advantage over other players in verses modes.


Final words for this review. it was poorly made it was ignored by its own developers and it left its paying customers to rot and  still pay top shelf price.  There are some fun points to this game but no one in their right mind should ever support such a poorly put together product and never fix the bugs and then get the balls to try and sell dLC's 

FINAL SCORE 2/10",1543,0,1,0,0,0,2014-02-25,2014-02-25,0,10,1622,1622
Jó játék.. csak kicsit fura az irányítása.. de nincs vele gond.. el megy egynek.. a multija nagyon találó! :),109,1,1,0,0,0,2014-02-20,2014-02-20,357,26,328,250
"Very misleading, lots of glitches and bugs. Not worth buying, not to mention the story was terrible. 1 out of 10. Don't waste your money on it.",143,0,1,0,4,0,2014-02-16,2014-02-16,0,76,68,68
"If you're a fan of the RE universe, you'll enjoy this game. The actual mechanics of the gameplay are a bit dated but entertaining nonetheless. Enjoying the story.",162,1,1,0,0,0,2014-02-16,2014-02-16,0,6,1575,1575
Better with a full squad XD,27,1,1,0,0,0,2014-02-15,2014-02-15,0,2,1365,385
"Graphics and sound are great but the gameplay is fail.  You can litterally point your gun at their head and have the barrel touching them and still miss..   Horrible, absolutely horrible.",187,0,1,0,3,0,2014-02-15,2014-02-15,343,28,106,106
"In my opinion it's one of the worst Resident Evil spin offs ever made, and that says allot cause there have been some pretty bad spin offs.
Even lore-wize this game does not hold up.
Also it features Nemesis, yah that big guy that was traumatically scary in RE3, he's a joke in this game :-(",291,0,1,0,13,1,2014-02-13,2014-02-13,1305,95,941,941
"Grossly overpriced and all hyped on release don't touch it unless you have friends looking to do a quick game. Would not recommend unless have friends to play with as well for an evening then probably not touch it for a long while. Story not on par with the series as we know it to be, more of a what if, and poorly setup with poor ai controlled character's. Without the dlc incuded with the game extremely stort an basically half a game for a full price. Unless on sale or extreme price lowered don't touch it with a 10 foot pole.",531,0,1,0,5,0,2014-02-13,2014-02-13,0,1,2444,2444
do not buy this game,20,0,1,0,7,0,2014-02-10,2014-02-10,0,10,320,87
I have windows 8  don't have windows7 sorry Refund card or Trade game other ?,77,0,1,0,0,0,2014-02-09,2014-02-09,0,1,9,7
"Dead game. Games for windows live DRM which has been dead service for many years now. Impossible to load/save thanks to GFWL functionality is long gone.

This game will be lost to time thanks to the DRM. This game was mid at best but this should be a lesson to never purchase live service games. EVER. ANY OF THEM.",314,0,1,0,0,0,2014-02-08,2024-03-20,0,59,329,327
"Horrible game.

As stated in others, the AI is horrendous.
The controls are also annoying.

And the addition of special abilities?

This seems more like a zombie/monster shooter with some super powered characters instead of an RE game.
I think part of the problem is Capcom isn't the developer for this one.",307,0,1,0,7,0,2014-02-06,2014-02-06,0,16,208,208
"is game is most valuable nostalgia.  It's fun to be able to fight classic Resident Evil enemies with powerful weapons and upgrades.  Also being able to kill as many zombies as are in Resident Evil 1, 2 and 3 combined in a single level is a satisfying plus.  The biggest downsides to this game are sketchy controls and sporadic bug problems.",340,1,1,0,0,0,2014-02-04,2014-02-04,0,1,3590,683
"Could have been so much better.

It started out fun, but the performance is terrible for most people, and as a result, the MP is pretty much dead.

The game was stuttering, pausing, and using so much CPU that my mouse would randomly shut off, making it even more infuriating in tense moments.

I got this at 75% off and I'm starting to think even that was too much.

Combine that with embedded GFWL (which is getting shut down) and no plans to remove it scream ""STAY AWAY!""",473,0,1,0,22,0,2014-02-04,2014-02-04,10326,124,1007,1007
This is not a Resident Evil game at all... maybe the... no... its just ♥♥♥♥ :(,78,0,1,0,0,0,2014-02-04,2014-02-04,1190,19,100,88
"I would strongly recommend AGAINST this game for purchase on the PC for one(or two) main reasons:

It has the potential to be quite an awesome game for the PC, actually. The only problem I find with it, (and although it's just one problem, it's a HUGE one!), is that you can tell that this was a hastily done port of the console version. The game has a terrible framerate, during cutscenes and gameplay, that is absolutely unbearable and impossible to enjoy. Believe me, I'm a guy that can stand choppy framerates, if it's at a lag that's bearable and not detrimental to the enjoyability of the gameplay. However, also believe me when I say this game is pretty much impossible to play, even on low graph settings. Therefore, we can also tell that this game was not only poorly ported, but poorly optimized, as well. This doesn't really surprise me too much considering Capcom assigned this project to a third-party game dev company. Nonetheless, I do not recommend this game! Do not waste your money on it, like many people have. Considering it's been out for two years now, and they haven't released a working patch on steam.",1126,0,1,0,3,0,2014-02-02,2014-02-02,0,13,818,54
is this game not have any cards trading cards,45,1,1,0,1,0,2014-01-29,2014-01-29,0,6,8130,754
"SPOILERS AHEAD


I had them protect Leon, because, honestly there is only so much retcon I can be an active participant in. The game was mebbe a 4.5. Playable, but unimaginitive. The levels were good, in a 'RE Fanboy' way, and the Wolfpack, despite being a group of setpieces from the halls of 'Evul Inc.', they were well voice acted. 

And my biggest problem with this game, is that they decided to make it a retcon. If they had simply left out the interactions with the protagonists, and had this be a game where you run around doing Umbrella things, as Umbrella people, it wouldn't have been as much of a let down.

If you are a hardcore classic Resident Evil fan (The PS1/PS2 games, the movies not so much), DO NOT play this game, it'll just make you mad.",759,0,1,0,0,0,2014-01-22,2014-01-22,478,38,502,502
"Terrible ally AI that frequently gets in the way, or sets itself on fire. Bullet-sponge enemies. Framerate problems. Auto-stick cover with no button to enter or leave cover. Imprecise weapons. Laser sights that don't point where you'll hit. Possibility for endless hitstun loops. Terrible Leon model. A single player out of the four possible coop partners can skip the cutscene for everyone. Games for Windows Live. Oh, and if the normal enemies are bullet sponges, the bosses are even worse.

The worst thing is I'll probably play more of this because it's Resident Evil.",572,0,1,0,13,0,2014-01-20,2014-01-20,5451,73,655,168
Good game. I don't know why people don't like this.,51,1,1,0,4,0,2014-01-19,2014-01-19,621,63,114,76
"Besides the mediocrity, RE:OPRC has a cool concept!",51,1,1,0,1,0,2014-01-17,2014-01-17,234,59,223,220
"What a terrible game! And believe me, I am not a difficult gamer! I like most games I play but this one is terrible. The controls, camera, options, moves, weapons, skills, everything is bad. I've found though that playing with friends coop makes it alot better. Still, the game is not good not even a 5/10. Story is boring. Shooting is not fun. Unlocking stuff is made in a dull way.

4/10. Stay away from this, you'll save money!",430,0,1,0,2,0,2014-01-11,2014-01-12,593,28,506,506
"It's not as bad as people make it out to be, however it got more or less nothing in common with the other games in the series beyond it's story which is somewhat lacking.

It focus on being a third person class squad based game where each person have a unique ability to support the squad with.

Do i recommend this game? Yes, if you go in with an open mind and not expecting a classic Resident Evil game of any sorts it is a solid title to pick up at a sale like i did.",470,1,1,0,8,0,2014-01-10,2014-01-10,1015,134,87,87
this game is sometimes very unplayable :/,41,1,1,0,0,0,2014-01-10,2014-01-10,306,11,869,657
"i like it but it need fleshed out, there are a lot of tweeking to this game and its far to short with the muli-player leaving much to be desirde. fun but ultmitly not worth full price and comon dlc $10 for 3 misions...comon capcom dont be ♥♥♥♥♥♥♥♥
i really want RE:4 story mode but to play as these charicters thay look and feel wicked cool",340,1,1,0,0,0,2014-01-07,2014-01-07,0,3,1230,770
Is it part of the story? I don't think so. The gameplay is too dull and makes it feel like a hack and slash only with guns. I hope this game is not bought over by KOEI.,168,0,1,0,2,0,2014-01-05,2014-01-05,629,99,431,431
"To be honest, I normally wouldn't reccomend this, but it does something I've despised the other RE games for not having: shooting and moving. Now you can aim, fire, AND move at the same time. The controls are a bit much to get used to, some cutscenes don't have audio (may or may not be a glitch,) and the zombies are nearly impossible to kill (unless you have a shotgun.) 5/10, Capcom and Slant Six. Maybe you could fix things up in a patch, or in a second game. And then maybe you could serve us some coffee and biscuits while we play, but that's not gonna happen, is it?",573,1,1,0,0,0,2014-01-04,2014-01-04,0,109,1166,283
"If you want lots of LAG, more LAG and extremely horrendous lag, than this is the game for you.",94,1,1,0,4,0,2014-01-03,2014-01-03,0,6,298,177
"Recommended for a few people only. The game is interesting in the sense that you get to see behind the scenes in Racoon City and the Umbrella team is quite entertaining. The combat mechanics are pretty simple and sometimes plain weak, but it can be an enjoyable game. (Tip: If you can play with PEOPLE, the AI is TERRIBLE)",322,1,1,0,0,0,2013-12-28,2013-12-28,0,198,1166,1164
I would rather pay for the war z 3 times than buy this game again. The only reason i bought it was it was on sale for $8 with all the DLC and thought it cant be as bad as they say. WRONG! The graphics are terrible the gameplay is horrid. The story is a sack of wet garbage and ruins the RE franchise even more and should be just forgotten about. I don't even know why Capcom even let this game on store shelves. I will probably never play this game again. Shame on you Capcom.,476,0,1,0,2,0,2013-12-27,2013-12-27,213,42,53,53
"tl;dr: Recommended if it's on sale and you're a fan of the franchise. Avoid otherwise.

This game doesn't really have huge issues that can be pointed out easily, just a whole lot of aspects which are either less than optimal, seemingly not very well thought out or just a few years behind in terms of game design.

At its core it's an alright squad-based TPS, with each team member having a unique class with a bunch of different abilities, although none of them will have a significant impact on the way you play through the campaign.
The campaign itself is, just like every other aspect of the game, not bad, but far from stellar. The story is merely there to give you a reason to continue shooting stuff, and apart from a few encounters with the classic cast it's not exactly noteworthy. It's also short: you can count on 3-4 hours for the main (umbrella) campaign and another 3-4 hours for the government (spec ops) campaign. This spec ops campaign is in fact one of my main gripes with the game, as I am under the impression this campaign was initially meant to be a part of the full release, yet was cut out for one reason or another (perhaps it wasn't finished yet?). The other DLC isn't worth having.

While the (coop) campaign was seemingly the main focus of the game, there are also a number of versus modes available. These include the standard team deathmatch and the usual RE variations on that same gamemode, most of which aren't really worth playing. In addition, you'll have to put up with GFWL, p2p matchmaking and a small degree of auto aim which they forgot to patch out. Still, you can have some fun in versus, and I personally always found people to play with between 7-9 pm CET.

Performance-wise it's not very well optimized, on my rig it actually runs worse than contemporary FPS's with all bells and whistles. The controls are a bit clunky in the beginning (could be better with a controller, haven't tried), but you get used to them. That said, I didn't encounter any bugs. 

To conclude I want to point out the almost lamentable level of mediocrity throughout the entire game. It's not bad, the issues aren't huge and if you enjoy the franchise you can certainly overcome them, yet nothing stands out as being good. Therefore, and because of the bad optimization and DLC campaign, I wouldn't recommend buying this unless it's on sale.",2361,1,1,0,47,0,2013-12-27,2014-02-03,587,1,2674,2633
"Abysmal, but strangely fun game. Just be sure to have co-op partners ready who can endure the more... unsavory parts of the game.",129,1,1,0,1,0,2013-12-27,2013-12-27,654,23,2834,2633
"The game isn't horrible. When it does play but it get reptative fast the main fun is teaming up with pals, but the game... pretty prone the glitch the xp and weapon system is pretty tiresome. If your looking for horror surival fix this isn't it if the more actiony RE are you thing then by all means go for it. And your going to want sugguested or better for this.",364,0,1,0,5,0,2013-12-25,2013-12-25,0,35,176,105
Good game..even better with other players..,43,1,1,0,2,0,2013-12-24,2013-12-24,0,3,790,789
"Don't buy Resident Evil 6, Buy this instead, when it's on sale only!.",69,1,1,0,0,0,2013-12-24,2013-12-24,0,54,2690,1825
I am a windows 8.1 user I have had nothing but issues with running this game . Win 8 players might want to wait til a patch comes out. Very unstable on Windows 8.,162,1,1,0,1,0,2013-12-24,2013-12-24,0,3,67,66
Not worth,9,0,1,0,1,0,2013-12-24,2013-12-24,0,21,38,38
Dont ♥♥♥♥♥♥♥ buy this game it dosent even work...I want my money back -.-,73,0,1,0,2,0,2013-12-23,2014-01-18,0,36,37,6
"its Good if you want to play Co-op with your mates, but not good when you play on your own :(",93,1,1,0,1,0,2013-12-23,2013-12-23,0,4,70,55
"This game is a buggy peace of crap, dont touch.",47,0,1,0,2,0,2013-12-22,2013-12-22,627,24,98,98
"i enjoyed this game quite a bit, was nice to just kick some ass in resident evil for a change, little too short tho. i'd only buy on sale for those thinking about buying",169,1,1,0,1,0,2013-12-21,2013-12-21,740,10,373,372
"♥♥♥♥ this game.

This is literally the most garbage shooter I've ever played. It's not fun as a tactical shooter (Which it's not despite the developer) and it's not fun as a Resident Evil game.

As a Resident Evil fan I am INSULTED by this game existing. The only good thing about is the new characters, but otherwise this is useless garbage, and I don't recommend anyone buys it.",380,0,1,0,2,0,2013-12-21,2013-12-21,370,9,122,84
"dull team mates, they get right in your way, run in circles.

glad I only blew $7.49",84,0,1,0,2,0,2013-12-21,2013-12-21,0,1,73,73
"Been a fan of the RE series since its arrival on the PS1, this game takes absolutely nothing from that, and actually tries to re-write parts of the story of RE2, depending on the choice you make, because all games must have a choice sysytem at some point, mustn't they???

Well, plot contradictions aside, this is very little like any previous RE title, it's a lot more like a generic 3rd person shooter, survival horror vanished from the series upon RE4, and ever since, we've been edging closer and closer to this, a poor rip off of gears of war, or any other cover based 3rd person shooter

I can find no reason at all to recomment this game to anybody, the script is terrible, the characters utterly unlikable and unrelated to RE in any way, you play the part of 1 of 4 members of whatever the hell merc team you're part of [a team of which there are 5 or 6 members, quite why only 4 are ever in the game at any one time is never mentioned] working for umbrella, they look like the cast from the clive barker jericho game, but are less like-able [somehow] and look nothing like the unbrella special forces from the original series, obviously to add individuality to them, but this spin off game is utterly unrequired, and just a cash in on a series long past it's best


Like i said at the beginning, i have been a fan since the start of it all [actually, it was ore-release as soon as i saw a preview of the game] Capcom have systematically destroyed any faith i had in the game series, or indeed them as a developer or publisher...there is absoltely no point to this game, it adds nothing to the story, and is just a way for them to rip off fans, by lying in all the hype for the game, not quite as bad as gearbox did with colonial marines, but they lied all the same

DO NOT BUY THIS GAME, regardless of the price, it's not worth it...and also, this game uses GFWL, which closes on July 1 2014, and capcom have yet to mention if they are going to patch it to steamworks, or just laugh at us who bought it, because they've already had their money out of us

Oh, and i forgot ot mention the terrible placing of certain checkpoints, mission based gameas 4 & 5 so no manual saving...sometimes a cutscene will play, then instantly dump you into a gun fight - as it did to me earlier, before i even managed to get my character to behave and take cover with the broken cover mechanic, he was dead, this is a maxed out character on casual as i was rounding up collectibles.....then i move onto the mediocre graphics [and i mean mediocre for the consoles this game was made for, not just PC]...which, having said that, i've already said enough

the only thing i can't comment on is multiplayer, as i avoided it, the game was terrible, and RE5's multiplayer was terrible, why would this MP, which has the exact modes of RE5 be any different, other than being on a format nobody plays on so impossible to get a game or when you do, it's against a cheater


Current rating 35%, and unless GFWL is patched out before it closes, that will drop to 0% as you will no longer be able to play the game without cracking it, which i won't go into for dubious legal reasons - GTFO Capcom, go back to making ""new"" versions of street fighter 4",3226,0,1,0,10,0,2013-12-12,2013-12-12,3247,6,865,865
"A fun game if you don't go into it expecting a survival-style Resident Evil game. Would be much better if more people played versus, I have been in queue's  for 20 minutes before giving up on finding a match. Still a very enjoyable game, though.",245,1,1,0,1,0,2013-12-10,2013-12-10,0,1,1370,1216
horrible port almost unplayable,31,0,1,0,2,0,2013-12-08,2013-12-08,0,7,35,35
"So far there is no glitches the game may lag depending on your computer but please understand why its a good game, As I do enjoy playing the game my friends/TEAM might log on to play if they can use their xbox live account to play it which is the worst thing about it but its still a good game so please atleast try the game.",325,1,1,0,1,0,2013-12-05,2013-12-05,531,40,3049,822
"this game is a ♥♥♥♥♥♥♥ disgrace to all RE and shooter games that currently exist, and probably any that will exist in the future",128,0,1,0,2,0,2013-12-03,2013-12-03,0,3,19,19
"Wow Resident Evil: Operation Raccoon City! If you Enjoy Resident Evil 2, this is the Game for You! Classic, brings back Old School Capcom. Its the Best of both Resident Evil 2 and Resident Evil 3! A Must Buy! Find it on Sale and Enjoy! 2 thumbs Up.",248,1,1,0,5,0,2013-12-03,2013-12-03,590,17,684,520
"This is the final trip to Raccoon City and this time it is to destroy whatever stands between you and the truth. The city looks beautiful in full 1080p as you are fighting for your life. You have all your standard Resident Evil universe enimies along with a few new for this time period. Character models are a bit off, story is mostly not canon and voice acting is average at best. Not like your traditional Resident Evil this is all about shooting up everything that you can and each character has different perks wich gives it a new twist. Game is all about co-op through campaign and multiplayer. Experience can be underwhelming if you go it alone. For the soundtrack you have some remastered resident evil tracks along with some new ones. If you have an itch for a unique 3rd person shooter with teamwork or want to take one last haul in to Raccoon city I suggest you give this games a try!

Console Score 6.75/10

Final Score:   8.0/10",941,1,1,0,12,0,2013-12-02,2014-08-17,1864,82,6260,1918
"This game was a waste of money and time.  There's no one else to play with online and its an online game only.  It is really that bad,  I don't recommend any body even waste 50 cents to buy this game.",200,0,1,0,3,0,2013-12-02,2013-12-02,0,18,142,141
"If you played RE6, don't bother with this one. It'd be great if you never played anything beyond 5. After 6 the old game controls just feel so terrible. Then once you get the hang of it, you realize youre in a kinda lame environment doing a lame medium level boss fight. It's always just chaos... never suspense. Takes a while to get used to the controls enough to enjoy it. I'm sure if you have the time to master it, it'd be OK, but I'd rather just play 6 with the better controls features.
Also, its really unbalanced. I mean really. AI is terrible, both team and enemies. No one is playing it. Multiplayer connect system sucks. Game is pretty ♥♥♥♥♥♥. I played RE2 back in the day so seeing leon or clair here or there is pretty cool, seeing some classic locations is cool, every mission being the same and totally unbalanced, the final boss fight on a level will often be easier than some combat with basic grunts in the game simply because of the terrible level design and cover system. This game was really a major flop. Also, it has problems running on just about every operating system... especially 7 and up. Oh and one more thing... Games for Windows Live....",1169,0,1,0,8,0,2013-12-01,2014-10-16,696,136,497,495
"Not exactly the crown jewel for the Resident Evil franchise, but I came in with an open mind and found myself to enjoy this title. As a third-person action shooter it is pretty solid in my opinion. The campaign was on the short side, but fun nonetheless. You have a very nice selection for a pretty big arsenal of weapons as well as interesting abilities for each character which specialize in a specific field such as your medic, support, and assault type character. Now, I did have a fun time with this title, but I am not blind to the bugs it possesses as well as pretty poor AI. I have never encountered any game breaking bugs, most were just minor nuisances such as getting stuck in some objects or something trivial like that. As for the AI, well, they're pretty dumb. Sometimes they don't move, or just fail to shoot. Not really much of a help, but sometimes they surprise you when you least expect it.  I honestly don't think it is a bad game. It has its problems, but so does every other game. If you want a fun third-person action shooter I'd recommend it. Not at its full price, however, but rather when it goes on sale. Just know it is not a perfect game, but still an enjoyable one. The DLC for this game adds a second campaign as well as more weapons which I recommend purchasing as well.",1302,1,1,0,48,1,2013-11-29,2013-11-29,1333,31,770,692
"Attention: This game relies heavily on Games for Windows Life, a service which will be discontinued next summer. It is not yet clear if the game will be modified in order to run without GFWL. If Capcom does not make this step,  RE:ORC will be near to useless (losing at least its multiplayer part, if not more features). Until this is decided I give a clear: Don't buy advice.",376,0,1,0,5,0,2013-11-28,2013-11-28,201,2,1134,736
"I am a huge zombie junky, which originally made me get into Resident Evil.  I've played every game in the series, enjoying myself singleplayer and coop.  

That was, until this game.   The flaws are huge and hard to overcome.

First, you have to deal with Games for Windows Live.  The worst thing in PC gaming.  You also have a ridiculously short game that just doesn't feel like you got your moneys worth out of it.

They've patched a lot of the issues, but those two are massive and hard to get past.  There's just not a lot of play time to be had.",550,0,1,0,42,0,2013-11-27,2013-11-27,473,59,377,377
"I haven't played in co-op, but this certainly isn't a game worth playing without friends. Poor controls and lots of bugs ruin anything this game has going for it.",162,0,1,0,2,0,2013-11-27,2013-11-27,0,5,194,194
"DO NOT BUY
1. No players online
2. Gameplay is absolute crap on this port
3. THIS GAME HAS NEVER RECIEVED A SINGLE PATCH OR SERVICE UPDATE SINCE PORT WAS ON STEAM",162,0,1,0,2,0,2013-11-27,2013-11-27,366,25,1893,1893
Rubbish game and not worth your money. I bought it on sale and I still feel ripped off. Do not buy it...ever!,109,0,1,0,2,0,2013-11-26,2013-11-26,0,12,223,169
"i love the other resident evils but this ones a stinker,really boaring its like shooting bb guns at elephants.no such thing as head shots unload a clip on thier head nothing just a sad game.BORING! NO! 3 OUT OF 10. normally finish games couldnt do it!",251,0,1,0,6,0,2013-11-12,2013-12-07,682,78,420,403
"The last decent resident evil game was, in my opinon, RE4. I miss the zombies of Raccoon City! Thus this SHOULD have been the number one game of all RE games. Playing as a organized paramilitary team armed to the teeth with mission objectives versus the T and G virus! This game is great for story line to the RE franchise. Get the DLC missions too. MY BIGGEST problem is the game play :(. It seems to me that it is very, very difficult to feel smooth control of your character gameplay. Shooting enemies seems to be a tad of a challenge as well. I am really annoyed to play the game with as much difficulty as it seems to provide. Get this game for the storyline only, the control in combat is just pathetic compared to other shooter games that give you the experience that you're actually in control of yourself.",814,1,1,0,0,0,2013-11-10,2013-11-10,498,67,1771,993
"As bad as everyone says this is, it's kinda good if you're an RE fan who doesn't mind the ""What if?"" scenario.",110,1,1,0,0,0,2013-11-07,2013-11-07,0,148,845,656
"En realidad no se trata de un Resident Evil si no de un FPS disfrazado de este, aun así al mezclarse con los hechos sucedidos en RE2 y algo de RE3 logra algunas cotas magistrales como las pelas con los T-103, Nemesis y los Hunters que acá son mucho mas peligrosos que en Revelations.

Gráficamente no es una maravilla y consume recursos del PC como loco (corre mas lento en mi PC que RE6), la música es nueva y algo de los clásicos, técnicamente el sistema de apuntar esta malo ya que aunque dispares a la cabeza y veas que lo hiciste no será así.

Al mezclarse con lo ocurrido en RE2 casi al 100% recorrerás partes del (a mí parecer), mejor Resident Evil, solo esto le suma varios puntos, te ayuda a entender mejor lo sucedido en RE2 sin alterar su historia mayormente.

Peleas Épicas de RE2 en Full 3D revividas acá es lo mejor de este juego, aparte de su alma L4D, los Lickers y frenéticos lejos lo mas molesto del juego.
 
6/10",931,1,1,0,0,0,2013-11-01,2013-11-01,0,75,566,566
"Bad Control, Bad Story, Low Graphic Performance (No matter your PC hardware, it must be lag.)",93,0,1,0,3,0,2013-11-01,2013-12-14,0,41,382,382
"Resident Evil ORC is actully a really good game, most people say it is bad, and it does deserve some of the negitive flack it acquires.  The first level is horriable and it breaks the game and mood for alot of people, myself included, I made myself keep playing and the more the story went on the more fun it became.  The first level is every bland call of duty two weapon loadout you can imagine, you take cover you cannot advance till human enemys are dead, no zombies, no BOWs then you run for the last of it.  This sets the wrong tone for the game and most people don't get past that.  The AI is compatant and forms its own stratagys, anyone can become infected including you, everyone can crowd around and get a hit of first aid spray.  The combat is fun the characters are darkly engaging, and aside from only one major breaking of the time line (We were promised more) the game is pretty solid and alot of fun.  I highly recomend this to anyone provided you can manage to get past the first level.

P.S. As a side note, I don't want my low play time to deter others from this game, I compleated the main campeign on the PS3 version of Resident Evil O.R.C., I bought the steam version on a sale in order to enjoy the DLC that came with it and couldn't enjoy it due to it requirng something of a more 'high end PC' to play it.  I have played the game to compleation on another platform and I wanted others to enjoy it aswell!",1430,1,1,0,4,0,2013-10-31,2014-07-28,2439,45,35,30
"Update 7/15/25, Games for Windows Live is gone, and needs to be replaced with Xbox Live or maybe Steam Cloud with servers, etc.

So all the game's online features (no raking, no online multiplayer, co-op, unlocks, etc.) are not working.

Other than that, this game rocks; it plays like Gears of Wars, and the game's braking bugs are fixed (one small sound menu bug, but it's easy to work around). The graphics are nice, the game-play is not your typical R.E. game, because there is lots of action and ammo, every character has their own unique powers. 

There are lots of guns: Shotguns, Assault Rifles, Pistols, Rifles, Sub-machine guns, Rocket launchers Etc. You gain EXP To unlock the guns and Powers. Zombies fight, boss fights and Mercenaries around out what to shoot at.",776,1,1,0,0,0,2013-10-31,2025-07-15,0,6,2583,2583
"Decent game play, a nice change.   Been a  RE fan since the first one.",70,1,1,0,0,0,2013-10-27,2013-10-27,0,10,825,500
"Jogo lixo, call of duty raccon city. Jogabilidade lixo, missões lixo. Só recomendei porque não dá pra desrecomendar.",116,1,1,0,0,0,2013-10-17,2013-10-17,99,9,877,815
This is the Duke Nukem Forever of the Resident Evil franchise... It doesn't need anything else to be said.,106,0,1,0,0,0,2013-10-15,2020-07-21,1924,288,58,58
não compre essa merda não funfa,31,1,1,0,0,0,2013-10-14,2013-10-14,133,18,82,82
"Fun game. Not exactly ""Resident Evil"" style, but more action paced. Still has some nice features though, such as different classes, with special abilities, which is very suited to multiplayer. 
Although, this must be said: BEST PLAYED CO-OP!
Playing this game with friends, makes this game 10x more fun.
I would recommend it: 
6.5/10 SOLO
8/10 CO-OP/Multiplayer",361,1,1,0,2,0,2013-10-12,2013-10-12,488,7,1136,770
"Game itself is good, but GFWL ruined it...

And kind of sad Umbrella Security Service characters didn't show up in RE 2 remastered",130,1,1,0,0,0,2013-09-07,2019-09-22,0,21,4723,3832
"Play a team based Biohazard game through the eyes of Umbrella units. The default settings are not meant for kb/m play. First off take off any autoaiming and mouse sticky as that will cause rapid mouse decel and it'll get even worse if you're using a HR. The AI could be better, but is usually better than randoms that join your game afk for a couple of minutes so you can't proceed then dc. The weapon, skill unlocks are done via a point system (exp) which is gained by completing levels. 

One thing I liked is that enemies will drop their current weapons so you can switch between weapons on the fly for better or worse, of course if the game didn't have a 2 gun limit we wouldn't have this problem. 

ORC is also run by Games for windows live so if you've had problems with that you'll probably want to stay away. The game runs fine for me with the usual GFWL system game slowdowns. Overall it's not Biohazard that we knew and grew up with, but it does try to tie in some missing elements/allow you to play the story of some of the older games through the eyes of a different group.",1085,1,1,0,1,0,2013-09-07,2013-09-07,0,175,59,41
"After Hurricane Miguel hits Raccoon City, Wesker's Funk N' Bump Troop must navigate their way through retirement homes to ask the elders about the lost knowledge of the ages. However Leonardo Kenderson and Clarice Redbush have the book of 'Finland's Oatmeals, Pudding Pillows and the 5 Scrotum Q-tips', which is the prequel needed to defeat Capcom and it's plan to create Resident Evil 7.",388,1,1,0,4,0,2013-09-01,2013-11-25,0,23,1061,1060
"This Game could ove been something much more, Online gameplay online you are part of an Elite team from Umbrella doing a series missions preselected online as you go online to join other randoms, You kill zombies which are apart of the T-Virus have limited weapons and you cannot type to others, You can talk via mic but they screwed up when you can't even mute others and access to having friends is limited to.",412,1,1,0,0,0,2013-08-13,2013-08-13,0,40,596,596
"""You sure my team aren't zombies?""
Set in Raccoon City during the events of Resident Evil 2 and 3, this game has you taking your team through streets, alleys and masses of zombies in order to complete your missions.

Story
You are part of an elite team sent to Raccoon City by Umbrella to retrieve samples of the G-Virus created by William Birkin. Later missions will have you taking down the power in the city and destroying any evidence about what Umbrella has been doing. Along the way, you will meet some characters you should recognize if you have played the older games. The events of this game are not part of the series though, which does make sense.

Presentation
This game is looking great. For a ruined city, this place is perfect. Raccoon City is wasted, just as it should be. Destroyed cars, dead bodies and burning wreckage all over the place. The indoor locations like Umbrella labs also look perfect. Moving onto the enemies, these are also as they should be. The zombies themselves look perfect for what they are.

Now we get to the sound, and that isn't so good. Forgettable music, poor voice acting and lacking sound effects all make me wonder if they tried here. Even the moans just aren't what they could be.

Controls
As a game developed with consoles in mind, it is best to stick with a gamepad. Even the HUD features a DPad to select your grenades and healing items. Playing with the pad, most of the controls worked decently, though attempting to make headshots with the analog stick was aggravating. More than once, I'd use my mouse to aim for those bits.

Gameplay
This game takes a massive departure from most of the other titles in the series, being a team based third person shooter with plenty of ammo to let lose at your enemies. Most enemies are bullet sponges though, and it will take time to clean up the mobs in your way. Nothing inspired here, it plays like many other team based shooters, such as the Left 4 Dead series.

There are six different character classes to pick from, each with their own active and passive skills to level up and use during gamplay, allowing different gameplay styles in your team. You have a Assault member, great with their guns, Demolitions who can set traps, a Medic for healing all your woes, a Scientist who can infect and control enemies, the Recon is all about stealth and finally the Surveillance member for boosting your ability to detect items and enemies.

The only problem with your team is that they are incredibly stupid, with me left wondering if even the zombie AI is smarter, since that lot don't get lost when attempting to hunt. This is easily fixed by having friends play, but unlike more popular titles, there isn't a lot of players around.

Lifespan
With a total of six levels, I found this game to be rather short. Once you have beaten the game, you have a few things to do, such as trying to get higher ranks in each level, powering up each of your six characters and finding enough intel in the levels to unlock all images in the Gallery.

There are a number of multiplayer modes, but like co-op, you aren't going to have many people willing to play with you. I wouldn't depend on that unless you want to gift out several copies to people on your friend list.

There are also a number of DLCs available, though I'm only going to mention the important ones here, the Echo Six content. This adds additional missions to the Free Play mode, in which you play as another group, working against Umbrella. This group is nothing more than reskins of the original team though, with the same skills available, but the missions themselves are different. If you care for the gameplay, these are worth purchasing.

Closing
While this game is nothing special, I enjoyed it enough that my purchase during a 75% off sale didn't feel like a rip off, as any early buyers would have felt. It has uninspired gameplay and isn't popular enough to fill a team for co-op, but it isn't bad.",3956,1,1,0,12,0,2013-08-07,2013-11-25,9529,39,516,381
"Pros:

+ Seeing the Resident Evil universe from the view of the bad guys
+ Some enjoyment to be had here with friends
+ Variety of characters, weapons, and abilities

Cons:

- Poor controls
- Unnecessary difficulty spikes and frustrating enemy spawn locations
- Utterly bugged and glitched (animations, shooting, taking cover, etc)
- Poorly designed levels/environments
- AI relies more on cheating than any form of intelligence

The Bottom Line

It would be one thing to knock this game for straying from the usual Resident Evil model but when it utterly fails to be that which it set out to be - a third person shooter - something is incredibly wrong.

Despite the allure of having a handful of characters to choose from, an arsenal of weapons and abilities to unlock, and the enjoyment of seeing the RE universe from a totally different perspective Operation Raccoon City is broken, buggy, and ill-designed right down to its core.

It says a lot about a game when I can't bring myself to even complete it - and I've bit the bullet and powered through many a buggy, poorly made game just to see it to completion. ORC however is just not worth it in any way, shape, or form. Perhaps there is some fun to be had playing it co-op but unless you're really into that steer clear of this game.

3 umbrellas out of 10",1312,0,1,0,20,2,2013-08-04,2014-12-06,0,69,283,283
"Ask anyone who knows me; I am an RE fan, big time. So you may have a difficult time understanding that it PAINS me, deeply, to dislike this game as deeply as I do.

First off, I will admit that I have yet to pass the first chapter of the game.

Why? I hear you asking, or ignoring my recommendation, or, lack there of..

Because the game is THAT bad.

The sound quality is not there, it's off. Like they rushed to sell it.
It feels like it tries to be some Call of Duty, meets STUPIDITY, with a splash of Zombie-vomit from what Resident Evil once used to be.

There is some graphic beauty to it, but its hardly worth the garbage of a game this is.

To put it bluntly. I paid 7. That's SEVEN, for those that don't know numbers...  dollars. Yes, seven dollars, when it was on sale; and I feel like I got taken advantage off. The game. Is. ♥♥♥♥.",842,0,1,0,0,0,2013-07-28,2015-08-22,0,11,474,222
"ich kann es nicht empfehlen das game -.-
es läuft nicht!!!! das spiel starte bei mir einfach nicht!!!!
ich hatte vorher win8 drauf gings och nicht nun hab ich win7 drauf gehts och bloß nicht!!!! -.- kauft euch das spiel nicht auser ihr hab ne lösung wie es zu laufen geht einer meiner freunde geht das spiel warum kp mich kotzt das so an eh ich hab zwar nicht viel bezahlt für das spiel aber trotzdem kotzt mich das an das das game nicht funzt im internet steh auch nix weiter -.- ..............",495,0,1,0,0,1,2013-07-17,2018-03-08,0,121,20,20
"I do not recommend this pile of ♥♥♥♥ to anyone, worst game i've ever played.",76,0,1,0,0,0,2013-07-16,2018-06-10,599,14,109,109
"I would suck 6 ♥♥♥♥♥ in a row to get my money back for this piece of ♥♥♥♥ excuse for a ""game"".",94,0,1,0,2,1,2013-07-15,2013-12-18,0,2,35,35
Best RE since outbreak,22,1,1,0,0,0,2013-07-15,2013-07-15,0,19,439,439
"Not an overly terrible game, but it has its pretty bad bugs and performance issues.",83,1,1,0,8,0,2013-07-14,2015-06-19,0,339,649,649
Meh... Could be better for a Resident Evil Game...,50,1,1,0,2,0,2013-07-10,2013-07-10,4518,924,260,260
Don't let its rating fool you. This game is not that bad! Its a great idea and the gameplay is decent and you get to have that WHAT IF feeling :). Its still better then re6 so get it :D!,186,1,1,0,0,0,2013-07-09,2013-07-09,0,5,1614,1507
"There is something so fundamentally wrong with this game that I can't adequately express it with words. Even if you are with 3 of your best friends and you try to play this game, you will encounter nothing but misery. I don't think a single person at the office played this game during development.

I can't remember how much I paid for this when it was on a giant discount, but it was still too much.",401,0,1,0,0,0,2013-05-23,2013-12-06,1016,29,70,70
"Una mierda, decepcinante, grotesco, dantesco, graficos penosos, jugabilidad que apenas llega al aprobado y una narratiba corta y con falta de contexto. Para todos los que como yo sea fan de resident evil no lo cojais si no quereis de ser fan de esta serie. Puntuación -10",271,1,1,0,0,0,2013-05-18,2013-05-18,0,11,919,919
"Had so much potential but was all lost, yeah its fun but you just cant over the fact on how broken this game is, so many bugs, probably one of the biggest console ports EVER (i actually saw -press B- on the menu in the form of an XBOX button), put aside the broken ♥♥♥♥, MP isnt so bad, the story is good but it seems so stale
Ill classify this as Highly recommended IF you can handle all the bugs and glitches",410,1,1,0,0,0,2013-05-18,2013-05-18,252,93,3601,3601
"Quando era criança e jogava Resident Evi 2l com o leon por exemplo, com poucas balas, matando os zumbis com a pistola ficava imaginando de como seria legal jogar com os soldados das tropas especiais com metralhadoras e muita bala. Fiquei feliz com a idéia deste jogo, que vem para satisfazer essa vontade. Porém o jogo é muito, mas muito mal feito. Comprei apesar de ser super mal recomendado só pelo nome do Resident Evil. Jogar sozinho não da mesmo. Até foi legalzinho zerar com os meus amigos, porém a jogabilidade é muito ruim, houve bugs que atrapalharam seriamente o desenrolar do jogo, tive que passar uma parte em single player por causa de um bug. Acho que esse jogo só vale a pena ser comprado por um preço muito baixo. Zerei em 6 horas. Porém o jogo pode ser zerado até umas 3 vezes se você quiser habilitar as skills dos personagens etc. Porém muito ruim não recomendo.",881,1,1,0,3,1,2013-05-17,2013-05-17,322,70,396,396
"Play spectre, see all the purps. Grab the purps. Get S-Ranks. Own your noob friends who suck ♥♥♥♥ and play Vector and other ♥♥♥♥♥. Betray them and protect Leon because reasons and kill them because AI partnets are made of Nintendium. Become the most powerful ♥♥♥♥ lord to ever exist. This is my experience with this game, so because I was the best and I literally won the game and made everyone else lose...10 out of 10.",420,1,1,0,1,0,2013-05-07,2013-05-07,0,15,246,246
Poor man's SOCOM with zombies; low FOV will give you headaches,62,1,1,0,0,1,2013-04-28,2013-04-28,394,73,202,169
"This game isnt as bad as it was made out to be. It actually is fun.
Yes the controls kinda suck but when you bypass that its actually a legit 3rd person shooter and the fact that its really short..
it was actually kinda worth the 10 bucks on sale.",247,1,1,0,0,0,2013-04-28,2013-04-28,0,6,2337,665
If you enjoy putting a steering wheel on a turd and piloting that turd. This is the gem for you!,96,1,1,0,1,0,2013-04-27,2013-04-27,497,3,38,38
"Its like CoD and Left4Dead, but alot ♥♥♥♥♥♥♥♥.",46,1,1,0,0,0,2013-04-27,2013-04-27,0,11,307,307
"Hmm,actually,i quite love the system though it's a bit strange as a game of RE series but it's absolutely much better than the ""experts' score"" or the ""angry fans' score"".Not satisfied with the ""Switch and Herb"".I will spend more time on it ! :P",245,1,1,0,0,0,2013-04-27,2013-04-27,2480,107,1095,264
NOT WORTH ANY $$ AT ALL.  Rate ♥♥♥♥ console port.  Don't buy.  Buggy and crap.,78,0,1,0,1,0,2013-04-27,2013-12-31,0,7,27,27
"This is probably the worst cover shooter I've ever played, and I have played some damn bad cover shooters in my time. Oh by the way, absolutely no one is playing this online. This is not worth a nickel.",202,0,1,0,0,0,2013-04-27,2013-12-01,0,74,30,30
I have always liked the Resident Evil series.... And this game is one of the best i have played. It's nice to switch sides for once and play as Umbrella Corp instead of S.T.A.R.S and RPD. I reccomend playing this game because it's fun and if you want a game with killing zombies... Then this is the game for you xD,314,1,1,0,0,0,2013-04-08,2013-04-08,330,55,393,393
"Sluggish and remarkably low fps even if gfx isnt especially great. Dull environments and boring weapons. And to top it off it crashes more than often.

2/10",156,0,1,0,3,0,2013-03-09,2013-11-25,0,126,100,100
"Review's limited to singleplayer:
Really tried to enjoy this one because I got into the series very late and enjoyed Resident Evil 5, but it's a dying struggle. It definitely doesn't at all play like the recent titles, putting a prime focus on four-player (squad-based) shootouts. Unforunately, that killed the horror factor (which is pretty much dead already) and instead set a higher focus on firefights.

The above would be fine if more work was put into making the title more fun instead of different. However, it falls short, as most every other player might've complained.

-Mismatched horizontal/vertical mouse sensitivity
-Higher difficulties seem to only multiply enemy health, dragging out fights and bosses for far too long as you spend much of the time filling an enemy's head with more bullets than they have brain cells.
-Campaign felt rather short and anticlimactic, with the already iffy gameplay ruining encounters.
-Executing zombified teammates had no weight or tension since you could resurrect them a second later
-The healthy selection of characters doesn't make up for seemingly uninspired abilities and pretty much no character development, if that was even to be expected.
-Optimization was incredibly..not there. My framerate shot down before even exiting the elevator in the very beginning of the game.

I would only suggest playing without high expectations and with friends. It's not amazing, but playable, however not exactly worth playing.",1470,0,1,0,0,0,2013-02-25,2014-02-06,0,4,578,578
what a total piece of ♥♥♥♥ game .... insulting that it was sold to me at this price,83,1,1,0,0,0,2013-02-21,2013-02-21,0,10,47,47
"Great game, ♥♥♥♥♥♥ company.",27,0,1,0,0,0,2013-02-21,2025-03-15,361,57,697,697
"I don't fully understand why this game gets so much crap. I understand it's not all that great, but I don't think it's worth a metascore of 48 although it is not at all worth $50. If you really really want it, you may not regret getting it as long as you get it on sale. but if you are unsure then you should stay away!",319,1,1,0,0,0,2013-02-16,2014-04-27,0,44,1372,1372
"What in gods name did I do to deserve this....

....



If you think the movies are brilliant then ♥♥♥♥♥♥♥ BUY THIS, and ♥♥♥♥ you!",130,1,1,0,0,0,2013-02-06,2013-02-06,0,8,1209,1031
"Wieso es so viele schlechte  bewertungen bekommt verstehe ich persönlich nicht, im großen und ganzen ist es ein echt gutes game das ich immer wider gerne spiele. Gut, manche stellen sind schon schlecht gemacht, die deutschen Stimmen sind voll fürn Müll und die gegner sehen teil echt gleich aus aber das system mit den Erste hiilfe/Anti-Viren Spays und den auf jeden charakteren abgestimmten Skill bäumen finde ich echt gelungen und finde nur weil es nich wirklich ein resident evil ist (Storry+ Steal) ist es gleich schlechter als die anderen teile und hatte beim durchspielen mehr spaß als bei resi 6. man sollte dem spiel einfach nur eine Chance geben und sich von den ganzen bewertungen nicht abschrecken lassen, den Die storry ist gut die aufgaben werden nicht eintönig und das system mit den waffen,sprays und den einzelnen skill bäumen finde ich einfach hammer. Dazu bringen die DLC für waffen und das Echo-Six dlc eine nette alternative gegen gleichbleibende waffen und die chance auf der anderen seite zu spielen( gegen Umbrella). Der Online mode für das spiel ist gut gelungen, die maps schön gestaltet und die mode gut umgesetzt. Also seht euch ein letzplay an oder kauft es euch einfach mal, den spaß macht es auf jeden fall.",1237,1,1,0,1,0,2013-01-29,2014-12-07,0,1,4069,3912
"Fantastic take on the incident of Racoon City from your squad working with Hunk to meeting with Leon. A must get for any Resident Evil player regardless of the poor reviews. The gameplay is quite a change of pace from the more tank like controls of standing and shooting. Now you can run and gun, use cover and work in a squad.",327,1,1,0,0,0,2013-01-15,2013-01-15,566,42,2070,659
"Start off by saying, this game is buggy as hell but at the same time its fun as hell. Imagine if RE went military squad based game. It is set in the best setting ever, Raccoon City(with only a few instance of parasites). I only played the campaign since  my comp can't handle the game that well so I cannot speak for VS. Finding people for campaign is a bit hard since the match making is a bit buggy(did warn about being buggy). USS mission are not interesting(kill and destroy types) but the Spec Ops is much more fun(protect VIP in pitch black darkness of sewers when enemies come pouring at you which USS lacks). Boss fight is more epic with the Spec Ops, hands down. In conclusion, get it as a full package sale(no full prices) and get friends to get it too so you can have coop fun otherwise bots are boring and stupid(they don't revive you or the other fallen teammate) and try not to take the game seriously and competitively.
------
Additional Review as of 2017, getting the game to run is a pain gotta uninstall the old GFWL client since it will not update and have to download the latest from microsoft. I can now run this game in campaign and VS now. Overall out of the worst spin-off of the RE series Operation Raccoon city is enough to make you laugh whereas Umbrella Corp just feel slap together to make a quick buck, this game actually took time to make sure it got the world it was about correctly.",1415,1,1,0,0,0,2013-01-13,2017-02-23,379,31,3330,2479
"Game is extremely buggy and broken.


It still uses GFWL to this day..




Do not get it at all.",96,0,1,0,3,0,2013-01-11,2020-01-22,0,137,525,525
"dont bother getting it on the pc, its jumpy the controls are better suited to a xbox and its a roll to dodge everything game, the shooting mechanics are uninspired and plain its like the game ""Too Human"" is to god of war, they could have done so much better with it",265,0,1,0,0,0,2013-01-08,2022-01-12,0,2,37,37
"I bought this game expecting a not so great experience despite having Resident Evil in the name. I can safely say that it’s much better than I expected :) That being said, I can still see why people and critics tore the game apart. It doesn't play like any other Resident Evil game and the attention to detail is lacking.
 
Nothing surprises me in terms of level design, a lot of things look quite samey and there’s a distinct lack of graphical fidelity that Resident Evil 5 had. Gameplay is also somewhat lacking. The guns feel under powered when fighting the various enemies and the weapon firing sounds are among the worst I’ve heard in a game :S I do enjoy the level progression and co-op features which allow you to unlock several new weapons and upgrades for each of the six characters to play as. The Umbrella squad are absolutely bad ass and each character has a unique look and attitude.

The AI in ORC is terrible. Probably the worst feature of the game. My teammates enjoy running around in an elevator and running straight into enemies line of fire. This of course would be fixed if I was playing online, but I want to have the same quality of gameplay in single player or co-op and not feel more tempted to play one over the other. The co-op can be played throughout the whole game which is probably why the AI is so stupid. 

The enemies are varied and along with Resident Evil classics, there are a few new enemies to fight. The zombies attack in massive hoards sometimes and the human soldiers take cover and lob grenades at you. I can’t really find any problems with this part of the game. Even boss battles are interesting.

Overall the game has that Resident Evil feel, it just doesn't have the best engine or the most well thought out gameplay. The developers should have put more time into the PC version in particular because it definitely feels like a direct port. I mean there’s even an X-Box 360 D-pad icon as part of your HUD where you select different grenades. Performance wise it meets expectations, but I feel it needed some more time to work out where it could be improved. Despite these flaws I’m enjoying this game so far and look forward to experiencing everything Resident Evil: Operation Raccoon City has to offer!",2250,1,1,0,1,0,2013-01-06,2013-01-06,1437,139,245,245
"It's a fun Co-op experience.

Don't expect too much and you'll be fine.

Oh ♥♥♥♥ and by the way, half the game is hidden behind 2 DLC's, 9,99 euros each.",153,1,1,0,0,0,2013-01-03,2016-11-27,713,102,2273,2061
"I almost didn't get this game because of all the bad reviews it got, but I am NOT disappointed with it at all, it feels like the old RE games, but adds a lot of new stuff to the table. It is set around the same time as Resident Evil 2 and Resident Evil 3, it is Umbrella Corporation's attempt to clean up their mess, it is worth your time and is not as bad as people make it out to be.",385,1,1,0,1,0,2012-12-30,2013-11-25,724,36,117,116
"Don't buy this game if you're not going to play with friends. The AI is SO ridiculous - they won't help you, if you throw a grenade, they WILL chase it and they'll shoot at a wall for a good 5 minutes before you lose your temper and rage quit. If you DO want to play online though, it's amazing - the ONLY downfall that this game has is poor team-AI mechanics.",360,1,1,0,0,0,2012-12-29,2012-12-29,0,27,464,464
"Many people were let down by this game but I was really pleased with it, I bought it being open minded knowing that this game is a spin off and not related to the regular RE series, the gameplay is different, the campaign is pretty cool and can be played with 4 players. One plus is that the MP has different game modes that are alot of fun (Using CoD Names: Search and Destroy, Capture the Flag) among others. The PC port is very well done, getting 120+ FPS all the time with absolutely no drops. In my opinion it was very well worth the sale price of $20 for the complete package.",582,1,1,0,1,0,2012-12-27,2013-11-25,435,340,1210,833
"I can't even play in multiplayer, I've played like... one hour ? I had bug sound, graphically it isn't very beautiful, always the same finish move, dumb IA. I feel stolen to have buy this ♥♥♥♥. Don't buy it, Left 4 dead 2 is reallyyyyyy much better and cost the half of this. Be intelligent and don't buy it.",308,0,1,0,0,0,2012-12-01,2020-11-03,0,9,95,95
"Complete garbage.

-5000/10",27,0,1,0,4,1,2012-11-27,2014-01-22,144,3,55,55
"Despite its low reviews, I personally enjoyed the game. The game is fun and I enjoyed it. Playing it with friends was even better. It can be glitchy but overall the game has variety and neat skills. Maybe not worth it at its full price but definitely worth it during a sale.",274,1,1,0,0,0,2012-11-25,2012-11-25,895,26,2583,2417
"Multiplayer invites not working due to GFWL being a steaming pile of cow manure. Absolutely horrible console-port-controls that show the game devs had no interest whatsoever to make the gaming experience enjoyable to PC gamers. Without even bothering to play the first level all the way through, I am confident in saying: DO NOT BUY THIS SH!T GAME.",348,0,1,0,2,0,2012-11-07,2013-12-28,0,124,19,19
"This game is pretty awesome! Great for Resident eVil fans and beyond if you're up for it.
Play as Umbrella in the vanilla version and do your uttmost to cover up Umbrella's involvment in the Raccoon City incident. Bump into iconic characters you all might know and love from the older games too!

I personally would say this is a pretty big leap forward fro Resident Evil. A fast pace shooter that is C-Op!

Give it a try!",422,1,1,0,0,0,2012-11-07,2012-11-07,0,9,1442,1441
"I'll start with the bad:  FOV is awful !  I felt like I was playing the game through a magnifying glass.  Too many buttons for things that never needed to be... (Anti-viral) didn't need to be.  Controls are awkward and zoom aim is toos low. 

Don't get me wrong ~ I love Third Person Action games, I loved Lost Planet 2 (another Capcom game), but this one was a step backwards from that one.

The good... it was actually fun outside that other stuff.  I had fun running around, getting ammo, and fighting different monsters in destroyed city areas.  Ultimately it is a glorified story mode versions of ""Merc Missions"" from RE 4, 5, and DS RE games.

I had fun, could be awesome if I had peeps to play with; but it was a step backwars for Third person action games.  Took about 6 hours to beat the game and extra free Spec ops mission.

Not bad, but for RE Fans or Third Person Action fans only.",894,1,1,0,1,0,2012-10-24,2012-10-24,0,339,432,432
play ffs,8,1,1,0,0,0,2012-10-06,2012-10-06,0,9,2269,2269
Very fun 3rd person action shooter,34,1,1,0,0,0,2012-09-29,2014-12-28,1062,44,550,529
"Got this as a wild card, I now love it. It's like a unforgiving Left 4 Dead 2 with butt rape around every corner waiting for you.",129,1,1,0,1,0,2012-09-28,2012-09-28,0,16,1389,1361
I got it on sale and even then it wasn't worth it.,50,0,1,0,0,0,2012-09-28,2016-12-04,0,10,16,16
"THIS GAME IS ♥♥♥♥♥♥♥ AWFUL. DO NOT BUY.

Quite simply, uses GFWL, even on casual mode one simple troop will take a whole magazine to kill, AI is moronically stupid - both friendly and enemies, voice acting is just terrible, interface is designed for console and HUD reflects that. PC graphics are ♥♥♥♥.

Not helped by a complete lack of story explanation, completely broken melee and a frustrating cover system. Character models are pretty lousy as well.

I REPEAT: SAVE YOUR MONEY. OR AT LEAST SPEND IT ON TRAIN SIMULATOR, BECAUSE THAT WOULD BE MORE FUN.",555,0,1,0,2,3,2012-09-27,2013-11-26,0,10,32,32
Don't waste your money....,26,0,1,0,3,0,2012-09-27,2013-12-19,955,7,102,102
Pro: Squad members look pretty cool.  Con: Game is complete ♥♥♥♥.,65,0,1,0,1,0,2012-09-26,2013-12-27,949,75,210,210
"dont you even dare

full of bugs",32,0,1,0,1,0,2012-09-24,2013-12-26,0,7,1803,1087
"Every single RE fanboy/fangirl goes bright red in the face with rage after mentioning Raccoon City. Sure it doesn't provide the same ""survival horror"" experience, but it was never meant to do that.
A little bit more budget would have made this game amazing, as well as a little bit more in-depth development of the Lupo's pack.
Great for coop with friends, but otherwise a purely commercial project designed to milk the cash from the RE franchise fame.",452,1,1,0,5,0,2012-09-14,2012-09-14,1568,85,3143,954
"Très bonne idée de départ ce petit hors série, mais la jouabilitée n'est pas top. Le mécanisme est le même que sur RE4 ou RE5 et aurait gagné à être plus fluide .... Mais pouvoir jouer Hunk ou d'autres est très plaisant!
------------------------------------------------------------------------------------
// Ambiance / Univer / Personnages -> "" + ""

// Jouabilité / Campagne -> "" - "".",385,1,1,0,0,0,2012-09-13,2012-09-13,0,6,1083,1083
"While not comparable to other Resident Evil games, this one is quite good and plays more like Gears of War or other cover-based 3rd person shooters.

Storyline is lacking and length of game is short but gameplay is fun and co-op is great when it works... Should've been alot better but is still fun to play.",307,1,1,0,0,0,2012-09-07,2012-09-07,0,67,1602,1602
"Read a thousand bad reviews to get an idea about how this game will play.  I enjoy 4 player coop but haven't been able to successfully play public versus yet.  The AI is retarded, the controls are wonk, and the bad guys require too many bullets to put down.  The character animations are alright.  Some areas/scenes required more content (animations, cutscenes,etc) , and not in a subtle way but in a glaringly obvious way.  Voice acting is decent.  Item placement is totally goofy.  There's random crap to do like shooting emblems in RE5, but there's no counter like in RE5 to let you know how many (surveillance cameras) you've missed in each mission.

All in all, they could have released this later, started earlier, added more ♥♥♥♥, and cleaned it up to make a good game but it falls short in every catagory.  This is Slant Six's first RE entry and for the love of God I hope it is their last.",898,1,1,0,0,0,2012-08-29,2012-08-29,0,7,1931,1931
I recommend not to get this game you need xbox live to save the game TOTAL ♥♥♥♥♥♥♥ IF YOU ASK ME MAKE A GAME FOR PC THAT DOESN'T NEED XBOX LIVE,143,1,1,0,0,0,2012-08-23,2012-08-23,0,1,376,376
"バイオハザードという名の別ゲー。
ストーリーは原作無視だしバランスもうんこ。
一応日本語化可能だがバグがある。銃声は安っぽい。
硬い敵はひたすら硬い。どれくらい硬いかって言うとラスボスが4人coopでひたすらボスだけ打ち続けて5分は余裕で耐えて返り討ちにしてくるくらい硬い。人間なのに。
AIは馬鹿だしどうすりゃいいのこのゲーム。
カプコンが作ってればもうちょいましだったろうにね。",191,1,1,0,0,0,2012-08-21,2012-08-21,643,36,706,706
Don't Listen to what the critics have said about this game. This game is really not that bad. has a few things here and there that does need to be change but all in all its a fun game to play with your pals.,207,1,1,0,0,0,2012-08-20,2012-08-20,491,5,1527,1358
"Yes the game has a few down-sides, but I dont care what anyone says, its fun.",77,1,1,0,0,0,2012-08-15,2012-08-15,0,22,760,537
"The creeps are pretty much gone by this game, still fun to have a 4 player tactical RE game with slow walking zombies for once, both zombie and war fans will like it, but probably not love it.",192,1,1,0,1,0,2012-08-13,2012-08-13,0,34,690,367
Fun only for Co op,18,1,1,0,0,0,2012-08-10,2012-08-10,89,11,897,841
"First of all, It's NOT from Capcom themself, It's from some 3rd party! 

- The Graphics is not so bad and the Gameplay is good at some points. 

Characters are awesome. weps as well, but Story is pointless, doesn't make a lot sense, actually, there isn't any main story.. it's just killing zombies, which sounds awesome, but in this game it isn't... the worst thing in this game is that the dead zombies (seriously dead ones) disappear for no reason, just like in previous Re games... 

In  lenght this game is hell. (it's about 4-5hrs), so you won't get a lot of skills or fun in this game, especially If your playing alone mainly because, the multi is ♥♥♥♥ and the game is freakin' short, BUT there is also good things that made me happy, like the Co-op, it's fun with friends and that will make you play again and again, then never again... ""Recommended for Co-op players ONLY"" 6/10",885,0,1,0,4,0,2012-07-18,2014-04-20,0,59,791,791
so cool,7,1,1,0,0,0,2012-07-14,2012-07-14,0,41,728,728
"ARRRRRRGGGHHHHHHH still not worth the price tag. pick it up from kinguin for 7quid.
*CONSOLE PORT ALERT*",104,0,1,0,0,0,2012-07-13,2017-08-21,0,55,1565,1565
Its not to bad if you have a group of people to play with lol.,62,1,1,0,0,0,2012-07-12,2012-07-12,1724,50,2154,1658
"Game needs more time to be fixed, tons of bugs throughout the missions",70,1,1,0,0,0,2012-07-12,2012-07-12,0,3,760,760
"Much better than the game reviews are giving this. The storyline is fairly bad, but the game is fun as hell; especially the multiplayer. If your looking for an action shooter, this game is for you. If your expecting a game along the lines of the earlier resident evil games or even a game comparable to 4 or 5 then you'll probably be disappointed. The game could use a little polish, but what few gripes I have with the game are minor. The DLC campaign is 19.99 (two separate packs worth 9.99, with 6 new scenarios and 4 new maps) but is about 20x the campaign that the USS campaign is. I recommend waiting for it to go on sale and then pick up the DLC after for a much better experience.",688,1,1,0,0,0,2012-07-09,2012-07-09,0,6,2093,1575
Worst buy ever! total waste of money.. do not buy it!!!,55,1,1,0,1,1,2012-07-06,2012-07-06,0,5,1442,1148
THIS GAME IS A PIECE OF ♥♥♥♥,28,1,1,0,5,0,2012-07-02,2012-07-02,0,51,47,47
"Short Resident evil 5 mod farming fans love of the game by offering a few and disjointed scenes aparently linking the wolfpack to previous games. About a 4hr story and a few guns buyable through expierence gained in the game. No cash no collectables other than 100+ concept art gallery.

4/10

estimated gamer value: $15-$25",324,1,1,0,0,0,2012-07-01,2012-07-01,0,131,1408,920
"The verses is like a mixture of Left 4 Dead and Modern Warfare series, having the infected as a third party influence. Pretty challenging, especially when the Tyrant drops down to play with us too.",197,1,1,0,1,0,2012-06-27,2013-11-25,930,29,2232,1724
♥♥♥♥♥♥♥♥♥ why is this $50 nobody ♥♥♥♥♥♥♥ plays it at all ever anymore never,75,1,1,0,0,0,2012-06-24,2012-06-24,0,59,619,619
Bad Port is Bad Don't waste your money on this broken game they won't even fix,78,1,1,0,0,0,2012-06-23,2012-06-23,0,3,130,130
Don't bother... Someday Steam might just update the game and let you d/l additional content - total disappointment. The least they could have done would be to communicate what the status of any update is.... Getting very sick of this treatment.,244,1,1,0,0,0,2012-06-23,2012-06-23,0,2,2939,2939
This game is only average but worth a play through.,51,1,1,0,0,0,2012-06-21,2021-08-21,0,7,5953,4769
"now this is a game ive been waiting for, too bad its riddled with bugs lol",74,1,1,0,0,0,2012-06-20,2012-06-20,0,6,2220,2220
"Time to remake this old and terrible review if I can remember everything about this game. 
GFWL is one of the first things that come to mind about this game and that's pretty dead.

Operation Raccoon City is a game that was developed by the 3rd party developed Slant Six Games, and naturally like any IP that you lend to other people it becomes an aborted child. 
So let's start with what you see on the store page, you see a 3rd person shooter with more action elements than RE5 such as diving, character abilities, an easy melee combat, and loads of DLC... say these things sound pretty familiar. It's almost like this game inspired RE6's action aspect oh wait.
Moving on, Operation Raccoon City's gameplay is a standard cover shooter with about one survival aspect, for starters it's really easy to burn through ammo, but that's ♥♥♥♥♥♥♥ nothing. If you get hit by certain attacks by infected enemies you will become infected yourself, there are antidotes and an antidote ability which will cure the infection, and the punishment for failing to cure a player is that the player will turn into a highly aggressive zombie, infected players are also vulnerable to friendly fire so if you know you're ♥♥♥♥♥♥ and dont want to burden you team, ask them to put you out of your misery. I don't remember if it's pure death or just getting put into a downed state though, it's still pretty crippling to be down a player. 

Next is the characters, you play as Umbrella Corp's Security Service, highly skilled guns who have been tasked with two objectives, obtain the G-Virus, and eliminate any and all witnesses, and evidence of Umbrella's involvement. There are 6 characters who play unique roles, there cannot be duplicate characters so if someone takes your character you better have levels in another character, otherwise you're going to have a really ♥♥♥♥♥♥ game. 
Lupo the Assault she is a damage dealer, not much to it. 
Vector the badass on the cover art is a stealth/recon character with his optic camoflauge clothes he can hide as anything. 
Bertha the medic, you're going to need one of these in your games because she's got the cure for infection as well as buffs for other players. 
Spectre the minimap detector, no seriously his entire reason to be there is to give you minimap blips for everything.
Four Eyes the Virologist, she can manipulate the battlefield with the T-Virus by infecting human enemies turning them into zombies or controlling other infected enemies.
Last is Beltway the demolitions expert, capable of setting up traps and disarming enemy traps, don't underestimate him.

What's wrong with the game? If I can remember correctly: Bosses are a slogfest, Leon is literally invincible at the finale, they didn't cover brutal takedowns aka instant kills in the melee tutorial, GFWL and nothing was done about it, plenty of games haven't had anything done about GFWL, and now the fact that they have the audacity to charge you for a 2nd campaign TWICE. 
One of these days I'll end up replaying this game just to remember how utterly disappointed I was in the final product.",3091,0,1,0,0,0,2012-06-17,2017-11-20,0,26,767,767
"A good game, however it is for those who have not previously playyed a RE game.  

Note that u will have to have a good computer to play this game.  

Good gameplay, however the A.I.'s are a bit stupid as most A.I.'s are, but your large selection of different weapons are good, the good variety characters and the cool special abilities. Invisibility,  laser trip mines and other goodies.

The cool thing is that it is not ur typical 1 on 1, human vs zombies game.  It's you versus the government vs the zombies vs the Umbrella Corporations Bio-organic weapons (B.O.W.).  So its good the for the anarchist out there.  

The aiming does take a little while to adjust to ur prefered sensitivity and sometimes the aim gets blocked by an item such as a wall, the campaign is a bit short for my liking.

I haven't been able to test the multiplayer stuff yet. 

You do need a windows live account to log on, you may need to pay for windows live games as most microsoft games do.

overall 4/5 in my account",999,1,1,0,0,0,2012-06-13,2012-06-13,0,2,4656,4567
"Its good, when its on sale .. not worth the 50$ Multiplayer could use more player base",86,1,1,0,0,0,2012-06-12,2012-06-12,0,18,1174,1174
"This game is insanely fun and unique it pushs the boundry where no other Resident Evil game had gone before, you can play with 3 other friends and against 4 other people in vs mode like L4D it has a 4v4 vs mode which makes it a great game to play, you can play as all the new characters fight all the new infected like the T-103 Tyrant who is an ass to kill without friends, you go against Nemesis, and you play as some of the oldest well known characters through out the entire series, Leon Kennedy and Claire Redfield which makes the game even more awesome because come on who hasnt been dying to play is them? this game brings together a whole new table of ideas and graphics and gameplay, with the 4 player coop and the 8 player vs you cant go wrong with this game it can have hours and hours of fun as long as people are willing to give the game a chance! I recommend this game! its ♥♥♥♥♥♥♥ awesome!",904,1,1,0,3,0,2012-06-05,2012-06-05,3436,7,123625,19212
Do NOT buy this game. There bugs in this game that make it very difficult to play. Not in the sence that its too hard to play but in the sence that it's so broken you won't feel like playing it. Sound cuts out 50% of the time. Crashes. Freezes. Heard bad things about versus mode and  imbalaneced guns and actions. And Capcom has no intention of fixing these issues because They havve yet to do anything with the console versions which have been out for 3 months and still no patches in sight. And worst of all. Capcop hasn't even acknowledge there is even problms with this game. Save yoru money. Because you aren't getting it bacl once you waste it on this peice of crap.,673,0,1,0,0,0,2012-06-05,2015-10-27,0,3,883,813
NEVER EVER EVER BUY THIS! ITS SOOOOO BAD! You've been warned...,63,0,1,0,0,0,2012-06-04,2015-06-19,337,4,451,443
One of the worst games I have ever played in my life.  Save your money.  If you are a Res Evil fan you will hate this game.,123,0,1,0,0,0,2012-06-03,2015-01-21,316,70,135,135
I Think this is The Best Resident Evil Game that they did!! Just hope That Resident Evil 6 is better than this!!!!!!!,117,1,1,0,3,1,2012-06-01,2012-06-01,0,662,2948,2915
"The power of Alt+Tab compels you!!!  Despite the sound glitch, dumber-than-zombie bot AI, extremely short campaign, and other less-mentionable hinderances to an entertaining treck through Raccoon City, I still like this game.  It so satisfying to pop a headshot on the undead.  Encountering a horde is one of the best moments in this game while blind firing behind cover is mundane.  If you like shooting zombies and can endure said glitches above, then you will have me as a partner in surviving the hell that is Raccoon City.

07-21-22: I remember purchasing the expansion packs on GFWL because of timed exclusivity and enjoying the rest of the story early but never intended to re-purchase them on steam.  If the stories of the jankiness don't prove what a mess this game was, then my mixing a Steam purchased game with GFWL DLC should serve as evidence of what in the world indeed.  Beautiful mess, great potential, more fun than RE3 Remake still.",951,1,1,0,0,0,2012-05-31,2022-07-21,0,16,2611,2114
awesome!,8,1,1,0,0,0,2012-05-28,2012-05-28,554,26,582,582
"WORST then duke nukem forever. capcom should pay you to play this crap.
highly NOT recommend",92,0,1,0,0,0,2012-05-25,2014-01-25,174,27,382,382
"This game sucks. It's what I would call broken. Terrible control over your character and laggy for no reason. I'll update this later when I feel I know more. My point is don't buy this terrible game, it's not worth $10.",219,0,1,0,2,0,2012-05-25,2013-11-26,1053,44,115,115
"Crap game, don't buy this ♥♥♥♥, looks nice in the trailer and the overall idea is nice, but the mechanics and the game engine just totally suck and fail, worth 5 euros, not 40.",176,0,1,0,0,0,2012-05-24,2019-01-04,850,157,146,146
"I was really looking forward to this game...but dear lord did they make this game utter garbage. I love Resident Evil, but this is just terrible. Ammo drops are attrocious (even for an RE game), the controls are slow and clunky (even for an RE game), the AI is pants-on-head stupid, and the fact you have to be an Xbox LIVE gold user to use the multiplayer on PC is just terrilble.

/not recommend butan",403,0,1,0,0,0,2012-05-24,2015-07-21,0,47,62,62
If you played RE outbreak 1/2 on the PS2 it's like that but better and plenty of nice touches.  Those of you who played RE5 it's very much like that too but think 4 player coop not 2.,183,1,1,0,0,0,2012-05-23,2012-05-23,127,5,1031,1031
Good game online and very good to play alone too :} everyone must buy this game,79,1,1,0,0,0,2012-05-23,2012-05-23,0,8,1837,1832
"Good game, lots of shooting, now they just need to fix the stupid sound issue. If you have an Xbox 360 controller for PC, i HIGHLY recommend using it for this game. Overall, I rate it at 7/10.",192,1,1,0,2,0,2012-05-23,2012-05-23,1546,102,1365,1365
"Game wasn't horrible, but I wish I didn't pay £29.99 for it... No where near being worth it, short as hell story line, easily finishable in 4 - 5 hours with little to no issue, doesn't feel like Resident Evil at all, feels more like an insult to the game franchise... If you want this game, wait till it goes on a 75% off  sale or something, paying full price isn't a good idea.",378,1,1,0,0,0,2012-05-22,2012-05-22,0,44,305,305
"don't buy this ... it is a disaster game. lots of bugs, Frankly, counterstrike 1.5 is better than this. I thought about L4D, but it is a horrible game ever!!!!.",160,1,1,0,0,0,2012-05-21,2012-05-21,0,6,3171,3171
"Tåbeligt, ikke underholdende, dødsygt.  Det er ikke uhyggeligt; det er bare skyde skyde og mere skyde. Tåbeligheder når der er 15000 zombies skyder soldater løs på hinanden...forekommer som en absurd lam historie. ØV ØV ØV...",225,1,1,0,0,0,2012-05-21,2012-05-21,0,140,148,148
I regret this decision.,23,0,1,0,0,0,2012-05-21,2015-01-06,0,1,535,477
"A middling game that's only really fun if you're a fan of the Umbrella Corporation circa Resident Evil 1, 2, and 3. 

Wouldn't recommend spending over $25.00 on this game. 

Also, since it's a Capcom title, it probably has a ♥♥♥♥♥♥♥♥ of paywalled content.",255,1,1,0,0,0,2012-05-21,2012-05-21,0,99,1454,1061
"Na boa. festival de Bugs! e mesmo corrigindo os bugs,... jogabilidade horrível. Até os CGs sao gugados. A movimentacao é extremamete artificial e a AI dos inimigos é igual a de minhoca! muito ruim mesmo! infelizmente joguei 49 dolares fora. Se vc ainda nao comprou, nao compre!",277,1,1,0,0,0,2012-05-20,2012-05-20,0,4,53,53
"the first thing you see, are graphics that set you back to 2008,  but after the first mission the level design gets more detailed, you see some nice light and shadow effects and it truly begins to look like a resident evil game.

the sound is ok,  not very realistic, especially the guns sound very strange.
also me and my friend had the problem that the sound just disappears for several minutes or a whole stage. that is very irritating.

problems aside operation raccon city is fun to play in coop, up to 4 players.


BUT singleplayer its almost unplayable on hardest difficulty because the 3 ai players that jump in to ""support"" , you are terrible.

seriously, this game has BY FAR the worst AI ive ever seen in a game! if they dont randomly block your way, they rush and die behind enemy lines or they just decide to not move at all and watch you die.  in later stages they regulary stand in the way and block your shots.

wait for a special offer!",953,1,1,0,2,1,2012-05-20,2013-11-25,4594,166,1945,1945
Overall its a pretty good game. definately quite a bit different from past RE games though. Not really much survival to it as the game throws tons of ammo at you. Which is quite necessary by the end of the game because alot of the difficulty comes from increased enemy numbers. By the end of the game i felt like I was playing Serious Sam not Resident Evil. Overall i would definately say it  is worth a try just for the co-op but unless you realy have to have it right now you might want to wait for a price drop or sale.,522,1,1,0,1,0,2012-05-20,2012-05-20,0,60,642,642
"Gameplay: 5/10
Graphic: 7/10
Contents: 6/10
Story: 8.5/10

not the most anticipated Resident Evil for sure, gameplay is the same as previous RE, but the bullet impact is not as great as the usual, which is really disappointing, graphics are not that great, but it's still fun to watch, movements is a bit awkward, the skills provided on each characters not really as fun as it looks, however it's useful in combat, what I love the most of this game is that you can actually choose a character you want to play within the elite squad, Capcom story co-op is always the most exciting thing in their games, but unfortunately they always lack of contents (weapons, customizations, and the voice in the game are also one of major blows from the game, I mean why can't they just hired someone to really voice-over each of the characters, not using the same voice over and over and over again on every single thing, gee...).

anyway ,
Overall rating: 6.5",946,1,1,0,0,0,2012-05-20,2012-05-20,190,139,904,904
"Resident Evil: ORC is really hard to review. It is based on locations and characters of original series, but remember it is only (and just) a spin-off. It has singleplayer campaign, sure, but do not be fooled - this game is 100% AN ONLINE GAME, SP was added but it is NOT something you want to expirience, it was never meant to be SP and that's final. For hardcore RE fan the game will be good or very good (or awesome with the right people). For others it will just be an average shooter with some RPG elements (unlocking character skills and weapons). Versus multiplayer mode are something new and if you are bored of all the other games of the genre, you will spend few hours here and won't regret it. Game is not ground breaking, graphics are rather bad (for PCs it's like 5 years ago, consoles sux heh) and maps design are average. Not counting granades, friendly fire has not ben an issue to me yet, random players are reasonable so far - an old fanbase play this game, so that's good ;)",993,1,1,0,1,0,2012-05-20,2012-05-20,0,221,4035,1773
really good in co op alot of fun like left 4 dead nice leveling system horrible solo really hard to find people so make sure you have people to play with otherwise dont bother,175,1,1,0,0,0,2012-05-20,2012-05-20,0,35,117,117
"Don't buy this game. I've never been so pissed at a game in my whole life.

Guess what, for an ex: You need a windows live login (!!!!!) i mean, what the ♥♥♥♥?
Isn't steam ♥♥♥♥♥♥ up enough? Now they get backup from windows (microsoft) aswell. It's like hells angels and bandidos on mushrooms, together hand in hand.

You can't use the dumbass key (oh yeah, you have to register this ♥♥♥♥ in windows live, wich is already super duper retarded since you buy it from steam)
The controllers are more ♥♥♥♥♥♥ than anything in you fantasy.
The gameplay is really ♥♥♥♥♥♥.

Where the hell are the zombies?

DLC for RE:5 much??
Did I say that the controlers suck balls? And that the gameplay is wackier than wackest?

DON'T BUY THIS GAME!!!! If you do, buy ♥♥♥♥♥♥♥ gasoline and a lighter the same hour.



Burn this ""game"".",813,0,1,0,0,0,2012-05-19,2014-01-31,49,9,510,510
this game is full of crap even the L4D2 is better game than this 2nd is after logging in i got APPCRASH non-stop what a waste of money and time,143,1,1,0,0,0,2012-05-19,2012-05-19,0,6,525,498
"waaaaaaaaayyyy tooo short not better then left 4 dead

This game has so much potential let down by glitchy framerates and poor execution.
If only the developers had polished it for another year or so.",200,1,1,0,0,0,2012-05-19,2014-01-21,277,92,579,579
"這是我2012年所犯下的最大的錯,買了一款雷作。",24,1,1,0,0,1,2012-05-19,2012-05-19,932,46,547,547
"Note: This game been tried out and reviewed in Steam offline mode or on Consoles.

RE ORC is a solid game however it's nowhere near being an AAA title(a high-quality game)The game pulls off the RE theme and feel very well from menus, music, and characters, however just about everything else isn't polished or thought out well. The campaign has a good story behind it, but its short, however playing online will satisfy you even more. and you can replay the campaign over and over again for the XP points and upgrades.

The game has its share of small bugs/glitches/unstable Silly AI Bots sure, but what game doesn't? A prime example being the huge amount of bugs in Skyrim, but not taking away from the fact that it was a truly great game. These bugs are not so extensive as to destroy the playing experience of the game

Overall: This game is fun and is good for any fan of Resident Evil especially if you love playing the Resident Evil games online! Buy it, rent it, just give it a go and decide for yourself.",1012,1,1,0,25,0,2012-05-19,2020-06-27,5065,51,1,
"this game is horrible and i would never recommend it to a friend, even the story is horrid. Controlls are mushy and there are enough invisible walls to call it a glass house, but id throw rocks all day if it got me a refund.",224,0,1,0,2,0,2012-05-18,2013-11-26,0,26,30,30
