review,review_length,sentiment,purchased,received_for_free,votes_up,votes_funny,date_created,date_updated,author_num_games_owned,author_num_reviews,author_playtime_forever_min,author_playtime_at_review_min
"Honestly if the dodge wasn't so ass this could probably be one of my favorite games of all time. There's so many cool and unique things about this game that aren't in the remake and Nemesis is just perfect. To me, there might be more to like here than any other RE that I've played so far, but the ♥♥♥♥♥♥ dodge makes for some really frustrating parts of the game like the gravedigger boss fights. This was so close to a 10/10 but even so I really loved it. Solid 9/10 imo.",472,1,1,0,0,0,2026-05-06,2026-05-06,0,34,625,625
it is actually so good i have only played 8 5 4 3 2 2 og 4 og and i almost busted when playing thhis,100,1,1,0,0,0,2026-05-06,2026-05-06,2,1,309,307
All resident evil games made in existence are masterpieces,58,1,1,0,0,0,2026-05-06,2026-05-06,80,6,209,209
"Jill at her peak badass self, an absolute banger of a game, if you haven't played this game you haven't been in raccoon city. go in blind and thank me later, enjoy your time.",174,1,1,0,1,0,2026-05-06,2026-05-06,412,148,197,197
Resident Evil 3 in general is an amazing game and you haven't experienced it properly until you've played the original. This port is great and it perfectly encapsulates the nostalgia surrounding the original game. In order to actually leave the game you need to hit the ESC key (which seems obvious but it can be confusing). The game could use some Steam achievements but besides that it's a really good port.,409,1,1,0,0,0,2026-05-06,2026-05-06,0,18,539,539
"great game, even better when modded",35,1,1,0,0,0,2026-05-05,2026-05-05,103,10,517,517
Love this game! I remember playing this game when i was like 9 on Ps1 <3 Nemesis scared the sh** outta me lol still amazing if only the Remake was as good as the original,170,1,1,0,1,0,2026-05-05,2026-05-05,60,11,48,48
"I don't care if you think this game is good or bad, this is an absolutely awful port. No options menu, no way to exit to main menu in-game, coin flip whether it crashes when you tab out. It doesn't even have the decency to crash correctly, because it just refuses to close, forcing me to exit the entirety of Steam to even CLOSE THE GAME. This is comical levels of horrendous.",376,0,0,0,1,2,2026-05-05,2026-05-05,320,19,1433,914
"happy to see that this game is still a blast and challenging even after all those years, definitely my favourite out of the original trilogy.",141,1,1,0,2,0,2026-05-05,2026-05-05,73,14,781,765
I hate DRM. Resident Evil 3.,28,1,0,0,0,0,2026-05-04,2026-05-04,836,34,335,181
"Way better than the RE3 remake, this is the real RE3.",53,1,1,0,0,0,2026-05-04,2026-05-04,0,14,322,322
9.8/10,6,1,1,0,0,0,2026-05-04,2026-05-04,0,1,265,193
nemesis is a pain in the ass,28,1,1,0,0,0,2026-05-04,2026-05-04,382,51,493,493
The best resident evil. The replay value in this game is incredible with each playthrough having different enemy spawns and RNG elements. Definitely worth it.,158,1,1,0,0,0,2026-05-04,2026-05-04,25,3,253,253
The first Resident Evil game to actually scare me.  ♥♥♥♥ Nemesis,64,1,1,0,0,0,2026-05-04,2026-05-04,0,16,382,67
"Suffers from the same issues as the RE1 & 2 (unnecessary DRM, no Steam overlay) alongside a few questionable choices - namely, you can no longer quit to the main menu as in previous entries, and controls are edited in a separate F1 window that is the only thing with mouse support.

Other than that, RE3 brings several new things to the table: randomized enemy and item placements, more detailed locations, and Nemesis chases (which, to my surprise, are still highly effective). If you can survive the controls and the objectively dated gameplay, you can survive Raccoon City.",576,1,1,0,2,0,2026-05-03,2026-05-03,462,62,577,577
"This is definitely one of the best Resident Evil games of all time. Granted, I still love Resident Evil 4 (both the original and the remake) a lot, but the original Resident Evil 3 is absolutely phenomenal.

All of the nostalgia I feel when playing this game is amazing. It brings me back to the time when I played it on my older PlayStation console. I can't wait to play more of this. 

This is also no disrespect to the remake of Resident Evil 3, because that was a good game despite it being a bit shorter. That was really my only gripe: it was just shorter. 

But also, in the original third game, Nemesis feels scarier. When he is coming after you, it feels like you are pressured a lot more and it just feels more tense than the remake. 

While I really love the remake to the third game, the original Nemesis is just scarier and feels more tense more times than not. I don't know if that's because the old controls make it a little harder to run away (especially if you are more used to using modern controls), but the original Nemesis is just scarier and you feel a lot more tension when being chased by him.",1116,1,1,0,2,0,2026-05-02,2026-05-02,0,14,73,73
the best,8,1,1,0,0,0,2026-05-01,2026-05-01,65,4,472,472
it's good,9,1,1,0,0,0,2026-05-01,2026-05-01,250,33,552,552
"I played the remake first, so I was eager to see what I missed out on, especially the legendary ""clocktower"" portion. Well worth it. I enjoy the replayability of this entry and the foreboding moments with Nemesis. Just fun! Not as scary, but oh well. Can't wait to get all the epilogues!",287,1,1,0,1,0,2026-05-01,2026-05-01,0,2,1282,1282
Live selection and multiple (3) endings is very interesting and executed well. It allows for a lot of replayability and to feel as though your choices actually matter. A bit shorter than some other RE titles but is a very enjoyable game. Holds up well considering its currently 27 years old.,291,1,1,0,0,0,2026-05-01,2026-05-01,0,3,683,683
"Que gran juego!! Hasta hace poco solo habia jugado el remake. Las críticas al remake hacen m,as sentido jugando a esta obra maestra. Un acierto por parte de capcom sacar de nuevo a la venta esta joyita.",202,1,1,1,0,0,2026-05-01,2026-05-04,0,38,773,611
This shi hard asl,17,1,1,0,0,1,2026-04-30,2026-04-30,94,21,434,361
Timeless! Classic! This is still better than the RE3 Remake!,60,1,1,0,1,1,2026-04-30,2026-04-30,0,2,792,515
every resident evil fan should experience this at least once,60,1,1,0,0,0,2026-04-30,2026-04-30,190,54,590,560
"Playing this really made it clear that the 3 remake has way too much hate. They did cut the park and clock tower but they have an elongated hospital. People complain about the remake play time being 5 hours but I clocked in this at 4h, 48mins.

I do agree they should have kept areas in but people act like they gutted the game when it was very short to begin with (and the clocktower sucks besides looking cool, its very small, maybe 20 mins, and is mostly puzzles). I dont get people upset at the worm boss being gone either, was the worst of the original 3 so far, I would get spam attacked/stuck in the tunnels.

Besides that I do like Nemesis in here to a certain extent... hes scarier until hes not. The city area is like 55-60% of the playtime and by the time I left i was just annoyed with Nemesis. For a new player, in the confusing city with lots of lost backtracking, he would drain my health to an absurd degree. Im fine with more zombie spam unlike in re2 since this is made to be more action focused but having nemesis camp small hallways was lame, or having the cutscene play until you can smell his breath didn't feel very fair or fun.

I thought he was cooler in the remake...

Its very different and worth playing but I would not say this or the remake are better than one another. One is more streamlined and fun to play while one is more brave in trying new mechanics but very dated.

Ideally we would have got a better 1 to 1 remake but I do enjoy the remake better than what we got just for the modernization and better character depth.

Old heads that complain about jills new face model or who they ""butchered"" her character are crazy in my eyes from now on. There was nothing even here to butcher lol",1737,1,1,0,2,0,2026-04-30,2026-04-30,0,161,727,727
,0,1,1,0,0,0,2026-04-30,2026-04-30,221,21,39,39
Hell yeah! It's about time the OG Trilogy was released on steam! haha! F*CK YOU SCALPERS!! Selling the games on ebay for 150+ Bucks LMAO!!! Suffer.,147,1,1,0,1,0,2026-04-29,2026-04-29,164,1,1076,942
100% better than the remake,27,1,0,0,3,0,2026-04-28,2026-04-28,149,7,316,316
Classic survival horror.  Good to see where this series began.  I'm starting with the originals before playing the remasters.,125,1,1,0,1,0,2026-04-28,2026-04-28,780,378,550,550
"The steam release has been my first experience with RE3 and it's been a fascinating playthrough. It's surprising how different the locations are from the remake. The depiction of Raccoon City here deeply captures the atmosphere of a metropolis succumbing to chaos and terror. Overwhelming zombie forces litter the labyrinth of streets and buildings, while the last remaining survivors are isolated and hunted down. Visiting the RPD as Jill simply felt more impactful. And the Clock Tower and Disposal Plant locations felt so atmospheric and memorable that I can understand why fans were upset the remake did not include them.

That said, this game is the most difficult RE game I've played, and it's mostly due to the boss fights. Tank controls just feel ill equipped for confronting a fast paced Nemesis who will sprint at you and aggressively lock you down with multiple attacks. While the game adds a quick turn and dodge mechanic to help, the fights still felt very clunky to me. Easily my most disliked aspect of this game. Thankfully most of the Nemesis encounters can be ran from.

Ultimately if you're curious about the original RE3, give this game a try. It can be comfortably completed over a weekend.",1211,1,1,0,1,0,2026-04-28,2026-04-28,0,87,686,686
A true classic,14,1,1,0,1,0,2026-04-27,2026-04-27,339,68,639,639
ts almost gave me depression on hard mode but i managed to finish it although i did it on easy mode. the gameplay is more difficult than the og re2 and the dodge system sucks. i might in the future try it on the hard mode,221,1,1,0,0,0,2026-04-27,2026-04-27,128,26,727,727
"The 3rd in the series is a little overrated. It was made by Capcom's ""B team"". It shows with some of the gameplay being a little boring and some of the worst puzzles like the water level puzzle at the end. Worth a play through but it is one of my least favorite of the classics. RE0 is by far the worst, again, made by Capcom's ""B team"". Code Veronica was the true sequel, not Nemesis.",385,1,1,0,1,1,2026-04-27,2026-04-27,0,105,553,552
"Another classic that has aged well. The port isn't the best. There's occasional input lag and frame drops. Aside from that, everything runs smoothly.",149,1,1,0,1,0,2026-04-27,2026-04-27,0,2,1732,888
"10/10. Downloaded RE Enhanced, easy install and worked great with my Xbox Series controller, looked fantastic.",110,1,1,0,4,0,2026-04-27,2026-04-27,739,15,1124,1124
"Resident Evil 3 hits me with a wave of nostalgia every time I play it. I still remember sitting beside my father in the early 2000s, watching and eventually playing this game together on the PlayStation 1. Those moments were about bonding, learning, and sharing something we both genuinely enjoyed.

My love for the Resident Evil franchise started because of him, and it’s something I’ll always be grateful for. There’s a special feeling that comes with revisiting a game that shaped your childhood, and Resident Evil 3 captures that perfectly.

Huge respect to Capcom for bringing back the OG games and keeping that legacy alive. Way to go!",645,1,1,0,4,0,2026-04-27,2026-04-27,75,19,489,462
"As someone who loves the remake and played it to death while non stop hearing about how the original is better, I was SO excited to finally get to play the original when it finally came to Steam. As controversial as it may be... I still like the remake better. The cut content is actually not a lot. Apart from a 20 minute clock tower section that wasn't really relevant to the story, the only thing that this game really has that the remake didn't include is the park section. I LOVED the gravedigger fight so much. I really wish they kept that one in. But overall it has weaker Nemesis development, he only really appears from time to time to chase you and the boss fights are all the same really apart from the finale (which the remake arguably did better). The hospital and sewer sections were a lot shorter in this section too and there's no RPD section with Carlos. The whole 'choice' thing also didn't really seem necessary for a Resident Evil game. 

Do I recommend this game? Absolutely! It's always nice to experience the original that inspired a remake, especially if you're a hardcore Resident Evil fan, and the game itself IS actually great. But if someone asked me if they should play the OG or the Remake, I'd tell them to go play the remake. (I'm so sorry to all OG RE3 fans)",1293,1,0,1,1,0,2026-04-27,2026-04-27,582,83,416,416
Swag,4,1,0,0,0,0,2026-04-27,2026-04-27,217,45,1681,1665
It's good.,10,1,1,0,0,0,2026-04-27,2026-04-27,0,2,555,555
AMAZING,7,1,1,0,1,0,2026-04-27,2026-04-27,60,6,492,492
"this game brings back the nostalgia from my younger days of ps1 era. I couldn't wait to come home and play this game, I even remember it literally to the smallest detail. A real horror story and a real feeling that RE is known for and for which it has its charm even though the graphics have long been surpassed and the music that constantly creates tension and spookiness. Thank you once again for bringing back beautiful memories , and ofc soo much better then remake .And please try to fix when you alt tab ,sometimes game crash,please fix all bugs ,resolution issue etc.Anyway thanks that you add this gem on this platform",626,1,1,0,1,0,2026-04-26,2026-04-26,0,1,427,288
Getting revenge on this title since it gave me nighmares as a kid. Hell yeah!,77,1,1,0,8,0,2026-04-26,2026-04-26,502,181,213,213
"RE3 clássico foi o que menos joguei, só zerei uma vez em 2023 então decidi dar uma chance pra ele mais uma vez desde que lançaram pra cá e tem sido uma das mais difíceis, porém, ao mesmo tempo, divertidas experiências que venho tendo com games ultimamente. Ele te destrói mas te recompensa igual quando você aprende e se adapta, sem dúvidas um clássico atemporal.

Esse port foi bem feito, apesar de alguns problemas, tipo o Steam Overlay não funcionar, ele roda tranquilamente, o problema com o overlay aparentemente não é todo mundo que tem e fica a dica de que os requisitos estão errados, meu PC não é nem metade do que tem lá e roda numa boa. Outra coisa boa que dá pra fazer aqui e melhorar ainda mais o jogo é adicionar mods que melhoram de tudo desde os cenários até as cutscenes em CG antigas, mas eu vi algumas pessoas tendo problemas com o jogo crashando depois de fazer essa melhoria, então vai de você. No mais, recomendo!",937,1,1,0,15,0,2026-04-26,2026-04-26,73,37,637,637
i like nemesis,14,1,1,0,0,0,2026-04-25,2026-04-25,306,36,500,500
"I'm glad I played this one. I enjoyed it more than the Remake. Getting used to the controls was the hard part but everything went smoothly once I did. This version's Nemesis feels truly unrelenting and like a force of nature. The  different stages looked beautiful to me even though the graphics can be considered outdated. The puzzles were challenging and unique. The characters sacrifices and betrayals felt more impactful. 

You want STARS? I'll give you STARS. -Jill Valentine",480,1,1,0,2,0,2026-04-25,2026-04-25,139,27,461,460
"'We've fought this Resident who's so evil three times now... he's not just a Biohazard, he's a real Nemesis now!'",113,1,1,0,6,2,2026-04-25,2026-04-25,494,111,702,702
Beat the game on my Resident Evil arc. 8/10 Better then the remake.,67,1,1,0,2,0,2026-04-25,2026-04-25,305,19,625,625
Really good game. Played the remake and doesn't come close to the original.,75,1,1,0,1,0,2026-04-25,2026-04-25,229,16,1759,1759
"My opinion of the remake fell faster then the towers after I played this. You could make a convincing argument that the remakes of RE 1 or 2 are better than their original counterparts, but this is inarguably better to it's remake. Here's a short list of things this game has that 3 remake is lacking:
- Nemesis shows up more, is tougher to defeat, and drops more unique items (Parts for fully new guns, etc.)
- Fuller city streets section that you return to several times, complete with rewards for observant explorers using new items
- Semi-random enemy layouts in some rooms (Remake only mixes up enemy arrangements for each difficulty, the original does it in most every room in it's back half)
- Branching story moments that can even dictate Nemesis encounters, such as meeting Carlos in the restaurant or press office, and where Tyrus dies later on
- Split second decision moments (These are so simple their exclusion from the remake must have just been laziness)
- An ENTIRE section at the clock tower with several puzzles and multiple Nemesis encounters
- An ENTIRE section at the Raccoon City park with tons of enemies and a few puzzles
- The GIANT T-VIRUS WORM boss fight (The fight is kinda bad and would have been perfect material for the remake to improve)
And that list isn't even totally comprehensive. Furthermore, I'd say that the remake is the shortest single campaign of the remake trilogy, while this has the longest single campaign of the classic trilogy. tl;dr, the remake is not a very good reflection of how great this game is, and I think you should play this instead. Without spoiling anything, it's excellent, even better then OG RE2 in some regards.",1677,1,1,0,32,3,2026-04-25,2026-04-25,0,26,775,775
stars!!!!!!!!!!!!!,18,1,0,0,0,0,2026-04-25,2026-04-25,0,36,683,619
para los nenitos gog que joden con que no es modeable les digo bobos por que es re facil de modear y para los que joden con el drm por el internet avisarles que mi ultima cuenta de internet fue de 20usd.,203,1,1,0,0,0,2026-04-25,2026-04-25,248,43,259,213
Best of the OG trilogy,22,1,1,0,0,0,2026-04-24,2026-04-24,134,34,292,292
"I had a blast with Resident Evil 3, and found it to be a lot more fun and fuller than the remake. The controls may be a little dated, but the gameplay holds up and is a great time overall",187,1,1,0,0,0,2026-04-24,2026-04-24,1045,1010,447,447
so much better then the remake sadly,36,1,0,0,1,0,2026-04-24,2026-04-24,0,1,212,211
"nemesis, i will ♥♥♥♥ the ♥♥♥♥ out of u ,someday, i will earn my ego back , the ego u destroyed , i refunded the game more than once . and here we go again, the game is too good to not come back to , BUT , NEMESIS , I WILL NOT GIVE UP UNTIL I DEFEAT YOU IN THE MOST HUMILIATING WAY POSSIBLE",289,1,1,0,1,3,2026-04-23,2026-04-23,77,1,107,102
better than remake btw,22,1,1,0,2,0,2026-04-23,2026-04-23,0,20,686,678
Good,4,1,1,0,0,0,2026-04-23,2026-04-23,0,43,479,288
"⣿⣿⡻⠿⣳⠸⢿⡇⢇⣿⡧⢹⠿⣿⣿⣿⣿⣾⣿⡇⣿⣿⣿⣿⡿⡐⣯⠁ ⠄⠄
⠟⣛⣽⡳⠼⠄⠈⣷⡾⣥⣱⠃⠣⣿⣿⣿⣯⣭⠽⡇⣿⣿⣿⣿⣟⢢⠏⠄ ⠄
⢠⡿⠶⣮⣝⣿⠄⠄⠈⡥⢭⣥⠅⢌⣽⣿⣻⢶⣭⡿⠿⠜⢿⣿⣿⡿⠁⠄⠄
⠄⣼⣧⠤⢌⣭⡇⠄⠄⠄⠭⠭⠭⠯⠴⣚⣉⣛⡢⠭⠵⢶⣾⣦⡍⠁⠄⠄⠄⠄
⠄⣿⣷⣯⣭⡷⠄⠄⢀⣀⠩⠍⢉⣛⣛⠫⢏⣈⣭⣥⣶⣶⣦⣭⣛⠄⠄⠄⠄⠄
⢀⣿⣿⣿⡿⠃⢀⣴⣿⣿⣿⣎⢩⠌⣡⣶⣿⣿⣿⣿⣿⣿⣿⣿⣿⣿⣆⠄⠄⠄
⢸⡿⢟⣽⠎⣰⣿⣿⣿⣿⣿⣿⢀⣾⣿⣿⣿⣿⣿⣿⣿⣿⣿⣿⣿⣿⣿⣦⠄⠄
⣰⠯⣾⢅⣼⣿⣿⣿⣿⣿⣿⡇⣾⣿⣿⣿⣿⣿⣿⣿⣿⣿⣿⣿⣿⣿⣿⣿⡄⠄
⢰⣄⡉⣼⣿⣿⣿⣿⣿⣿⣿⢸⣿⣿⣿⣿⣿⣿⣿⣿⣿⣿⣿⣿⣿⣿⣿⣿⣧⠄
⢯⣌⢹⣿⣿⣿⣿⣿⣿⣿⣿⢸⣿⣿⣿⣿⣿⣿⣿⣿⣿⣿⣿⣿⣿⣿⣿⣿⣿⠄
⢸⣇⣽⣿⣿⣿⣿⣿⣿⣿⣿⠸⣿⣿⣿⣿⣿⣿⣿⣿⣿⣿⣿⣿⣿⣿⣿⣿⣿⠄
⢸⣟⣧⡻⣿⣿⣿⣿⣿⣿⣿⣧⡻⣿⣿⣿⣿⣿⣿⣿⣿⣿⣿⣿⣿⣿⣿⣿⣿⠄
⠈⢹⡧⣿⣸⠿⢿⣿⣿⣿⣿⡿⠗⣈⠻⣿⣿⣿⣿⣿⣿⣿⣿⣿⣿⣿⣿⣿⡇⠄
⠄⠘⢷⡳⣾⣷⣶⣶⣶⣶⣶⣾⣿⣿⢀⣶⣶⣶⣾⣿⣿⣿⣿⣿⣿⣿⣿⣿⠇⠄
⠄⠄⠈⣵⣿⣿⣿⣿⣿⣿⣿⣿⣿⣿⢸⣿⣿⣿⣿⣿⣿⣿⣿⣿⣿⣿⣿⣿⠄⠄
⠄⠄⠄⠸⣿⣿⣿⣿⣿⣿⣿⣿⣿⣿⠘⣿⣿⣿⣿⣿⣿⣿⣿⣿⣿⣿⣿⠇⠄⠄",495,1,1,0,6,7,2026-04-23,2026-04-23,0,4515,31,31
Just as I remembered,20,1,1,0,2,0,2026-04-23,2026-04-23,0,6,1251,604
RE3,3,1,1,0,0,0,2026-04-23,2026-04-23,0,34,1073,687
Nemesis is cool,15,1,1,0,0,0,2026-04-22,2026-04-22,0,5,330,330
"The real RE3 experience, they cut so much content from the remake it is criminal. Still the best RE game to date.",113,1,1,0,13,0,2026-04-22,2026-04-22,0,61,815,487
"The only classic resident evil that completely blows the remake out of the water, with that being said, its kind of annoying to play, the dodge mechanics don't work when you want them to, and are clunky to get working. The more action focused game play doesn't work as well as it did in 2 with the fixed camera getting in the way, specifically for the nemesis fights, and when ever a dog appears. Other than that, the puzzles are satisfying to solve.

water room is the best puzzle btw",485,1,1,0,4,0,2026-04-22,2026-04-25,0,24,926,926
C'è il nemesis (stocazzo),25,1,1,0,1,0,2026-04-22,2026-04-22,146,27,949,436
PEAK collection,15,1,1,0,0,0,2026-04-22,2026-04-22,516,3,674,674
much better than remake,23,1,1,0,3,0,2026-04-22,2026-04-22,0,1,204,154
"Easily the best PS1 Era Resident Evil, and puts the remake to shame. 

I can only imagine how incredible it was to play the back to back combo of RE2/RE3 in '98/99. Being a 2002 baby I never got to experience what many consider to be the peak survival horror gaming generations that are the PS1/PS2 era while it was the current gen, and while I did have an old used PS1 in ~2006, I was much too young to be playing the likes of Resident Evil and Silent Hill. 

Before all the information was out about these games. Before quick google searches for puzzles. It was just you and your trusty PS1 and CRT TV. I'm so immensely jealous of those that got to experience this masterpiece for their first time in that way.

PLAY THIS GAME. ITS PEAK.",739,1,0,0,2,0,2026-04-21,2026-04-21,159,5,822,764
Still so much better than the remake!,37,1,0,0,0,0,2026-04-21,2026-04-21,0,5,1355,323
After playing the original I can finally see just how short the remake came up and just how much content was missing. It was very cool to experience the original and thanks to Capcom and Gog for the steam release.,213,1,1,0,10,0,2026-04-21,2026-04-21,0,78,433,433
"My favorite RESIDENT EVIL game, relentless pursuer, great gameplay, crazy-looking locations, item and enemy variations, apocalyptic soundtrack and intense nostalgia.... 
I have finished this one more than I can count and every time I discovered some new detail, which is interesting considering the making-of story and sequel debate about it.

Thanks a lot to Capcom and more importantly GOG for making this game even more available, it's one that holds a special place in a lot of people's hearts.
These ports definitely could use some polishing but at least we get to return to Raccoon City in a new version.
Good timing with Requiem.

P.S. for the love of anything dear to you port the Outbreak games, it's such a damn shame they don't get preserved any time soon.",767,1,1,0,16,1,2026-04-21,2026-04-21,204,27,97,92
Still pissed what they robbed from the remake,45,1,1,0,1,0,2026-04-21,2026-04-21,334,65,727,44
"Classic RE with great improvements on the gameplay of the first two games. Nemesis is terrifying and this version of Raccoon City is one of the best locales in the franchise. Story is fine, it's a good conclusion to the Umbrella trilogy. Looking forward to Jill and Chris meeting up in RE4 to go after Wesker!",309,1,1,0,0,1,2026-04-21,2026-04-21,416,58,560,560
"its pretty good

kinda a pain to play it on a CRT, cant choose which monitor it uses and its quite annoying",107,1,1,0,0,0,2026-04-21,2026-04-21,0,190,839,417
I need a remake of this game badly.,35,1,1,0,1,1,2026-04-21,2026-04-21,36,1,1108,1108
masterpiece,11,1,1,0,0,0,2026-04-20,2026-04-20,0,121,291,291
"You want S.T.A.R.S? I'll give you S.T.A.R.S.
Absolute carlossima
(Recommended to use/install re enhanced mod for enhanced graphics and additional features such as configure keyboard binds and FHD resolution)",207,1,1,0,1,0,2026-04-20,2026-04-20,0,12,505,501
"Game was great, Played on Hard Mode and had abundance of ink ribbons. Grave Digger fight was the most annoying since the telegraphy didn't work well, and it relied too much on dodge mechanics which I still don't understand, and took multiple tries to understand what to do. There was pretty much no gimmick, just running from end-to-end on that narrow boss arena. Otherwise there is nothing else to complain to that degree.
I was most of the time out of heals, but maybe I was playing with overconfidence. It was nice to see the crafting mechanic which would be used in the future games as well, that was a nice touch.
Again in this game I felt like there was too many blue herbs. I actually got to use them once but most of the times I just didn't bother picking them up. Also having the lockpick as an item instead of as ""persistent item"" got me of guard. At one point I had to do 5 minute backtrack to only get my lockpick to open one door. Also there was so many weapons given to you in this game and that filled my inventory space real quick. The mid game tension [spoiler]when nemesis is chasing you[/spoiler] was nice touch and really raised my bpm compared to anything in 1 and 2. But the fact [spoiler]I was almost always stunlocked by him[/spoiler] was really frustrating.
The map in this was huge compared to RE1996 or RE1998 and took bunch of backtracking to figure some puzzles out since I didn't always remember what was left behind like 2 hours ago.

Tinkering stuff:
[i]PROTON_USE_D9VK=1 PROTON_USE_SDL=1 WINEDLLOVERRIDES=""ddraw,dshow,dinput,libwebp,xaudio2_9=n,b"" mangohud gamemoderun %command%[/i]

was all I needed for launching the game. I used CachyOS's proton. Only issue I had was that I wasn't able to change my controller bindings for some reason, even with steam input and I had to relearn the controls plus all the new mechanics like quick 180 turn etc.",1880,1,1,0,0,0,2026-04-20,2026-04-20,1018,91,548,548
"IF PLAYING WITH M&K, YOU CAN NOT RUN AND TURN LEFT
YOU CAN NOT REMAP CONTROLS",77,0,1,0,1,1,2026-04-20,2026-04-20,1329,105,480,169
"I played this on PC when it came out (didn't have a PS1), only after playing RE2 on N64; I loved it then, just beat it again to confirm I still love it. Such a good game; the story, gameplay, atmosphere, graphics, sound, nemesis.. nothing holds a candle to it, truly.

For remake contrast, I am a RE fan, and own all of the main ones.. except RE3 remake. I played that when it came out and returned it, the only one ever (such a disappointment). The OG effortlessly carries the weight of that ""3rd installment"" slot. My collection is complete!

One qualm: Some music in the later half of the game glitches out, rapidly repeating the start of a track when you enter a room- honestly kinda annoying. And what's with the lack of controller support? (give this a quick update CAPCOM)

Note: I applied re:enhance mod and I really liked it for the most part, breathes new life into the prerendered backgrounds and interfaces (AI character faces in menu look uncanny though). Mod included controller support, (doesn't seem to recognize my xbox one controller prior).",1059,1,1,0,0,0,2026-04-20,2026-04-20,294,4,371,371
would rather play an emulator for free than pay for a steam game that doesnt work with controller. im not spending 3 hours trying to figure it out.,147,0,1,0,9,5,2026-04-20,2026-04-20,1245,11,10,10
great game,10,1,1,0,0,0,2026-04-20,2026-04-20,0,2,433,373
"this is such a frustrating game. I beat it on hard in a little under six hours, but it was filled with annoyances. first off the zombies are complete wastes of bullets (as usual, nothing wrong there) and yet they force you to shoot them because every area is super narrow with no hopes of getting past them without getting bit or shooting them. this actually wouldn't be annoying if it weren't for the fact that they added a dodge mechanic, yet made it useless for getting through groups of zombies which would be the best way to use a dodge in a resident evil game.

problem number two is that almost every enemy besides the zombies are super quick acrobats that can jump over you and leap past you while practically stun locking you with a bunch of weak attacks, which doesn't lead to fun combat encounters.

the third problem is that the dodge doesn't even work sometimes. as in you can dodge and have the animation play and everything yet still get hit because you were up against a wall. this wouldn't be annoying if it weren't for the fact that dodges can sometimes be accidental due to aiming plus firing before an enemy attack being the way you dodge in this game.

the fourth and final problem I had with this game is the grab system. you have to rapidly press every key that's used in the game to escape from ANY ENEMY GRAB. zombie grabbed you? Time to get tapping. again, and again, and again, and again.

other than those four problems there wasn't much wrong with the game. the auto aim could mess up sometimes, but that's kind of whatever, if it was manual aiming you'd probably miss a couple shots anyways.

the only reason this is recommended by me is because I had fun laughing at how terrible Resident Evil games used to be, but I'm a fan of the series so I wouldn't recommend the game if you aren't a huge fan of the series.

PS the mercenary mode is terrible.",1879,1,1,0,0,0,2026-04-20,2026-04-20,0,100,528,528
"I'm reviewing this as a guy who played RE 3 Remake 2x. 
Re3 1999 surprisingly fills me with even more horror, suspense and has be gripped fairly more in part because this game literally terrorized me as a 4 year old which is crazy because it is no near as technically stunning as the remake. The locations & puzzles here are much better and racoon city feels more alive in my opinion in this game vs the remake. The tank controls are easy to get used to and since this is a retro game, it is very easy to run it on built in graphics, unplugged and with plenty of battery life to spare.",586,1,1,0,0,0,2026-04-20,2026-04-20,0,18,704,481
"this is just everything i want from survival horror. not punishing to the point where you'll EASILY get softlocked, but not a walk in the park either, you have to manage your items, your inventory, your ammo, but i feel like in a lot of games it's just done without any thought behind it, cheapening the experience, but this game thinks about EVERYTHING. there's so many places to explore, a lot of different things can happen and shape the story every playthrough, enemies are randomized in a lot of rooms and nemesis's ai doesn't need an introduction, i LOVE this game AND THE CREDITS THEME IS GOATED!!! also the water puzzle is fine yall are just stupid and impatient ngl",674,1,1,0,1,0,2026-04-19,2026-04-19,132,26,502,491
"Hell yeah. Short game but loved it. Less memorable sections than 2, yet, even though that was my complaint with 2, I think I prefer 3. I like Nemesis a lot in this game and the weird 'chose your own adventure' add an odd charm to the game.",239,1,1,0,0,0,2026-04-19,2026-04-30,0,21,370,353
"truly OG game, much better than this ♥♥♥♥♥♥ remake",50,1,1,0,1,0,2026-04-19,2026-04-19,147,11,381,381
good game,9,1,1,0,0,0,2026-04-19,2026-04-19,0,26,134,134
game is pretty good,19,1,0,0,0,0,2026-04-19,2026-04-19,112,19,755,755
its an all time classic resident evil game. love it growing up. love it again today when i played through it again.,115,1,1,0,0,0,2026-04-19,2026-04-19,0,32,445,445
"I got errors when shutting down my computer immediately after playing this game, alarming",89,0,1,0,0,0,2026-04-19,2026-04-19,0,30,323,45
"The Mercenaries mode in this is pretty dope, honestly!",54,1,1,0,0,0,2026-04-19,2026-04-19,471,323,13,13
"After being thoroughly disappointed and disillusioned with the state of the Resident Evil 3 remake, sitting and playing the original game has only made me lament what we could have had. The original Resident Evil 3 Nemesis is a phenomenal game, from start to finish, and worthy of being one of the icons of the survival horror genre. Do yourself a service, embrace those crunchy PS1 graphics and funny voice work, and experience a true horror like no other (and don't let anyone try and say fixed cameras and tank controls are ""outdated"" or ""bad"", not only are they great fun but they enhance the game with their inclusion)

Something that RE3 excels at is mixing together a blend of both haunting, somber ambience with truly terrifying moments of action to create an unforgettable environment. The introductory cutscenes do a great job at building suspense and showing you just how screwed everything is. Police and militant forces alike are rendered useless at the sheer might and volume of infected zombies. After that, you're thrown right into the chaos, forced to battle for your life, and that is when you get a proper taste of the setting. The streets of Raccoon City are desolate, robbed of all natural life and left with nothing but infected, shambling corpses. Cars and buildings burning to rubble. You even get to visit the RPD early on, with nothing but a few zombies as remnants of what used to be there. It is so lonely, and that feeling of being alone with monsters help build into the suspense and dread that lingers throughout the game. This is all heightened with the different moment to moment occurrences that keep you on your toes. I'd like to preface part of this note by saying that I am a huge scaredy-cat, and a lot of horror games can really mess me up. But the chills I felt when the growls of a zombie echo offscreen, leaving me wondering if I was about to walk head-first into danger, was great. Or if a hallway I had traversed many times before suddenly exploding and being flooded by a fresh wave of infected. Even worse, when Nemesis came barreling around a corner to deck me in the face was equal parts scary and elating. On the topic of Nemesis...

Now THAT is how you do a stalker enemy! The remake really dumbed him down and turned him into a glorified mini-boss that you can kill with a grenade or two. He served as nothing more than an obnoxious obstacle that could be swept away with little effort. Here, he is ultra fast, hits like a freight train, and his appearances feel both unpredictable and terrifying! Add onto the fact that the tank controls take away a degree of power from you, and any encounter with Nemmy feels like a true struggle for your life. Especially with his arsenal and constantly ability to reappear and follow you anywhere. Too close? He's gonna swing and punch you right in the face. Too far, and he might whip out a ♥♥♥♥♥♥♥ ROCKET LAUNCHER. Nemesis is the embodiment of a relentless killing machine, and his very presence elevates RE3 into an amazing survival experience. I know stalker type enemies are not everyone's cup of tea, but I feel that the game would be sorely lacking without his presence. Part of the fear and charm of RE3 is the random appearances of this stapled-face ♥♥♥♥♥♥♥♥ and I love it

Player agency is another key contributor to the legendary status of RE3. The remake ended up stripping this away and making the game mind-numbingly linear (which isn't necessarily a bad thing, linear games CAN and HAVE been done right, but I think in the case of RE3R it missed the mark). But in the OG, your choices impact how the story plays out. Not just with clearly defined choices in cutscenes, but even moment to moment gameplay of choosing which location to investigate first that still impacts the story in a meaningful way. Do you decide to check out the restaurant, or the newspaper office first, and have different encounters with different choices? Do you actively engage Nemesis in a risky battle that will require a majority of your resources, or duck for safety and save them for smaller grunts or future boss fights? Having the choice to do things just feels nice. Raccoon City is a very twisty-turny city with a lot of different routes to explore and navigate, and it makes the player feel good when they get to deviate from a more obvious path in search of goodies. 

Music also plays an important role in reinforcing the feeling of RE3. I feel this is best showcased within the RPD. At first, you are met with this majestic tune in the lobby. It is relaxing and calm and lulls you into a false sense of security within the walls of the police station. Then, you duck into the halls, and the music turns creepy and low. Enough to keep you on edge but not much more than that. But then, with the introduction of Nemesis, the music picks up. It starts looming over you, playing this offputting song that lets you know you are not safe anywhere. Even the tune of the safe room is overwritten by this song that just evokes dread. It is superb, the way music is utilized.

And of course, if you couldn't get enough of that delicious RE3 goodness, you can jump into Mercenaries and have some fun there. It leans way more into the action than any scare factor, but its a great change of pace. Like every version of Mercs that came after it, you get a set time limit to kill enemies, with each enemy killed adding to your timer. Although, here it is much less arcadey compared to something like RE4, instead needing you to run from one end of the map to the other. The three different mercs all fill different strengths, and they all feel like a blast to play. Doing all this lets you earn some rewards, being infinite ammo weapons of increasing strength. It may not be my favourite iteration of the mode, but its still great fun and paved the way for future RE games to expand on it

Biggest issue I've had is the game's propensity to crash on occasion. It seems to be at random, which is worrying, or whenever I tab out, which is easy enough to avoid. I know its not a problem with my rig (I don't think any rig should have issue with running this), so the fact that this happens is a bit of a dampener on an otherwise fantastic experience. Thankfully, even if I lose progress, getting to progress through the game again doesn't feel all that bad. Other small problems exist like the cutscenes only playing audio in my right headphone, but it didn't bother me much. Or, one problem that was mildly more annoying, Steam would have a hard time figuring out if the game was open or closed, forcing me to restart it to fix the issue. But thats really it

I'm honestly upset with myself for not jumping on this sooner. If you're a Resident Evil fan and haven't touched the previous games, then do yourself a favour and try this out at least",6820,1,1,0,23,1,2026-04-19,2026-04-23,901,103,598,575
"Absolutely the worst game in the original survival horror series. they tried to turn the classic Resident Evil experience into an action game and failed miserably. the dodge mechanic is a need to know skill that is not only difficult to learn but also doesn't guarantee avoiding damage. and more than often simply puts you into a position where you'll take damage irregardless.

The worst of all is just how easy it is to skip cutscenes during the story. it is incredibly easy to be doing something and then a cutscene should spontaneously play however, there is zero delay between the transition of gameplay into cutscene... and what does this mean? it means the slightest tap of the A button will instantly cancel the cutscene. this is especially present in boss fights. 

Spamming the A button to shoot shoot shoot?! well congrats you did the last hit but you also immediately skipped the cutscene that was supposed to play after it. this alone just ruins the first time experience of trying to play this game. i know allot of fans will have nostalgia for this game but as a first time player this is the worst experience i've had, even worse than RE0.",1155,0,1,0,3,4,2026-04-19,2026-04-19,657,49,442,284
STAAARRRRSSSSSS,15,1,1,0,2,0,2026-04-19,2026-04-19,126,14,444,218
BEST GAME,9,1,1,0,2,0,2026-04-19,2026-04-19,0,9,423,423
Probably my favourite mainline Resie game in the series. the port to pc is also quite functionable. (aside from saving as carlos as it  straight up crashes your game but its okay cuz his part is short.) Its a shame the remake wasnt as good but its hard to catch lightning twice.,278,1,1,0,0,0,2026-04-19,2026-04-19,0,1,1139,956
"Live Selection:
[olist]
    [*]Stay and fight. (Get beaten to a pulp but there might be epic loot!)
    [*]Run away. (Get chased at mach 10 across the entire city.)
[/olist]",173,1,1,0,1,0,2026-04-19,2026-04-19,318,23,549,549
Great game,10,1,1,0,1,0,2026-04-19,2026-04-19,86,16,536,536
"Certified Biohazard classic 
I really liked my time with the game I enjoyed how bigger in terms of scope and setting it felt in contrast it's prequels but even though I personally really liked what I played it has more issues, it's probably the weakest one in the trillogy due to said flaws.
Level design is less tightly crafted due to it's bigger scope, game has difficulty spikes and it creates this inconsistency where the game is smooth then dials up to 100 and goes back down and with how randomly gnerated the item placement is ( if you die and restart anyways) it can create for a stressfull time. Specially after the clocktower session. 
It lacks that horror atmosphere that the prequels have and feel more action horror, which given how the later games play out, it checks out. It's not a deal breaker but for these old RE games it just does not feel right it's trying to be something different using what made the previous games what they were and it clashes in many instances. 

Other than that I had a fun time with  a game and I like that it tired something different makes it stand out on it's own two big feet but I can see it being different being a downgrade from was previously established.",1213,1,1,0,0,0,2026-04-19,2026-04-19,0,111,974,973
One of the most memorable games of my childhood and still a great game,70,1,1,0,0,0,2026-04-18,2026-04-18,974,876,537,284
The GAME itself is very good. The controls though??? Can't stand 'em. They were the cause of many deaths throughout my playthrough and puts me off playing the game more than once which is a damn shame since everything else was fantastic.,237,1,1,0,0,0,2026-04-18,2026-04-18,35,11,656,656
Crashes when alt tabbing or if your controller gets unplugged. Also whoever did the audio balancing for this port deserves to have the entire 200 round box mag of an m249 fired directly into their ears.,202,0,1,0,3,3,2026-04-18,2026-04-18,0,18,465,13
great,5,1,1,0,0,0,2026-04-18,2026-04-18,165,29,401,347
nostalgic,9,1,1,0,0,0,2026-04-18,2026-04-18,0,17,353,336
"Vastly superior to the remake, it is crazy how much they removed from this game. To find out they had a tower and park section and on top of that an even longer racoon city streets section.",189,1,1,0,18,1,2026-04-18,2026-04-18,481,18,424,424
"I consider myself an avid RE fan since I played the OGs, I find it fascinating that this crap wont launch on a high end PC, even after trying all the 50 steps of troubleshooting capcom support team recommends. Selling an all time favorite at this state should be outlawed, BE better CAPCOM!!!",292,0,1,0,2,1,2026-04-18,2026-04-18,0,1,29,18
"Very casual horror game enjoyer here who has not played the more modern Resident Evil games.

I played through the original 1 & 2 on Steam on the latest re-releases and decided to call it quits part way through this one. 

There's barely any story. You just run around randomly until stuff happens. And the progression path is convoluted as hell.

The control scheme is bad and cannot be changed in this one, unlike the previous two.


This game is just boring and often unfair as well. Enemies do a lot more spam grabbing and spam throwing in this one than in the previous two. And if you die, you have to sit through a long opening and dialogue to get back in for whatever reason.

This game is expressly designed to piss you off and makes you do things like fight a boss that is always offscreen that you can't even look at without taking tons of damage.",857,0,1,0,1,0,2026-04-18,2026-04-19,0,47,440,309
"This was actually my least played Resident Evil. I rented it and beat it the same day on easy mode with the practically infinite ammo machine gun they give you. You can literally blow through the game in one sitting that way.  I ended up returning it and dismissing it as fun but more of a side game compared to 1 and 2, story wise. You just run away from Nemesis the whole time with some random soldiers as supporting characters with a weak villain. I saw the credits and moved on. I did end up buying it just to say I owned it, but by then I was more looking forward to Code: Veronica and didn't bother trying it on hard mode. And that was a mistake.

Booting it up again for the first time since then, I started immediately on hard mode, the way it was meant to be played, and I had an entirely different, way better experience. I didn't remember much about the game except the Clock Tower, which was missing from the remake, so I got to experience the story and game almost for the first time again. And with the graphics smoothed out and cleaned up, Mercenaries and all the extra outfits already unlocked (you still need to unlock the epilogues), this is the definitive way to play this game again. The story was fantastic this time, along with the set pieces and finding out more about Umbrella and what was happening around the Resident Evil 2 story as well as what happened after the mansion (I managed to get Jill's Diary this time), got more invested in Carlos and the other soldiers including appreciating Nicholai as a villain more, and now having to actually worry about item management, health and ammo, a few times scared I might actually get killed and have to start all over again at a far away save point, made the game far more of a real Resident Evil experience and clearly what I was missing blowing through it on easy, which I recommend you don't do. But I'm glad I finally got to replay it the right way all these years later in it's best version.

And it's the final game I beat in this new remaster trilogy. $15 for all 3 was a steal.
Now can we get Code: Veronica and finally have the entire series on PC?",2131,1,1,0,3,0,2026-04-17,2026-04-21,596,120,562,562
it was not for me,17,0,1,0,3,3,2026-04-17,2026-04-17,0,20,13,13
Probably one of the hardest classic re games if played. I love that it hands you the rulebook for how the classic re games are played with some new additions and then mostly throws it out when nemesis shows up making you think on the fly.,238,1,1,0,0,0,2026-04-17,2026-04-17,0,13,695,695
"When Jill is standing still, her face is very abstract, and her eyes sometimes appear large and sometimes small. Why is my Jill's face a twitching, deformed lump of flesh? The classic versions of Resident Evil 1 and Resident Evil 2 on Steam do not have this problem.",266,0,1,0,0,1,2026-04-17,2026-04-19,0,1,712,406
Best Resident Evil game I've ever played!,41,1,1,0,2,0,2026-04-17,2026-04-17,53,6,723,717
"RESIDENT EVIL 3 1999

Is simply to date by far the best game in the entire RE catalog. 
Whilst it does stray away from Survival Horror and it does become more of a action horror game everything about this game is amazing and grips me to play it everytime I see it.

Resident Evil 3 is set on two timelines due to the story and how it progresses. It begins 1 day before the events of RE2 and makes sense as to why we don't see Leon and Claire around and about the RPD and the Second half of the story is a during the events of RE2 but by that point Jill is in her own location no where near the other heroes.

Resident Evil 3 was the first game that made me experience fear as a boy and it has always been one of those games that has had a grip over me due to how well Capcom applied a Stalker into the game way before the likes of RE7 reviving the mechanic with a half baked effort with Jack Baker, This was true stalking. Never seen before in the previous titles Nemesis could go through some (not all due to certain restrictions) doors so when you encountered and thought aw ♥♥♥♥ best to go back and then the screen would change angle and you would just hear his theme play and the panic would continue...as a child this truly terrified me, however in this day and age it's all in the past and whilst Nemesis is a true horror icon he is just a game set way before his time. Truly magnificent.

However this game didn't sell all too well even though new mechanics were introduced into the game to make it more accessible as well as skill based. Jill having a dodge mechanic which sometimes depending on the type of dodge would allow you to utilise a quick shot (Similar to that of the mechanic in RE3make) however most of the time the dodge is just a simple push which would provide much needed space.

One thing I love about this game is how much Nemesis makes you feel like you have to run unless if you know what to do and how to beat him. This game will truly kick your ass if you go in guns blazing hoping to beat Nemesis on your first encounter without knowing how to beat him. He truly can beat you ass in as little as 3 hits, once he knocks you on your ass and you struggle to get back up that's it GAME OVER he can insta-kill you and this is a life lesson throughout the entirety of this game, Nemesis is not to be ♥♥♥♥♥♥ with (Unless you know some tricks).

Overall I love OG RE3 there are so many aspects of this game that make it replayable, fun, and challenging but rewarding it was even the first game to have a mercenaries mode bearing in mind a different type of mercs but it was good and fun and rewarding none the less and the rewards could be transferred over into the main game.
Resident Evil 3 Nemesis rewards the players so much with the drops Nemesis has if you do manage to drop him, he has 7 instances of rewards and 4 of them are super beneficial to the mid-late game.

I love RE3 Nemesis I would easily give this game a 10/10 due to replayability and RNG mixed within the gameplay, there are so many different ways to play this game due to the RnG. Cutscenes, enemies, QTES all which add upto make an amazing experience not to mention Raccoon City is so big and fleshed out compared to the inferior RE3makes which cuts nearly 80% of the ground work this game had laid.

10/10",3321,1,1,0,0,0,2026-04-17,2026-04-17,251,127,437,272
"Unfortunately, I had a horrible experience with this game. Specifically, this port of RE3 Nemesis crashed at least six times and constantly froze. It is unlikely I will purchase the other Resident Evil originals due to my experience with this one.",247,0,1,0,1,1,2026-04-17,2026-04-17,0,5,346,346
"[h1] Mixed Feelings [/h1]
[u] 8/10 [/u]
RE3 has left me with mixed feelings. I absolutely adored the first half of the game. Running through the streets of Raccoon City as the Nemesis is constantly breathing in your neck is one of the highlights of the franchise. Speaking of that area, that's where you can also find some of the best puzzles, level design, encounters and atmosphere in the entire franchise, truly unforgettable experience. The second half of the game left a bad taste in my mouth however. From the moment you take control of Carlos, everything starts to fall apart. Environments, enemies and tasks become very repetitive. The puzzles get progressively worse as most of them from that point on are the 'Press Random Buttons Untill You Figure Out The Pattern Or Accidentally Complete The Puzzle' type. The entire 'Carlos' section is a pace killer. The final area of the game is completely unnecessary, and it's just there to drag out. The final confrontation with the Nemesis is indescribably awkward and frustrating. All of those issues might not be a big deal if isolated, but stack them up, and they make a ten out of ten game go down to an eight. It's a shame really, because if the second part was as good as the first, RE3 would have easily been my favourite in the franchise. Either way, the original is infinitely better then the Remake in every regard, except of course in graphics and audio quality. I would still recommend playing both versions however, as they are fundamentally different games and offer very different experiences.",1560,1,1,0,7,2,2026-04-17,2026-04-24,363,75,571,571
One of the best if not the best Resident evil title.,52,1,1,0,1,0,2026-04-17,2026-04-23,0,35,764,764
"⭐⭐⭐⭐⭐⭐⭐⭐⭐⭐ – 10/10

Resident Evil 3: Nemesis is a game that marked my childhood. I got a PS1 from my father in 1999 when I was 5 years old—man, I will never forget that day. I used to have a Mega Drive, and then I got a PS1. From the Resident Evil franchise, I first played RE2. In 2000, it was my first time playing RE3: Nemesis, and I can tell you—this was one of the best games I ever played on the PS1.

I loved this game so much. Even though I was a kid and scared of Nemesis, I still thought the game was absolutely awesome—and I still do. A villain like Nemesis stays with you for life, and I can honestly say they had never done anything like that at the time. Even though RE3 never received the attention it deserved from Capcom—even in the remake—this game will always be my favorite in the franchise.

I’ve played all the main Resident Evil games, and I can tell you: RE3 is the best for me. What I felt the first time I played it, I’ve never felt again with any other game. The urban, apocalyptic atmosphere, and the fact that Jill survives in an even more hostile environment than Leon faced shows how she will always be the best protagonist in the franchise—even though Capcom seems to favor Leon.

An amazing, incredible game.

P.S.: It could have been better optimized and with improved graphics. Many emulators can achieve better visuals than this. I understand Capcom wanted to bring the game back for nostalgia, but it could have come with better graphics.",1475,1,1,0,0,0,2026-04-17,2026-04-17,231,18,1031,203
Pairing this game with a HD retexture is recommended if you can't stomach the old (but charming) visuals. I was only gonna mess around with this game for a bit just for nostalgia but I ended up getting really into it again and really enjoyed my time back in RE3. This game really didn't get done justice by the remakes and if you liked the remake but never tried out the original please give this version a go!,410,1,1,0,0,0,2026-04-17,2026-04-17,498,17,1345,1345
Very good!,10,1,1,0,0,0,2026-04-17,2026-04-17,0,17,69,69
"mid, re2 OG is better, this game is too old to have a stalker following you and the controls are so buns. I would recommend to a friend.",136,0,1,0,0,4,2026-04-17,2026-04-17,0,5,917,787
F*** [spoiler]the clocktower fight[/spoiler],44,1,1,0,0,0,2026-04-17,2026-04-17,184,1,477,315
7/10 [Good],11,1,1,0,0,0,2026-04-17,2026-04-17,0,108,446,412
"prime jill and the better nemesis, this game is infinitely better than the remake.",82,1,1,0,42,3,2026-04-17,2026-04-17,156,4,15,15
original carlos > remake carlos,31,1,1,0,1,1,2026-04-16,2026-04-16,188,26,702,702
9/10,4,1,1,0,0,0,2026-04-16,2026-04-16,0,82,56,56
Great to see a classic come to steam,36,1,1,0,0,0,2026-04-16,2026-04-16,0,1,990,253
good,4,1,1,0,0,0,2026-04-16,2026-04-16,0,1,595,506
"This game is very special for me because my first Resident Evil Game & i m first time meeting PS1 Resident Evil 3 Nemesis and very happy now because back to the game and playable now. I m advice this game because atmosphare, sound, game music very nice , your feeling alone in the game atmosphare, inventory, puzzle, how to survive the game inside thinking, and Nemesis etc…

And i forget Resident Evil Outbreak File# 1 & Resident Evil Outbreak File# 2, Code Veronica X, Dead Aim Bring Back Capcom",497,1,1,0,2,0,2026-04-16,2026-04-16,0,24,2629,1142
the best resedint evil game,27,1,1,0,2,0,2026-04-16,2026-04-16,0,3,669,383
yes,3,1,1,0,0,0,2026-04-16,2026-04-16,103,18,626,626
"I love how peepz complaining about DRM, pixilation, and control mapping have never once played this game before 2000. It's fine. My only gripe is that it gives you Mercenaries and all of Jill's costumes off the bat. Kids, you had to earn that by beating the game multiple times or get gameshark. The control settings are the literal GC controls, get gud.",354,1,1,0,1,0,2026-04-16,2026-04-16,0,1,230,56
love the remake for what it is but this is leagues better,57,1,1,0,0,0,2026-04-16,2026-04-16,82,46,429,230
the best one,12,1,1,0,1,0,2026-04-16,2026-04-16,383,10,530,530
"a different game from a different era.

could be fun but just not a game for me. 

either you run away and save your ammo, or you master dodging and save your ammo.

either way, when you see a zombie you are not suppose to shot... defeats the purpose of having a gun in the first place.",286,1,1,0,0,0,2026-04-16,2026-04-16,0,146,669,152
Resident Evil 3 Nemesis (1999),30,1,1,0,0,0,2026-04-16,2026-04-16,0,7,674,177
"Don't get me wrong, I love the game but you're better off emulating from the PS1. If you still want to buy it, then activate steam input and select some of the cool templates from the community",193,0,1,0,4,0,2026-04-16,2026-04-16,188,21,89,52
i'll give you s.t.a.r.s,23,1,1,0,1,0,2026-04-15,2026-04-15,102,2,707,707
If you like RE this is a nice blast from the past once you get used to the controls its a great game,100,1,1,0,0,0,2026-04-15,2026-04-15,0,21,338,150
Great game,10,1,1,0,0,0,2026-04-15,2026-04-15,0,14,421,421
"There was this big guy following me, I tried to say hi but he pulled out a bazooka.",83,1,1,0,1,1,2026-04-15,2026-04-15,0,8,321,207
yes,3,1,1,0,0,0,2026-04-15,2026-04-15,0,66,607,265
"Writing this as someone who has never played the original, but have played everything after OG re4 I got to say this is my favorite by a mile. I never got to experience these style of re games since I didn't grow up with a ps2 but damn was this fun. I also never understood the hate for re3 remake until playing this. I recommend anyone who never played the originals give the og trilogy a try, they are amazing. As for all the complaints I've seen I don't really understand it since this was my first time playing these.",521,1,1,0,1,0,2026-04-15,2026-04-15,0,9,1574,1574
"This is better than re3 remake tbh, but what makes this fun, is the amount of zombies there is. it makes the game more fun.
RE3 remake has all that good graphics and all but. this is the best original resident evil game.

OVERALL: 9.3/10",240,1,1,1,2,0,2026-04-15,2026-04-15,0,133,20,20
"as childhood i was very scared of that thing but now im ready to face that fear (maybe?)
overall are nice but little problem sometime start the game cant press any button i have to restart many time til it work normally",220,1,1,0,0,0,2026-04-15,2026-04-15,67,4,250,250
"Way better than the heavily cut down ""remake"" we got.",53,1,1,0,0,0,2026-04-15,2026-04-15,0,288,28,28
Gorilla with a rocket launcher loses vs 1,41,1,1,0,0,0,2026-04-15,2026-04-15,234,6,372,372
Now i know why capcom wanted to bury this game :D,49,1,1,0,0,0,2026-04-15,2026-04-15,0,21,516,392
"Very pleased the OG trilogy is on steam for others to enjoy. Fantastic games and hope they enjoy, frustrate, and scare many more players!

Firstly, I brought the OG trilogy on GOGs when they got released. I've played through RE1, think I played a good chunk of 2 (?), but for whatever reason RE3 would have complications. I would get it working for a short while but when I went to load back up on the same settings, nothing. I brought the RE3 Steam copy and it loaded, no issues, on my steam deck! Very happy! All I really did was have to map the controls and I found someones Reddit for recommendation on that, and change the scaling on my steam deck to fit and presto; I was able to get my ass beat by nemesis over and over and over again.

My favourite resident evil game, so fun and so much to explore! Plenty replay-ability with trying to view the different endings and all the different cutscenes (I saw a couple of cutscenes that in my 25 years of playing this, I hadn't seen!) and the fun little introduction of The Mercenaries! Highly recommend, more so if you have only experienced the remake! 

10/10 from me! Challenging but fun, good balance of survival horror and action, great characters, and one of the best rivalries; Jill Valentine Vs nemesis!!!",1264,1,1,0,0,0,2026-04-15,2026-04-15,0,11,427,426
"1) Extra DRM that it doesn't need
2) No button settings and for some reason the buttons aren't even the default ones from the other 2 games, and there's no pause button set.
3) The resolution setting is useless as the game runs in a small square on the screen surrounded by a black background. 
4) No cloud for the save files.
5) Sometimes the audio only plays on the right side and it even feels like it's looping from certain points it shouldn't.
6) Just like with RE2, sometimes while aiming Jill starts spinning.

My favorite game from the trilogy and it's the one released in the worst condition on PC.
Capcom, first you made that garbage of a remake, if it can be called a ""remake"" and now this? It seems you guys enjoy watching RE3 fans suffer.",751,0,1,0,4,1,2026-04-15,2026-04-15,83,38,16,16
"1 hour later and i couldnt stop playing, i got lose in time that i brought all my memories in one set
one of my fav memory, Nemesis is still scary and one of my fav monsters",173,1,0,0,1,0,2026-04-15,2026-04-15,0,16,225,94
"You like Capcom?

Their early work was a little too ""early PS1"" for my taste. But when Resident Evil 2 came out in '98, I think they really came into their own, commercially and artistically. The whole game has a clear, crisp gameplay loop, and a new sheen of consummate professionalism that really gives the game a big boost. Resident Evil has been compared to Silent Hill, but I think Resident Evil has a far more gory, campy aesthetic. In '99, Capcom released this; Resident Evil 3: Nemesis, their most accomplished game. I think their undisputed masterpiece is Nemesis himself, a pursuer so scary and oppressive, most people probably don't finish the game. But they should! because it's not just about the pleasures of resource management and the importance of killing zombies. It's also a personal statement about the game itself. 

Hey Nikolai!

P.S. the controller mapping is awful. Press F1 while in-game to rebind your controller. Also, the DRM, while a baffling decision to have on a game made in the late cretaceous period, isn't really noticeable (to me at least).",1076,1,1,0,2,0,2026-04-15,2026-04-15,0,9,756,544
Better than the remake in every way.,36,1,1,0,4,0,2026-04-14,2026-04-14,256,39,506,506
"great game if it works. Unfortunately it crashed frequently when minimized or controller doesn't get recognized (Dualsense). Ist works most of the time and you will have a great time if you can ignore or fix those issues, but I do not want to recommend it until it's fixed.",273,0,1,0,9,2,2026-04-14,2026-04-14,1533,157,677,339
"Resident Evil 3 flips the narrative for a more action horror, creating a consistent cat and mouse chase between the Nemesis chasing Jill (You) chasing the way out of Raccoon city",178,1,1,0,0,0,2026-04-14,2026-04-14,187,17,328,328
I love classic RE games first time playing this one played the re make enjoyed it and im really enjoying this one i started my first playthrough on hard mode and its definately been a challenge so far getting use to the controls and the dodge mechanic. but overall 10/10 would recommend fire game,296,1,1,0,0,0,2026-04-14,2026-04-14,0,4,901,271
fun,3,1,1,0,0,0,2026-04-14,2026-04-14,0,151,556,277
"It's a very rewarding game. Some parts are hard, but it is super rewarding. it is a great game 8.9/10",101,1,1,0,1,0,2026-04-14,2026-04-14,0,3,839,839
"I remember being 13 and terrified of the Nemesis popping out when I'd least expect it. Had to turn off my PlayStation a few times ('window' part, yes). Holds up after these 27 years much like the other two OG games do. The revisit of the atmosphere and ambiance of Racoon City is still just as amazing. Like the other OG RE games, it's been a fun ride replaying these all over again. It's also amazing how solid the music is also after all this time. 

Felt this was peak for RE back then even with Code Veronica and Zero around the corner. Wasn't until 4 I really felt I dove deep into this series again. Then didn't again until 7.",632,1,1,0,43,1,2026-04-14,2026-04-14,615,175,551,551
"It's not exactly a polished masterpiece, but its rough, unrefined tension gives it a unique edge, and even in 2026, its uneasy atmosphere still hits hard.",154,1,0,0,28,0,2026-04-14,2026-04-14,2669,1483,735,735
Joya 3,6,1,1,0,0,0,2026-04-14,2026-04-14,94,35,506,499
"The G.O.A.T.
♥♥♥♥ the remake and let's pretend it never happened.",65,1,1,0,1,1,2026-04-14,2026-04-14,506,12,820,820
This is my Reqiuem,18,1,1,0,0,0,2026-04-14,2026-04-14,302,47,273,197
"it's scary but this game keeps crashing. out of all the re games i played (RE1R, RE2, RE2R, RE4R, RE Requiem), this feels the scariest because of the anticipation for nemesis. capcom, steam, please fix the crashing.",215,1,1,0,3,0,2026-04-14,2026-04-14,0,7,270,230
Ohh re3 remake what you could've been </3,41,1,1,0,6,0,2026-04-14,2026-04-14,165,5,531,531
The best resident evil game,27,1,1,0,2,0,2026-04-14,2026-04-14,208,8,757,708
STARS,5,1,1,0,2,1,2026-04-14,2026-04-14,79,15,357,357
Finally can play the original for a fair price works pretty good,64,1,1,0,1,0,2026-04-13,2026-04-13,0,10,4216,2401
"perfection 3 made manifest 

remove DRM tho",43,1,1,0,0,0,2026-04-13,2026-04-13,395,5,814,540
honestly still amazing the vibe the tension nemesis chasing u it all hits the same brought back so many ps1 memories pure nostalgia,131,1,1,0,1,0,2026-04-13,2026-04-13,81,2,396,357
"Since I played it like a hundred times before and nearly speedran it this time, still was just as excited as always. 
I'll just leave a list of advantages for you.

- Sort of fast pace for such a game at the time of release. Much faster than RE2 (both og and remake).
- Emphasis on city exploration rather than just ""I need to run from point A to point B"".
- Speaking of the city, behold devastated Raccoon City first hand while having time to actually look at it.  
- Simple but still fun puzzles.
- Replay value. Aside the fact you might simply miss some items/weapons (and sometimes even lock yourself out of them because of your decisions), you may also visit key locations in different order, prompting a ""random"" event to happen. You also might get different endings depending on your decisions (including an extra boss-fight).
- Good old sudden ""oh shi--"" moments when you don't expect them.
- Sexy low-poly Carlos lol.
- Fun mercenaries mode. WIth unlockable things for the main game.
- Oh yeah. Nemesis. OG version doesn't screw around. Remember you could just hide from Tyrant behind a door? Please try and do that, I dare you.
- Nemesis again.
- Menacing Nemesis.
- Unstoppable Nemesis.
- Nemesis doesn't give up.

...And I forgot where I was supposed to use the crank, it remained in my storage for a full playthrough unused.
Too bad R3make got butchered this bad, we could have a really awesome game.",1413,1,1,0,6,0,2026-04-13,2026-04-13,588,1,523,318
It was tooooooooooooooooooooooooooo gooood for it's TIME,56,1,1,0,1,0,2026-04-13,2026-04-13,0,1,1208,280
One of the best re games love it. So much better than the demake garbage,72,1,1,0,4,0,2026-04-13,2026-04-13,97,70,258,19
"I was praying that the classic RE trilogy came to Steam, especially as it's the 30th anniversary and was bummed on the actual day when there was radio silence on anything RE. Then on the morning on April 2nd I opened Twitter and saw tweets about RE being dropped on Steam - and I legit thought it was some late April Fools joke but ofc I went for the bait and it was true!!! Ofc I instantly bought the trilogy. I have these releases on GOG and actually first time dove into RE1 and RE2 and thought they were so much fun.

Now RE3 has always been a special game to me as it was the 2nd RE game I played way back in 2012/13 after finishing RE4 (Gamecube) on my Nintendo Wii and I loved it as a kid and always placed it as my 2nd fav of the franchise until I played the remakes of RE1, 2 and 4 that is.

So this is my 1st replay since being a kid and it holds up so damn well just like RE1 and RE2 do but this one is so me, it's faster paced - you don't stay in 1 area for too long - and feels like a great final entry in the Raccoon City trilogy as Jill makes her last escape - and it feels just like it.

I LOVE the streets of RC - they look perfect in the sense of a zombie outbreak, and are designed and loop well - the Uptown, Downtown areas are solid but then ofc we get to visit the RPD which is always a treat - but again, not too much time is spent there as ofc it was featured heavily in RE2. Then the CLOCK TOWER, just a great iconic location and fits right in there will the franchise as well as the hospital and factory areas - which again is a HUGE miss for the remake.

This game is a LOT shorter in length than RE2, but funnily enough, it's maybe a bit longer than RE3 Remake but it works because we get a great variety of locations, enemy types and weaponry and it all just fits so well man. The score is also a banger too.

Now ofc there is the NEMESIS who is easily my favourite monster in the franchise - he genuinely feels like he is stalking you throughout the entiriety of the game, and the game doesn't go on for too long without his presence - and whenever he shows up it is always intense. The way he runs at you, shoots rockets - it's just so damn good - and is one of the BIGGEST reasons why the remake missed the mark as most of his parts were heavily scripted. I absolutely LOVE the live choice selection because it instantly encourages replayability and changes certain scenarios around - its great because we only get to play Jill's story and its a smart way for them to encourage repeat playthroughs.

I love the introduction of the gunpowder system which allows crafting of ammunition (it is VERY VERY generous with how much ammo you get as well as herbs and ink ribbons on HARD mode - I had so much excess by the end lmao). It's just such a damn brilliant sequel to RE2 and a brilliant ending to the trilogy. 

This is STILL in my top-tier for RE games, my favourite of the OG classic tank control style, and FAR superior to its remake. Masterpiece.",2995,1,1,0,0,0,2026-04-13,2026-04-13,401,52,341,341
"This was my first classic resident evil game that I played and it definitely hooked me. This was also my first time playing a game with tank controls and yes, it was kind of annoying at the start, but I got used to it pretty quickly. This game is a master class in both level design and setting. Even though I like re3 remake looking at all, though content in the original it’s kind of sad how much they cut from remake but overall, this was a great game and makes me wanna play the original resident evil",505,1,1,0,0,0,2026-04-13,2026-04-13,0,3,1406,1381
"Do yourself a favor and go through the trouble of installing Classic Rebirth & Seamless HD mods, it will enhance your experience dramatically. Unlike RE1&RE2, this port is quite rough out of the box. Unless, you're planning on running it in the original 240p resolution, the vertex snapping on the models makes all the characters wobble and jitter to the point of being a major distraction.",390,1,1,0,0,0,2026-04-13,2026-04-13,0,16,265,74
GG,2,1,1,0,2,0,2026-04-13,2026-04-13,125,15,2156,181
Better than the Demake,22,1,1,0,3,1,2026-04-13,2026-04-13,60,13,3351,157
Can understand the hatred for the remake,40,1,1,0,6,0,2026-04-13,2026-04-13,771,32,473,473
im chris,8,1,1,0,0,0,2026-04-13,2026-04-13,182,120,463,463
alr I would've if this port wasn't so dookie butt,49,0,1,0,1,0,2026-04-13,2026-04-13,247,188,68,68
great game still.,17,1,1,0,1,0,2026-04-13,2026-04-13,122,10,614,614
"Probably the greatest survival horror game of all time. It pretty much perfected the classic RE formula. Plus, the Steam version works with the seamless HD mod.",160,1,1,0,1,0,2026-04-12,2026-04-12,0,1,584,457
"Still the best of the OG three, Capcom please remove DRM",56,1,1,0,0,0,2026-04-12,2026-04-12,264,92,209,209
"Nerds crying that the remake is bad, and when capcom releases the OG trilogy, nerds still cry. If RE9 Slopquiem makes your dingle berries quiver over nostolgia bait and Grace Slopcrofts feet, you are part of the reason why gaming has become a corporate hellhole",261,1,1,0,0,4,2026-04-12,2026-04-12,319,172,464,318
sound game,10,1,1,0,0,0,2026-04-12,2026-04-12,115,7,182,109
"Bad port, but mods fix it",25,1,1,0,0,0,2026-04-12,2026-04-12,0,359,386,386
Solid game worth playing alongside the Remake.,46,1,1,0,0,0,2026-04-12,2026-04-12,633,70,198,198
Constantly freezes for about 10 seconds then goes to a black screen. Tried on two different PC's. Controller won't work if its not listed first in Windows. Does not support Steam cloud. Refunded.,195,0,1,0,2,0,2026-04-12,2026-04-12,489,9,60,60
"After playing the OG, it is indisputable that this game is infinitely better than the remake.",93,1,1,0,46,2,2026-04-12,2026-04-12,350,19,598,598
to figure out these 30 years old controls and have fun with them again is too much torture 2026,95,0,1,0,2,0,2026-04-12,2026-04-12,0,15,19,19
"Pirated it online originally, played it through, became one of my top 5 games of all time for me. Bought it on steam with the other 2 original resident evil's, was gonna buy it on gog anyways but steam just suits me better personally. They gotta do a re-re-master, capcom fumbled so bad, yet this game is just so peak. I never really do additional playthroughs of story type games but this is an exception.",406,1,1,0,0,0,2026-04-12,2026-04-12,0,4,738,367
"Words cannot describe the excitement when this game came to Steam. In the past, I played this game repeatedly which was downloaded pirated. I didn't expect this game to be able to operate so well now. I will finish this game without mods first.",244,1,1,0,0,0,2026-04-12,2026-04-12,0,14,664,32
the better Resident Evil 3,26,1,1,0,2,0,2026-04-12,2026-04-12,154,55,405,199
9/10.,5,1,1,0,0,0,2026-04-12,2026-04-12,431,4,454,436
"I don't think I've ever played a more stressful RE game, but this one is great. I'd gladly recommend it to anyone.",114,1,1,0,0,0,2026-04-12,2026-04-12,0,7,324,294
mod it for a better experience,30,1,1,0,1,0,2026-04-11,2026-04-11,73,22,1855,575
STAAARSSSSS,11,1,1,0,2,0,2026-04-11,2026-04-11,0,33,422,175
"two words CLOCK TOWER is back but....

Carlos part is buggy and when you pick up an item it will make your hand gun disappear thus making that item slot buggy and it will make any item you pick disappear/not work thus making the game unplayable... tried to uninstall/reinstall and started a new save file. nothing seems to work. so idk what to do. FIX THE BUGS AND ILL CHNAGE MY OPINION ON THIS GAME. Until then it was only 5 bucks and a classic, better than RE3make.",467,0,1,0,0,0,2026-04-11,2026-04-12,0,3,327,327
The good old days,17,1,1,0,0,0,2026-04-11,2026-04-11,0,1,1051,1051
"The positives reviews are nostalgia. If you didn't play this in your childhood and want to give it a try today, you will be disappointed unless you enjoy terrible games. Was this groundbreaking in 1999, oh I'll bet. Little droplets of water fall off sewer lamps, your gun expends shells when shooting, there are some moments of ""wow I bet that blew the minds of people 27 years ago."" But this is 2026, and game development has, as much as some people refuse to admit it, gotten better.

Mechanics are poorly explained, the controls feel like they were designed for an old arcade machine, voice acting is 90s voice acting, and I encountered a softlock a few minutes in that prevented me from progressing. I saved Brad Vickers in the bar and then he disappeared. I looked it up and I guess there was supposed to be a conversation, but at that point I decided that was probably enough.

If you played it before or want to relive those memories, go for it, I'm sure I would play Ocarina of Time if it came out on Steam. But if you're curious about a relic of a game and are expecting something of modern quality like Crow Country, give it a shot, you'll know within the first few minutes if you'll want to refund it or not.",1219,0,1,0,0,3,2026-04-11,2026-04-11,0,60,30,30
good,4,1,1,0,0,0,2026-04-11,2026-04-11,0,62,333,333
Classic also better than re3 demake.,36,1,1,0,1,0,2026-04-11,2026-04-11,529,51,414,355
"Great Resident Evil game however this version for steam has issues the Gog version does not have, Randomly losing controller input and crashing and you don't get any steam achievements. At this current state i can not recommend you play this until they fix this.",262,0,1,0,2,0,2026-04-11,2026-04-11,0,5,121,121
REMAKE RE3 AGAIN,16,1,1,1,7,1,2026-04-11,2026-04-11,110,53,22,22
so a little update VERY GOOD SO FAR and so much missed out content (RPD JILL) buy it,84,1,1,0,0,0,2026-04-11,2026-04-14,0,6,82,82
absolute masterpiece. everyone talks about how much better it is than the remake but you don't realise how big of a difference there is until you play it,153,1,1,0,0,0,2026-04-11,2026-04-11,0,16,460,460
"very ♥♥♥♥ nemesis bossbattle literally impossible (edit got through the boss fight at the clock tower very hard at ""hard"" difficulty easy if you have health items I didn't :D ) so now very good game!",199,1,1,0,0,0,2026-04-11,2026-04-11,97,21,549,519
"What is Resident Evil 3 Nemesis? To the blind, it's the light. To the hungry, it's bread. To the sick, it's the cure. To the lonely, its company. To the sad, it's joy. To the prisoner, its freedom. For the poor, it's treasure. For me, it's everything.",251,1,1,0,0,0,2026-04-11,2026-04-11,156,13,1375,1262
10/10,5,1,1,0,0,0,2026-04-11,2026-04-11,0,2,516,516
"Controller doesn't work (Official Xbox one controller)
Steam overlay doesn't work
and no achievements.",104,0,1,0,0,0,2026-04-11,2026-04-11,0,10,192,16
"I'm a newer fan of the franchise, I got into it mainly with the re2 remake. When I played the re3 remake I heard lots of criticism about how it was worse than the original, and while I agreed I didn't see for myself how badly the remake did the original. In just 30 minutes of going around the downtown area I can see how much they cut and shaved off the original for the remake. It's scarier, the characters are more interesting (well, all 3 that i've met so far. Dario is an actual character instead of a 5 second reference and brad is actually in character with his 1st games appearance) and honestly it's just way more fun. I highly recommend the game to anyone who can get used to the controls and wants more from racoon city that the remakes didn't deliver on.",766,1,1,0,0,0,2026-04-11,2026-04-11,0,8,130,35
classic is still the best,25,1,1,0,0,0,2026-04-11,2026-04-11,178,14,183,183
One of the best game i have ever played,39,1,1,0,1,0,2026-04-11,2026-04-11,0,31,801,623
"The best and only version of RE3.

A shame they never remade RE3 even after the perfect RE1 Remake.",99,1,1,0,4,3,2026-04-11,2026-04-11,257,30,299,298
"Re3make did NOT do this game justice, lmao.

Just as good as OG RE2, though I rank RE2 a little bit higher than RE3 only because the auto-aiming feature gets a little annoying after a while, but to make up for it, now Jill has the ability to dodge/avoid enemies and zombie grapples to avoid damage, despite the timing window being verry tight to pull off (aim+action+0.2sec enemy attack startup animation=dodge). The introduction of gunpowder-crafting is pretty nice too, by the endgame I had more than 200+ Enhanced pistol ammo on Hard mode alone and it kept me topped up on other options to craft ammo for the shotgun, grenade launcher, and more. Nemesis is a fun pain in the ass too, but nailing him due to his poor ability to ai path around corners is the funniest thing to pull off lmao, but rest assured, its very tough to pull it off right and you will get swiftly punished by him with or without the corner exploits, he is a fun bastard to fight against.

2 down, and 1 more to go: RE1 the truest OG.",1008,1,1,0,0,0,2026-04-11,2026-04-11,245,41,863,863
I can't use my Xbox controller at all under any circumstances.,62,0,1,0,0,0,2026-04-11,2026-04-11,0,2,19,19
"So I played this again firs the first time since I was a kid, I also played re1 and re2 again. Both of those are fantastic games that really makes you see why this series took off. RE3 on the other hand makes you wonder what people who said the remake ruined it are smoking.

Nemesis himself sucks, it's never worth fighting him since enhanced ammo is better than his drops, not that you'd want to because he's pick you up throw you and then pick you up before you can even get up. It's a blessing when he loses his grab because he can't stunlock you.

Also the enemies are faster and have way worse hitboxes. Like an enemy can be close enough to grab you but not close enough to one hit them with the shot gun like in 1 and 2. Not to mention the environments are just there, no idea why people cared so much about removing the clocktower in remake since it's like four rooms.",876,0,1,0,0,2,2026-04-11,2026-04-11,0,24,574,163
"6 out of 10. Play only if you're the series' enjoyer. I'm surprised to find out how moderate in puzzle difficulty this game actually is, though some of them are quite counterintuitive.
If you're hoping to experience the best game in the franchise... Are you sure that this game would be the one?",296,1,1,0,0,0,2026-04-11,2026-04-11,0,2,1462,712
"The first RE I have ever played back in my childhood. Nemesis still scares me. Jill is still my favorite RE character. A timeless classic, full of action, survival, combat and puzzles. I also love the soundtrack. So glad to see my favorite Survival Horror game ever on steam.",275,1,1,0,0,0,2026-04-11,2026-04-11,0,212,253,253
Très bon jeu.,13,1,1,0,0,0,2026-04-10,2026-04-10,168,39,455,455
Holy peak,9,1,1,0,0,1,2026-04-10,2026-04-10,52,7,683,683
STARS....,9,1,1,0,3,2,2026-04-10,2026-04-10,5247,1313,216,132
black screen,12,0,1,0,4,0,2026-04-10,2026-04-10,1071,174,19,19
"As someone who has only played the remakes, having the original trilogy available on Steam enticed me to try out the original Resident Evil 3. I'm glad I did, not only did I beat the game but I thoroughly enjoyed my time with it.

Exploring the remains of Racoon city and Jill fighting for survival provided a memorable experience. I never got tired of hearing ""Resident Evil"" when I booted up the game. 9/10",410,1,1,0,14,0,2026-04-10,2026-04-10,0,13,484,484
,0,1,1,0,0,0,2026-04-10,2026-04-10,0,15,462,462
"This is nostalgia for me. This is angst, this is what the late 90's were.

Better than REmake 3, avoid that slop.

This is. what I consider, a speed runner game with variations in events and how you play them. It's meant to be replayed on 
""hard"" mode. Otherwise the game's piss short and easy mode will take you through it fast. The story's b-movie schlock, as the series delivered us through RE5.

Port's just mediocre. Go to GoG for a better version. Tacking on ""always on"" DRM for an otherwise offline playable game is what I consider corrupt.

F1 to change keybindings. Doesn't really work on my machine, have to just figure it out in the configuration file or use someone else's template. Luckily, the top controller template (at this time)  works perfectly well.",769,1,1,0,0,0,2026-04-10,2026-04-20,0,257,161,83
"Absolutely, like with Resident Evil 2 (1998), this too
is one of my fave PS1 games, especially in the RE series.
However, the game & Mercenaries mode are separated
into 2 modes via launcher...but at least you don't have to unlock
that mode. However, you still need to play through Mercs mode
to unlock the weapons & infinite ammo for the main game,
so I hope you still remember how to play this classic.

However, on the plus side, all costumes are available whenever
you start a new game; either on Easy or Hard, it doesn't really matter.
also, since the classic RE trilogy were originally ported to PC by GOG.com
& you're worried about your save progress not being compatible, you're in luck:

Capcom ported GOG.com's version to Steam, and yes, your GOG save files do work.
which means you can pick up from where you left off, even on Steam...but I'm guessing
some of you already figured that out by now.

In any case, snag this port of RE3: Nemesis, and explore Raccoon City as Jill Valentine,
the way it was meant to be played. Have Fun!",1059,1,1,0,1,0,2026-04-10,2026-04-10,0,34,531,531
better than the remake,22,1,1,0,0,0,2026-04-10,2026-04-10,255,9,507,507
"First time playing. This game rules. Nemesis is awesome. I like this one the most out of the first 3. It has more challenging puzzles than the 2nd game (low bar to clear) and Nemesis is terrifying. The story is the most engaging so far, and the new mechanics are all really interesting. Dodging isn't ideal (the random animations sometimes killing you because you were too close to a wall and Jill decided to sidestep instead of ducking is annoying) but it's mostly cool, and of course quick turn and the powders are great additions.

The PC port does have some pain points and I would recommend playing with the Classic REbirth patch. Note that it is based on the Japanese version so you have to play Arrange mode if you want the American (higher) difficulty. Highest ranking is also S instead of A. I'm also not personally a huge fan of the unlocks being unlocked instantly, but it's not the biggest deal. Game ran with no issues once patched. PS5 controller worked perfectly.",980,1,1,0,0,0,2026-04-10,2026-04-10,381,70,444,444
GOAT but i remembered that the only thing i hate when replaying this is the Water sample solution puzzle part spent almost an hour solving it.,142,1,1,0,0,0,2026-04-10,2026-04-10,0,16,487,430
"It feels great to replay this gem once again.




To bad the remake was garbage.",80,1,1,0,3,1,2026-04-10,2026-04-10,550,20,454,90
the b team ♥♥♥♥♥♥ you up so hard bruh im so sorry,49,1,1,0,4,1,2026-04-10,2026-04-10,547,99,670,643
"Never played this before, but it is genuinely the best game in the series. Incredible game.",91,1,1,0,1,0,2026-04-10,2026-04-10,132,3,531,531
Love it!,8,1,1,0,0,0,2026-04-10,2026-04-10,230,30,310,231
"PEAK RE, by far one of my favorite re games",43,1,1,0,0,0,2026-04-09,2026-04-13,0,28,613,575
"GOAT, RE3 Classic >> REMAKE",27,1,1,0,1,0,2026-04-09,2026-04-09,0,12,488,226
way more stuff in this one nemesis was actually annoying asl especially on hard but playing this makes me really wish we could've seen half the spots in this game in the remake,176,1,1,0,0,0,2026-04-09,2026-04-09,0,21,616,616
"""somehow... i still alive""",26,1,1,0,1,0,2026-04-09,2026-04-15,52,7,112,112
"My beloved <3

Achievements would be dope. Pls remove DRM.",58,1,1,0,0,0,2026-04-09,2026-04-09,304,56,276,24
"como le ponen DRM a un juego de los 90 XDDDDDDDDDDDDDDDDDDDDDDDDDDDDDDDDD
gog>>>>>>>>>>>>>>>>>>>>>>>>>>>>>>>>>>>>>>>>>>>",120,0,1,0,4,0,2026-04-09,2026-04-09,0,28,14,14
Great time and a great game. Has more content than the remake. it also runs on the steam deck.,94,1,1,0,1,0,2026-04-09,2026-04-09,0,6,192,157
Had to replay this game to cleanse my mind of what the remake did to it,71,1,1,0,1,0,2026-04-09,2026-04-09,74,6,368,242
[,1,1,1,0,0,0,2026-04-09,2026-04-09,128,23,498,228
"i LOVED this game i thought it was a great experience, especially compared to the remake having cut most of the content. 
But throughout the game i constantly faced freezing, black screens, graphical issues and audio issues forcing me to restart a lot and even had the game crash at times. 
The game is amazing i just wish it could have been optimized better for steam.",371,0,1,0,0,0,2026-04-09,2026-04-09,271,14,540,540
It's good.,10,1,1,0,0,0,2026-04-09,2026-04-09,0,9,390,171
super fun tank controls really make you feel like you are driving Jill around Racoon city,89,1,1,0,1,1,2026-04-09,2026-04-09,257,55,776,565
"Had no problems at all playing through RE1 and 2.

RE3 however loves to randomly freeze with the possibility of crashing.

Hopefully a patch comes.",147,0,1,0,1,0,2026-04-09,2026-04-09,2652,37,999,423
this is my first time playing through this game. i cannot recomend it enough i had a couple of instances where my game froze and with my pc setup it shouldnt be the case other than that if you are comfortable playing on keyboard you will have a great time.,256,1,1,0,2,0,2026-04-09,2026-04-09,0,5,1402,1402
Hopefully they announce a remake for this soon would be great with modern graphics and controls!,96,1,1,0,0,6,2026-04-09,2026-04-09,314,11,433,90
10/10,5,1,1,0,0,0,2026-04-09,2026-04-09,417,339,7,7
This game is definitely my favorite of the original trilogy! Nemesis is extremely advanced for a PS1 game and his random encounters along with the multiple choices and random enemy variety and random puzzle solutions makes this the most replayable classic RE of all time. Highly recommend this to any fans of the series!,320,1,1,0,0,0,2026-04-09,2026-04-09,252,133,772,697
"Better than the 2020 remake. This game runs fine as is, but I do recommend the Classic REbirth patch, as it fixes a lot of issues. I also recommend checking out RE-Enhance.",172,1,1,0,0,0,2026-04-09,2026-04-09,0,112,255,195
"Yeah, this just goes to a white screen, then a black screen, then nothing. Hardware states I can run anything, so please fix this.",130,0,1,0,4,1,2026-04-09,2026-04-09,0,6,26,8
"This here computer game has quite the unexpected and sudden beginning, but I am quite fond of it yes, therefore it is an absolutely outstanding computer game. tbh",162,1,1,0,4,2,2026-04-09,2026-04-09,347,24,450,386
this game reinforced my love for the series and made me despise re3 remake even more,84,1,1,0,2,0,2026-04-09,2026-04-09,443,70,509,509
Light 9 /10,11,1,1,0,5,0,2026-04-09,2026-04-09,2197,561,595,327
"So happy to see my 2nd favorite Resident Evil game on steam! (First being RE4 original ofc). This is one of the best games of all time and finally makes it way to PC which I SHOULD be more happy about, now that ""RE fans"" can play it. Sadly I wish Capcom would remove DRM from this game. This is a game released in 1999 and can be easily emulated lol. 

I love this game with all of my heart and I'm happy to see this game finally be on PC.",439,1,1,0,1,1,2026-04-08,2026-04-08,0,160,361,7
"Banger, top 3 RE games easily.",30,1,1,0,1,0,2026-04-08,2026-04-08,404,24,581,574
"what the ♥♥♥♥ is this resource placement? I'm halfway through the game and I haven't seen a single ♥♥♥♥♥♥♥ heal in ages. Plenty of ammo, red and blue herbs, but no heals. I'm all for a challenge, but this is near impossible and infuriating.

Also what's with this bare-bones port? I have to go in the game's files and rely on a community-made steam guide just to change the game's controls???? How in God's green earth does this game have very positive reviews overall? Are people so used to the bare-minimum, or have I gone mad??",532,0,1,0,1,7,2026-04-08,2026-04-08,0,34,368,340
"Capcom put DRM on a 20+ years old game. It it a really bad port and they only make it so it can run on modern PCs, doesn't have quality of life options for scaling at high resolutions and controller customization.
Quite mediocre , but it's Capcom, they always do this. Such a shame we can't have a definitive version port for RE3.",330,0,0,0,0,0,2026-04-08,2026-04-08,676,15,45,24
Electric. Awesome. Tank controls really easy to get used to so don't worry about that if you are concerned. Puzzles are fun and satisfying. The pre rendered environments craft the coolest atmosphere ever. Def worth a check out if you are into Resident Evil and want to check out the OGs.,287,1,1,0,1,0,2026-04-08,2026-04-08,0,1,607,279
"STUURSS

- DRM on games as old as these is crazy.
- No steam overlay/screenshots without having to fix it yourself.",115,1,1,0,0,0,2026-04-08,2026-04-20,0,45,1261,1261
Spooky,6,1,1,0,0,0,2026-04-08,2026-04-08,0,4,412,198
"Relive the good old days before they turned Jill into a raging Karen.  GOATED Resident Evil game, and easily one of my favorites in the series.  Play this instead of the mediocre remake.  It's a blast and honestly the tank controls aren't even bad at all.  The one thing it needs is achievements and then it would be a 10/10 release.  Lock n Load, have some green herbs and have fun running away from one of them most iconic video game villains of all time!",457,1,1,0,0,0,2026-04-08,2026-04-08,0,17,94,94
"I've been wanting to play this for some time, since I heard it's one of the best Resident Evil games, and now that its on STEAM I decided to finally buy it.
I heard that this STEAM port is not the best but I don't really care because I got everything I expected. Sure, you can tell that the game is from 1999 but the bad graphics and fixed camera angles give it the specific horror. Not talking about the music which is incredible in these old RE games.
Not saying that everyone will enjoy this but I would definitely recommend if you are a big fan of survival horror and don't mind older games.

(P.S.-Don't forget that you can press F1 to configure controls however you like)",677,1,1,0,2,0,2026-04-08,2026-04-08,63,14,699,590
Awesome!,8,1,1,0,0,0,2026-04-08,2026-04-08,0,13,406,399
"all ways loved the ambiance of the trashed racoon city, great music and tone. the pant sharting moments when the nemesis theme starts playing, the choice system. it really is unique compared to the first two which makes up for its slightly shorter run time. if u have only played the remake you should check it out, most of the best and memorable moments at least to me arent in that. no clock tower, no worm, no factory just generic white ending lab, the lame ass rail gun. if u want to understand why nemesis scared childhoods you need to play this classic since he is just 2 scripted events in that. also this is the first game with mercs too. i had no problems with this version expect having to use my controller wired, no big deal. costumes are unlocked from the get go for some reason. enjoy tank controls are good if u just try trust me",844,1,1,0,5,0,2026-04-08,2026-04-08,2243,250,385,385
"September 28th Daylight, The Monsters have overtaken the city somehow I'm still Alive",85,1,1,0,0,0,2026-04-08,2026-04-08,0,2,952,240
"This is a mess of a port.  There are no control settings.  I had to load it about 8 times before it would even start playing.  The ""skip"" button just seems to change randomly.  I just don't understand why they've bothered with it really.  Seems they did it in half a day.

EDIT: Eventually I did figure out the controls, which at least made the game playable.  I still don't think it's that good a port, but if you want to play the game on PC it's ""fine"".",455,0,1,0,2,0,2026-04-08,2026-04-15,0,1,656,656
"Not a great port.
DRM gimps ALT+TAB.
They deleted the original options menu which was sufficient - also getting rid of the unique accompanying music track for that screen.
No CRT filter, so the low resolution makes everything look absolutely terrible.
It's a very lazy port.
I have a modded version of the SourceNext port with upscaled textures and backgrounds, which I believe is the definitive way to play RE3 in the modern age.",430,0,1,0,3,1,2026-04-08,2026-04-08,0,54,50,34
DRM has kneecapped the performance of a nearly 30 year old game. Buy if/when they remove it. + no achievements,110,0,1,0,11,0,2026-04-08,2026-04-08,370,15,640,88
S.T.A.R.S.,10,1,1,0,1,0,2026-04-08,2026-04-08,24,5,464,221
"RE Code Veronica, Outbreak 1, 2, Umbrella Chronicles and Darkside Chronicles with co-op when?",93,1,1,0,2,2,2026-04-08,2026-04-14,1007,36,221,10
I love this game.,17,1,1,0,0,0,2026-04-08,2026-04-08,268,254,426,37
"Holds up way better then I thought it would. The atmosphere is perfect and I like the fixed camera angles, Nemesis is cool and scary and follows you around the whole game. So ya this game kinda rocks. Although its weird that the steam version has DRM when GOG doesn't, and you also have to manually set up your controller inputs on linux/steamdeck, and there is no achivos.",373,1,1,0,13,1,2026-04-08,2026-04-08,462,30,517,517
"code veronica ported would be pretty freakin sick not even gonna lie bucko, give us dat annnnd outbreakkkkk",107,1,1,0,2,0,2026-04-08,2026-04-08,506,350,772,772
"It is nice to play this classic one more time. I am stuck in the sewers with that ♥♥♥♥♥♥♥ monster, it won't give me enough time to get to the ladder. Anyways, good times playing this. I forgot how it feels to be chased by Nemesis.",230,1,1,0,0,0,2026-04-08,2026-04-08,0,7,225,225
Wow this game is so much better than the remake,47,1,0,0,2,0,2026-04-08,2026-04-08,573,87,490,490
IT'S JUST MUCH BETTER THAN THE REMAKE !,39,1,1,0,3,0,2026-04-08,2026-04-08,0,9,344,164
♥♥♥♥♥♥♥♥♥ Resident Evil 3 Nemesis (1999),40,1,1,0,0,0,2026-04-08,2026-04-08,476,187,5,5
"This port is a joke, they can't even let you use your own gamepad but they sure as hell will add DRM to an almost 30 year old game!",131,0,1,0,89,13,2026-04-08,2026-04-08,0,28,9,9
"Genuinely the perfect conclusion to an utterly fantastic trilogy, I cannot get enough of those tight , claustrophobic alleyways and the echoes of grunts and groaning and a soundtrack that really transports you  into the dread. Nemesis is seriously one of the coolest designs ever for so many reasons. This is probably the greatest videogame trilogy ever and somehow never loses steam. Its great that theyre becoming easily available. Its just sad that this series will never recapture the pure magic of these games. I cannot recommend them enough!",547,1,1,0,1,0,2026-04-07,2026-04-07,242,37,371,371
STARS,5,1,1,0,1,0,2026-04-07,2026-04-07,126,5,378,257
The most overlooked resident evil game besides 0. Its such a classic and needs to be played by any resident evil fan. Few of the sections are some of the best in the series.,173,1,1,0,0,0,2026-04-07,2026-04-07,321,92,302,302
larp larp larp sahur,20,1,1,0,0,1,2026-04-07,2026-04-07,96,49,504,256
bad,3,0,1,0,4,3,2026-04-07,2026-04-07,82,9,19,19
Was alot shorter than I expected. Game crashed a couple times. Nemesis fights are a bit clumsy to get the hang off. UI and binds are very easy and intuitive. Very good overall though.,183,1,1,0,0,0,2026-04-07,2026-04-07,1274,5,402,402
"Really good, some difficult puzzles but I enjoyed it a lot.",59,1,1,0,0,0,2026-04-07,2026-04-07,0,3,507,416
Awesome Game,12,1,1,0,0,0,2026-04-07,2026-04-07,0,58,325,233
better than re8,15,1,0,0,1,0,2026-04-07,2026-04-07,157,9,748,674
"Legendary tip: USE D-PAD for movement & claw grip that ♥♥♥♥♥ - Index finger on Top D-PAD, Thumb controls LEFT & RIGHT.",118,1,1,0,0,0,2026-04-07,2026-04-07,0,20,863,407
"one of the best games in the series even though it was the last one I played, it made me think about replaying them all even though the mechanics are quite difficult but understandable for a game from 1999, the story and puzzles transform the game into a masterpiece, much better than a remake",293,1,1,0,0,0,2026-04-07,2026-04-07,149,5,476,476
you want STARS? I'll give you STARS,35,1,1,0,1,0,2026-04-07,2026-04-07,0,11,433,393
"Playing this again after RE 3 remake just shows me how much RE 3 remake actually is missing, still this game is still very good even in 2026",140,1,1,0,2,0,2026-04-07,2026-04-07,233,87,539,539
Far better than r3make could ever hope to be.,45,1,1,0,3,0,2026-04-07,2026-04-07,0,17,6,6
Best RE till date,17,1,1,0,1,0,2026-04-07,2026-04-07,0,2,473,313
i wish Jill could slap me as well,33,1,0,0,0,0,2026-04-07,2026-04-07,143,2,616,616
Timeless. Perfection.,21,1,1,0,0,0,2026-04-07,2026-04-07,0,40,624,585
"A perfect remake of the game ""Resident Evil 3"" released back in 2020.

The graphics are a little lacking this time round, but they added way more content, the Nemesis is actually a threat, has his name in the title and and and, Jill doesn't just swear and curse all the time, making her more like here RE1 counterpart.

I'm so glad for this remake, and for only a little above the price of the original as well.
Thanks Capcom!",426,1,1,0,153,186,2026-04-07,2026-04-07,419,47,43,43
Game crashes constantly. I am confused why so many people are suggesting this...,80,0,1,0,1,1,2026-04-07,2026-04-07,246,85,31,27
"I got told about the steam releases the day they appeared by a friend. Seriously thought they were joking but man it was a breath of fresh air seeing the OG trilogy here! Re3 nemesis is an amazing game, it features randomized enemy placement, puzzles, and even gives you choices that effect the game. 
At the time of this review I have played 14 hours, beat mercenaries mode, unlocking all the infinite weapons and ammo box. As well as beating the main campaign a couple of times.  I have had zero crashes, or bugs.
A huge negative though is the lack of a proper game menu. You have to click F1 to pull up a settings menu, but have to alt F4 to close the game. Also have to relaunch to change game modes.

I highly suggest that you download either the classic rebirth mod, or the re enhance mod. They will add some missing QoL things, and improve the resolution of the game. Super easy to install as well! 

All in all it was a blast to be able to replay the game from my childhood! Unlocking all it has to offer! I would say buy it if you want to support capcom and show that there is interest in re releasing older era games. I know a lot of negative stems from DRM being in the game, but it really does not affect the average gamer. 

PS: This was released with through partnership with GOG, so if a mod is listed that the GOG version is accepted it will also work here! Cheers!",1389,1,1,0,14,0,2026-04-07,2026-04-07,192,3,935,867
This game should be considered the remake of the remake 11/10,61,1,1,0,0,1,2026-04-07,2026-04-07,0,13,2112,151
great classic,13,1,1,0,0,0,2026-04-07,2026-04-07,0,13,724,181
"My absolute favorite RE game, had such a good time playing this game again",74,1,1,0,1,0,2026-04-07,2026-04-07,0,1,622,622
"At its peak, this was the defining Resident Evil experience. Even after 27 years, it still stands as a great game. It’s unfortunate that the remake felt rushed and didn’t quite honor what made the original so special.",217,1,1,0,1,0,2026-04-07,2026-04-07,0,3,10,10
Add steam achievements!! atleast do something to make it different from the GOG version other than DRM. still a fun time either way but I want extra replayability,162,1,1,0,157,1,2026-04-07,2026-04-07,435,26,7434,1623
I know understand why everyone was annoyed at the remake. This game is amazing. Im so happy they released it on steam :),120,1,1,0,1,0,2026-04-07,2026-04-07,0,5,389,389
"This is, hands down, the best fixed camera RE game. On top of having good resource management, puzzles and exploration, it has very satisfying combat. Even though mechanically it is the same as previous games, there is something about its weapons, sound effects and enemy reactions that make it way more fun than RE1 and 2. RE3 embraces its action and puts a lot of emphasis on it via interesting enemy designs and combat situations while retaining its survival horror roots. And it still has THE BEST crafting system of any RE game. Using gunpowder has so much depth it can help create a unique playstyle each time you revisit it. You wanna focus on your pistol and shotgun, slowly learning to craft enhanced ammo? Go for it. You wanna create a bunch of different grenade rounds to blast zombies into oblivion? Go for it. You wanna mix and match different types of ammo? Go for it. 

This is also the first RE game that introduced creative designs to its boss encounters. Grave Digger fight, treatment plant Nemesis, final Nemesis - all of these fights are designed in a way to beat them with using little to no ammo.

I cannot recommend this game enough. The steam version is fine, but I recommend converting it to the sourcenext version and using the classic rebirth patch. Without it, it has atrocious 3d model warping that looks horrendous.

P.S. Do not mind my 15 minute playtime. When you convert it to Sourcenext version and launch it from the folder, Steam does not recognise you playing it. My playtime of this game across 27 years is close to 500 hours xD",1566,1,1,0,0,0,2026-04-07,2026-04-07,0,3,22,15
"Basically my first game that I EVER played when I was around 6
Masterpiece of a game 
#♥♥♥♥♥♥♥♥♥♥♥♥♥",102,1,1,0,5,0,2026-04-07,2026-04-07,38,2,76,76
Way way way way better than that ♥♥♥♥♥♥♥ they call a remake,59,1,1,0,1,0,2026-04-07,2026-04-07,0,1,285,94
Keeps crashing and there is no support so don't waste your time and money...,76,0,1,0,1,2,2026-04-07,2026-04-07,0,11,223,223
Unmatched aura,14,1,1,0,0,0,2026-04-07,2026-04-19,171,21,1206,1201
everyone should buy this rn,27,1,1,0,1,0,2026-04-07,2026-04-07,0,45,470,425
RE2 worked perfect however RE3 is BUGGY! i cant get passed the intro without the screen freezing and whenever i do  get passed the intro it seems like the game freezes/bugs out when ever there is cutscene. Go ahead and get RE2 BUT NOT RE3.,239,0,1,0,1,0,2026-04-07,2026-04-07,0,1,61,32
"One of the best entries in this franchise. 
A game packed with action that never loses sight of its survival horror roots, and thanks to its random events and branching paths, it’s extremely replayable.
Seeing the streets of Raccoon City evokes a strong sense of nostalgia, with that ’90s vibe, thanks to the beautiful pre-rendered backgrounds, which are far more detailed than in previous installments. 
And that exquisite soundtrack... Who hasn’t paused in a save room just to listen to that calm yet haunting melody?.
This game introduces us to what I consider the most iconic incarnation of Jill Valentine and, alongside her, one of the most iconic monsters in the world of video games: the Nemesis T-Type.

Highly recommended, especially if you’ve only played the remake",775,1,1,0,0,0,2026-04-07,2026-04-07,0,15,809,78
has a really abrupt start but i like that about it though so yeah good game tbh,79,1,1,0,3,2,2026-04-07,2026-04-07,0,50,989,607
"On the same level, if not better in some ways than RE2. Best control scheme, even better than REmake imo. Without a doubt the definitive way to experience RE3.",159,1,1,0,0,0,2026-04-07,2026-04-07,488,96,902,874
one of the games of all time if you ignore those ♥♥♥♥♥ ass fans that say tank controls sucks,92,1,1,0,0,1,2026-04-07,2026-04-07,109,44,1056,606
classic,7,1,1,0,1,1,2026-04-06,2026-04-06,0,6,305,250
"Best Resident Evil game ever. I've bought it on GOG but had to be a consoomer and buy it on Steam, too. I will say, i've had some performance issues as far as the game freezing and resuming after some seconds. Besides that, it's a barebones port but it gets the job done. Capcom, add steam shop items and achievements. It's a bit TOO barebones without them. GOG version runs smoother, i'd say. But if you don't have it on GOG i highly recommend picking this game up. A super fun experience and Nemesis is an actual MENACE in this game. Also, an absolutely amazing soundtrack. Best RE game <3",591,1,1,0,15,2,2026-04-06,2026-04-06,0,12,135,133
she resident on my evil until I 3: nemesis,42,1,1,0,0,0,2026-04-06,2026-04-06,0,1,551,199
Cant wait for the remake.,25,1,1,0,2,2,2026-04-06,2026-04-07,0,2,18,18
"⠀⠀⠀⠀⠀⠀⠀⠀⠀⠀⠀⠀⠀⠀⣀⣴⣶⣦⣤⣤⣴⡖⡦⢄⡀⠀⠀⠀⠀⠀⠀⠀⠀⠀
⠀⠀⠀⠀⠀⠀⠀⠀⠀⣤⣖⣦⡤⢾⣿⠟⠁⣠⡴⠋⠄⣛⣓⣊⠙⠢⡀⠀⠀⠀⠀⠀⠀⠀
⠀⠀⠀⠀⠀⠀⠀⠀⢸⣿⡏⣿⣶⣟⡡⠖⢈⣻⣶⣴⣟⠁⠼⠉⢠⡀⡜⡄⠀⠀⠀⠀⠀⠀
⠀⠀⠀⠀⠀⠀⠀⠀⠸⣿⣀⡿⣿⠟⣁⢂⡾⢻⡟⠀⠙⢿⣝⢿⣄⠁⢹⣽⠀⠀⠀⠀⠀⠀
⠀⠀⠀⠀⠀⠀⠀⠀⢰⣿⣿⡇⣿⣿⣯⣼⡇⢸⣀⣤⡀⠀⠙⢷⣿⡇⢸⣿⠀⠀⠀⠀⠀⠀
⠀⠀⠀⠀⠀⠀⠀⢠⣿⠛⡏⠧⣿⢫⣿⣏⡀⠈⢻⣿⢿⣷⠄⣴⣿⡷⢸⣿⠀⠀⠀⠀⠀⠀
⠀⠀⠀⠀⠀⠀⠀⣿⠏⢸⣿⠟⢿⣞⢀⣸⠀⠀⠈⠉⠈⠉⠀⠉⢉⡇⢸⣿⠀⠀⠀⠀⠀⠀
⠀⠀⠀⠀⠀⠀⠀⢿⣦⡾⠛⠳⣄⣹⣿⠻⣇⠀⠀⠲⢄⣀⣈⣳⡾⠁⢿⠟⠀⠀⠀⠀⠀⠀
⠀⠀⠀⠀⠀⠀⠀⡀⠀⠀⠀⠀⠈⠉⠻⣧⣨⢳⣤⣀⣀⣀⣠⣿⠇⡜⠁⠀⠀⠀⠀⠀⠀⠀
⠀⠀⠀⠀⠀⠀⢠⡗⣂⡀⠀⠀⠀⠀⠀⠘⢿⣶⡴⠿⣏⠉⠉⣵⣿⡷⣶⣦⣄⠀⠀⠀⠀⠀
⠀⠀⠀⠀⠀⣠⣾⠀⣿⡘⢦⡀⠀⠀⠀⢠⡾⠟⢧⣄⣙⡏⠛⠉⠁⠀⠀⠙⢿⡆⠀⠀⠀⠀
⠀⠀⠀⠀⢠⣿⠏⠀⣿⣷⡀⠙⣷⡖⠒⢿⣧⡀⠀⠈⠉⠛⠲⣤⣴⡶⣄⠀⢸⣿⡀⠀⠀⠀
⠀⠀⠀⠀⣸⡯⠀⣸⠋⠿⢷⣾⢛⣀⣀⣀⣈⣿⣄⠀⠀⠀⠀⠀⠙⠳⢦⡀⠀⣿⡁⠀⠀⠀
⠀⠀⠀⢠⣿⠟⣼⠋⠀⠀⠀⡿⠀⠀⠀⠀⠀⠀⠙⢷⣤⢀⢀⠀⠀⠀⠀⠹⣦⣿⡇⠀⠀⠀
⠀⠀⠀⢸⣇⣼⠃⠀⠀⠀⠀⣷⠀⠀⠀⠀⠀⠀⠀⠀⠻⣤⠈⠙⢦⣀⠀⠀⢘⣿⡃⠀⠀⠀
⠀⠀⠀⢸⣿⡇⠀⠀⣰⠂⢀⣿⡄⠀⠀⠀⠀⣀⣀⠀⠀⠈⢳⣤⡀⠈⢑⣤⣾⠟⠀⠀⠀⠀
⠀⠀⠀⠸⣿⣄⠀⠞⢁⣴⣿⣿⠁⠀⠀⠀⠀⠀⠀⠀⠀⠀⢾⠿⢿⣉⢹⠟⠁⠀⠀⠀⠀⠀
⠀⠀⠀⠀⠙⢿⣧⣶⣿⣿⡿⠷⣄⠀⠀⠀⠀⠀⠀⠀⠀⠀⣾⠇⠀⠀⠀⠀⠀⠀⠀⠀
⠀⠀⠀⠀⠀⠀⠈⣩⡿⠋⠀⠀⠈⢉⡉⠓⠒⠦⣄⣠⣤⠞⠁⠀⠀⠀⠀⠀⠀⠀⠀⠀⠀
⠀⠀⠀⠀⠀⠀⠀⣿⠁⠀⢀⣀⣄⢠⠍⠁⢤⣄⢸⣄⠘⠓⣄⠀⠀⠀⠀⠀⠀⠀⠀⠀⠀
⠀⠀⠀⠀⠀⠀⣸⣡⠴⠟⠛⠛⠛⣿⣿⣦⣤⣾⠋⠈⣿⡄⠈⢳⣦⠀⠀⠀⠀⠀⠀
⠀⠀⠀⠀⠀⢠⢃⣿⠞⠁⢀⣠⣾⣿⣿⣿⣿⡇⠀⠀⣿⡇⠀⠈⣿⣿⣿⠀⠀⠀⠀⠀
⠀⠀⠀⠀⠀⢸⣼⠗⢛⣋⢉⣩⣿⣿⣿⡿⠛⢷⣠⣠⣿⣧⣰⣤⣿⣿⣿⣿⠀⠀⠀⠀
⠀⠀⠀⠀⠀⣼⣼⣶⠿⣿⣿⣿⣿⣧⣤⣀⣀⣈⣽⣿⣿⣿⣟⣿⣿⠿⠟⠉⢻⠀⠀⠀⠀
⠀⠀⠀⠀⢸⣟⠓⠞⠉⠓⠒⠒⢶⠒⢲⣶⣶⣶⣶⡖⠻⠋⠉⠁⠀⠀⠀⠀⠘⠀⠀⠀
⠀⠀⠀⠀⢸⡇⠀⠀⠀⠀⠀⠐⠂⢀⣾⡟⠁⠀⠹⣿⡄⠀⡀⠀⠀⠀⠀⠀⠀⣿⡀⠀⠀⠀
⠀⠀⠀⠀⢰⡇⠀⠀⠀⠀⢀⡄⢀⣾⡟⠀⠀⠀⠀⠹⣿⣆⠀⠄⢀⣠⠄⡤⢶⣿⡇⠀⠀⠀
⠀⠀⠀⠀⣼⡟⠦⠄⣀⣠⣊⢀⣾⡟⠀⠀⠀⠀⠀⠀⠹⣿⣦⠀⠀⠒⠒⠒⢛⣿⣧⠀⠀⠀
⠀⠀⢀⣴⠙⣧⡀⠘⠳⠤⣤⣿⡿⠀⠀⠀⠀⠀⠀⠀⠀⠹⡽⣶⣤⣾⠿⣿⠛⣿⣹⠀⠀⠀
⠀⢠⣾⣿⣧⣽⣿⡟⠛⠻⣿⡾⠀⠀⠀⠀⠀⠀⠀⠀⠀⠀⠹⡿⣬⣧⣾⣿⣾⣿⡏⡇⠀⠀
⠀⣸⡇⠈⠛⡿⠿⣿⣿⣿⡿⠃⠀⠀⠀⠀⠀⠀⠀⠀⠀⠀⠀⢿⠿⠻⣟⠋⡁⠀⣿⡇⠀⠀
⢠⣿⠇⠀⣼⠃⠠⣌⣿⡿⠁⠀⠀⠀⠀⠀⠀⠀⠀⠀⠀⠀⠀⠈⢆⣧⢹⡄⢿⠀⢻⣼⡄⠀
⠸⣿⠀⠀⣿⠀⡆⢸⣿⠀⠀⠀⠀⠀⠀⠀⠀⠀⠀⠀⠀⠀⠀⠀⠈⡟⡇⢻⢸⡆⠀⢿⣷⠀
⠀⣿⠀⠀⣿⠀⢻⢸⣿⠀⠀⠀⠀⠀⠀⠀⠀⠀⠀⠀⠀⠀⠀⠀⠀⡇⡇⢸⢀⡇⠀⠘⣿⡀
⡤⢿⢀⣀⢻⡄⡼⢸⣿⠀⠀⠀⠀⠀⠀⠀⠀⠀⠀⠀⠀⠀⠀⠀⢀⣧⡇⠘⠂⢳⠀⠄⢻⣷
⣷⡜⣦⣛⠛⠓⠚⣠⣿⠀⠀⠀⠀⠀⠀⠀⠀⠀⠀⠀⠀⠀⠀⠀⢸⣿⣇⠒⠒⠒⠚⣠⣬⣿
⠻⣿⣦⠭⣽⣶⣿⢿⣿⠀⠀⠀⠀⠀⠀⠀⠀⠀⠀⠀⠀⠀⠀⠀⠈⢿⣿⣿⣷⣶⣿⢿⣿⠟
⠀⠀⠉⠉⠉⠉⠉⠉⠀⠀⠀⠀⠀⠀⠀⠀⠀⠀⠀⠀⠀⠀⠀⠀⠀⠀⠈⠉⠀⠀⠈⠉⠁⠀",1352,1,1,0,3,0,2026-04-06,2026-04-06,0,743,6000,6000
"While it's good to finally see these brought to Steam, they just aren't in a state that a person should recommend buying. There seem to be a bunch of Reviews on here that lean more into the Nostalgia of the titles and convenience of having them available on their primary Platform.

RE2 ran well, but RE3 seems to have a number of bugs that they are just going to openly refuse to work out. First there is a bug where the BGM, basically the game soundtrack, will bug out and play only the opening note of the track in a random area from time to time, leaving you to listen to nothing but a constant buzzing sound instead of the music. 

Second, and most important, there is a random crash that happens when going through doors, one main one is just after you begin as Carlos after the Clocktower fight with Nemesis. And it appears that you just have to cycle through the different compatibility modes in the Properties of the .exe itself to deal with it? Sometimes it works, sometimes it doesn't, it appears to change which compatibility mode will work each time the game turns on as well, meaning that you won't be able to just set it and leave it. 

That and the constant need for an intrusive DRM within the game itself leads me to recommend that the best way to play these games on PC is on GOG, if you are reading this, and considering make a purchase, go to GOG and make it. You'll be much better served with that platform in this instance.",1446,0,1,0,159,6,2026-04-06,2026-04-06,179,9,268,268
"Absolute classic, get it, play it, love it.",43,1,1,0,0,0,2026-04-06,2026-04-06,0,21,388,212
Resident Evil 3: Nemesis (1999) my Beloved.,43,1,1,0,0,0,2026-04-06,2026-04-06,440,16,194,44
"After playing Resident Evil 2 1998, I was excited to start Resident Evil 3. But after nearly six hours, I got really frustrated because my game kept crashing. It made things even worse when, after fighting for about an hour straight on hard mode and having no ink ribbons left, the game suddenly stopped working. So fix it pls.


Edit: Game stopped crashing.",358,1,1,0,0,0,2026-04-06,2026-05-05,0,27,593,593
"The original Resident Evil games are amazing, but I can't say the same about the way that Capcom ported this game to pc. No steam integration, forced drm, and bad settings (basically none) make it a bit tough to recommend, but the game is great so I'd say go for it",265,1,0,0,0,0,2026-04-06,2026-04-06,133,8,636,636
"If you're new to RE, or played Remake of 3, this is a must experience.
Capcom just made suprise drop on Steam.

Watch this quick easy tutorial for these new Steam versions to install Rebirth mod. A must.

https://youtu.be/F_lwcW6GnvM

I prefer keyboard so this allows to remap keys in addition to numerous additions.

As fan of OG since thier release, for first timers. playing with unlimited ammo first time good idea 🙂.
Will make your experience smoother 💫👍.

Was fun playing these again after a long time.",508,1,1,0,6,0,2026-04-06,2026-04-06,193,64,744,329
Incredible game! Much better than the remake!,45,1,1,0,0,0,2026-04-06,2026-04-06,0,22,345,345
"Don't bother. Is essentially the GOG version, with an added layer of enigma drm. Same problems persist from the gog version, those being the game extremely prone to crashing and very picky about supporting controllers, if you have anything outside of a bog standard xbox style controller good luck getting it to work.

Its such a shame cause this is still by far my favorite RE of the entire series, 3 just seems to have a curse of being put through the wringer, be it remake or original. If you want to enjoy this title you're better off putting on your hat, eye patch and peg leg and sailing particular seas, seriously.",621,0,1,0,8,0,2026-04-06,2026-04-06,2959,190,8,8
"DRM on a 1999 game is r*tarded, too bad it's miles ahead of the ""remake"". F*ck you c*pcom",89,1,1,0,1,0,2026-04-06,2026-04-06,36,4,468,468
"You can skip the door cutscenes. After Code: Veronica, playing this felt like becoming a free man.",98,1,1,0,0,0,2026-04-06,2026-04-06,170,40,378,378
"I have played the Sourcenext PC Port, so ignore my playing hours. 
IMO it's the weakest in the trilogy. It's still a good game and is better than Remake in terms of amount of content, but I felt balancing , and this my own opinion, was a bit out of whack in this one. Either way, it's a good game anyway.",304,1,1,0,0,1,2026-04-06,2026-04-06,816,140,59,59
classic masterpiece,19,1,1,0,0,0,2026-04-06,2026-04-06,198,16,1218,646
"My very first and favorite Resident Evil game, played it back on the PS1 and fell in love with it. I have nothing negative to say about this game, 10/10 in my book. Would play this one over the RE3 Remake any day of the week!",225,1,1,0,0,0,2026-04-06,2026-04-06,0,6,18225,4138
"Nemesis is my absolute favorite stalker in the entire Resident Evil franchise, and this game is a really great survival horror experience. It was an experience that I clearly enjoyed enough to buy the game on here so that I can now own it on PC forever.

Would recommend to anyone trying to get into Resident Evil, although you should definitely get the Classic REbirth mod in order to play the game without the weird wobbly models that aren't in the console versions, as well as mods for higher quality textures if that's your thing.",534,1,1,0,0,0,2026-04-06,2026-04-06,182,20,60,28
All these are gonna have to catch a negative from me til they make steam overlay work without me having to do it myself,119,0,1,0,2,0,2026-04-06,2026-04-06,333,197,25,25
"Meu clássico favorito da franquia, uma joia que o remake nunca vai estragar!",76,1,1,0,2,0,2026-04-06,2026-04-06,36,2,231,225
"The real, the canon, and the only Resident Evil 3, period.",58,1,0,0,1,0,2026-04-06,2026-04-06,165,60,247,198
This game ♥♥♥♥♥♥♥ rules. It holds up so well even in 2026. Its a must play as an RE fan,87,1,1,0,0,0,2026-04-06,2026-04-06,238,19,514,514
Actual peak. I don't know what capcom was thinking directing the remake to be so unfaithful compared to the others,114,1,1,0,0,0,2026-04-06,2026-04-06,196,12,119,119
Comparing this game to the 2020 remake is like comparing ♥♥♥ to a 3 Michelin star meal. Of course the thick beautiful tasty ♥♥♥ 🤤 is gonna be better than an overpriced meal.,173,1,1,0,0,0,2026-04-06,2026-04-06,0,15,1060,1060
11/10,5,1,1,0,0,0,2026-04-06,2026-04-06,0,18,600,225
nemesis is still the evilest of evil residents,46,1,1,0,0,0,2026-04-06,2026-04-06,311,197,470,470
"The final game in the PS1 trilogy. With more mechanics, more enemies, and the introduction of one of the most iconic villains ever made, Nemesis. It does not hold back in its presentation which is just unforgettable for me. The world design, music, and gameplay is at its peak here in my opinion, and it's an all-timer for sure!",328,1,1,0,0,0,2026-04-06,2026-04-10,492,19,245,199
"top 5 RE games, mechanically wayyy more impressive than the remake which came out 21 years later, 9/10.",103,1,1,0,0,0,2026-04-06,2026-04-06,0,19,789,541
is this my love,15,1,1,0,0,1,2026-04-06,2026-04-06,0,6,72,38
Classic game runs great on windows 11 but downside no ingame recordings screen shots and more just stand alone base game!!,122,1,1,0,0,0,2026-04-06,2026-04-06,56,60,199,199
"Finally playing this after the remake, and honestly and I am upset that this game has not gotten the remake it deserves, seeing how they implemented minute mechanics in the remake of what this game offers is just so disappointing, and shocking since CAPCOM is not like this not with this franchise at least. Nonetheless, this game is pure gold,  the game runs excellent no issues there, puzzles are actually hard, looking for the files is challenging and I love it. I will forget that there was ever a remake after I played this.",529,1,1,0,0,0,2026-04-06,2026-04-06,113,6,626,626
I love being chased since 1999.,31,1,1,0,0,0,2026-04-06,2026-04-06,0,12,649,646
DRM bad but game good,21,1,1,0,0,0,2026-04-06,2026-04-06,274,12,386,386
"I love this game, its my favorite of the fixed camera Resident Evils and I think everyone should play this especially over 3 remake. This port really sucks, you can't change controls and the default controls are horrible and windowed mode doesn't work. I tried using Steam Input but it would disable mid game so I used an 8Bitdo and changed the controls on there. 

Gameplay wise this game is awesome, the nemesis fights are the best mechanic in the series and they haven't done something like it since. Jill isn't my favorite protagonist but she is miles better in this game than 3 remake. We will be setting off explosives in Oklahoma when Code Veronica remake is announced. - Sent from my Steam Deck ™",704,1,1,0,0,0,2026-04-06,2026-04-06,317,53,934,912
u da real re3,13,1,1,0,3,0,2026-04-06,2026-04-09,0,21,490,490
"[h3]Loved it, can't wait to play the Remake![/h3]",49,1,1,0,0,2,2026-04-06,2026-04-06,406,40,919,919
The OG. It's good to be back after few decades. The NOSTALGIA is sooooooooooooo strong!,87,1,1,0,1,0,2026-04-06,2026-04-06,0,3,300,254
amazing,7,1,1,0,0,0,2026-04-06,2026-04-06,435,71,795,535
Supporting this in the hopes that CAPCOM give us a proper remake of this game.,78,1,1,0,0,0,2026-04-06,2026-04-06,0,18,626,504
"Having a good time playing exclusively on the Steam Deck. 

Things to note:
-No Cloud Saves 
-Must use custom or community controller layout 
-Playing at 30fps to save Steam Deck battery is NOT recommended it slows the entire game down making it feel unresponsive and sluggish.",277,1,1,0,0,0,2026-04-06,2026-04-08,407,121,872,683
"7.5/10
The moment I saw the steam release for original RE3, I just knew I had to grab and play it immediately, as I've heard of the horror stories that is the RE3 Remake. Finally finishing this game, while it did meet my expectations for a classic style RE game, I do think it is weaker compared to the other RE titles, especially when comparing it to its previous brother, RE2.

Story
The story in RE3 is pretty weak. While the dynamic between Carlos and Jill was an interesting point, and the desperation between the two to get tf out of Racoon City, narratively, I did not have that much of an investment as I did with the RE2 story. It did still help me stay with the game, but I will remember this game for its gameplay more then its story. What I did enjoy was the tension between the group and Nikolai, as while the betrayal wasn't that surprising, I did enjoy his role of being the mole in the group, having ulterior motives, and just overall being a massive ♥♥♥♥, killing members without explaining it to Jill or Carlos. The main thing to takeaway from RE3 is what was occurring on the streets during Racoon City... pure and total chaos, I am so sorry you had to have Nemesis chasing you the entire game Jill lmao.

Characters
The characters are the better aspect of RE3, not the story. Jill and Carlos have a pretty good story arc, with Jill's desperation running away from Nemesis being super fun to experience. I do wish that There were more times when they stuck together, as the game had them separate for 95% of the game, but the few times they do connect I did enjoy the most, even if he never shows up ever again in future titles. While most RE games have the characters trying to uncover the greater Mystery, Jill... honestly don't even care about what Umbrella is since she already knew about it back in RE1, she just wants to live. It is a funny refresher cause literally every other RE game is mystery unsolving, but nah Jill don't give af about any of that LMAO. I did like the segments with Carlos trying to hard to cure Jill after she gets infected, easily my favorite character moment between them. Overall The cast was pretty cool, but not my favorite of the original RE trilogy.

Gameplay
This is what people talk about when it comes to the big 3. Honestly, yeah, RE3 gameplay is pretty good, but apart from Nemesis, I think that comes from the fact that they give you SO MUCH ammo, that resource management never really became an issue for me even on hard mode. However, Those nemesis sections were just so damn good that its easy to see why its so beloved. I do think that RE3 was pretty easy overall cause without the resource management, its pretty easy to blast through hordes. The boss fights however is when the game does become challenging. The nemesis fights especially leave you with little breathing room, so you do have to learn the dodge mechanic to deal with him. The dodge mechanic speaking of is quite frankly, mixed? I love the addition as it adds to the more action oriented focus of RE3, and when it works boy does it feel good. However, the dodge mechanic has some major flaws to it. One, its mapped to the same button as aiming, meaning to dodge, you have to time your aim. What that causes is not only unintentional dodging, but moments where after you dodge, your character randomly aims again, causing you to get hit again. The game also doesn't really  balance the dodge mechanic, as some enemies like zombies don't have telegraphed attacks, so you just have to know when they attack. Nemesis thankfully, is pretty telegraphed so thats when the dodge mechanic shines. The tank controls, I didn't mind. I like these classic controls and it does add to the horror element, when it does feel painful is when you are bum rushed by bosses and have to turn around, but get staggered in between. Apart from that, I like RE3 gameplay, even if I wish it was more difficult.

Music
A ton of reused songs from classic RE games, but overall I did enjoy it. A ton of the song just add to the fact you are exploring a ruined city, people screaming, gunshots everywhere and just overall chaos. The obvious songs being city of ruin and city without hope. The song to get the most out of me is easily Nemesis theme, every time that song played while I was exploring oh my GOD the chills that went through my spines felt so damn good.

Last positives/Nitpicks
-The PC port is barebones, don't expect anything more then what you would get from emulation. Default Keyboard controls are also hilariously bad so rebind those asap.
- Fullscreen crashed way too often, switching to Windowed mode fixed that.
- It is way too easy to accidentally skip cutscenes, so many times I had to look up a longplay cause I tapped interact while running or shooting.

Conclusion
While RE3 isn't my favorite of the RE games, I do still recommend purely for those Nemesis sections. There's a reason people point to this game when they talk about being chased the entire game in RE games, even if everything else isn't crazy
7.5/10",5043,1,1,0,0,0,2026-04-06,2026-04-06,297,81,1030,1030
"Bu oyunda olup remakete olmayanlar:
Jillle RPD 
Park
Factory
Live selection
Sizi sürekli gibmeye kosan nemesis
RC içindeki bir sürü yer

Akıl sağlığınız şu kontrollere dayanabilirse oynayın",197,1,1,0,4,0,2026-04-06,2026-04-06,241,12,180,180
"One of the greatest survival horror games of all time.

And I say this as someone who is also a fan of the remake.

Compared to the remake, this game is simply a better composition overall. The pacing is much better, and everything feels more fleshed out and deeper.

Having said that, in the remake we did get the best ever look at Raccoon City's descent into chaos and how that downfall paralleled Jill's mental state. The story was presented as an analogue to Jill overcoming the grief and anxiety of the Mansion Incident - with that mental anguish seemingly manifested as the inescapable Nemesis. Thematically - it was superb.

If Capcom could have just preserved more of this original game in the remake - then I think that could have been an incredible experience. But unfortunately the remake is missing a lot.

Now - all of this is just to say: If you only play one version of Resident Evil 3, play THIS one.

But I recommend playing both.

And if you've only played the ""modern"" Resident Evil games, try one of these older ones.

Tank controls are a small price to pay for the cinematic camera. If Capcom HAS THE STONES they will bring back  fixed-camera at least as an option. If Requiem can have first-person and third-person options, we can have fixed-camera as an option!",1284,1,1,0,5,0,2026-04-06,2026-04-06,1178,60,820,820
"apesar de precisar de alguns mods pra deixar visualmente mais bonito o jogo é BOM DEMAIS
a historia não é das melhores, mas ainda sim é MUITO, mais MUITO MSM melhor que o REMAKE

faltou ter achievements, mas nao muda a experiência",230,1,1,0,0,0,2026-04-06,2026-04-06,136,7,903,678
Woke alert!! First off I’m not playing as a female only character who is girlbossing her way around the city. This type of communist propaganda is peak Hollywood degeneratecy. Stat alpha-male maxxing by consuming only hetero straight white male games instead of feminized wokemaxxing cringe slop that’ll turn you into a dress wearing mutated freak-cel.,352,0,1,0,3,19,2026-04-06,2026-04-06,0,59,19,19
its fun but sadly its short and has no replayabilily,52,0,1,0,0,1,2026-04-05,2026-04-07,130,144,101,101
Yakın zamanda Code Veronica X'i de getirmeniz dileğiyle. Xoxo,61,1,1,0,1,0,2026-04-05,2026-04-05,0,15,719,719
YOU WANT STARS? I'LL GIVE YOU STARS!,36,1,1,0,1,0,2026-04-05,2026-04-05,0,28,349,336
Has a lot of cut content in it like people said and it was fun to see the extra areas and puzzles. Don't expect something with amazing combat though. Standard tank controls and running for your life are the name of the game.,224,1,1,0,0,0,2026-04-05,2026-04-05,244,24,579,579
"Technological innovation is for beta cucks
This is where alphas feast",69,1,1,0,5,0,2026-04-05,2026-04-05,369,39,117,62
You want S.T.A.R.S? I'll give you S.T.A.R.S!,44,1,1,0,0,0,2026-04-05,2026-04-05,289,17,345,231
Real,4,1,1,0,0,0,2026-04-05,2026-04-05,0,40,2812,7
"Having played the remake first, encountering Nemesis went from ,,Oh, hi"" to ,,Why are you here please leave me alone"".",118,1,1,0,2,0,2026-04-05,2026-04-06,131,23,593,356
"Absolutly incredible game, and shockingly scary even after 27 years. 
BUT Not a good port, playable with some tweaks and alot of setup, but annoying that some games from the same era have ports that work out of the box.

Played on steam deck and had to use steam input for controlls because the ingame controll setup didnt function correctly",341,0,1,0,0,0,2026-04-05,2026-04-06,427,66,423,204
"September 28th. Daylight... The monsters have overtaken the city. Somehow... I'm still alive...

Welcome",104,1,1,0,6,0,2026-04-05,2026-04-05,196,26,707,317
"It's Exactly the old RE3 i used to replay as a kid. Back then we had no internet access and we used to play and re-play the games we had already installed on pc. After so many years. i still remember every ""inch"" of this game. It is one of the legendary games of PS1 era.
The limitation of hardware made the games much more interesting back then. You need to explore yourself every possible option in order to solve puzzles or find items or find the ""forward"" path. Although RE3 is more action-like it still holds the RE identity with its soft puzzles and riddles.

I'm very happy to have this game in Steam Library, the only things this game needs is:
-Steam Achievements (I've already done a no save run, i'll gladly do it again.)
-Steam Overlay.",748,1,1,0,0,0,2026-04-05,2026-04-05,459,78,181,181
Its overall a decent way to experience an all time classic. Yeah it would be good if it had achievements and didn't have a DRM attached to it. But it is still a good way to play it. Its pretty much the GOG release brought to Steam.,231,1,1,0,1,0,2026-04-05,2026-04-05,238,10,64,64
crashed on me like 3 times. ty capcom,37,0,1,0,2,0,2026-04-05,2026-04-05,287,39,32,32
yea the remake is an embarrassment,34,1,1,0,4,0,2026-04-05,2026-04-05,298,74,565,565
"Greatest of the OG trilogy .. a goodbye to the franchise as we first knew it .. 

PS: Watch out for the easy mod, autoaim is a B.*)h .. oh and Steam overlay works here!!! Still no achievements thou .. 

Nuff said",212,1,1,0,0,0,2026-04-05,2026-04-05,490,70,451,451
Carlos ugly asf here but the game's better than the remake,58,1,1,0,2,0,2026-04-05,2026-04-05,88,13,797,244
"The real Resident Evil 3! So I had never played this game until till now since I was very young when it came out and I only remember bits and pieces from watching my parents play it. I did play the remake and you can see in my review of that game, I did not enjoy it all really. I even replayed the remake recently after it was super cheap on a steam sale, mainly just for the achievements. Well color me surprised when just after I finish that Capcom drops the GOG ports of the first 3 games onto Steam. So after finally playing through the original game now, what did I think?

Starting with the visuals, I really love how this game looks. Obviously its PS1 graphics so it’s going to look very dated with blocky character models, but I have always loved the PS1’s graphical aesthetic and it definitely gave me a lot of nostalgia. The characters' faces are very static which is the one thing I don’t like, but otherwise the presentation is good in my book and the cinematic cutscenes still look pretty good.

The OST is incredible with the save room music being the most iconic but even the tracks that play while exploring Raccoon City really give off a feeling of bleak hopelessness as the city is all but desolate with the few survivors you come across either being already dead or are about to be killed by a zombie. And the voice acting overall is actually pretty good, with the only real cheesy one imo being Carlos’s voice.

Gameplay wise, it's your classic survival horror fair with the game playing differently depending on if you pick either easy or hard mode. Easy gives you all the best guns at the start and unlimited ink ribbons, so it’s a good mode if you just want to play for the story and then Hard mode is your more traditional Survival horror experience with limited ammo and resources. The ammo crafting is great too with it working basically the same as the remake, only Jill improves over time and will craft more bullets from the powders you pick up.

I also liked how the first half of the game treats Raccoon City like a Spencer Mansion or RPD Police Station, in that you run around, solve puzzles and unlock previously locked doors. And I honestly loved this version of the city. The remake had a decent section like that too, but here I thought it was just the right amount of puzzle solving and combat. After that you move from small area to small area, but the gameplay loop remains the same which is good. But come to think of it, a lot of the sections from the remake are still here, it’s just the remake switched the order of them around and simplified some of them.

Then there’s the two main features of this game being the live selection system and Nemesis himself. The live selection is pretty cool as it gives you different routes through the story with some having you enter different areas depending on the choices you make. It leads to good replay value and I like the idea of it. Then there’s Nemesis who is just as scary as I remember him when watching my parents play the game as a kid. His iconic “Starsssss” line is still great and he’s an absolute tank when you do decide to take him on, often taking tons of grenade rounds to even go down and he’s fast. The only thing I don’t like is his grab move can be quite annoying as he throws Jill around like a ragdoll and you often have to fight with the controls to even get her to stand back up, and by then you have like a split second before Nemesis grabs you again, often using his one hit death grip which lead to many deaths for me.

Then you have the story, which is decent for Resident Evil standards. Obviously picking up and reading the notes helps you understand things better but the actual story told in the cutscenes is straight forward but good. I was actually quite surprised at the encounter you have with that one dude at the start that hides in the truck. In the remake, he just comes off as being difficult as he refuses to go with Jill, but in this version, you actually get some more context to his character which I won’t spoil but it made his cynical, desperate outlook a lot more understandable. Guess it was too much for the remake to include.

Overall, this was an awesome time and I’m glad they have brought the classic trilogy back. I had heard this game was short but it actually took me 10 hours on my first playthrough, when the remake took me at most half that time.",4392,1,1,0,4,0,2026-04-05,2026-04-05,0,138,1041,626
"what a ♥♥♥♥♥♥♥ port, keyboard is barely implemented",51,0,1,0,1,0,2026-04-05,2026-04-05,106,19,752,73
It might be old but remember old is gold,40,1,1,0,1,0,2026-04-05,2026-04-05,0,2,108,82
"O jogo está injogavel, a jogabilidade está ruim, os movimentos, alguém sabe de algum patch para consertar isso?",111,0,1,0,0,0,2026-04-05,2026-04-05,0,1,16,16
Classic,7,1,1,0,0,0,2026-04-05,2026-04-05,0,1,250,250
yer no dont play this level design is awful,43,0,1,0,1,5,2026-04-05,2026-04-05,146,28,519,293
Better than the remake for sure.,32,1,1,0,0,0,2026-04-05,2026-04-05,0,231,375,374
nemesis is a pain in the ass,28,1,1,0,0,0,2026-04-05,2026-04-05,0,5,516,515
"this is cool but youre getting the same experience as if you just emulate the games, not much reason to pay money for these ports.",130,1,1,0,0,0,2026-04-05,2026-04-05,138,27,63,12
unbelievable game so glad this is now on steam,46,1,1,0,0,0,2026-04-05,2026-04-05,252,90,796,597
As a new RE fan i can 100% say that you should play this over the remake. The tank controls are not that hard to get used to and its absolutely worth it to play the real Resident Evil 3.,186,1,1,0,51,1,2026-04-05,2026-04-05,0,11,466,466
Tedious puzzles but it's good,29,1,1,0,0,0,2026-04-05,2026-04-05,174,70,513,513
S.T.A.R.S,9,1,1,0,0,0,2026-04-05,2026-04-06,0,2,1238,1238
Hey Capcom! Can we please have a remake for this game!! We could call is Resident Evil 3.5 Nemesis! All jokes aside i had no clue how much better the OG version is compared to the remake. This game was so much longer and had so much for content.,245,1,1,1,3,0,2026-04-05,2026-04-05,428,148,1834,1834
"Playing on PC. Game randomly crashes for me and I lose my progress every time, I tried different settings and it still crashes randomly. Sucks because I love the originals and wanted to play this again.",202,0,1,0,0,0,2026-04-05,2026-04-05,0,19,28,28
Hard,4,1,1,0,0,0,2026-04-05,2026-04-05,765,47,850,656
Probably wouldn't recommend in it's current state. My playthrough consisted of regular freezing - apprently due to the DRM feature. Not to mention no Steam Deck support or cloud save support. Great game with a currently bad release.,232,0,1,0,0,0,2026-04-05,2026-04-05,0,2,524,524
"Even tho I was late with this game, it was a great game to play on the PS Vita

Shame that I didn't play it on the PS1 or the PS2 in the good old days

8/10 for my battles with Nemesis",188,1,1,0,0,0,2026-04-05,2026-04-05,158,25,241,166
Possibly my favorite Resident Evil of all time. Thank you Capcom for releasing this orig. trilogy on Steam!,107,1,1,0,5,0,2026-04-05,2026-04-05,0,23,250,248
S.T.A.R.S!!!,12,1,0,0,1,0,2026-04-05,2026-04-05,0,1,820,555
"Absolute classic, must play. Could be more polished, had trouble configuring my controller on Linux (had to play on keyboard). Controller mapping sometimes is confusing. But, in overall, is very good game.",205,1,1,0,0,0,2026-04-05,2026-04-05,0,17,478,478
"Well... the game work. Although unfortunately the game is basically raw, old, without much improvement for modern platform. No achievement, no cloud saves, wonky audio issues where my left ear is partially deaf, etc. The only modern treat they got is... well, that this 25+ years old game has a DRM. I guess they set their priorities straight. Nonetheless it's still a great game, I think it also great for new players who prefer less horror elements, and most importantly, the Remake ♥♥♥♥♥♥♥ sucks.",499,1,1,0,0,0,2026-04-05,2026-04-05,42,3,571,110
"I dislike fixed cameras in older games, so I went into the game dubious on if I would enjoy it. However, I ended up being wrong.

Was easy to manage and wasn't janky at all like I was expecting with the movement. Had a fun time playing through the game, more enjoyable than RE3R, didn't feel hard to play plus the puzzles were easy to grasp. Was a shorter game, completing it in 8 hours but it is worth the price. Interesting to see the differences between RE3 and RE3R, which I can see what people say when Nemesis ended up being butchered in the remake lmao.

In this game, while the ""STARS"" voiceline from Nemesis is pretty goofy, he actually genuinely is terrifying regardless, especially hearing the song ""Feel the Tension"" (Nemesis' theme) playing in the adjacent room followed by him sometimes entering your room and chasing after you is horrible LOL. And also, there's alternative paths in this. You can choose options on what to do which will lead to different scenarios, so the game has replayability along with a mercenaries mode, all in the base game.

So yeah, do play this game over RE3R; It is peak.",1114,1,1,0,40,0,2026-04-05,2026-04-05,74,12,482,481
"It doesn't work on steam deck, please fix it",44,0,1,0,1,0,2026-04-05,2026-04-05,0,1,1072,9
Thank you! Steam! This is the best RE game I ever play!,55,1,1,0,0,0,2026-04-05,2026-04-05,0,8,657,189
"straight cash grab
no matter the settings i use, character models seem to tweak out like they have 2 face's /bodys
game will completely lock up and crash if controller disconnects.",182,0,1,0,2,0,2026-04-05,2026-04-05,0,34,86,86
I get maternal over Nemesis he's a big puppy to me awww go get those S.T.A.R.S. hon good job awwww big baby bioweapon awwww :],126,1,0,0,1,1,2026-04-05,2026-04-05,412,10,6135,2258
"My personal favorite out of the original PS1 games. The only game in the series that surpassed this was the 2002 RE1 Remake. Its a shame RE2 and 3 didn't get THAT remake treatment.

The 2020 remake failed to reproduce this game in any decent matter, leaving out most locations (Press office, most of the streets in both up and downtown, the clock tower, park, gas station, cable car, graveyard, and dead factory, along with every single puzzle, and the gravedigger boss fight). They also removed the quick decisions mechanic that allows for slightly different outcomes throughout the story and gave a bit more replay value. Also, they neutered the best boss character in the entire series in every aspect from design to behavior, and destroyed Jill's characterization along the way. The hopeless atmosphere displayed here is completely absent, and not having Jill go to the RPD was a mind boggling decision. The most iconic scene of the entire game is arguably Brad's death by Nemesis. 

I digress..

Compared to it's predecessors this game is a bit more challenging as the enemies are more relentless and in greater quantity, but there are new tools to combat this: ammo crafting, quick turnaround, and a rather tentative dodge mechanic. I've seen complains about the length, but my average RE2 playthrough is roughly 3 hours, and this is about 4.

The only complaint here is Capcom doesn't see these originals as important or canon either. These are not really remastered in any sort of sense, and there aren't any achievements. While I'm glad I don't have to pull out my PS2 and disc to play this, it screams low effort on Capcom's part.


Regardless of all that, this is the first RE game I bought new when it came out in '99. It will always remind me of being a carefree child in the 90s. Big nostalgia with this one and it will always have a special place in my heart.",1874,1,1,0,0,0,2026-04-05,2026-04-05,0,56,361,361
"Get it from GOG. Gay ass DRM.


(_)_):::::::::::::::::::::D ~~~~F U Crapcom~~~",81,0,1,0,6,1,2026-04-05,2026-04-05,98,10,19,19
G(Old) Nostalgia,16,1,1,0,0,0,2026-04-05,2026-04-05,0,14,943,54
"This is a general review for all three classic Resident Evil games on Steam.

I'm very thankful that these amazing games are finally available on the platform, they deserve to be more accessible. However, these ports unfortunately suffer the same issues as the Dino Crisis ports. DRM is forced onto you, making the games harder to run on the Steam Deck. Although, it is possible to configure them to get 'em running. 

RE2 and 3 are the easiest to work with, while RE1 still has a bug that (as far as I know, still isn't fixed). The game runs fine, and the audio works great, only issue is that the FMVs are really small, making them hard to see. The rest of the game seems to fine, however. Again, this problem only exists in RE1 for some reason. RE2's FMVs work with GE-Proton, and RE3's work without Proton at all. It's really strange.

If it's your only option, sure. These will work fine. But if you want little-to-no hassle, get them on GOG.",947,0,1,0,70,8,2026-04-05,2026-04-05,188,43,596,23
Nemesis made me poop my pants :),32,1,1,0,0,0,2026-04-05,2026-04-05,0,116,674,656
"pretty good, I liked all parts of the game which is uncommon for a resident evil game",85,1,1,0,0,0,2026-04-05,2026-04-05,137,8,443,443
such a peak game i beat it!,27,1,0,0,0,0,2026-04-05,2026-04-05,167,26,377,304
One of the greatest Resident evil games and a great version to play it on. Love that they added built in door skip so no need for mods and since its the PC version you get all the costumes options right off the bat. Highly recommend picking it up!,247,1,1,0,0,0,2026-04-05,2026-04-05,0,6,409,408
"I love you Jill "" I'll give you stars"" Valentine.",49,1,1,0,0,0,2026-04-04,2026-04-04,0,12,431,431
I'm absolutely in love with the first thirty minutes to half an hour of the game as it's all I've been able to play. It has deleted my save game twice after closing the game. Thank you CapCom,191,1,1,0,0,0,2026-04-04,2026-04-04,133,4,200,186
Lazy developers.,16,0,0,0,6,2,2026-04-04,2026-04-04,16722,199,32,32
,0,1,1,0,0,0,2026-04-04,2026-04-04,0,2,1329,1329
good,4,1,1,0,0,0,2026-04-04,2026-04-04,48,8,1726,266
jills so hot its not funny,26,1,1,0,0,0,2026-04-04,2026-05-05,13,6,347,347
meow,4,1,1,0,0,0,2026-04-04,2026-04-04,100,46,582,301
"Amazing game, half-baked port",29,0,1,0,4,0,2026-04-04,2026-04-04,0,6,14,14
"Works, but pissed the first two doesnt work on linux due to DRM ... Crapcom",75,0,1,0,5,0,2026-04-04,2026-04-04,336,34,47,7
ughh... drm?? i feel like im going to throw up....  (i dont know what that is and i dont care either) 10/10,107,1,1,0,3,0,2026-04-04,2026-04-04,0,51,388,388
"So worth it, especially if you have only played the remake. Only bad part is DRM is kinda lame, but very good otherwise.",120,1,1,0,1,0,2026-04-04,2026-04-04,566,24,463,461
"Now I see the vision, so much better than the remake. But the remake still has a special place in my heart. 10/10 Game.",119,1,1,0,2,0,2026-04-04,2026-04-04,198,18,584,584
You want S.T.A.R.S? I'll Give You S.T.A.R.S,43,1,1,0,4,0,2026-04-04,2026-04-04,757,50,53,53
"I have hundreds of hours on this game, simply the best resident evil game of all time perfect",93,1,0,0,18,2,2026-04-04,2026-04-04,491,19,78,60
"I told you, I'm not leaving! *Never*! Just get away from me!",60,1,1,0,0,0,2026-04-04,2026-04-04,140,24,123,123
good game play,14,1,1,0,0,0,2026-04-04,2026-04-04,79,5,641,641
idk if its just me but the controls for controller are messed up. And there are hella visual bugs. yall gtta fix ts. anyways i refunded it after abt 10 minuites cuz i couldnt jump over the dumpster in the fist part and i cant ffind the settings.,245,0,1,0,3,0,2026-04-04,2026-04-04,40,22,18,18
93%,3,1,1,0,4,0,2026-04-04,2026-04-04,811,548,223,223
Phenomenal game. Way better than the remake.,44,1,1,0,2,0,2026-04-04,2026-04-04,0,57,527,527
"Bom demais, recomendo!",22,1,1,0,0,0,2026-04-04,2026-04-04,136,4,362,291
"[i] It all began as an ordinary day in
September. An ordinary day in Raccoon
City. A city controlled by Umbrella.

No one dared to oppose them. That
and the lack of strength would
ultimately lead to their destruction.

I suppose they had to suffer the
consequences of their actions but
there would be no forgiveness. If only
they had had the courage to fight...


But it's true that once the
wheels of justice began to turn,
nothing can stop them. Nothing.

It was Raccoon City's last chance...
And my last chance, my last escape... [/i]",537,1,1,0,0,0,2026-04-04,2026-04-04,165,97,28,28
stars...,8,1,0,0,0,0,2026-04-04,2026-04-04,0,15,199,184
"The OG RE3 blows the Remake out of the water. I played this on my PS1 for the first time years ago. I could tell they cut so much of the story out of the Remake, but my memory was a bit blurry. I've just finished the original, and can confidently tell the Remake misses so much story content from the original, and also is soulless. If you are okay with tank controls, buy the OG, and mod it with HD textures, and play it. Skip the Remake (unless you buy it for like a dollar).",477,1,1,0,31,0,2026-04-04,2026-04-04,426,50,390,390
"Today I have finally finished this classic. When I was younger I played this gem a lot but due to my lack of english knowledge, it was pretty much a guessing game of what to do next. I remember spending hours just running back and forth trying to figure out what to do next.

For the low discounted price it was released at, I thought 'why not give it a shot again?' and the memories instantly started flooding back! ""Oh this is where Nemesis shows up! There's that blue gem that I always kept with me for some reason even though the game explains right at the start it's for unlocking something later on!"" and then the cerberus and those bug things that always freaked me out.

The controls are something to get used to, but not difficult to grasp at all. It doesn't help that you're thrown right into combat the very first second you gain control over Jill but hey! Different times!

If you liked the remaster, and don't mind the graphics (which were pretty sweet for the time), I would really suggest giving this classic a try as well to experience what the remaster is based on.",1088,1,1,0,0,0,2026-04-04,2026-04-04,636,16,345,345
Zena bezi od silovatelja 10/10.,31,1,0,0,0,0,2026-04-04,2026-04-04,139,52,142,111
"Instantly became one of my favorite Resident Evil games. This is survival fricking horror man. 
The old controls are suprisingly easy to get into.  The city feels huge and dangerous.
It gives us a choice of fighting or not fighting boss battles this is very unique in the series.",279,1,1,0,2,0,2026-04-04,2026-04-04,0,11,303,232
"Jill ""mommy"" Valentine (OG) and STAAAAARS",41,1,1,0,5,0,2026-04-04,2026-04-04,0,27,80,80
"This is one of the best old Resident Evil titles made. Despite being an old game made for antique consoles, the combat is one of the best in any RE ever. The choices made throughout the game is one of the coolest features, giving it lots of replayability. The game wasn't confusing, I managed to do all puzzles without having to think much about them and collected most of the optional items. Way better than the remake for sure.

p.s capcom plz remove DRM, we dont need it. the game has already been pirated for more than 20 years. let us mod this  game cause no one is going to spend money for the gog version.",612,1,1,0,1,0,2026-04-04,2026-04-04,51,21,364,364
"Good for PS controller, I can't handle keyboard input that I was expected. I can't even found input mapping menu. Gameplay is fine as usual with 2026 standard graphic options.",175,1,1,0,0,0,2026-04-04,2026-04-04,0,45,502,375
"Love that Capcom' brought this to steam and cannot wait to get through all the RE originals again and ofc will be revisiting dino crisis after, the only annoyances being no steam overlay and possibly achievements not being there like maybe there could be a RE4 2005 amount (~12), but overall just having the port to steam is enough. Thanks Capcom!",347,1,1,0,0,0,2026-04-04,2026-04-04,87,68,90,86
OG,2,1,1,0,0,0,2026-04-04,2026-04-04,55,15,102,57
"After finally playing through the original RE3, I have to say that it is a much better game overall. The remake feels rushed and a lot of content is missing or was rewritten/reimagined in some weird way. In this game, Nemesis actually chases you through the streets of Racoon City, whereas in the remake he was demoted to QTEs and some small boss fight encounters. I prefer every aspect of this game over the remake, except for the gameplay and the graphics. A directors cut or something similar would be a great idea to bring the remake more in line with the original.",569,1,1,0,6,0,2026-04-04,2026-04-04,381,39,516,516
"STAUNCH defender of 3. I've always considered RE2 to be Part 1 of the Raccoon City story of the OG RE trilogy, and RE3 is the Part 2 finale where that story comes to a close. 

This is where the transition between survival horror and action truly became complete for the series, but that being said, there's still a decent amount of ammo conversation and deciding when and where to pick your fights--so long as you're playing on Hard. Playing on Easy when you're gifted all these powerful weapons at the start will rob you of the game's intensity otherwise. In many ways, 3's combat feels like a precursor to 4--feeling backed into a corner, taking on waves of enemies, constantly swapping out weapons in your inventory based on enemy type, enemy amount, how much ammo you have for each gun--it's action packed.

Also, ever wanted to explore Raccoon City during the absolute thick of the outbreak? You can in 3--and Raccoon City is absolutely sprawling. In RE1, you explored a claustrophobic mansion. In 2, you explored a claustrophobic but a bit more spacious police department. In RE3, you have the city to explore, with excellent map design that still manages you make you feel trapped in the back alleys and ruined streets of the city, as well as numerous different buildings to explore including public parks, gas stations, stores, the RPD, parking garages, cemeteries, a great hospital section, and an even better Clock Tower segment.

I never understood why people tried to dismiss 3 as ""not a true sequel"", especially since the 3 was slapped on later as the game was being developed to make it an official sequel, because it already is an official sequel to 2 in all ways. Absolutely positively destroys the mediocre ""remake"" that came out six years ago. This version absolutely surpasses it.

Also, you get to play as the best RE girl.",1844,1,1,0,1,0,2026-04-04,2026-04-04,0,81,229,35
5/10 residents were not that evil ig,36,1,1,0,0,3,2026-04-04,2026-04-04,0,5,469,469
The greatest game of all time,29,1,1,0,0,0,2026-04-04,2026-04-04,267,2,617,30
"Amazing game, if you have the chance to play it do it, playing it on controller feels so good, the gameplay is nice and fun, just do it",135,1,1,0,0,0,2026-04-04,2026-04-04,73,19,715,258
THE GOAT,8,1,1,0,1,0,2026-04-04,2026-04-04,0,8,474,447
this game marked my childhood playing on ps1 what a such memories,65,1,0,0,1,0,2026-04-04,2026-04-04,0,9,95,85
Better than the remake.,23,1,1,0,1,0,2026-04-04,2026-04-05,255,34,582,582
"hands down one of the best resident evil games, now I get when people say RE3 Remake was a mess. can't say it is terrible but yeah..
Incredibly good game, and the fact that each run is completely randomized to an extent is one of the best things they ever came up with. the game gets less predictable and straight up cooks your ass.
I also would like to express my happiness when I realized the classic RE games on steam weren't april fools. what a hell of a day to publish them on steam LOL.
I am almost finishing it for the first time and I am already having the urge to replay the whole game again, maybe practice some speedrunning. 
I can't really say if this is the best classic RE game cuz it's the very first one I am trying out, I am also looking forward to play OG RE1 and most importantly RE2 (both remake and original).
Resident Evil 3 Nemesis is guaranteed dopamine, and it is so much better than the remake.",920,1,1,0,1,1,2026-04-04,2026-04-11,389,58,1600,952
My absolute favorite game of all time this is the first horro game i ever played i bought it immediately when i saw it on stem but please be aware that if you have a steam deck or any handheld pc gaming device you won't be able to play this game because there's no buttons layout or any way to map it i tried many times on my lenovo legion go s and haven't gotten anywhere i just hope that they'll soon ad the support for it because I know im not the only one who stuggled with this,482,1,1,0,0,0,2026-04-04,2026-04-04,0,1,11,11
one of the best games ever made,31,1,1,0,0,0,2026-04-04,2026-04-04,362,25,176,94
"ADD ACHIEVEMENTS, STEAM OVERLAY, AND REMOVE DRM

Once this is completed, all will be right in the world.
Edit: Best Resident Evil game. This game is great.",155,1,1,0,379,4,2026-04-04,2026-04-09,746,43,546,545
"despite being older, its very intricate, and its like being a kid again, and plays very well, im glad i gave it a chance.",121,1,1,0,0,0,2026-04-04,2026-04-04,0,1,567,567
hey capcom its me can you please remake outbreak or port it please and thank you love you bye,93,1,1,0,0,0,2026-04-04,2026-04-04,306,12,42,42
"PT-BR
Sem dúvidas, esse é o melhor da saga pra mim. Foi onde comecei e me apaixonei por tudo: a trilha sonora, os personagens e a atmosfera.

O Nemesis é inesquecível — não é só um boss, mas uma ameaça constante que nunca te deixa em paz. É intenso do começo ao fim.

Mesmo depois de todos esses anos, é um jogo que realmente ficou comigo.

EN
No doubt, this is the best in the series for me. It’s where I started and fell in love with everything: the soundtrack, the characters, and the atmosphere.

Nemesis is unforgettable — not just a boss, but a constant threat that never lets you feel safe. It’s intense from start to finish.

Even after all these years, it’s a game that truly stayed with me.",712,1,1,0,14,0,2026-04-04,2026-04-04,289,11,633,633
Better than the remake!,23,1,1,0,2,0,2026-04-04,2026-04-04,0,14,695,489
"mfs will glaze the remake until their dying breath but having to play ts is miserable. Its honestly a miracle that this series recovered after this ♥♥♥♥♥♥ ass game. This game has so many gay design aspects that will make you question if the devs put it in the game just to be ♥♥♥♥♥♥♥♥. Getting one shot stun locked and picked up and then one shot is not a skill issue when the button to aim your weapon is also conveniently the dodge button. And when 4 other buttons your controller also have no use at all in makes you wonder just why. I don't mind a big black man chasing me around but when said big black man in r******* me and no counterplay then yes. Also I should not be looking up RE3 speedruns in order to get past an annoying section in a game. THEN YOU PEOPLE WANNA CALL THE REMAKE BAD, TS IS UNPLAYABLE. The cut content though from the RE3 remake though is disappointing. But nah i ain't done with my hate train. A boss that hides away from you and also stun locks you into one shotting you is bad design. I looked up how to beat this worm guy and the video i watched he had 100 magnum bullets tf.",1108,0,1,0,3,11,2026-04-04,2026-04-04,0,9,719,540
"Amazing game, difficult yet fun, Nemesis is the best stalker enemy I have ever encountered in the franchise and I truly was jumpscared by him over and over. Must play for classic RE fans.",187,1,1,0,3,0,2026-04-04,2026-04-04,68,9,557,349
If you just want to play the game with a decent port then the steam version is a great accesible version. However if you want to play the absolute best pc port this is not it due to a few setbacks like the lack of cloud saves for example. The Gog port is much better and you could also just emulate it yourself using youtube videos. And if your wondering about whether the game still holds up. And my answer to that is absoulutely. Re3 Nemesis is one of the best and most underrated games in the series and if you liked any other re game this is definitley worth a try. But just keep it mind there are better ports out there.,625,1,1,0,4,0,2026-04-04,2026-04-04,118,18,132,132
"20/10 y god, se imaginan q le hacen un remake? uff ojalá",56,1,0,0,2,1,2026-04-04,2026-04-04,0,39,128,50
"Significantly harder to make changes to settings in this game than RE2 1998, but still a great game.",100,1,1,0,0,0,2026-04-04,2026-04-04,313,128,585,232
"Great game if you don't mind the early resident evil tank controls! 4 hours in and I can see why people were really disappointed with the remake as this game appears to have more content and a better implementation of nemesis. I personally would've appreciated some achievements but it doesn't take away from the fantastic experience this game provides. The game is discounted right now and it's totally worth it! 

I am currently playing this on the Steam Deck and it's been running perfectly. You will need to configure the controls via steam settings but the game  works like a charm otherwise.",599,1,1,0,0,0,2026-04-04,2026-04-04,0,14,781,277
"""You want STARS? I’ll give you STARS!""
10/10",45,1,1,0,0,0,2026-04-04,2026-04-04,253,19,678,355
🐐,1,1,1,0,1,0,2026-04-04,2026-04-04,436,12,120,32
love RE Games how to put mods in it or doesnt not support mods,62,1,1,0,0,0,2026-04-04,2026-04-04,0,4,576,77
"in the first hour i was jumped by 8 zombies stun locked by nemesis and chased by dogs 9/10 not enough dog
edit: nemesis hitbox sucks ♥♥♥♥ you capcom circa 1999",159,1,0,0,0,1,2026-04-03,2026-04-04,149,7,714,342
If you're a new player the first 30 minutes trying to get used to the controls is a bit rough but after that its a very good game. Nemesis in this game is difficult to get around but can be countered with the games new dodge system and the puzzles aren't to difficult to do. Along with RE2 original if you want to get into the fixed camera angle Resident Evil games than this is one you should start with.,405,1,1,0,1,0,2026-04-03,2026-04-05,34,22,415,194
Always a classic.,17,1,1,0,0,0,2026-04-03,2026-04-03,0,15,656,369
"People will finally get to experience actual Resident Evil 3 and not that mess of a remake. 
Sure, it still might be the weakest out of the three, but it still a good game with some memorable sections and moments.",213,1,1,0,1,0,2026-04-03,2026-04-03,0,154,138,30
Great classic owned in on all the OG system! Thank you steam for adding this!! It can be a little gitchy Please put out Resident Evil Outbreak series!!!,152,1,1,0,0,0,2026-04-03,2026-04-04,0,30,137,77
"Valve has pushed an update to Proton Experimental that has fixed the DRM launcher errors for these games on Steam Deck/Linux, so at least you can actually play them now despite Capcom's ♥♥♥♥♥♥♥♥. Still, we should still be asking for Steam Cloud support at least because it's frankly ridiculous that we're still getting new game releases that don't have that in 2026.",366,0,1,0,6,0,2026-04-03,2026-04-11,609,58,388,388
I'm leaving a negative review because of the DRM and the lack of steam features. great game terrible port. do better capcom,123,0,1,0,5,0,2026-04-03,2026-04-03,137,86,9,9
"At the part where you fall down and fight some worm, 4 hours in. W game so far.",79,1,1,0,0,0,2026-04-03,2026-04-03,0,30,511,245
"The best out of the original trilogy and my third favorite in the entire series ( behind re4 and re2r ). Nemesis is the best stalker enemy ever created and Raccoon City is one of my favorite areas in any video game. Honestly wish resident evil would play around with choices and randomization again. Playing it again after all these years really reminds me how much of a travesty the remake was.

As for this release... it's fine. DRM ain't great, and at the moment getting mods working either doesn't work or is a pain. Thankfully, there aren't any mods you need or even should use for a first playthrough. It doesn't really add anything besides working oob on modern systems either. But it's still resi3, so if like me you want it on steam to complete your collection or especially if you've never played it before, for 5 or ten bucks it's worth it. Though the GoG version is same without the caveats if you don't care where you own it.",938,1,1,0,0,0,2026-04-03,2026-04-03,716,2,68,68
"Right now, this is completely unplayable for me. 

We need a version with improved textures. 

Please add Steam Deck support. 

Please add filters and scanlines. These features are standard in every retro game compilation nowadays.

Please eliminate texture shaking. This has long been implemented in emulators. I don't understand why you removed the flickering textures in RE1 and RE2, but not in RE3.

Please add FULL support for ALL major gamepads. My Apex 5 isn't working. 

Add achievements. 

Or, simply remove the DRM so that users can fix everything themselves instead of you.

P.s. The same goes for Dino Crisis 1,2.",625,1,1,0,1,0,2026-04-03,2026-04-03,484,59,31,31
"It has finally arrived on Steam, and even after all these years it remains one of the most intense survival-horror experiences ever made. The PC release keeps everything that made the original memorable. The game is a bit short by today’s standards, and some of the old tank-style controls may feel stiff to new players, but none of that takes away from how well it holds up. This Steam release is a great way to experience or revisit a classic, and it proves once again why Resident Evil 3 is such an important piece of survival-horror history.",545,1,0,0,1,0,2026-04-03,2026-04-03,18,2,36,24
heat,4,1,1,0,0,0,2026-04-03,2026-04-03,0,35,255,225
"I never got to finish this game on emulator due to the fact I lost my save files after system rebooting my PC, very happy that it's finally on steam and I'll certainly finish it this time around. 
Remake RE3 Remake now that we're at it",235,1,1,0,1,0,2026-04-03,2026-04-03,127,29,33,33
"Oh Resident Evil 3 how you deserved to be treated better, one of the best resident evil games out there",103,1,1,0,0,0,2026-04-03,2026-04-03,105,26,219,219
"Incredible, just as I remembered it. They dont make em like they used to.",73,1,1,0,1,0,2026-04-03,2026-04-03,0,10,16,16
Melhor resident da trilogia original e bate de frente com o remake do terceiro game.,84,1,1,0,0,0,2026-04-03,2026-04-03,478,104,150,138
I get it now,12,1,1,0,1,0,2026-04-03,2026-04-03,0,11,617,147
"Do yourself a favor and play this instead of the remake. Also, would it kill capcom to include cloud saves in the recent PS1 games they've added to steam recently?",163,1,1,0,0,0,2026-04-03,2026-04-03,250,22,470,230
"A classic game ruined by the remake unfortunately. I had to exceptionally try this out since i've heard that the original is far better than the remake - they weren't wrong though.

It took a while for me to get used to tank controls, as this is my first time actually playing a PS1 game. But after getting used to it, I felt like a professional (even though i died about 50 times).

RE3 was awesome, I just wish they didn't cut content from this game for the remake.",467,1,1,0,13,1,2026-04-03,2026-04-07,158,55,666,666
i back b1tchcy !!!! u want stars i give u stars !!!! the real goat thats why it the goat the goat !!!!!!!,105,1,1,0,1,1,2026-04-03,2026-04-03,65,31,1369,199
"September 28th. Daylight...
The monsters have overtaken the city.
Somehow... I'm still alive...",97,1,1,0,2,0,2026-04-03,2026-04-03,476,28,406,41
"RE3 Nemesis is my favorite RE game ever made, and now its finally on Steam. thank you Capcom.",93,1,1,0,0,0,2026-04-03,2026-04-03,0,9,51,6
STARS,5,1,1,0,1,0,2026-04-03,2026-04-03,204,18,348,85
"Good game, runs well, no complaints. I love that on easy mode right from the get-go you get infinite ribbons, great guns, loads of ammo, loads of First Aid. Super fun.",167,1,1,0,1,0,2026-04-03,2026-04-09,0,25,546,546
HAHAHA S.T.A.R.S. HAHAHA S.T.A.R.S. HAHAHA S.T.A.R.S. HAHAHA S.T.A.R.S. HAHAHA S.T.A.R.S. HAHAHA S.T.A.R.S. HAHAHA S.T.A.R.S. HAHAHA S.T.A.R.S. HAHAHA S.T.A.R.S. HAHAHA S.T.A.R.S. HAHAHA S.T.A.R.S. HAHAHA S.T.A.R.S. HAHAHA S.T.A.R.S. HAHAHA S.T.A.R.S. HAHAHA S.T.A.R.S. HAHAHA S.T.A.R.S. HAHAHA S.T.A.R.S. HAHAHA S.T.A.R.S. HAHAHA S.T.A.R.S. HAHAHA S.T.A.R.S. HAHAHA S.T.A.R.S. HAHAHA S.T.A.R.S. HAHAHA S.T.A.R.S. HAHAHA S.T.A.R.S. HAHAHA S.T.A.R.S. HAHAHA S.T.A.R.S. HAHAHA S.T.A.R.S. HAHAHA S.T.A.R.S. HAHAHA S.T.A.R.S. HAHAHA S.T.A.R.S. HAHAHA S.T.A.R.S. HAHAHA S.T.A.R.S. HAHAHA S.T.A.R.S. HAHAHA S.T.A.R.S. HAHAHA S.T.A.R.S. HAHAHA S.T.A.R.S. HAHAHA S.T.A.R.S. HAHAHA S.T.A.R.S. HAHAHA S.T.A.R.S. HAHAHA S.T.A.R.S. HAHAHA S.T.A.R.S. HAHAHA S.T.A.R.S. HAHAHA S.T.A.R.S. HAHAHA S.T.A.R.S. HAHAHA S.T.A.R.S. HAHAHA S.T.A.R.S. HAHAHA S.T.A.R.S. HAHAHA S.T.A.R.S. HAHAHA S.T.A.R.S. HAHAHA S.T.A.R.S. HAHAHA S.T.A.R.S. HAHAHA S.T.A.R.S. HAHAHA S.T.A.R.S. HAHAHA S.T.A.R.S. HAHAHA S.T.A.R.S. HAHAHA S.T.A.R.S. HAHAHA S.T.A.R.S. HAHAHA S.T.A.R.S. HAHAHA S.T.A.R.S. HAHAHA S.T.A.R.S. HAHAHA S.T.A.R.S. HAHAHA S.T.A.R.S. HAHAHA S.T.A.R.S. HAHAHA S.T.A.R.S. HAHAHA S.T.A.R.S. HAHAHA S.T.A.R.S. HAHAHA S.T.A.R.S. HAHAHA S.T.A.R.S. HAHAHA S.T.A.R.S. HAHAHA S.T.A.R.S. HAHAHA S.T.A.R.S. HAHAHA S.T.A.R.S. HAHAHA S.T.A.R.S. HAHAHA S.T.A.R.S. HAHAHA S.T.A.R.S. HAHAHA S.T.A.R.S. HAHAHA S.T.A.R.S. HAHAHA S.T.A.R.S. HAHAHA S.T.A.R.S. HAHAHA S.T.A.R.S. HAHAHA S.T.A.R.S. HAHAHA S.T.A.R.S. HAHAHA S.T.A.R.S. HAHAHA S.T.A.R.S. HAHAHA S.T.A.R.S. HAHAHA S.T.A.R.S. HAHAHA S.T.A.R.S. HAHAHA S.T.A.R.S. HAHAHA S.T.A.R.S. HAHAHA S.T.A.R.S. HAHAHA S.T.A.R.S. HAHAHA S.T.A.R.S. HAHAHA S.T.A.R.S. HAHAHA S.T.A.R.S. HAHAHA S.T.A.R.S. HAHAHA S.T.A.R.S. HAHAHA S.T.A.R.S. HAHAHA S.T.A.R.S. HAHAHA S.T.A.R.S. HAHAHA S.T.A.R.S. HAHAHA S.T.A.R.S. HAHAHA S.T.A.R.S. HAHAHA S.T.A.R.S. HAHAHA S.T.A.R.S. HAHAHA S.T.A.R.S. HAHAHA S.T.A.R.S. HAHAHA S.T.A.R.S. HAHAHA S.T.A.R.S. HAHAHA S.T.A.R.S. HAHAHA S.T.A.R.S. HAHAHA S.T.A.R.S. HAHAHA S.T.A.R.S. HAHAHA S.T.A.R.S. HAHAHA S.T.A.R.S. HAHAHA S.T.A.R.S.,2069,1,1,0,2,0,2026-04-03,2026-04-03,282,52,786,309
"[h1]JUST BUY IT ON GOG![/h1]

I hate having extra launchers just to play games as much as the next guy, but this port is genuinely terrible.
It’s underwhelming on so many levels.

[b]•[/b] No achievements, which really hurts, You lose that sense of completion and extra motivation to keep playing
[b]•[/b] No cloud saves - not a huge deal, but still worth mentioning
[b]•[/b] The main issue is the DRM ENIGMA - which inflates the game size from 400 MB to 4 GB. The game is older than me, it’s easy to crack or emulate anyway... or you can just buy the superior version on GOG with zero issues for 5 dollars 
[b]•[/b] Basic settings like audio and keybinds are hidden for some reason - you have to press F1 to access them instead of using a normal “Options” or “Select” menu

The only good thing I can say about this port is that you still get to experience peak OG RE3  and that’s about it.

At the end of the day, it’s just $5.",928,0,1,0,27,2,2026-04-03,2026-04-03,339,64,24,24
"Not the best release. But it works, at least.",45,1,0,0,1,0,2026-04-03,2026-04-03,0,3,143,122
"The Good- It works.

The Bad- Audio mix is off and sometimes/always the music stops playing for areas abruptly, and some audio is keyed down for some reason? Like its running slow?
One positive - 'this game' best I can tell uses higher resolution pre-renders, much like the Dreamcast version, but much like the PS1 on bars and railings which transparent gaps, there are massive jaggies like on the ps1.
Its not bad, just nothing special. Worth buying for MODS, on sale. 
6/10 (PS1 or Dreamcast version on a CRT is still much recommended for the ultimate experience).",566,0,1,0,7,0,2026-04-03,2026-04-06,206,32,16,16
IM NOT A LARPER ANYMORE,23,1,1,0,1,2,2026-04-03,2026-04-03,0,61,749,442
The game is literally unplayable it crashes every 15 minutes or so.. just random blackscreen and not responding (i've literally crashed 4 times in 2 hours this game is insane..),177,0,1,0,7,2,2026-04-03,2026-04-03,0,27,528,125
RE3 Nemesis is way better than RE3 Remake,41,1,1,0,7,0,2026-04-03,2026-04-03,0,8,404,404
"I mean this from the bottom of my heart when I say please for the love of god play this over the remake. That game is a complete joke compared to this version.

It does have DRM which blows but honestly if it matters that much to you just emulate or buy on GOG. 

Significantly more content, replay value, and insight into key lore events that happen during the Raccoon City Incident. It has a really nice blend of action but also atmospherically makes the city dead and haunting in a way that the modern RE games/remakes wish they could capture. Top it off with nemesis actually being a threat and ready to maul you at any given moment rather than scripted events is absolute peak. Even if you die and have to replay a chunk, the game *will* change for fun. So many random events and alternating paths you can take truly makes this the RE game with the most replay value and worth playing over the remake.

Even if you're a remake baby and don't want to learn tank controls don't worry, easy mode is dumb easy.

Also hope you also like doing math.

Please buy or emulate.",1072,1,1,0,3,0,2026-04-03,2026-04-03,482,12,633,633
"Such a fantastic game, really my favorite game from my childhood, hopefully they'll release a remake soon, as it's the only one from the series still missing one, really can't wait to play the Clock Tower section in new graphics with modern mechanics!",251,1,0,0,0,1,2026-04-03,2026-04-03,532,146,13,6
Cinema,6,1,1,0,0,0,2026-04-03,2026-04-03,49,3,577,577
"Im glad that they finally added this game to the steam,
i got the game just as it was released and finished it cuz i really did missed this game.

Even though i had some issues with my 8 bit do controller, i was easily able to solve it by downloading the community made steam input layouts. Also if i turn on the controller when the game is on, it crashes for some reason. I haven't find the cause of it but other than that it was a pretty solid ride.

Resident Evil 3 Nemesis,  one of the best experiences you can have from the franchise, and  is way better than the remake. I would recommend this game to everyone who are willing to spend a bit in the game to get used to the tank controls, i promise to you that you will get used to it in no time and perhaps find it amusing.",783,1,1,0,0,0,2026-04-03,2026-04-03,125,5,710,710
"The real Jill, the real Nemesis, the real Carlos, the real Mikhail, and the real Mercenaries Mode. (The real bs RNG, I miss you.)",129,1,1,0,1,0,2026-04-03,2026-04-03,0,5,480,361
"""You want S.T.A.R.S? I'll give you S.T.A.R.S""",45,1,1,0,4,1,2026-04-03,2026-04-03,0,22,568,47
"No cloud saves, no default steam deck layout, DRM on a game older than most steam users bruh why please fix",107,0,1,0,24,1,2026-04-03,2026-04-03,0,15,163,88
Game's for Elitist Only.,24,1,1,0,1,0,2026-04-03,2026-04-03,0,36,790,326
Glazing RE3 is the reason This heart still beats !!,51,1,1,0,2,0,2026-04-03,2026-04-03,201,15,794,10
"You want S.T.A.R.S!?
I'll give you S.T.A.R.S!!",46,1,0,0,1,0,2026-04-03,2026-04-03,616,56,5,5
They should remake this game,28,1,1,0,7,4,2026-04-03,2026-04-03,0,41,650,650
"The day has finally came. Have been waiting for this. Loved playing this back in the day when I had my Playstation 1. 
Can't wait to dive in on this. Snacks aquired let's gooooooooo!",182,1,1,0,0,0,2026-04-03,2026-04-03,0,7,504,20
"can we have a petition to remake the remake to have the extra content PLEASE. nemesis here ACTUALLY scares me.

also ive played this on gog i js had to get it again anyway larper out",182,1,1,0,1,0,2026-04-03,2026-04-03,267,26,12,12
Must play for any Resident Evil fans. Holds up really good even 27 years later.,79,1,1,0,2,0,2026-04-03,2026-04-03,1133,22,737,382
THE GOAT!,9,1,1,0,1,0,2026-04-03,2026-04-03,0,29,685,44
"Still one of the best RE games (don't mind the time i have on Steam, i'm using the Classic Rebirth mod with it and for some reason it doesn't record my time)",157,1,1,0,1,0,2026-04-03,2026-04-03,0,48,74,7
Slap jill valentine,19,1,1,0,2,0,2026-04-03,2026-04-03,179,48,23,7
"September 28th. Daylight... The monsters have overtaken the city.
Somehow...
I'm still alive.

Controls for the game
Arrow keys to move 
S to draw weapon / Enter to shoot
Z to open inventory / V to close it 
Enter to open and take items etc",240,1,1,0,46,2,2026-04-03,2026-04-03,183,2,143,49
My beloved.,11,1,1,0,0,0,2026-04-03,2026-04-03,441,4,419,18
You want S.T.A.R.S.? I'll give you stars 👅,42,1,1,0,2,0,2026-04-03,2026-04-03,486,54,452,363
"September 28th. Daylight... The monsters have overtaken the city.

Somehow...

I'm still alive.",95,1,1,0,1,0,2026-04-03,2026-04-03,423,48,7,7
best of the og's,16,1,1,0,1,0,2026-04-03,2026-04-03,0,12,460,421
Waiting for a remake. Weird it never got one.,45,1,1,0,11,7,2026-04-03,2026-04-03,780,7,106,97
"Resident Evil 3: Nemesis, developed and published by CAPCOM Co., Ltd. with later PC distribution support from GOG.com, remains one of the most intense and distinctive entries in the early survival horror lineage. Rather than simply following the deliberate, puzzle-heavy pacing of its predecessors, this installment leans into urgency and momentum, placing players in a city already on the brink of collapse. The result is a game that feels less like a slow descent into fear and more like a desperate scramble through chaos, where every decision carries weight and hesitation often leads to punishment.

The defining feature of the experience is, without question, the Nemesis itself. More than just a recurring boss, this creature fundamentally reshapes the player’s relationship with the game world. It appears without warning, pursues relentlessly, and forces players to constantly weigh risk versus survival. Fighting it can yield valuable rewards, but doing so consumes precious ammunition and health, while running away risks being cornered later in worse circumstances. This persistent threat transforms otherwise familiar environments into spaces of dread, as even safe routes can become deadly in an instant. Few antagonists in gaming have achieved this level of psychological pressure, and Nemesis earns its reputation as one of the most iconic enemies in the medium.

Gameplay builds on the foundation of earlier titles but introduces key refinements that subtly push the series forward. Movement feels more responsive thanks to the addition of a quick-turn maneuver, and the dodge system—though sometimes inconsistent—adds a layer of skill-based evasion that rewards timing and awareness. The inclusion of an ammunition crafting system also gives players more agency over their resources, allowing them to tailor their approach depending on playstyle. These systems collectively make the game feel slightly more action-oriented, yet it never abandons the careful resource management and tension that define survival horror. Inventory decisions remain meaningful, and the constant scarcity ensures that even minor encounters can feel significant.

Visually, the game represents a strong evolution of the pre-rendered aesthetic that defined the era. The ruined streets of Raccoon City are richly detailed, filled with environmental storytelling that conveys the scale of the disaster without excessive exposition. Burning cars, shattered storefronts, and abandoned barricades all contribute to a sense of place that feels convincingly lived-in and tragically destroyed. Character models are noticeably improved, particularly Jill Valentine, whose animations and expressions lend more personality to the narrative. Combined with effective sound design—ranging from distant groans to sudden crashes—the atmosphere remains thick with tension from beginning to end.

The narrative itself focuses less on grand revelations and more on immediacy. It places players in the middle of a crisis already in motion, emphasizing survival over discovery. The “Live Selection” mechanic enhances this by introducing timed choices that influence how certain situations unfold. While these branching moments do not radically alter the overarching story, they add a welcome sense of agency and replay value, encouraging multiple playthroughs to see different outcomes. This design choice reinforces the game’s central theme: survival is not just about skill, but about decisions made under pressure.

Despite its strengths, the game is not without flaws. Its shorter length compared to its predecessor can make the experience feel somewhat condensed, particularly for players expecting a longer, more expansive campaign. Some elements, such as voice acting and certain scripted sequences, show their age, and the game occasionally leans heavily on familiar assets and ideas from earlier entries. However, these shortcomings are largely overshadowed by the intensity and focus of the overall design, which prioritizes pacing and replayability over sheer scale.

In retrospect, Resident Evil 3: Nemesis (1999) stands as a bold refinement of the classic survival horror formula. It trades some of the slower, methodical exploration of earlier games for a more aggressive and unpredictable experience, anchored by one of the most memorable antagonists in gaming history. Its mechanical tweaks, atmospheric design, and relentless pacing ensure that it remains engaging even decades later. While it may not be the longest or most narratively complex entry in the series, its ability to sustain tension and deliver a consistently gripping experience secures its place as a standout title in the genre.

Rating: 8/10",4700,1,1,0,2,1,2026-04-03,2026-04-03,30728,18180,557,444
"I played it drunk, and I liked it three times over.",51,1,1,0,0,0,2026-04-03,2026-04-03,0,1,485,160
"Jill: You want S.T.A.R.S? I'll give you S.T.A.R.S!

https://www.youtube.com/watch?v=CkQflddDg4o",95,1,1,0,0,1,2026-04-03,2026-04-03,775,80,20,20
I don't think I need a GTX 1660 to run this game,48,1,1,0,1,4,2026-04-03,2026-04-03,0,28,459,32
Really good game,16,1,1,0,0,1,2026-04-03,2026-04-03,0,4,574,214
I sure hope they remake this game one day.,42,1,1,0,4,8,2026-04-03,2026-04-03,0,43,1197,751
"I was incredibly disappointed by the remake of this game the amount cut content the amount character assassination's on both the survivors and the nemesis himself
so finally being able to play the original one PC has made me happy thank you GOG and Capcom for bringing this back along with the other older titles now please remake the outbreak files because I really want to play those as well",393,1,1,0,3,3,2026-04-03,2026-04-03,0,9,521,142
This is my favorite Resident Evil of all time and I will never forgive CAPCOM for wasting the potential its remake had due to greediness.,137,1,1,0,33,1,2026-04-03,2026-04-03,739,6,439,32
"September 28th, daylight. The monsters have overtaken the city. Somehow, I'm still alive...",91,1,1,0,11,0,2026-04-03,2026-04-03,4282,96,16,5
"If I had to recommend a single game out of the originals, this would be it. Resident Evil 1 had an amazing remaster. 2 had a great remake that didn't miss much. But the remake of 3, even though the gameplay was still great, had cut far too much content to be excusable. This is why.",282,1,1,0,34,0,2026-04-03,2026-04-03,427,64,93,30
"5/5 S.T.A.R.S. !!!
This game is a classic!",42,1,1,0,0,0,2026-04-03,2026-04-03,0,92,13,13
Until they get proper controller support working this is a waste.  I'm going to refund if they don't fix it soon.  That and the dumb anticheat... best to pass for now even on the sale.,184,0,1,0,10,3,2026-04-03,2026-04-03,0,17,13,13
"‎1996. 1998, 1999.
‎Here we are at last, in full circle.
‎The original trilogy of Biohazard is now available on Steam!
‎Yay!
‎:3
‎
‎First up!
‎Huge thanks to my gamer buddy who gave me this as a gift. And I respect her decision to stay anonymous.
‎So grateful to have sincerely unconditional friendship with her, as well as my other gamer friends here.
‎:'3
‎
‎Alrighty then, let's reminiscing a bit.
‎Back then; I thought RE2 (1998) is the end and final, there will be no sequel, and gosh I was gladly wrong.
‎
‎Biohazard: Last Escape バイオハザード3 ラストエスケープ (Baiohazādo Surī Rasuto Esukēpu) (JPN) / Resident Evil 3: Nemesis (USA) is the last entry of the series for PS1 in 1999. 
‎In the Japanese version, it has a light (easy) mode like a tutorial at first, also it has a prologue with more graphic diary entries and some text is more eerily detailed or direct than in the English release.
‎Both versions absolutely capture the same survival horror essence and story, with the primary differences being difficulty balancing, text flavoring, and censorship.
‎
‎Back then, lots of excellent titles are made exclusively for Sony Playstation, that is the main reason why I bought it long time ago.
‎It comes with two discs for some regions.
‎I got this along with Dino Crisis demo for the 2nd disc which I thought was connected at first. But nope, different universe.
‎Even though, both game series are excellent and instantly became my favorites of all time!
‎X3
‎
‎Meet the OG Jill, back again after RE1 (1996). The Last Escape for her and OG Carlos Oliveira from all of the outbreak nightmarish creatures, to evade the relentless in-pursuit-stalker mode OG Nemesis (to this day I still like his original design better than the remake trashbag crap version, sheesh..) and dodge out of Raccoon City before it gets nuked by the government.
‎
‎The originals are so much better with each of their designs, as well as their attitudes. Not arrogantly cocky, but they professionally help each other equally.
‎Gameplays also great, too bad the remake version heavily cut some of the sections.
‎Yeah, in the end, to each our own.
‎
‎Well, good news occured by the time I wrote this review.
‎The major restoration project, known as ""Resident Evil 3: Last Escape,"" is being created by a developer/creator of the same name on YouTube. The mod focuses on restoring cut content, such as the Clock Tower and other areas, bringing the 2020 remake closer to the original 1999 game experience.
‎The project is in development and has shown promising early alpha footage.
‎Another, separate project mentioned is the RE3 Extended Edition by modder dragonleo, which focuses on opening up areas for better interconnection.
‎Just a heads up. 
‎Hopefully the project gets finished with 100% solid completion, rather than eventually abandoned.
‎
‎Then, three years after that awesome third game was released, an alternate universe movie by Paul W.S. Anderson came out. It became a hexalogy, running from 2002 until the finale in 2016.
‎Back then, Sienna Guillory was perfect as Jill Valentine, and Li Bingbing was spot on as Ada Wong. Uh, wait, did I say was? They are STILL the perfect cast for both of them!
‎Yeah, some fans like it, while others still prefer the CGI movie series (Degeneration, Damnation, Vendetta, Death Island, etc.). Again, to each their own.
‎
‎Also don't forget the original 1996 Resident Evil classic low budget (FMV) live-action intro and ending.
‎The cast members of the FMV are:
‎>Charlie Kraslavsky (Chris Redfield)
‎>Inezh or Inez (Jill Valentine)
‎>Gregory Smith (Barry Burton)
‎>Linda (Rebecca Chambers)
‎>Eric Pirius (Albert Wesker)
‎and
‎>Jason Durkee (Joseph Frost)
‎---At the time, it was a huge breakthrough to have live-action cutscenes for games rather than low-poly pre-rendered ones.
‎
‎Last but not least, our sincerest gratitude to the original version's Voice Actors and Actresses!
‎
‎The following are the primary voice actors for the original PlayStation trilogy of Resident Evil games (1996–1999). Note that for the first game, many actors remained uncredited for years, and some were credited only by their first names or stage names:
‎
‎>Resident Evil (1996)
‎The original release famously featured a live-action intro using one set of actors, while the in-game voices were provided by others.
‎-Chris Redfield: Scott McCulloch
‎-Jill Valentine: Lisa Faye (credited as ""Inezh"")
‎-Barry Burton: Barry Gjerde
‎-Albert Wesker: Pablo Kuntz
‎-Rebecca Chambers: Lynn Eve Harris
‎-Brad Vickers: Sergio Jones
‎-Richard Aiken: Clay Enniss
‎-Enrico Marini: Dean Harrington
‎-Narrator / Title Voice: Ward E. Sexton 
‎
‎>Resident Evil 2 (1998)
‎The second entry introduced some of the series' most long-standing voice talent. 
‎-Leon S. Kennedy: Paul Haddad
‎-Claire Redfield: Alyson Court
‎-Ada Wong: Sally Cahill
‎-Sherry Birkin: Lisa Yamanaka (credited as Lisa Jai)
‎-William Birkin: Diego Matamoros
‎-Annette Birkin: Jennifer Dale
‎-Brian Irons: Gary Krawford
‎-Marvin Branagh: Rod Wilson
‎-Ben Bertolucci: Rod Wilson
‎-Robert Kendo: Gary Krawford
‎
‎>Resident Evil 3: Nemesis (1999)
‎The third installment recast Jill Valentine and focused heavily on the members of the U.B.C.S.
‎-Jill Valentine: Catherine Disher
‎-Carlos Oliveira: Vince Corazza
‎-Mikhail Victor: Benedict Campbell
‎-Nicholai Ginovaef: Roger Honeywell
‎-Brad Vickers: Evan Sabba
‎-Tyrell Patrick: Peter Windrem
‎-Murphy Seeker: Richard Clarkin
‎-Dario Rosso: Tony Rosato
‎-Nemesis: Tony Rosato (uncredited) 
‎
‎We don’t know how many more installments will continue the Biohazard Legacy. 
‎Perhaps the series will still be around long after we are gone. Or, perhaps it will eventually end with two or three more canonical titles in the near future.
‎
‎One thing's for sure, we will be ready to take down Umbrella Corp or any other corporate baddies in the next one, and the next, and so on and so forth. Whether it's with the old protagonists or even their successors.
‎
‎That’s it. I’ve had it! This time they've (Umbrella Corp or The Connections, take your pick..) gone too far!
‎Until we meet again, S.T.A.R.S. members. See you in the next safe room by the typewriter.
‎♡⸜(˶˃ ᵕ ˂˶)⸝♡",6166,1,1,1,2,2,2026-04-03,2026-04-03,0,316,40,38
"Yeah, I was excited for this... but after seeing it has DRM ♥♥♥♥♥♥♥♥ and half the features of the Fan project/ GoG version. I have refunded it and gone and paid full price for it on GoG. 

QOL features are non existent, or dont actively work and you can suck the fattest and most flacid of ♥♥♥♥♥, if you are putting DRM in a 27 year old, single player game. Do not reccomend.",375,0,1,0,368,16,2026-04-03,2026-04-05,0,14,24,24
One of my favorite RE games. Now the modding community can go crazy,67,1,1,0,0,2,2026-04-03,2026-04-03,0,3,465,286
"S.T.A.R.S.!!!

Finally they gave us the classic versions!",57,1,1,0,0,0,2026-04-03,2026-04-03,152,4,615,177
playing this game is make me remember watching my dad playing in ps1,68,1,1,0,2,0,2026-04-03,2026-04-03,363,15,421,90
"Finally the REAL Resident Evil 3!

I just happened to notice today they finally ported it to steam! This Resident Evil has always been a long time favorite of mine in the franchise and even today it still holds up really well for me. (I know some people can't stand tank controls but I grew up with them so I'm used to it and even some indie games these days like Signalis uses them).

I was very sad about the treatment the remake got and I know some people loved it still but I just couldn't. 

The opening is still one of the coolest Resident Evil intros. The open world aspect of the city with the puzzles and figuring out how to navigate the city and survive is a big part of the fun of this game. Having to make quick choices on how to deal with Nemesis when he shows up in an event. Or even as he suddenly drops out of nowhere while you're trying to do some mundane task (Like how Mr. X was in RE2R and how he should have been handled in RE3R instead of being fully scripted). The clock tower. Can't forget it, it's one of my favorite sections in the game. The mercenaries mode is also really dang good in this one.

Anyways I'm excited to play through this game again. I know all the others who really loved the original are every bit as happy to have gotten this surprise as I was. And for people who haven't played the original before I'm glad they'll get a chance now to experience it. Though I know still it won't be up some people's alley due to the controls. But for those who don't mind it and like the older RE games you won't regret getting this one I guarantee.",1579,1,1,0,0,0,2026-04-03,2026-04-03,276,26,39,39
"Still one of the greatest survival horror games of all time, 27 years later. Alien Isolation? You have Nemesis to than for that! RE2 Remake? Who do you think Mr. X took his gimmick from baby? Ms. Valentine is also a total killer here, fighting her way out of Raccoon City in an incredibly impractical outfit, serving through the horror. 

In all seriousness, this game is one of my favorite games of all time, and it still makes me (V) jolt to this day. Nemmy running at you and WWE clotheslining you into the Danger status will never not make me jump out of my skin. This may not be the purest form of Survival Horror ever made (that would be the RE1 Remake thank you very much) but if you want a game that will challenge your survival instincts and force you to think on your brown survival horror girly booted feet, RE3: Nemesis is for you!",843,1,1,0,2,0,2026-04-03,2026-04-03,0,4,121,56
"The best Resident Evil in the OG series, don't bother buying the remake get this one for the true experience.",109,1,1,0,1,0,2026-04-03,2026-04-03,0,8,264,19
"Sadly this is my same review as my Resident Evil 2 review so this is mostly a copy and pasted review.

I was really excited to play this game on Steam finally but it doesn't work on Steam Deck.
Than the next issue ALL THE BONUS UNLOCKABLES ARE AUTOMATICALLY UNLOCKED

This is the biggest drawback that it isn't just simply a toggle to enable all the unlocks instead of being unlocked at the start.
A lot of the value of the game is to unlock everything by multiple playthroughs and attempts which this gets rid of the huge value of replaying the games multiple times till you get every extra unlock.",599,0,1,0,13,2,2026-04-03,2026-04-03,615,85,68,68
Beaten it on GOG already but HECK YEAH FOR ORIGINAL TRILOGY,59,1,1,0,1,0,2026-04-03,2026-04-03,81,49,10,10
"People were right, it's better than the remake",46,1,1,0,10,0,2026-04-03,2026-04-03,0,47,590,218
"September 28th.
Daylight...

The monsters have overtaken the city.

Somehow...

I'm still alive...",98,1,1,0,8,0,2026-04-03,2026-04-03,269,13,12,11
Take me down to the Raccoon City where the Zombies Juicy and the gals are pretty!!!,83,1,1,0,1,0,2026-04-03,2026-04-28,0,47,635,635
umbrella and darkside chronicles on pc next please? :steamhappy:,64,1,1,0,4,1,2026-04-03,2026-04-03,272,24,331,331
"THANK YOUUUU CAPCOM FOR RELEASING THE OG'S ON STEAMM, we finally have the superior re3

Now there's only CV and the outbreak games left",135,1,1,0,6,1,2026-04-03,2026-04-03,240,27,21,5
"Best RE game is on steam finally


GIVE US OUTBREAK WITH ONLINE NEXT DON'T STOP NOW YOU FRAUDS",94,1,1,0,1,1,2026-04-03,2026-04-03,420,88,238,19
"i love resident evil 3 sm, the port though has some issues...

1. the game randomly crashes on start up occasionally???
2. drm when gog didnt have it :/ ???
3. you can't remap buttons to mouse buttons, so you have to use a auto hotkey script to fix mitigate this
4. you can't just be able to skip cutscenes, you have to either have them ALL play or not play at all


overall im fine with it but i think if u dgaf abt having re3 specifically in ur steam library you should jst get it on gog if its the same price",511,1,1,0,1,1,2026-04-03,2026-04-05,93,4,546,546
"This port is sh¡t. It has DRM and it doesn't have any significant visual improvements or even gamepad support. You can still turn it into a good port thanks to the beautiful fans who make enhancement mods, who should not be the ones doing Capcom's job. There are mods to give the game a very respectful facelift (I don't recomment the pack from Mulderland for this one, as it includes some sh¡tty AI slop inventory portraits and bad music looping).
I still give my thumbs up because I want Capcom to see this trilogy as worthy of having available, and even more so after seeing the direction they decided to take with the RE Engine games.",638,1,1,0,1,2,2026-04-03,2026-04-17,118,62,80,63
"Back in 2012, I watched my dad play this game on the PS2 for the first time. I was pretty scared, but somehow I still managed to sit there and watch him finish the whole thing. I was just a kid back then, and yeah… it gave me a few nightmares and even made me cry a couple of times LMAO.

So yeah, I think it’s pretty obvious how important this game is to me. And with Capcom finally releasing the classic versions on Steam, I’m sure I’m not the only one who felt really happy about it.

I know my opinion is biased. I honestly don’t think I could ever give this game a negative review, even if it was the worst port ever, because, like I said, it gave me one of the most memorable moments of my life.

And now, 14 years later, I’m crying again, just not out of fear this time.",777,1,1,0,9,2,2026-04-03,2026-04-03,170,3,416,416
"Out of any game in existence this one had the most impact on me all those years ago, loading it up on my ps1 for the first time and seeing the intro of zombies infesting racoon city filled me with a sense of excitement and dread. This game is the only one I've ever played that genuinely terrified me, perhaps it was my age but I've been seeking that feeling ever since and the only game to come close is dead space. Resident Evil 3 Nemesis will always hold a special place in my many years of gaming for it's nostalgic, personal introduction to the zombie genre and the original, reigning king of survival horror. I feel these days resident evil has lost its charm, characters with super powers and invincibility, losing limbs and gluing them back on etc.. bring back that dread inducing zombie apocalypse survival horror which the older games managed to capture so well!",872,1,1,0,0,1,2026-04-03,2026-04-03,192,4,225,41
"ولك من زمان هيك 
اول واحد اشترا العبه بين. العرب",49,1,1,0,0,1,2026-04-03,2026-04-03,139,3,1215,536
"10/10 no notes. Talented, brilliant, incredible, amazing, show stopping, spectacular, never the same, totally unique, completely not ever been done before, unafraid to reference or not reference, put it in a blender, ♥♥♥♥ on it, vomit on it, eat it, give birth to it.

I recommend everyone to play this, it has so much replayability, especially if you have only played the remake, this might as well be a whole different game compared to it. I wont complain about the remake too much because thousands have already and frankly its getting draining and annoying. Just do yourself a favour and play this, don't let the ""dated"" gameplay and graphics scare you, not all good games need ultra realistic graphics and characters to thirst over to be considered good.

I'm so happy capcom finally brought the original trilogy to steam, now I have all my resident evil games in one place!",883,1,1,0,17,1,2026-04-02,2026-04-02,128,13,498,488
"""September 28th, daylight. The monsters have overtaken the city. Somehow....I'm still alive""

now give me outbreak file 1 & 2 and CV",134,1,1,0,8,1,2026-04-02,2026-04-02,0,93,230,65
Absolutely Resident Evil 10/10,30,1,0,0,3,0,2026-04-02,2026-04-02,0,48,25,25
"It's still fun to this day... but I also would like to play this game properly with the Steam Deck and on the go. The game isn't verified (Yet I hope) It has no proper control mapping for the Steam Deck but that don't mean it can't still be played this way, the problem is you have set it manually with its keyboard controls, which was kinda hard because the keyboard controls weren't in the obvious places and once that was done the game became playable. And it has no cloud saving either, which is disappointing if you wanted to continue on a big screen, the only controls that it detects are either Xbox or Playstation, (Tested this) it's like nobody who ported this didn't consider the steam deck, which is more than capable of handling this game. Above all, still fun to play, but for it to come to Steam. I just hope it gets verified and the proper control set up soon.",875,0,1,0,7,0,2026-04-02,2026-04-02,0,25,313,52
"[h3] One of the few games I would rate as a masterpiece.  [/h3]

This game balances action with horror very, very well. Something this franchise would later struggle with...

The survival horror genre owes so much to the original RE trilogy.

The remake really failed to recreate the intensity of being chased by nemesis the whole game. I hope one day capcom will give this game the remake it truly deserves.",414,1,1,0,2,0,2026-04-02,2026-04-02,260,75,300,296
"nothing beats the original <3 (just emulate it, this port is actual garbage)",76,1,1,0,4,1,2026-04-02,2026-04-02,235,51,17,17
🖤,1,1,1,0,0,0,2026-04-02,2026-04-03,0,44,45,45
"Doesn't have controller support. Has DMR, PC controls are terrible. Was really excited for this. Very disappointing.",116,0,1,0,9,4,2026-04-02,2026-04-02,0,23,23,9
"The best of what OG Resident Evil has to offer. Great experience replaying this game after 15 years. Runs well, no issues. The game is actually really hard if you try to beat Nemesis in every encounter.",202,1,1,0,2,0,2026-04-02,2026-04-02,152,1,620,408
"Such a perfect formula, way ahead of its time.",46,1,1,0,0,0,2026-04-02,2026-04-02,0,9,191,34
THANK YOU CAPCOM MY WISH HAS COME TRUE!!! classic Resident evil are my childhood games and i love to playing them so much. If you are new fan to Re series i totally recommend these classic games,194,1,1,0,0,0,2026-04-02,2026-04-02,499,103,26,15
"Thank you CAPCOM, for bringing the whole OG trilogy! The original Nemesis is so much more unpredictable here. Now these three are finally on Steam, I'm just waiting for Resident Evil Code: Veronica. I'd love to see the og version on Steam, though a RE:CV Remake is probably right around the corner.

[b]• P.S.[/b] [spoiler]Having the original ""Operation: Mad Jackal"" back is so nice! It's so cool to play as Mikhail and Nikolai 🪖[/spoiler]",441,1,1,0,2,0,2026-04-02,2026-04-02,227,80,178,178
"finally a steam port for the original trilogy of resident evil!!!

I want it to be known that I also own this game on GOG, so i do have more unrecorded time with not only RE3 But RE2 and RE1 as well. now first off i want to state that i am a relatively new RE fan, my first was resident evil 7 and I have gone back and played all the RE games except 6. (also know that DRM is lame but it is whatever, anyone complaining about the performance hit is just someone crying that their steak is to juicy)

When it comes to my thoughts on the game I do think it is something anyone who cares about this franchise should play. the game is great, the maps flow together fairly well and feel very much like one map (uptown and downtown). the tank controls are not hard to learn and plus this game naturally has quick turn which is a huge QOL that i wish was retroactively put in the other ports. the story is alright, the acting is better in this game than RE2 so there are less campy lines but they are still here. overall this game is a great pick up for the price if you've never played the original and i would give it an 7.5/10. unfortunately this game suffers from MASSIVE over hype by the fans of the original ps2 game. 

---------------------------------------------Rant section-------------------------------------------

I understand the grudge that people harbor for the cut content, but my first playthrough of the prodigal son a.k.a. the clock tower was no more than 15 minutes before getting to the nemesis boss fight at the base of the tower. And in certain areas i prefer the remakes, such as the hospital, RPD and the Sub Station Power Plant. now i know the RPD is ripped from RE2R but so is the RPD in the original RE3 but the remakes is more fleshed out. now for the uptown location not being in the game i was a little upset, until part way through my second playthrough i realize uptown's main purpose is to make you run into Brad who basically tells you to go to the RPD. the other area is the pharmacy, which has one key item which you cannot access till you go all the way to the trolly to get the wrench and back. The RPD is on the boarder of uptown and downtown so that can go either way, but realistically the remake just meshed both areas together to limit the amount of back tracking one needs to do. however i do agree that they should of just textured the Nest 2 facility into the Dead Factory, would've been a more memorable area (not that its bad its just bland with the reused textures).

other than my gripe with a lot of people who have been sing this games praises for the last half decade i am a bit let down knowing now that the areas they've been preaching about (the park, clocktower, uptown) are very shallow areas in the original game. they had potential to become better in the remake i know but so did the power station, RPD and Hospital (which were expanded upon to reach there true potential).

I like this game, but some of yall do have rose tinted glasses on.",2998,1,1,0,2,0,2026-04-02,2026-04-03,0,9,183,117
Has more content than remake,28,1,1,0,4,0,2026-04-02,2026-04-02,138,38,447,447
"Thank you for reviving my childhood, Steam! Everything is pitch perfect. Except one request, please add Steam Achievements to this game please!",143,1,1,0,3,0,2026-04-02,2026-04-02,150,10,94,34
I will always recomend this game espicelly over the crap remake we got but this port is god awful im having craash issues on boot during gameplay on random tabbing out tabbing in even if my ♥♥♥♥♥♥♥ controller cord dissconnects because its old and im broke the game crashes i finnished nemi fight two 4 different time due tto crashes and i almost lost it i got back to where i waas and saved and am taking a breaak until these bugs r fix and fleshed out i dont  know if i can put up playing this when i own it on gamecube if you dont experince any of this lucky you hope the game is as great aas it was on gamecube and ps1,621,1,1,0,0,0,2026-04-02,2026-04-02,132,10,380,147
Still the best RE,17,1,1,0,1,0,2026-04-02,2026-04-02,0,32,575,575
better than the remake,22,1,1,0,6,0,2026-04-02,2026-04-02,0,91,281,25
"RE3 Remake was a joke, it didn't, in any way, recreate this masterpiece faithfully.
This game is amongst my two most replayed PS1 games, the other one being Metal Gear Solid. This carries crazy nostalgia for me, I used to play this game definitely not an at appropriate age, but I enjoyed every moment and it's all in my memory like I played it yesterday. 
The tank controls will definitely be something you'll have to get used to if you never played a game like this and the pre-rendered backgrounds definitely looked way better on an old CRT TV, but they still hold up to this day decently enough. 
From my short testing, the game controls like a dream, allows for the skipping of door opening animations/loading screens and supports high refresh rate. It felt really good to play. 

This is an experience worth having, if all you know is the remake, you'll immediately see that this is just a different game through and through and you'll get to understand why fans of the original never liked it. It carries a name of a classic that deserved better.",1053,1,1,0,6,0,2026-04-02,2026-04-02,2241,50,12,12
"get rid of the DRM, its not needed. It tanks performance, makes the game larger and messes with support for certain controllers. do better capcom. GOG has a DRM free version that frequently goes on sale for the same sale price as here. It's less than a Gigabyte and you own it forever.",285,0,1,0,16,0,2026-04-02,2026-04-02,75,6,596,6
masterpiece forever,19,1,0,0,1,0,2026-04-02,2026-04-02,0,15,42,18
peak🙌,5,1,1,0,1,1,2026-04-02,2026-04-02,605,30,369,65
"tried fighting the nemesis

got turned into a jill sandwich",59,1,1,0,4,1,2026-04-02,2026-04-02,0,10,160,44
"RE 1-3 meh...RE 4 and beyond awesome!!
---
Explanation: RE4 revived the series with its dynamic controls and a natural camera etc pre-RE4 RE was a chore, with static angles clunky controls... seems Capcom agreed and remade 1-3 to revise them to the 4 golden standard…and they are the best REs.",293,0,1,0,2,10,2026-04-02,2026-04-02,2857,3034,30,30
starsss,7,1,1,0,2,3,2026-04-02,2026-04-02,486,74,759,417
"You want S.T.A.R.S.?
I'll give you S.T.A.R.S!",45,1,1,0,4,1,2026-04-02,2026-04-02,0,17,26,21
Remove DRM from this classic ( my review will change when it's removed from both dino crisis 1 & 2 and all 3 of the og re games),128,0,1,0,32,8,2026-04-02,2026-04-05,0,27,6,6
.... s.t.a.r.s..........................,40,1,1,0,1,2,2026-04-02,2026-04-02,208,6,77,77
I BOUGHT TS ON GOG LIKE YESTERDAY AND THIS IS HOW IM REPAID!?!?!? jk still love you crapcom <3 i wish i looked like leon,120,1,1,0,0,4,2026-04-02,2026-04-02,468,18,471,16
Just like i remember.,21,1,1,0,0,1,2026-04-02,2026-04-02,101,20,33,21
"Ok, agora zerado, posso afirmar com tranquilidade: JOGÃO. Não diria que é/foi o meu RE favorito ou o melhor que já joguei da franquia, mas que é um jogo incrível e que envelheceu bem, com certeza!",196,1,1,0,2,1,2026-04-02,2026-04-14,419,65,1460,1460
"Classic Resident Evil 3 Nemesis.
Absolutely love it and works great on Steam Deck.",82,1,1,0,1,0,2026-04-02,2026-04-02,514,25,41,41
"Thank you GOG for convincing Capcom to release the original Resident Evil trilogy when they believed there was no market for it.
They don't make games like this anymore and I'm always fond to replay these, however ""outdated"" they may be.

RE3 remake was great, but this game is the definitive Jill Valentine escape from RC.
Plus I'm just a sucker for tank controls and Playstation 1 nostalgia. <3
5 staaars out of 5.",416,1,1,0,2,0,2026-04-02,2026-04-02,419,23,176,56
its very cool to have the original 3 on steam still amazing resident evil games!,80,1,1,0,0,0,2026-04-02,2026-04-02,621,14,71,68
"its good but they should have added cloud saves, i play on steam deck so i wont be able to play my save on my normal gaming pc if i ever wanted to.",147,1,1,0,0,0,2026-04-02,2026-04-02,0,10,51,28
Incorporates 3rd-party DRM: The Enigma Protector,48,0,1,0,12,1,2026-04-02,2026-04-02,114,3,5,5
"This one launches on the Steam Deck, although applying a community controller layout is a must for it to be playable. Once you do that it's the OG you remember, as far as I can see nothing has been changed.

It comes with a launcher that lets you change the resolution, anisotropic filtering and anti-aliasing, however once in-game it seems the max rendering the engine is pulling is 1024x768 with no anti-alias I can notice being applied, essentially the Steam Deck is running it straight up as a PC from 98 would. Haven't tested it on a PC though so I can't comment on that front.

Overall happy to see the OGs here, would be great though if 1 and 2 worked on the Steam Deck, not sure what stupid reason would Capcom have to add a DRM to an almost 30 year old game other than to hinder the customer.",801,1,1,0,1,0,2026-04-02,2026-04-02,0,317,16,16
"We [b]FINALLY[/b] have some of the classics on Steam. Great games.

[u]Few things I'd like:[/u]
- Achievements.
- Be able to use Steam overlay and take screenshots.
- Keyboard and mouse support. At the moment it seems a controller is needed.",241,1,1,0,2,0,2026-04-02,2026-04-02,373,42,336,174
Never had a chance to play this game since i was so young! Glad its on Steam! Now capcom give me OUTBREAK Please,112,1,1,0,1,0,2026-04-02,2026-04-02,0,4,330,111
"I truly love the game, but DRM inclusion makes no sense and puts strain on systems for no reason. Should be removed",115,0,1,0,7,3,2026-04-02,2026-04-02,77,2,367,55
"When Resident Evil 3 originally released back in the stone age, some players felt like it was a rushed sequel and a disappointment compared to RE2, despite getting favorable reviews. Then, in 2020, Capcom released a remaster of this game that perfectly captured the feeling of the original by releasing a game that felt like a rushed sequel and a disappointment compared to REmake2, despite getting favorable reviews.

Those son of a guns did it again with this port of Resident Evil 3. They managed to perfectly capture the feeling, namely the disappointment, of the original by removing cloud saves from the GOG edition and adding Enigma DRM to this port.",657,0,1,0,30,2,2026-04-02,2026-04-02,3693,166,6,6
"Other than capcom being dum with drm shi, games still peak and the best RE game.",80,1,1,0,2,0,2026-04-02,2026-04-02,0,18,381,32
"Love this game. At time of writing, it's Day 2 of the Steam release and I already finished a playthrough. Easily my favorite of the original trilogy on PS1. The third game does away with a lot of the obtuse puzzles and backtracking of the previous games (for the most part) and delivers a more streamlined experience.

The new quick-turn and auto-aim features really help to mitigate the clunkiness of the tank controls and give the game more of an action-y edge. Hit feedback is cathartic and satisfying, so blasting zombies never gets old. The game has tons of replay value, with choices at certain sections that offer small branches in the story, as well as certain item pickups being randomized when you start the game. The ammo crafting system means you have flexibility in which weapons you want to use in a given playthrough, with the system even having a hidden experience mechanic where Jill can get more bullets with each craft, eventually being able to make upgraded ammo. My only major complaint is that there are some (admittedly rare) situations where Jill can be thrown to the ground and you have to mash buttons for her to get up again. Mashing buttons always sucks.

The games tone teeters between depressing and oppressive, exploring a city that is already lost, all the while trying to evade Nemesis, who was easily the most iconic villian the series had up to that point. Jill is a great character, and the rest of the cast is decent, and you'll really feel for them as they try to make their desparate escape. The excellent pre-rendered backgrounds are full of detail, and there are files scattered about that contain often tragic stories that really nail the tone.

Everything about the sound design is amazing. The mournful tones of several tracks ending with the leitmotif of the Nemesis theme, reminding you that he's never far away. Combine this with the various ambient sounds: The scream of a survivor, just beyond saving. The sounds of a corpse being devoured by monsters, just off-screen. The grim wailing of distant zombies, carried on the wind. It's all just so moody and effective and I love every part of it.

I've finished this game dozens of times and I can't praise it enough. Happy to finally see this one on Steam with some new features compared to the PS1 release. They're asking a reasonable price for it compared to a lot of other companies' re-released or remastered output costing nearly the amount of a new triple-A release (Looking at you Square Enix).

Thumbs up. Get it. Play it. Hope you like it even half as much as I do.",2571,1,1,0,0,1,2026-04-02,2026-04-02,242,31,383,156
"Terrible remake and a terrible pc port, this game cant catch a break",68,1,1,0,1,1,2026-04-02,2026-04-02,111,36,139,50
"The only video game with Resident Evil 3 in the title, there are no others with that specific combination of words and numbers.

Also the most difficult RE game by a country parsec, Requiem Insanity wishes it had anything half as tough as early game Nemesis. Great time.",270,1,1,0,1,0,2026-04-02,2026-04-02,776,179,321,36
"Only 2 hours in an the most scared I ever been of polygons. I finally understand the hype behind og nemesis. If you can get past the old graphics and tank controls, this is a must play.",185,1,1,0,3,0,2026-04-02,2026-04-02,225,5,285,124
"S.T.A.R.S 10/10

⠀⠀⠀⠀⠀⠀⠀⠀⠀⠀⠀⠀⠀⠀⠀⠀⠀⠀⠀⠀⠀⠀⠀⠀⠀⠀⠀⣀⣠⡤⣤⣤⣄⣀⠀⠀⠀⠀⠀⠀⠀⠀⠀⠀⠀⠀⠀⠀⠀⠀⠀⠀⠀⠀⠀⠀⠀⠀⠀⠀⠀⠀⠀
⠀⠀⠀⠀⠀⠀⠀⠀⠀⠀⠀⠀⠀⠀⠀⠀⠀⠀⠀⠀⠀⠀⠀⠀⢀⡴⠞⢉⣠⡴⣶⣿⣧⡈⠙⠶⣄⠀⠀⠀⠀⠀⠀⠀⠀⠀⠀⠀⠀⠀⠀⠀⠀⠀⠀⠀⠀⠀⠀⠀⠀⠀⠀
⠀⠀⠀⠀⠀⠀⠀⠀⠀⠀⠀⠀⠀⠀⠀⠀⠀⠀⠀⠀⠀⠀⢀⡴⠋⣤⢾⡏⣈⠀⠘⣿⡏⠙⠳⡄⠙⢦⡀⠀⠀⠀⠀⠀⠀⠀⠀⠀⠀⠀⠀⠀⠀⠀⠀⠀⠀⠀⠀⠀⠀⠀⠀
⠀⠀⠀⠀⠀⠀⠀⠀⠀⠀⠀⠀⠀⠀⠀⠀⠀⠀⠀⠀⠀⢀⡟⢠⣼⣧⢏⣁⣇⡿⣿⢿⣧⣄⠀⢿⣸⡄⢻⡀⠀⠀⠀⠀⠀⠀⠀⠀⠀⠀⠀⠀⠀⠀⠀⠀⠀⠀⠀⠀⠀⠀⠀
⠀⠀⠀⠀⠀⠀⠀⠀⠀⠀⠀⠀⠀⠀⠀⠀⠀⠀⠀⠀⠀⣸⢁⠇⣿⠋⡉⠀⣍⡙⢡⣿⣇⣙⣾⣶⡍⢣⡄⢷⠀⠀⠀⠀⠀⠀⠀⠀⠀⠀⠀⠀⠀⠀⠀⠀⠀⠀⠀⠀⠀⠀⠀
⠀⠀⠀⠀⠀⠀⠀⠀⠀⠀⠀⠀⠀⠀⠀⠀⠀⠀⠀⠀⢠⡏⢸⠛⡇⠀⢦⡈⠉⣽⣿⣿⣿⣿⣷⣿⣿⡀⣧⠸⡇⠀⠀⠀⠀⠀⠀⠀⠀⠀⠀⠀⠀⠀⠀⠀⠀⠀⠀⠀⠀⠀⠀
⠀⠀⠀⠀⠀⠀⠀⠀⠀⠀⠀⠀⠀⠀⠀⠀⠀⠀⠀⠀⢸⣿⡿⡄⣧⠈⠉⠳⣬⣹⣿⡞⠋⠚⠀⣀⣥⡜⣮⠇⣧⠀⠀⠀⠀⠀⠀⠀⠀⠀⠀⠀⠀⠀⣠⣠⠀⠀⠀⠀⠀⠀⠀
⠀⠀⠀⠀⠀⠀⠀⠀⠀⠀⠀⠀⠀⠀⠀⠀⠀⠀⠀⠀⠸⡿⢆⣿⡇⠉⠉⣑⣿⣯⣿⣇⣛⣺⡿⠛⣿⣿⣶⠂⠻⣆⠀⠀⠀⠀⠀⠀⠀⠀⠀⠀⢀⡴⣷⠇⠀⠀⠀⠀⠀⠀⠀
⠀⠀⠀⠀⠀⠀⠀⠀⠀⠀⠀⠀⠀⠀⠀⠀⠀⠀⠀⠀⠀⢷⢨⣿⣷⢦⣾⠛⣩⣟⣽⣟⢯⣝⢿⠛⣿⠉⣷⣿⣧⡈⢧⣀⠀⠀⠀⠀⠀⠀⠀⣠⣾⠟⢁⣀⣀⣀⠀⠀⠀⠀⠀
⠀⠀⠀⠀⠀⠀⠀⠀⠀⠀⠀⠀⠀⠀⠀⠀⠀⠀⠀⠀⠀⢸⢶⣻⣾⣿⠉⣴⣿⡟⣿⡟⣷⣬⡛⠉⠙⣤⣿⢸⣿⣿⡷⣌⠙⢦⣄⠀⠀⠀⢞⣵⢛⣫⠉⣇⢋⣯⣍⣟⢦⣄⠀
⠀⠀⠀⠀⠀⠀⠀⠀⠀⠀⠀⠀⠀⠀⠀⠀⠀⠀⠀⠀⠀⠸⣦⣿⣿⣽⣸⣿⣿⣿⣷⣷⣿⡿⣿⡆⢰⣿⡃⣼⣇⢹⣿⣿⣇⡀⠬⣝⠲⠶⣯⣟⡳⠛⡴⣻⣶⣆⡀⠿⣷⡝⣦
⠀⠀⠀⠀⠀⠀⠀⠀⠀⠀⠀⠀⠀⢀⠀⢰⡇⠀⠀⠀⠈⠉⢻⣿⣿⣷⣿⡉⠉⡏⠏⠸⠂⠉⠙⣷⢸⢹⡇⣸⣿⣧⣿⣿⡿⢿⣾⡾⢍⠓⣦⠈⡉⣛⠿⣿⣿⣿⣷⡘⡷⠇⣹
⠀⠀⠀⠀⠀⠀⠀⠀⠀⠀⠀⠀⠀⢸⡇⢸⠃⠀⠀⠀⠀⠀⢸⣼⣿⣿⢿⣧⣤⣵⣰⣠⣴⠶⢾⣿⠸⣶⢿⣿⣷⣅⣾⣿⣷⣄⡛⠛⣿⣿⣬⣓⡆⣈⠛⣼⣟⣻⠶⠾⣿⣷⣿
⠀⠀⠀⠀⠀⠀⠀⠀⠀⠀⠀⠀⠀⠀⠀⢸⡖⠒⠒⠂⣠⢴⣶⣿⣻⣿⠈⣿⣿⣷⣽⣿⣿⣿⣿⢿⢠⣿⣿⣿⣿⣿⣝⡻⠿⢿⣿⣾⣿⣿⢻⣛⠧⡾⣿⣿⢷⣾⡉⢹⣿⡏⠙
⠀⠀⠀⠀⠀⠀⠀⠀⠀⠀⠀⠀⠀⠀⠀⠈⠁⠀⢠⣾⠿⣭⣿⣿⣿⣿⣦⡉⠛⠉⠛⠻⠿⠟⠛⣡⣼⣿⢻⣷⡮⢷⣻⠿⣎⢳⡺⣽⠁⣘⢮⣯⣿⣿⣽⣿⣿⣿⣷⠞⡁⠀⠀
⠀⠀⠀⠀⠀⠀⠀⠀⠀⠀⠀⠀⠀⠀⠤⠤⠤⢤⣏⣰⣷⣿⣿⣿⣿⣿⣿⣿⣄⡀⣀⣀⣀⣤⣾⣿⣿⣿⣧⣿⣧⣛⠛⣷⣈⠳⣄⣤⣸⣿⣷⣯⣳⣭⣘⣷⢟⣢⠵⠚⠁⠀⠀
⠀⠀⠀⠀⠀⠀⠀⠀⠀⠀⠀⠀⠀⣉⣉⣭⠭⣽⣾⣿⣿⣿⡿⡟⢡⣽⣿⣿⣟⣿⣿⡿⣿⣿⣿⣿⣿⣿⡯⢉⣚⣿⣿⣾⣺⣷⣾⡟⠿⠿⢹⡴⠟⣻⡯⠖⠋⠁⠀⠀⠀⠀⠀
⠀⠀⠀⠀⠀⠀⠀⠀⠀⢀⡤⠖⣋⡩⠶⣶⡞⣡⣾⣿⣿⢏⣾⣷⣿⣿⣿⣿⣿⣿⣏⣸⣿⠿⢿⣏⡻⣾⣿⣿⣿⣿⡿⠏⠙⠉⣻⣵⣶⡿⠿⠞⠋⠁⠀⠀⠀⠀⠀⠀⠀⠀⠀
⠀⠀⠀⠀⠀⠀⠀⣠⡴⠋⢒⡴⢯⣤⡿⢋⡼⣻⣿⡿⣻⣿⣿⣿⡿⡿⣥⣿⣿⠟⣹⣿⣗⣀⣰⣿⢿⡟⣿⡉⠉⠀⠀⠀⠀⠀⢹⣄⠁⠀⠀⠀⠀⠀⠀⠀⠀⠀⠀⠀⠀⠀⠀
⠀⠀⠀⠀⠀⣰⠞⣱⣴⠿⣫⠇⣤⠟⣠⣿⣡⠟⢠⣾⣽⣯⣾⠁⡀⣠⣿⣿⡽⣑⣻⡾⢿⣛⣿⠭⠙⠚⠛⢳⡄⠀⠀⠀⣀⣀⠀⢻⣷⠀⠀⠀⠀⠀⠀⠀⠀⠀⠀⠀⠀⠀⠀
⠀⠀⠀⠀⣾⡟⣱⣿⣥⣾⣅⣰⢏⣼⡟⠷⠏⠠⢿⣽⣯⠬⠵⠿⠾⠓⠋⠈⠉⠁⠉⠳⢯⣀⢀⠀⠀⠀⠀⠀⢻⡀⠀⣾⡟⣋⣙⡆⢿⠃⠀⠀⠀⠀⠀⠀⠀⠀⠀⠀⠀⠀⠀
⠀⠀⢀⣾⣽⢠⣿⣡⣿⣦⣾⢃⡾⠁⠉⢛⣻⣿⣿⠟⠀⠀⠀⠀⠀⠀⠀⠀⠀⠀⠀⠀⠀⠈⢿⠇⠀⠀⠀⠀⠈⢷⡈⠿⢿⡿⠿⣃⣬⡾⠀⠀⠀⠀⠀⠀⠀⠀⠀⠀⠀⠀⠀
⠀⠀⡾⣸⢧⣏⣿⣿⢟⡿⣱⠏⠀⠁⣰⡿⠻⠋⠁⠀⠀⠀⠀⠀⠀⠀⠀⠀⠀⠀⠀⠀⠀⠀⣿⠀⠀⠀⠀⠀⠀⠈⠷⠤⠶⠞⠛⠉⠁⠀⠀⠀⠀⠀⠀⠀⠀⠀⠀⠀⠀⠀⠀
⠀⣸⣱⣿⢻⢿⡟⣴⡟⣱⠃⠀⠀⢠⡿⠓⠀⠀⠀⠀⠀⠀⠀⠀⠀⠀⠀⠀⠀⠀⠀⠀⠀⠀⠟⠀⠀⠀⠀⠀⠀⠀⠀⠀⠀⠀⠀⠀⠀⠀⠀⠀⠀⠀⠀⠀⠀⠀⠀⠀⠀⠀⠀
⠀⡿⣿⡏⣼⣿⣸⢟⣴⡇⢤⣤⣖⣿⣤⠤⢄⡀⠀⠀⠀⠀⠀⠀⠀⠀⠀⠀⠀⠀⠀⠀⠀⠀⠀⠀⠀⠀⠀⠀⠀⠀⠀⠀⠀⠀⠀⠀⠀⠀⠀⠀⠀⠀⠀⠀⠀⠀⠀⠀⠀⠀⠀
⢸⣯⣿⣷⣿⣿⣻⢿⣿⣵⣯⡍⠁⢤⣿⣷⣿⠇⠀⠀⠀⠀⠀⠀⠀⠀⠀⠀⠀⠀⠀⠀⠀⠀⠀⠀⠀⠀⠀⠀⠀⠀⠀⠀⠀⠀⠀⠀⠀⠀⠀⠀⠀⠀⠀⠀⠀⠀⠀⠀⠀⠀⠀
⠈⢿⣏⣿⣼⣿⢿⣼⡇⠉⠁⠀⠀⠀⠈⠀⠀⠀⠀⠀⠀⠀⠀⠀⠀⠀⠀⠀⠀⠀⠀⠀⠀⠀⠀⠀⠀⠀⠀⠀⠀⠀⠀⠀⠀⠀⠀⠀⠀⠀⠀⠀⠀⠀⠀⠀⠀⠀⠀⠀⠀⠀⠀
⠀⠈⣯⡎⢿⣿⣻⣿⠆⠀⠀⠀⠀⠀⠀⠀⠀⠀⠀⠀⠀⠀⠀⠀⠀⠀⠀⠀⠀⠀⠀⠀⠀⠀⠀⠀⠀⠀⠀⠀⠀⠀⠀⠀⠀⠀⠀⠀⠀⠀⠀⠀⠀⠀⠀⠀⠀⠀⠀⠀⠀⠀⢀
⠀⠀⠘⢷⣶⣿⣧⣿⠀⠀⠀⠀⠀⠀⠀⠀⠀⠀⠀⠀⠀⠀⠀⠀⠀⠀⠀⠀⠀⠀⠀⠀⠀⠀⠀⠀⠀⠀⠀⠀⠀⠀⠀⠀⠀⠀⠀⠀⠀⠀⠀⠀⠀⠀⠀⠀⠀⠀⠀⠀⠀⢀⣼
⠀⠀⢰⠟⣯⣾⣿⠽⢄⠐⢛⠛⠛⠞⠁⠀⠀⠀⠀⠀⠀⠀⠀⠀⠀⠀⠀⠀⠀⠀⠀⠀⠀⠀⠀⠀⠀⠀⠀⠀⠀⠀⠀⠀⠀⠀⠀⠀⠀⠀⠀⠀⠀⠀⠀⠀⠀⠀⠀⠀⢀⣤⣿
⠀⠀⠸⣆⡹⣿⡽⣆⠸⡿⠏⠀⠀⠀⠄⠀⡀⠀⠀⠀⠀⠀⠀⠀⠀⠀⠀⠀⠀⠀⠀⠀⠀⠀⠀⠀⠀⠀⠀⠀⠀⠀⠀⠀⠀⠀⠀⠀⠀⠀⠀⠀⠀⠀⠀⠀⠀⠀⠀⠀⢸⣿⣿
⠀⠀⠀⢹⡏⠉⠀⠈⢷⣇⠀⡀⠀⠀⠁⠀⠀⠀⠀⠀⠀⠀⠀⠀⠀⠀⠀⠀⠀⠀⠀⠀⠀⠀⠀⡀⠀⠀⠀⠀⠀⠀⠀⠀⠀⠀⠀⠀⠀⠀⠀⠀⠀⠀⠀⠀⠀⠀⠀⠀⣸⣿⣿
⠀⠀⠀⠀⢻⠄⠀⠀⡼⣿⠖⠛⠓⠀⠀⠀⠉⠉⠉⠉⠉⠁⠀⠀⠀⠀⠀⠀⠀⠀⠀⠀⠀⠀⠀⠃⠈⠛⠙⠛⠓⠛⠛⠛⠛⠚⠛⠛⠒⠒⠒⠀⠀⠀⠀⠀⠀⠀⠰⣾⣿⣿⣿",2128,1,1,0,1,0,2026-04-02,2026-04-02,552,56,406,41
"purchased on the premise of getting capcom to release more classic titles (mainly MHDos, MH4U, and MHGU) with PC ports aside from getting GOG to do it. (which GOG rocks for that) but putting that aside, it's just the GOG port with DRM. I understand I made the choice to buy an inferior version of the game but library consolidation and all that junk, plus I already own every other version of this game I physically can. hoping a negative review can inspire them to remove the DRM for the folks unwilling to get this game on a platform designed to avoid it in the first place, but hey what can you expect.

for those who care, yes both Classic REbirth and the Seamless HD Project work on this version of the game with a little effort and troubleshooting. super worth it if either of those things interest you and or you take issues with the base version of this port provided (I highly highly recommend classic rebirth even for purists) but other than that it's RE3 as usual with some of the perks of later versions like the dreamcast costumes which are available from the get go. I love RE3, it's my favorite resident evil game and I hope that DRM aside this'll get the ""I refuse to play a game made before 2020"" kiddos to play a version of Resident Evil 3 that isn't chopped to bits and half baked. (ily remake carlos, shame you're trapped in that game forever)

without DRM this is one of the best RE games out there and is worth your time!",1443,0,1,0,3,1,2026-04-02,2026-04-02,544,61,42,31
For some reason it lags to the point that it is unplayable and also it lags my whole pc and i had to restart twice. Any help,124,1,1,0,1,0,2026-04-02,2026-04-02,49,6,42,19
"Finally capcom brought this game to steam. This is my childhood game on ps1, my first resident evil game. Now I'm trying to play it again and trying to finish it, because I was a kid at that time and couldn't play it, now I'm an adult. the controls are quite difficult, you should use a controller, you'll get used to the controls. I've played the re 3 remake too, the original is still better (scarier, harder, more type of monster, better story, selectable path, etc). This game makes me nostalgic again, the musics, the sound effects, etc.",542,1,1,0,0,0,2026-04-02,2026-04-04,0,21,652,425
"I thought this was terrifying when I was 7 :D 

It's a very cool game with a unique feel to it and obviously a nostalgia trip too.",130,1,1,0,1,0,2026-04-02,2026-04-02,0,82,70,66
this game has made my balls tingle since youth,46,1,1,0,8,3,2026-04-02,2026-04-02,169,23,560,48
This game gives me fond childhood memories and a little scare too.,66,1,1,0,0,0,2026-04-02,2026-04-02,0,6,7,7
S.T.A.R.S,9,1,1,0,0,0,2026-04-02,2026-04-02,285,10,1213,319
"September 28th, daylight. 
The monsters have overtaken the city. 
Somehow, I'm still alive...",93,1,1,0,3,0,2026-04-02,2026-04-02,250,19,427,92
"Re3 is a masterpiece of horror and easily my favorite of the original trilogy. Five dollars for this is definitely worth it if you love the franchise or haven't played the game yet. The biggest flaw with these releases for me is the lack of achievements. We want achievements for these classics because it gives us a reason to grind the games again!

Also, Capcom, please put Clock Tower 3 and Haunting Ground on steam!",419,1,1,0,2,0,2026-04-02,2026-04-02,0,18,396,162
I love u re3...,15,1,1,0,1,0,2026-04-02,2026-04-02,543,15,7,7
"The only game in the trilogy that manages to launch without problems.

Then there's zero controller inputs that work. Can't get out of the main menu.

Have to put a DLL Overide launch command for it to correctly verify and confirm a controller being present. 

Seriously, all 3 of these games have issues; who the hell tested them?

Here is the launch command for anyone that may need it;

WINEDLLOVERRIDES=""dinput,ddraw.dll=n,b"" %command%",439,0,1,0,23,6,2026-04-02,2026-04-05,951,180,63,26
"i absolutely LOVE and ADORE this game. it was one of the first resident games i have discovered as a child, so i indeed feel nostalgia over it. as a true old games' enjoyer, i think the graphics are INCREDIBLE. genuinely the zombies and nemesis himself are way more scarier. the groans of zombies feel way more realistic too, instead of the ones we get these days. seriously, it feels more real than what the modern games provide us right now. also the raccoon city exploration makes me feel like i am seriously escaping from raccoon city. in re3r, it feels so scripted and there is no exploration. i highly recommend, play this instead of the remake
i just wish that steam overlay was enabled so i could take screenshots of this masterpiece ^_^

⠀⠀⠀⠀⠀⠀⠀⠀⠀⠀⠀⠀⠀⠀⠀⠀⠀⠀  ⠀⠈⠙⠲⣤⡀
⠀⠀⠀⠀⠀⠀⠀⢀⣤⣤⡀⠀⠀⠀⠀⠀⠀⠀⠀⠀⠀⠀ ⠀  ⠈⣷
⠀⠀⠀⠀⠀⠀⠀⣾⣿⣿⣇⠀⠀⠀⠀⠀⠀⠀⠀⠀⠀ ⠀  ⢀⣴⠟
⠀⠀⠀⠀⠀⠀⠀⣹⣿⣿⣿⣦⡈⣢⣦⣀⠀⠀⠀⠀  ⢀⣴⠟⠁
⠀⠀⠀⠀⣠⣾⣿⣿⣿⣿⡿⢁⣾⣿⣿⣿⣷⣦⡀⢠⡞⠁
⠀⠀⢀⣾⣿⣿⣿⣿⠋⢀⠀⣿⣿⣿⣿⣿⣿⣿⣧⢸⠃
⠀⠀⠀⣿⣿⣿⡏⣤⣒⡩⠖⣸⣟⠽⣹⣿⡿⡀⡄⢸⡀⠀⢀⡄
⠀⠀⠀⣯⢿⣿⣯⣀⣈⣃⢠⣿⣽⣜⣿⣿⣿⣷⣽⣜⣇⣶⢩⠟
⠀⠀⠀⣿⣿⣿⣿⣿⣿⣿⣿⣾⣿⣯⣿⣿⣿⣿⣿⣿⣿⡼⠁
⠀⠀⢠⣿⣿⣿⣿⣿⣿⣿⣿⣿⣿⣿⣿⠟⠘⣿⣿⣿⣟⠁
⠀⠀⣾⣿⡟⢿⣿⣿⣿⣿⣿⣿⣿⣟⡛⠀⠀⠈⠙⠉⠁
⠀⢰⣿⣿⠟⢸⣿⣿⣿⣿⣿⣷⣟⡿⠀⠀
⢀⣿⠿⠁⠀⢰⣿⣿⣿⣿⣻⡿⡏⢡⡲
⣸⣿⡄⠀⢀⣿⣿⣿⣿⣿⣯⢿⣞⡄⠀
⠻⠿⠁⠀⢸⣿⣿⣿⣿⡝⣿⣎⣷⡈",1086,1,1,0,2,0,2026-04-02,2026-04-02,95,11,916,131
"The same old game, which already makes this a fantastic release if you want to actually experience RE3 the way it was meant to be originally without any cut content.
The only problem is literally the lack of cloud saves, same as the Dino Crisis releases on Steam, why would someone buy the game on Steam instead of GOG when the latter has cloud saves?",351,1,1,0,0,0,2026-04-02,2026-04-02,0,33,57,13
DRM,3,0,1,0,12,1,2026-04-02,2026-04-02,811,28,6,6
"It's interesting going back. 

It's amazing how much was cut out of the remake. Being Jill and exploring the RPD is a lot more fitting, the city being bigger and filled to the brim with all sorts of enemies and having these timed decisions on various encounters with Nemesis makes for a tense gameplay loop. Tank controls and the UI take a little getting used to but it's not as bad as i thought it would be and graphically the games art style has made it age fairly well all things considered. 

Nemesis is fast as ♥♥♥♥ too, like ♥♥♥♥♥♥♥♥♥. You walk through a door and the man bolts in the room like an angry mom with a sandal at ass slapping speed. He throws you on the floor, picks you up from the floor, attempts to kill you at every turn and when he grabs you it's game over. If we had that Nemesis in the remake it would've been a vastly better game. There's also a nice build up to the first encounter.",909,1,1,0,1,0,2026-04-02,2026-04-02,0,28,98,75
shadowdropping all 3 games one hour after april fools is genuinely crazy work,77,1,1,0,6,0,2026-04-02,2026-04-02,274,21,227,36
it crashes sometimes but still im here for JV <3 best bday gift ever for me! ִֶָ. ..𓂃 ࣪ ִֶָ🪽་༘࿐,95,1,1,0,2,0,2026-04-02,2026-04-02,0,11,164,61
"Remove DRM and add achievements + cloud saving. Also fix controller input and add key configs like re1 and re2 ports have.
Otherwise it's a classic game",152,0,1,0,30,4,2026-04-02,2026-04-02,368,25,7,7
"Thank you, Capcom!",18,1,1,0,0,0,2026-04-02,2026-04-02,1015,45,12,12
"I’m genuinely so happy we finally have the OG RE3 on Steam now. This has, and probably always will be my favourite Resident Evil game. I’m thankful I don’t need to keep constantly pulling out my PS1 to play it! <3 STARRRRRSSSSS",227,1,1,0,3,1,2026-04-02,2026-04-02,104,2,611,6
"I used to pray for times like this, THANK YOU CAPCOM🛐",53,1,1,0,2,0,2026-04-02,2026-04-02,0,1,598,15
"CAPCOM, THIS SHOULD BE A WAKE UP CALL FOR YOU TO HOW MUCH OF A LET-DOWN 3MAKE WAS.  REMOVE ENIGMA DRM AND RESTORE STEAM OVERLAY, AND BRING BACK JILL. 

First of all, this game has an unnecessary inclusion of Enigma DRM.  This game is 27 years old, it's almost as old as I am and it's been on every emulator you can think of since PCs had emulators, and yet, people like me still bought it the moment it came to Steam - why? Because RE3 is beloved, it in my opinion is the best classic RE game ever made and has infinite replayability. DRM or no DRM, I bought it, and I'm not alone. You don't need to add FPS-killing anti-piracy methods to a game we are going to flock together in droves to buy the moment it becomes available.  You removed it from 4R and the game now runs at nearly 200fps on my PC, imagine how well this could run if you just dropped that performance-killing nightmare?

Now, onto the game. First things first, the Steam Overlay doesn't work and I suspect that's because this is a straight GoG port.  I would love a patch that restores the overlay functionality so I can screenshot the various Live Select choices, and my end-clear rankings for this wonderful game.

Now, if you're new to RE3 this is the pinnacle.  Non-stop-gameplay, a broad inventory, a dodge move that's very unforgiving yet immensely rewarding if you can learn it, and a brutal and ruthless Pursuer that will never stop hunting you until you are dead.  CAPCOM nowadays thinks ""taking away your weapons and making you stand in a corner while a scripted unkillable enemy patrols"" is scary, but Nemesis is scary, at least the OG version of him in this game is.  He will come at you when you least expect it, he'll toy with you, he'll square up to you even if he knows you have Carlos helping you --- he does not care, and that to me makes him the scariest RE monster to this very day.  RE3 started the high-octane action trend often attributed to 4 and I've always thought it was a good thing.  RE3 birthed quick turns, environmental hazards, a choice-based live select system we've never seen since, and the most costumes of any RE game for its protagonist.   There's just so much game here, and it doesn't bog you down with scripted walking talking sections or hospital wave defence; you're in the midst of a city besieged by a virus in the middle of a hot raging summer. Jill dresses light for the heat, she needs to be nimble and on her feet at all times. Everything is diagetic and works so damn well. I could gush about this game forever.  This and the original Halo Trilogy are the only games where I even recommend the novella, the S.D. Perry book for RE3 contextualises the game with so much richness and depth you begin to think about it as you play it for yourself. 

Unlike the 2020 remake, here we get the brilliant US Army vs TYRANTs last stand at the Dead Factory, Raccoon Park, the Hospital in all of its glory, and our beloved Clock Tower.   The amount of content in this game is staggering and I'll always be sour that CAPCOM internally view CV as the ""true"" RE3, because this game earned the number and conclusion to the Raccoon Trilogy and then some.  This is the only RE still to this day where even if you complete it for the 100th time, you feel like you and Jill just went through Hell together and survived. It's majestic.

My GameSir Tegenara controller worked out of the box without any tweaks, I haven't tried KB+M and I won't be trying it. 

if you joined RE after 7, you'll probably hate tank controls and if so, I don't even want you to touch this game. You don't deserve how perfect it is. 

3000000000/10 and I'm not kidding.  A genuine masterpiece. 

Press F1 for settings menu while in-game. Use right click on whatever binding you wish to change.

[Bug faced with PC port: unmuting my mic seemed to freeze the game for all of five minutes, then the game was in slow-motion. Probably something to do with audio bitrates but I'm not an audiophile so I wouldn't know. Just something to watch out for.]",4020,1,1,0,7,1,2026-04-02,2026-04-02,362,130,272,272
YOU WANT STARS? I'LL GIVE YOU STARS,35,1,1,0,5,1,2026-04-02,2026-04-02,141,4,323,26
"Definitely my favorite Resident Evil. Its crazy how garbage the remake is compared to the classic.

Do yourself a favor and play a real RE.",139,1,1,0,2,0,2026-04-02,2026-04-02,0,11,688,34
Y'all are gonna learn now why the remake sucks.,47,1,1,0,5,0,2026-04-02,2026-04-02,0,41,11,11
Genuinely the best of the classic RE games and by far an improvement over the remake. If you only play one classic RE game this should really be it.,148,1,1,0,0,0,2026-04-02,2026-04-02,1004,96,112,5
"Played a few minutes, already better than the RE3 Remake i bought for 60€ when it came out.",91,1,1,0,2,0,2026-04-02,2026-04-02,189,47,98,41
"I’m really exciting for the remake of this game, Capcom 👍",57,1,1,0,1,0,2026-04-02,2026-04-02,0,3,133,6
Oh my,5,1,1,0,2,0,2026-04-02,2026-04-02,325,37,12,5
"Thank you, Capcom!",18,1,1,0,1,0,2026-04-02,2026-04-02,913,100,9,6
i never said anything bad about u capcom <3 <3 <3 <3 <3 <3 now how about code veronica,86,1,1,0,15,0,2026-04-02,2026-04-02,0,135,122,11
"My first RE, and also my favourite with Code Veronica, i'm glad to see it on steam",82,1,1,0,6,1,2026-04-02,2026-04-02,0,3,66,10
It made me think of my childhood. thx Capcom,44,1,1,0,1,0,2026-04-02,2026-04-02,129,8,440,20
"A great ps1 classic, the final part of the original Resident Evil trilogy. While it has been remade in recent years, i am glad the original arrived on Steam. While i had played the first 2 games on my PS1 back in the day, i never had the chance to play the 3rd one properly, though a friend owned it back then and i had experienced it on his own console. As a port, from what little i tried, it seems like a better port than the previous 2. I am not sure it was better than 1 and 2, but it was still a good game. If you are a modern gamer and can't stand the tank controls and ancient graphics, you are better off playing the remake, but if you are an older gamer and/or a collector and want to experience the classics, this is a no brainer for 5 euros. Recommended!",766,1,1,0,2,1,2026-04-02,2026-04-02,882,104,10,10
wtf are these controls cant find the shoot button and the walking is arrow keys... wtf,86,0,1,0,2,18,2026-04-02,2026-04-02,397,116,7,7
"Resident Evil's GOAT.
Not to be confused by its lesser remake. :)",65,1,1,0,3,0,2026-04-02,2026-04-02,99,21,293,154
"died in 2 mins after launching the game because i couldn't figure out how the controls worked

10/10 gameplay, can't wait to launch it again after having calmed down",165,1,1,0,4,0,2026-04-02,2026-04-02,146,4,23,10
"What a surprise dropping the original RE games thanks capcom. I wanted to play the third one more than the first two, so i can experience what we've missed in the remake.",170,1,1,0,2,0,2026-04-02,2026-04-02,469,48,67,26
Better than the remake and that's all you need to know.,55,1,1,0,17,1,2026-04-02,2026-04-02,1301,21,761,6
works with the sourcenext conversion patch. thanks gog!,55,1,1,0,2,0,2026-04-02,2026-04-02,1797,11,105,34
"Finalmente lançaram essa preciosidade para PC. Agora é só excluir o 3 Remake, fingir que ele não existiu e adicionar conquistas neste, aí a vida entra em harmonia novamente.",173,1,1,0,1,0,2026-04-02,2026-04-02,0,19,48,24
Every scene brings back memories. It still saddens me what they did with the RE3 remake; it’s the only remake that didn’t get justice.,134,1,1,0,7,0,2026-04-02,2026-04-02,438,12,13,13
"My very first Resident Evil game that I ever finished. I completed it about two years after its release, around 2002, on my Windows Millennium PC, running at 1024×768 resolution.

Glad to see it on Steam nowadays at 4K, it looks sharp and crisp!",245,1,1,0,1,0,2026-04-02,2026-04-02,1643,528,132,8
Imagine liking the RE3 Remake over this.,40,1,1,0,4,0,2026-04-02,2026-04-02,713,18,108,20
"""It was my last chance. My last escape.""

I can't believe they actually did it- they made a steam port!

This is one of my favorite games ever made, and I'm happy to see it's finally easily accessible to everyone. Duckstation, farewell.

I'm praying, ACHING for Capcom to port Code Veronica to steam ; that gem had my back through it all.",338,1,1,0,3,1,2026-04-02,2026-04-02,75,35,149,18
Go on and play it because by the time you meet nemesis I think this already clicks,82,1,1,0,1,0,2026-04-02,2026-04-02,168,1,735,96
"𝘼 𝙩𝙚𝙧𝙧𝙞𝙗𝙡𝙚 𝙥𝙤𝙧𝙩 𝙩𝙝𝙖𝙩 𝙡𝙖𝙘𝙠𝙨 𝙢𝙤𝙙 𝙨𝙪𝙥𝙥𝙤𝙧𝙩 𝙖𝙣𝙙 𝙘𝙤𝙢𝙚𝙨 𝙬𝙞𝙩𝙝 𝙜𝙖𝙧𝙗𝙖𝙜𝙚 𝘿𝙍𝙈. 𝘼𝙩 𝙩𝙝𝙞𝙨 𝙥𝙤𝙞𝙣𝙩, 𝙮𝙤𝙪’𝙧𝙚 𝙗𝙚𝙩𝙩𝙚𝙧 𝙤𝙛𝙛 𝙥𝙡𝙖𝙮𝙞𝙣𝙜 𝙩𝙝𝙚 𝙂𝙊𝙂 𝙫𝙚𝙧𝙨𝙞𝙤𝙣 (𝙤𝙧 𝙎𝙤𝙪𝙧𝙘𝙚𝙣𝙚𝙭𝙩) 𝙬𝙞𝙩𝙝 𝙢𝙤𝙙𝙨 𝙩𝙝𝙖𝙩 𝙖𝙘𝙩𝙪𝙖𝙡𝙡𝙮 𝙞𝙢𝙥𝙧𝙤𝙫𝙚 𝙩𝙝𝙚 𝙚𝙭𝙥𝙚𝙧𝙞𝙚𝙣𝙘𝙚 𝙖𝙣𝙙 𝙖𝙧𝙚 𝙛𝙖𝙧 𝙨𝙪𝙥𝙚𝙧𝙞𝙤𝙧 𝙩𝙤 𝙩𝙝𝙞𝙨 𝙡𝙤𝙬-𝙚𝙛𝙛𝙤𝙧𝙩 𝙩𝙧𝙖𝙨𝙝.

𝙄𝙩’𝙨 𝙖 𝙧𝙚𝙖𝙡 𝙨𝙝𝙖𝙢𝙚 𝙗𝙚𝙘𝙖𝙪𝙨𝙚 𝙩𝙝𝙚𝙨𝙚 𝙘𝙡𝙖𝙨𝙨𝙞𝙘𝙨 𝙙𝙚𝙨𝙚𝙧𝙫𝙚 𝙛𝙖𝙧 𝙗𝙚𝙩𝙩𝙚𝙧 𝙩𝙝𝙖𝙣 𝙬𝙝𝙖𝙩 𝘾𝙖𝙥𝙘𝙤𝙢’𝙨 𝙜𝙞𝙫𝙞𝙣𝙜 𝙩𝙝𝙚𝙢. 𝘽𝙪𝙩 𝙞𝙛 𝙩𝙝𝙚𝙮 𝙧𝙚𝙖𝙡𝙡𝙮 𝙩𝙝𝙞𝙣𝙠 𝙩𝙝𝙚𝙞𝙧 𝙢𝙚𝙙𝙞𝙤𝙘𝙧𝙚 𝙧𝙚𝙢𝙖𝙠𝙚 𝙞𝙨 𝙗𝙚𝙩𝙩𝙚𝙧 𝙩𝙝𝙖𝙣 𝙩𝙝𝙚 𝙤𝙧𝙞𝙜𝙞𝙣𝙖𝙡, 𝙩𝙝𝙚𝙣 𝙩𝙝𝙚𝙧𝙚’𝙨 𝙣𝙤𝙩𝙝𝙞𝙣𝙜 𝙢𝙤𝙧𝙚 𝙩𝙤 𝙨𝙖𝙮.

𝙏𝙝𝙞𝙨 𝙧𝙚𝙖𝙡𝙡𝙮 𝙨𝙝𝙤𝙬𝙨 𝙝𝙤𝙬 𝙢𝙪𝙘𝙝 𝙩𝙝𝙚𝙮 𝙘𝙖𝙧𝙚 𝙖𝙗𝙤𝙪𝙩 𝙩𝙝𝙚𝙞𝙧 𝙛𝙧𝙖𝙣𝙘𝙝𝙞𝙨𝙚’𝙨 𝙡𝙚𝙜𝙖𝙘𝙮 :)

https://www.youtube.com/watch?v=5q_hFvn7pQY&list=RD5q_hFvn7pQY&start_radio=1",586,0,1,0,19,10,2026-04-02,2026-04-06,0,28,13477,1936
"The classic release on Steam & the upcoming ""Last Escape"" mod for RE3 Remake
WE'RE SO BACK !!!!!!",97,1,1,0,7,1,2026-04-02,2026-04-02,423,56,1180,8
"So only reason I am buying this here as well as the other 2 originals it to support Capcom for the initiative since these are purely GOG releases.

That being said, Resi 3 is my personal favourite and I've played countless times through the years and one of the best games as well as one of the best in the series. 
Unfortunately the Remake was a terrible game that wasn't true to the original and I am still hoping RE3 will have a proper remastered version!

Apart from these, imo the game could have gone through some changes to improve it before reuploading on steam e.g. some upscaling or hd textures or something.",618,1,1,0,3,1,2026-04-02,2026-04-02,322,67,10,10
"Beat this on the gog version but I'm glad they finally put it on steam, easily one of the top 3 games in the series",115,1,1,0,1,0,2026-04-02,2026-04-02,292,17,24,8
it's so cool to see capcom still cares about the very old fans out there releasing classics like these!,103,1,1,0,2,0,2026-04-02,2026-04-02,282,88,44,44
"ANAM ANAM ANAM... ŞU GÜZELLİĞE BAK. SANKİ GURUFASULYE DEĞİL, ADETA BİR CENNET MEYVESİ !",87,1,1,0,0,1,2026-04-02,2026-04-02,301,266,53,53
"I brought this as a way to show support as I loved playing it when it first came out and i was still at school and was excited to see it was coming back.

But please for the love of the players add achievements.

Devs can you please add achievements to the trilogy.............",277,1,1,0,40,3,2026-04-02,2026-04-02,0,82,13,13
"I can't believe this is finally on Steam. It was on GOG for a lil bit but it's finally here. I love this game, it's one of the best in the series and it's nice to play the original again. The controls might be a no go for new players, but they aren't even that bad. Even after I played Requiem not a long time ago, this game shows that it's old but gold. Thanks for putting the actually good version on Steam so players can enjoy the better game. 9/10",451,1,1,0,2,0,2026-04-02,2026-04-06,831,165,419,412
It is indeed Resident Evil 3 Nemesis but now on Steam.,54,1,1,0,2,0,2026-04-02,2026-04-02,0,1407,14,14
"I love Resident Evil 1, 2 & 3 So buying these 3 games on Steam was a no-brainer for me because I like flexing my playtime.

What you get here is the GOG versions of the games which is a pretty passable way to experience them. Including texture filtering, Anti Aliasing, variable resolutions etc. And it ran for me pretty well out of the box.

The same cannot be said for some other people:
Some people struggled to get the game running on Linux because the game makes registry changes in the launcher menu that don't really work for Linux, and some other people report that the Steam version apparently has built-in DRM which is so broken that the game just...refuses to launch and throws up an error.

On top of all this, the games come at varying file sizes all the way from 2GB all the way to 4GB...For games that fit on 650MB CDs.

This is another afterthought cash-in by Capcom.

If you REALLY want to play these game properly. I recommend looking into the ""Classic REbirth"" project which has released prior to the GOG version and remains the most optimal way to play the game. If you are savvy you can replace the game files of the Steam version with this version (after carefully following a guide) and play a way better version than what Capcom is offering here.

But as it stands. If you wanna play this game without much fuss? This is a pretty decent way to do so. And you should play them. The classic RE titles are awesome.

But out of principle? This is a downvote from me because of how lazily this was rushed out with its DRM issues that the original GOG version never had, and it is even worse-so because Capcom already caught a lot of flak for how they handled the Dino Crisis 1 & 2 Steam version which suffered from the EXACT SAME ISSUES that the RE games here have.

Some of you might even notice that this review is just the same I wrote for them too with just the names changed to Resident Evil ;)",1918,0,1,0,8,0,2026-04-02,2026-04-02,1064,340,6,6
"Good Job Capcom now Bring Classic Resident Evil (Code Veronica, Outbreak 1,2 and Dead Aim) games too to Steam as well.

Just Do It.",131,1,1,0,6,0,2026-04-02,2026-04-02,1532,54,551,21
If you want to find out what they cut out of the remake and you can skip the door loading screens,97,1,1,0,2,1,2026-04-02,2026-04-02,0,29,43,43
"Mercenaries Mode is available to play right from the start, that is worth it alone for me.",90,1,0,0,0,1,2026-04-02,2026-04-02,1248,100,166,12
"Nice.
Now do Silent Hill :)",27,1,1,0,0,1,2026-04-02,2026-04-02,306,48,272,35
"""It all began as an ordinary day in September. An ordinary day in Raccoon City. A city controlled by Umbrella. No one dared to oppose them. That and the lack of strength would ultimately lead to their destruction. I suppose they had to suffer the consequences of their actions but there would be no forgiveness, if only they had had the courage to fight... But it's true that once the wheels of justice began to turn, nothing can stop them. Nothing. It was Raccoon City's last chance... And my last chance, my last escape...""

Personally for me, RE3 OG is the best RE game of all time and for good reasons. 

First of all, the atmosphere. You explore quite a bit of the city and you just feel the dread and hopelessness that surrounds it. The ambience you hear of zombies who howl, because they still have a bit of conciousness in them, the crows cawing, the wind blowing, you can't beat this atmosphere. 

Second of all, Jill herself. If we were to think about the true ""strong and independent female character"" besides Lara Croft, Jill Valentine is definitely up there. She isn't there to bully male characters, she isn't there to flex how badass she is, she's just there to survive and do whatever it takes. She feels fear, she knows that the situation she's in is hopeless and yet, she doesn't give up. She also cares for others and doesn't want to leave any survivors behind. That's how you make a strong female character. Not to mention that she was one of the first female leads in video games in general. All in all, Jill is still one of the most iconic female protagonists in video game history.

Next thing is the Nemesis (The REAL Nemesis, not that cheap copy in RE3 Remake). The first stalker enemy in RE series and I might say that he's still the best (Mr.X in RE2 Remake was cool and all, but he wasn't the main antagonist). He's there just to eliminate STARS members and does everything to reach that goal. His iconic growls and ""STARS"" line is still carved into my brain after all those years. His boss fights are amazing and I think that Capcom has yet to make another beast as iconic as Nemesis. 

We also have the music, which is one of the best in the series by far. Hell, you know the soundtrack is amazing, if even the options screen has a memorable track. The save room theme, Nemesis theme, City of Ruin, Nemesis Final Metamorphosis, The Doomed City, Hellish Agony, I can just go on and on and name every single track in the OST, because all of them are amazing. The PS1 era really had an amazing music, no?

We also have small things like the choice system, where in some situations you have to choose one of the two choices that display on the screen. One choice can lead to better results than the other, so you have to think carefully about it. You also have a lot of choices regarding Nemesis, whether you will fight him or not. If you decide to fight him and manage to defeat him (it's not as easy as it sounds) the game rewards you for it and you will get a waaay better equipment.

All in all, RE3 OG for me is the peak Resident Evil game and It sucks that the remake for it is the worst of them all and it can just wish to be as great as the OG. Hell, even Capcom knows it, since they made DLC for every single RE Engine RE game, but not for 3 Remake lmao. But hey, at least we finally have a way to buy RE3 OG, whether it's here on Steam or on GOG. 10/10 game, I will still play it, even if I'm on my deathbed.",3444,1,1,0,1,0,2026-04-02,2026-04-02,208,26,11,10
I thought I might've died before seeing this game on Steam,58,1,1,1,2,1,2026-04-02,2026-04-02,0,112,8,8
"Farewell to my life.
Farewell to my home.

This is my last change for survival...

This is my, last escape...",109,1,1,0,2,0,2026-04-02,2026-04-02,0,62,184,16
"Plus: I can play again the OG
Minus: No Steam Overlay, Steam Achievements.",74,1,1,0,1,0,2026-04-02,2026-04-02,0,36,29,24
Now Add Code Veronica Next please.,34,1,1,0,2,0,2026-04-02,2026-04-02,1136,29,5,5
"[quote]September 28th.
Daylight...
The monsters have 
overtaken the city.
Somehow...
I'm still alive...[/quote]
Love seeing a classic Resident Evil 3 Nemesis!
Especially since they butchered the remake of it.
Thank you, CAPCOM!",227,1,1,0,1,0,2026-04-02,2026-04-02,672,83,23,23
"THANK YOU CAPCOM FOR RELEASING THE OG TRILOGY, PLEASE GIVE RE CODE VERONICA NEXT",80,1,1,0,0,0,2026-04-02,2026-04-02,405,29,578,158
"For me, it’s always been the best game in the series, i have been playing it every now and then for over two decades whenever it crosses my mind. Nemesis’s theme and the save room music just play involuntarily in the back of my head :D",235,1,1,0,0,0,2026-04-02,2026-04-02,0,5,285,6
"ONE OF THE BEST RESIDENT EVIL GAMES
fun to play normally and its fun to replay a million times and to speedrun this game is so fun as there is randomized stuff but nothing crazy. 
The amount of stuff in this game you won't realize till you playthru a million times and then you'll watch someone else play this game and show you something new its amazing.",354,1,1,0,1,0,2026-04-02,2026-04-02,221,13,58,58
Can't recommend it enough!,26,1,1,0,1,0,2026-04-02,2026-04-02,34,6,7,7
Better than the remake,22,1,1,0,7,0,2026-04-02,2026-04-02,0,44,1030,205
MY FAVORITE RESSIE GAME WOOOOOOO!!!!,36,1,1,0,5,0,2026-04-02,2026-04-02,460,101,203,184
"Honestly, this is easily one of the best Resident Evil games ever made and, personally my favorite one along with RE4 OG. The best part is that after you beat the game, there is an epilogue folder right on the main menu. A new one unlocks every single time you finish the game, telling you what happened to the characters after RE2 and RE3. So, seriously don't forget to check all of them out especially the Leon and Sherry dynamic, which the RE2 remake doesn't have.",467,1,1,0,21,1,2026-04-02,2026-04-02,559,66,96,17
❤,1,1,1,0,1,0,2026-04-02,2026-04-02,159,46,264,8
"Finally, the full version of RE3 dropped on Steam with a Mercenaries mod included and Nemesis doesn’t look like a trash bag anymore.",132,1,1,0,2,0,2026-04-02,2026-04-02,107,6,1289,88
"Too scared to play this when I was a kid, now I can play it on my PC ready to face my fears once more!",102,1,1,0,5,1,2026-04-02,2026-04-02,126,24,106,63
"[b]""All the foxy ladies love my accent, it drives them crazy!""[/b]

Finally THE definitive version of RE3 is released on Steam, where Nemesis doesn’t suck ass and you can actually explore the freaking city! Also this game has lots of stuff going on, and alot of RNG, and it is such a fun speed game! Replayability is nuts!

Just like RE2, it’s a classic. Fantastic game. I love it, absolutely recommended.",405,1,1,0,0,0,2026-04-02,2026-04-29,163,25,2357,842
"Resident Evil 3 from 1999 holds a special place in my heart. I’ve played it countless times with my siblings, and each playthrough feels like a new adventure. The atmosphere is intense, and the constant threat of Nemesis creates a sense of urgency that keeps you on your toes. The puzzles are engaging, and the mix of action and horror strikes a balance that makes it hard to put down.

One thing I often think about is how great the game would be with achievements. Having some additional goals to chase after would have added even more replay value. It’s those little extras in modern games that make you want to dive back in. 

Overall, Resident Evil 3 remains a classic in the survival horror genre. It’s a game that not only stands the test of time but also brings back many fond memories. I’d recommend it to anyone looking for a thrilling experience, but I can’t help but wish Capcom had taken the chance to update it with some achievements.",952,1,1,0,2,0,2026-04-02,2026-04-02,0,32,150,68
"Farewell to my life.
Farewell to my home.

This is my last  change for survival...

This is my, last escape...",110,1,1,0,12,1,2026-04-02,2026-04-02,8384,43,7,7
"Great game, please add code veronica X next",43,1,1,0,2,0,2026-04-02,2026-04-02,0,182,8,8
"the superior Resident Evil 3 this is what the remake should have been all the amazing horror and monsters just updated are well at lest this legendery game has come to steam

forgot to add all the sexy outfits and unlockables are from the very start of loading into the game are all unlocked and that is ♥♥♥♥♥♥♥ awesome all so sexy dino crisis outfit and sexy cop outfits are still in the game",393,1,1,0,3,0,2026-04-02,2026-04-02,0,584,255,19
"I’d rather pay 99.50 MXN / $4.99 for the original than $3.99 for the remake!

Why? Because the OG lets me explore iconic locations that were cut or reduced in the remake: the Clock Tower 🗼, Raccoon City Park 🏞, Dead Factory 🏭, City Hall, Press Office 🏢, Graveyard ⛼, Gas Station 🚉, Umbrella Pharmacy ⚕, and the Raccoon City Streets — all the places Kazuhiro Aoyama envisioned for us to experience. And of course, I get to say “HI!” to my old friend, the Grave Digger.

Another big difference: Nemesis encounters aren’t scripted here. He’s a true stalker, unpredictable and relentless — exactly how survival horror should feel. That tension is what makes me love this version ♥

+They removed Jill's appeal in the Remake, what a disgrace of Remake with no Mercenaries.

CAPCOM! Don't mess with the Veronica Remake!",813,1,1,0,2,0,2026-04-02,2026-04-04,0,12,381,188
classic,7,1,1,0,2,0,2026-04-02,2026-04-02,1457,124,24,6
"its great that capcom is bringing back older RE games that most people never got to experience, now if only they would do that with another popular franchise of theirs....*cough cough* MONSTER HUNTER *cough cough*",213,1,1,0,1,0,2026-04-02,2026-04-02,185,44,45,45
Dropped this on April Fools what did Capcom mean by this?,57,1,1,0,5,0,2026-04-02,2026-04-02,155,16,142,9
Enigma DRM,10,0,1,0,22,2,2026-04-02,2026-04-02,252,8,47,42
What an unexpected surprise. Thank you for this <3,50,1,1,0,2,0,2026-04-02,2026-04-02,0,49,160,52
literally my favourite re game oat. i’m so glad capcom finally ported this and the other two gems to steam😭🙏,108,1,1,0,2,0,2026-04-02,2026-04-02,273,27,125,30
i would have finished the remake twice in the time ive played,61,1,1,0,1,2,2026-04-02,2026-04-02,252,51,237,134
Glad to see this get ported to steam.,37,1,1,0,2,0,2026-04-02,2026-04-02,313,30,12,12
drm bad!!! mods no work for some reason!!,41,0,1,0,11,3,2026-04-02,2026-04-02,314,42,17,17
jill valentine,14,1,1,0,0,0,2026-04-02,2026-04-02,115,4,43,14
Looks and runs great. Also feels great on controller. Literally just beat the PS1 version yesterday and was itching for another playthrough when Capcom bestowed us with this amazing surprise. You start with a bunch of costumes unlocked (though personally I always prefer original costumes) and you also get all kinds of settings when you launch which make the game look great for modern PCs. Mercenaries is also available right from the get go.,444,1,1,0,1,0,2026-04-02,2026-04-02,45,3,305,106
awful pc port to one of my fav games ever please capcom fix the ♥♥♥♥♥♥♥ launch settings and add functional resolution and full screen settings the F1 menus repeatedly resets its settings. i wanna play this version so bad but im just going to have to continue with the gamecube port. also steam achivements would be nice,319,0,1,0,12,2,2026-04-02,2026-04-02,251,73,51,51
"Farewell to my life.
Farewell to my home.

This is my last chance
for survival...

This is my, last escape...",109,1,1,0,5,0,2026-04-02,2026-04-07,1626,87,1054,505
"""You want S.T.A.R.S? I'll give you S.T.A.R.S!""",46,1,1,0,2,0,2026-04-02,2026-04-02,0,57,6,6
you want stars? I'LL GIVE YOU STARS,35,1,0,1,3,0,2026-04-02,2026-04-02,0,31,156,13
"First Impressions, but the game works fine on windows 11, the default button mapping is bad, so use F1 to change the mapping for Keyboard (without Mouse). I did not have to log into any other accounts to play this, it has a basic launcher for graphics settings. I assume this all applies to RE2 and Dino Crisis, though I may be wrong.

TL;DR PRESS F1 FOR GODS SAKE PLEASE",371,1,1,0,3,0,2026-04-02,2026-04-02,0,24,18,18
"i have this game on GOG, Playstation, and Now Steam. safe to say this is my favorite Resident Evil game. this port is pretty good very minor bugs here and there but it can be seen on the ps1 version of the game. the game is good the original games will always be better that those ""remakes"" other than the re1 remake thats the best remake yet people want it remade. skill issue for tank controls or low IQ? call it.",415,1,1,0,0,0,2026-04-02,2026-04-14,76,53,17,17
Finally. The good RE3 is on steam,33,1,1,0,4,2,2026-04-02,2026-04-02,397,12,8,6
"I made a GOG account yesterday with the assumption that it was the only way for me to play the original RE games, then steam drops this out of nowhere. Now we just need Code Veronica",182,1,1,0,0,0,2026-04-02,2026-04-02,0,38,164,43
"September 28th, daylight. The monsters have overtaken the city. Somehow, I'm still alive...

It all began as an ordinary day in September... an ordinary day in Raccoon City, a city controlled by Umbrella. No one dared to oppose them, and that lack of strength would ultimately lead to their destruction. I suppose they have to suffer the consequences of their actions, but there would be no forgiveness. If only they have had the courage to fight! It's true that once the wheels of justice begin to turn, nothing can stop them... nothing. It was Raccoon City's last chance... and MY last chance. My last escape...",613,1,1,0,5,0,2026-04-02,2026-04-02,0,10,7,7
"Never would I have thought I’d see my favorite Resident Evil game come to Steam!! I’m in complete shock and excitement at the same time.

I love you, CAPCOM ❤️",159,1,1,0,2,0,2026-04-02,2026-04-02,0,2,14,14
"I am being 100% sincere when I say this is better than the remake and one of the best resident evil games
Not even an OG purist because I prefer the remakes of 1, 2 and 4 but 3 is different
This is the best the of the old resident evil games and one of the greatest survival horror games ever released

I think I said Capcom can have my life if they put this game on steam at one point so uhh....lets hope they dont come to collect on that",439,1,1,0,55,19,2026-04-02,2026-04-02,614,67,204,29
OG's on Steam? Do you know how long i've been waiting for this? I don't even care in what state they are. This is the best present for 30th anniversary.,152,1,1,0,2,0,2026-04-02,2026-04-02,4870,2,533,59
PEAK,4,1,1,0,0,0,2026-04-02,2026-04-02,278,36,38,38
"> Wake up
> Realize RE1, RE2 and RE3 classic are available on steam.
> Buys
> No controller support and ♥♥♥♥♥♥ configuration
> Closes game
> Goes back to sleep",159,0,1,0,21,6,2026-04-02,2026-04-02,284,20,5,5
better late than never...... FINALLY!!!!,40,1,1,0,1,0,2026-04-02,2026-04-02,376,32,492,10
The real Resident Evil 3 and real Jill Valentine are finally on Steam.,70,1,1,0,2,0,2026-04-02,2026-04-02,0,95,164,5
"I CAN'T BELIVE IT, I'M GOING TO CRY, I'M STILL NOT SURE IF THIS IS APRIL FOOLS OR NOT, WILL THEY REMOVE IT OR KEEP IT??? finally after the trash RE3 remake they gave us the original that's 100% better W capcom :,)",213,1,1,0,1,0,2026-04-02,2026-04-02,105,5,300,8
"Had a few minutes with this port, the improvements over the ps1 are great additions and it being more accessible is amazing.  Don't skip this game, The better RE3.",163,1,1,0,0,0,2026-04-02,2026-04-02,0,5,19,16
"better than remake
this is the real RESIDENT EVIL 3",52,1,1,0,1,0,2026-04-02,2026-04-02,0,59,59,15
S.T.A.R.S,9,1,1,0,0,0,2026-04-02,2026-04-02,0,34,352,152
As beautiful as the day I lost you...,37,1,1,0,0,0,2026-04-02,2026-04-02,175,12,10,10
"There are MUCH better ways to play this game nowadays. After playing those, this feels like ♥♥♥♥♥♥♥. Glad it's more accessible but would much rather jump through the 1 hoop to play a x20 better version.",202,0,1,0,7,1,2026-04-02,2026-04-02,0,8,36,36
peak RE Game ever,17,1,1,0,2,0,2026-04-02,2026-04-02,85,8,197,93
"I have been wating years for them to do this, Thank you for this out of the blue shadow drop, I do wish they could of added achivments, but I get it. I'm happy with what we got core childhood game brought back!

Runs Solid & happy about the slightly better textures.
Take my money Capcom!!!",290,1,1,0,1,0,2026-04-02,2026-04-02,569,48,124,124
"I think its very old classic game i takes time to play but its old soap with cool graphics new and control , you think i dont have life with capcom its better than remakes. But still hold old classic games for its very good collection i think i deserve it . Yeah i will play okey you asked me. Its like diablo 2 . I am simple guy if i see this games i will buy it my collection steam. 10/10 zombies somewhere lost cd games in my childhood.",439,1,1,0,1,0,2026-04-02,2026-04-02,866,457,66,18
You want S.T.A.R.S.? I’ll give you S.T.A.R.S.!,46,1,0,0,9,1,2026-04-02,2026-04-02,385,4,718,11
"This is my favorite resident evil game so it hurts to tell you that i cant reccomend this version.

For some unknown reason the original GOG RE3 pc and and this one have this issue where the volume will reset to 50% every time you enter a cutscene and if you tab out to fix it the audio will desync. These PC ports also dont have non xbox controller support which i dont think is acceptable. Its also dissapointing that the steam versions of these games have DRM slapped on them, why??? so stupid. Another minor complaint is that these PC ports have made a few minor alterations to the gameplay compared to the original PS1 releases becaause theyre built off of the once japan exclusive PC ports.

This is however the best looking and legal way to play classic resident evil. The controller issues han be fixed by downloading an imput converter ( i use AntimicroX) and RE1 and RE2 dont have the same weird audio issues that 3 does. How you choose to replay these games is up to you but for RE3 i personally prefer the playstation store port of the original ps1 version.",1069,0,0,0,26,0,2026-04-02,2026-04-02,0,13,5,5
CAPCOM!!! RELEASE A PORT OF CODE VERONICA X BEFORE THE REMAKE AND MY LIFE IS YOURS!!!,85,1,1,0,12,3,2026-04-02,2026-04-02,238,19,6,6
"Launches on Steam Deck, but controls don't work.

To enable controls I had to update the winecfg libraries using Protontricks and add dinput, I also added ddraw as well to be safe.",180,0,1,0,9,1,2026-04-02,2026-04-02,812,46,40,35
So this is actually a really great game i think its amazing and i think you should try it i really like the save room music i think nemesis is one of my favorite villains of resident evil,187,1,1,0,1,0,2026-04-02,2026-04-02,0,74,632,92
"Peak game, better than remake",29,1,1,0,0,0,2026-04-02,2026-04-02,0,17,15,15
"What happiness! Just today, during the day, I had the save room music turned up so loud it was deafening the walls of the house, without even imagining that I would come home at night, open Steam, and see the classic trilogy available for purchase. And of course, you can imagine... I bought all three. Resident Evil 3 is simply the best game ever made, it needs no introduction, and any adjective that refers to its positive quality is still insufficient. I've already finished it more than a hundred times back in the PS1 era. Seriously. Man, what happiness. I have to congratulate Capcom for what they did!!! If I consider Resident Evil my favorite game series, this game carries part of that with it!!!",706,1,1,0,7,0,2026-04-02,2026-04-02,0,105,267,8
The controls do not work on steamdeck. I have to use keyboard inputs to make anything happen.,93,0,1,0,6,1,2026-04-02,2026-04-02,0,2,58,13
i needed this thank you but guy really put DRM in a 27 year old game ♥♥♥♥ you brah you know how mad this makes me bro i just got a noise complaint i wont let you get away with this you sick ♥♥♥♥ ♥♥♥♥♥♥♥♥♥♥ ♥♥♥♥♥ wibb like bro it was like Christmas came early then you just gotta do this to me and me specifically duuuuuude duuuuuuuuuuuuuuuuuuuuuuuuuuuude are u serious right now bro foaming at the mouth in extreme anger you would think i have rabies dont make me ♥♥♥♥♥♥♥ call john istg pissing me off like that dawg,516,0,1,0,16,0,2026-04-02,2026-04-02,0,55,489,20
4/1/26... We were here,22,1,1,0,0,1,2026-04-02,2026-04-02,0,97,11,11
ㅤ,1,1,1,0,14,2,2026-04-02,2026-04-02,193,1,18802,54
I'm glad Capcom finally decided to release the originals for the first three games on Steam. I had a lot of fond memories with the 3rd game since it was my first ever Resident Evil game. I don't care what anyone else says about the remake version. Jill will always be the best female protagonist out of all of them. All hail Jill Sandwich!!!,341,1,1,0,2,0,2026-04-02,2026-04-02,362,40,25,25
"I love this shadow drop, ty Capcom!",35,1,1,0,1,0,2026-04-02,2026-04-02,179,6,31,31
You want S.T.A.R.S.? I'll give you S.T.A.R.S.!,46,1,1,0,6,0,2026-04-02,2026-04-02,796,26,225,8
randomly came across this while coming back from being afk. 10/10,65,1,1,0,2,0,2026-04-02,2026-04-02,0,2,6,6
"You want S.T.A.R.S, I'll give you S.T.A.R.S",43,1,1,0,3,0,2026-04-02,2026-04-02,138,22,1375,116
The best RE game! Play with the Classic REbirth mod.,52,1,1,0,0,0,2026-04-02,2026-04-02,606,12,25,6
"no pause button (cant change binds in-game or go to title screen without restarting game), controller support is terrible (pretty much unplayable on steam deck), no borderless fullscreen, you need to click f1 to open a windows to change emulator settings, no cloud save, $10 off-sale for 30 year old games. Genuinely what are we doing capcom",341,0,1,0,6,0,2026-04-02,2026-04-02,129,4,42,42
amazin fr im not lyin buy,25,1,1,0,0,0,2026-04-02,2026-04-02,0,3,121,26
"i used to pray times like this, thank you daddy capcom.",55,1,1,0,1,0,2026-04-02,2026-04-02,0,8,81,24
i love jill valentine,21,1,1,0,0,0,2026-04-02,2026-04-02,0,9,12,12
pretty cool,11,1,1,0,0,0,2026-04-02,2026-04-02,68,2,790,562
"É melhor jogo já criado pelas mões dos mortais, obrigado Capcom!",64,1,1,0,0,0,2026-04-02,2026-04-02,151,177,693,12
god please localized achievement support retroachievements isnt enough,70,1,1,0,1,0,2026-04-02,2026-04-02,106,10,7,7
Doesn't even function. Tried booting it about 10 times with no luck. Insanely janky.,84,0,1,0,1,0,2026-04-02,2026-04-02,0,132,18,12
"The Residents were evil, three times?! 😮",40,1,1,0,0,0,2026-04-02,2026-04-02,0,53,42,12
THE TRUE NEMESIS,16,1,1,0,5,0,2026-04-02,2026-04-02,196,35,11,11
The one and only RE 3 is back! THE best.,40,1,1,0,2,0,2026-04-02,2026-04-02,995,39,87,8
"We've finally got the remake for Resident Evil 3 and it's everything we could have hoped for. No, not everything. More. Not only it fixes all the problems the original had it also add plenty of content, here's the list (it's a long one).

   - We need to begin with Nemesis himself. For this remake, it's clear why Capcom wanted to put his name in the title: they improved him in every way possible. Remember how in the original Nemesis hunted Jill for like 5 minutes? Screw that, now he hunts you the *entire* game. He is relentless and very clever. Way more threatening, imposing and dangerous. Gone were the days you could drop him with a single grenade. Now to defeat him you must give everything you have, and that might not be enough. He is very tough, but fair. To make up for this added difficulty his drops are much more interesting (new guns, health items and even infinite ammo!). Another very smart change is to make him humanoid for 99% of the game. What were the original team thinking when they changed him into a dog midway through the game?! I do miss him having a flamethrower though (he shows up with a Rocket Launcher more times though) and I have a soft spot for his original design (nose included). But all in all, they took a mediocre set piece boss and made him into a true stalker, the best I ever experienced in a game. STARS!
   - There is an entire new gameplay segment between Jill apartment and you getting to the train.
Raccoon City is *grealy* expanded. It's much more open and there are many more places you can go. To get the train moving it's not simply about going to the power station, you have to collect a number of itens all over the city, often with Nemesis pursuing you. 
   - There is a second boss (I won't spoil it to you!)
   - Remember the Clock Tower? That building you could see in the distance when you fought dog Nemesis? It's now an entire map! I ♥♥♥♥ you not. They took a single background building and made it into a mini-Spencer Mansion, full of puzzles and a superb atmosphere. It's gonna be a fan favorite for sure.
   - They added a park which although not very good is better than the sewers (which were thankfully removed, more original content, less copy and paste from RE2).
   - That Nest 2.0 RE2 clone? Now it's a special kind of Umbrella facility, it adds much more personality to this game. 
   - There is a new mini-game! It's called The Mercenaries and it's very fun. It adds much replayability. 
   - There are way more weapons and skins for Jill (7 in total). New ammo types and a much improved ammo crafting mechanic, better than in all other RE titles.
   - There is a live-selection mechanics that allow you to make choices in critical moments, which led to different outcomes and make replays much more varied. It even changes the story (there are more than one ending now)
   - Some story elements were tweaked for the better, I don't want to spoil too much, but now we visit the RPD as Jill. Think about it, doesn't it make much more sense? Seeing the place she spend so much of her days at, going to the STARS office as one of the few lasting members of the team and... no, I won't even talk about *that* moment! You will know when you see it (and scream, probably). 

I could go on, but there is thing they add that is more important than all of those, and it's a bit harder to describe: a soul. The original RE3 was a spiritually small game, the RE formula from RE2 and RE1 was gone, there was basically no puzzles, inventory management, route planning, and all that. But the madmen at Capcom did the impossible, they added a big soul for this remake. The puzzles, enemies (there are new enemies!), key itens, a more open map... it all combines to give you that classic, fantastic Resident Evil experience, but in a more action-y way. And it all works not only because all of those mechanics function well, but because Nemesis. Really, I couldn't make him justice enough here. He is the element that holds everything together, making every decision count and every escape a desperate one. 

It's not all good news though, there are a few things that are worse in the remake. The graphics are slightly worse, I'm not sure why. But you will only notice if you look really close. Carlos and especially Nikolai aren't as good as they were in the original, although there are some scenes with them with are very good. I prefer Jill's characterization from the original, but I expect a lot of people will prefer this version, regardless, in terms of combat and wits she is way more capable here as Nemesis is a much more demanding foe (she reminds me of Jason Bourne, always thinking on her feet and using the environment to her advantage in clever ways). The voice acting is a bit worse alas, they should have all the voice cast from the original returning, but maybe they were not available. But that's about it for the bad part, really trivial compared to all the good.

God, this was a long review. But as someone who was a bit disappointed by the original RE3 and hoped they would remake it one day like the other RE titles, this was beyond my wildest dreams. It's so, so good. It took something that you had to force yourself to like and turned it into a classic. We finally got the RE3 we dreamed of!",5280,1,1,0,23,48,2026-04-02,2026-04-02,221,1,42,42
"I think this is my personal favourite out of the original trilogy. It's a toss-up between this and Resident Evil 2. This original version here is way better than the disappointing remake which cut out a lot of content. Nemesis is actually scary here as well. Would recommend, especially if you've played the remake. A masterpiece of a game.",340,1,1,0,3,0,2026-04-02,2026-04-02,221,11,24,18
"The greatest game of all time.

P.S.: This port SUCKS. Downgrade it to the 1.1.0 SourceNext version and use Classic REbirth to experience heaven <3",147,1,0,0,2,0,2026-04-02,2026-04-02,612,64,1621,17
"Brad, hang in there",19,1,1,0,1,1,2026-04-02,2026-04-02,473,13,10,10
oh that's peak... peak of my comfort game...,44,1,1,0,1,0,2026-04-02,2026-04-02,0,18,9,9
"runs great and the upscaling options are neat, but no native gamepad support at release (at least on steam deck) or cloud saves/achievements",140,1,1,0,1,0,2026-04-02,2026-04-02,808,4,246,16
Great port of the game!,23,1,1,0,1,0,2026-04-02,2026-04-02,0,21,171,105
"Quick review regarding Steamdeck compatibility ~

It appears to run smoothly, but it is not playable out of the box without changing your controller layout.

Even after binding F1 to access the menu in game, there was no way I could find to rebind keys to their correct buttons. The control stick works, but there is no way to start a game, so I am unsure what other buttons work out of the box.

My solution was to rebind buttons according to the predetermined keyboard layout (ex. the spacebar/action button to ""A""), since I had ""cleared"" the controller inputs and it was impossible to remap anything. This worked great and felt pretty normal to play with. (Added to community layouts, called Keyboard>Steamdeck layout for RE3 Nemesis)

The launch menu also requires using the touchscreen, or possibly the trackpad, but I found the touchscreen to work much better. 

No cloud saves is a huge bummer because I like to switch between PC and steamdeck. Hoping this is added soon.

Do I recommend playing RE3 Nemesis? Absolutely! Is this the best way to do it? Maybe not depending on what you're going for lol",1107,1,1,0,96,6,2026-04-02,2026-04-02,264,3,308,87
"DO NOT BUY RE3 FROM STEAM, BUY IT FROM GOG.

Now that that's out of the way: This version of RE3 has a lot of the improvements from the GOG release, adds unnecessary DRM, and doesn't work at all on Steam Deck. This mirrors the exact same issues that DC1 and DC2 had when they came to Steam, and it's been over a month since those came out so I doubt Capcom would ever fix those issues here.

Windowed mode is broken, no steam overlay, no achievements, minor graphical issues, movies outputting audio to only one channel, and more. These issues persist over ALL 3 original games.

There is absolutely no benefit to buying the game from Steam when all it does is add DRM and be less accessible than the already great GOG releases.

UPDATE: It is now possible to play all OG games on steam deck via proton experimental.",816,0,1,0,45,9,2026-04-02,2026-04-10,1390,30,7,7
ITS HERE OH MY GOD ITS HERE!!!!!,32,1,1,0,2,0,2026-04-02,2026-04-02,108,10,46,39
"I did not realize this would release today (and on all days, April fools!), I'm not complaining though, it's my favourite OG Resident Evil game! :D",147,1,1,0,1,0,2026-04-02,2026-04-02,286,2,68,30
"This breaks my heart, but I cannot recommend this in it's current state. 

I am a MASSIVE classic RE fan and I've been playing these games in all their forms, including the original PC ports. Yes, even the extremely scuffed Virgin Media RE1 PC port 

This might be the worst showing yet. 

Let's start from the top:

- Weird DRM
- States it supports controllers, partially. Very partially. No default bindings for Xinput devices and assigning controls seems to be impossible as it's constantly detecting a HAT input with my Xbox SX controller. Keyboard controls are the classic RE PC port controls we all know and 'love' 
- Audio quality is GARBAGE. Somehow, some of the zombie noises are the most compressed they've ever been, and all effect audio seems to have hard bias towards the right channel. Music sounds alright though. 
- Switching to Japanese (dropdown in the launcher for this port) does not give you Sourcenext assets, leading to the next point...
- FMV quality is terrible. The pre-rendered videos all exist in much higher quality, from the Gamecube port to the Sourcenext ports, so why on earth are we dealing with Sub-PS1 levels of quality here? 

At least RE3 launches on Linux. RE1 and 2 can't get past whatever registry step they're trying to complete. 

If you need to play this on PC, look into the GoG ports, you can at least get the REBirth patches installed there. Unsure if that will work here, especially with the weird ♥♥♥♥♥♥' DRM. 

Here's to hoping Capcom puts some work into these, as these are classic games that deserve a proper release on Steam. But if there's no movement in two weeks I'm getting my money back.",1663,0,1,0,19,0,2026-04-02,2026-04-02,940,10,21,17
"It's a great game, although my PC has a hard time handling such stunning and powerful graphics",94,1,1,0,29,52,2026-04-02,2026-04-02,566,18,509,20
Can we get a real re3 remake?,29,1,1,0,3,0,2026-04-02,2026-04-02,443,15,54,22
"The funny thing is the OG version costs more than the remake on sale which shows how much they regret it, but regardless, this version has more content and a longer story (or I suppose it features the cut content from the remake), and the live selection feature lets you make different choices that alters your story path which I think is pretty cool, so for 5 bucks you get a neat game, and it of course Jill mommy is included so just buy it",442,1,1,0,2,1,2026-04-02,2026-04-02,0,13,5,5
is grass green ahh purchase,27,1,1,0,0,0,2026-04-02,2026-04-02,211,8,41,7
"""September 28th, daylight. The monsters have overtaken the city. Somehow, I'm still alive...""

This is the real experience rather than the Remake which has parts of the content missing, just launch it and ready to go!.",218,1,1,0,24,5,2026-04-02,2026-04-02,0,6,28,28
"Finally, Classic 1999 RE3 is on steam. Every RE fan knows that this game is 10/10. Though it is not remastered, but Capcom allows us to set the screen resolution up to 4K.

Tank control might be tough for young RE fans, but as a veteran fan, I LOVE IT!

Nemesis: ""STARS!""",271,1,1,0,546,18,2026-04-02,2026-04-02,855,59,605,31
HELL YEAH!,10,1,1,0,0,0,2026-04-02,2026-04-02,208,17,1200,341
My favorite RE game of ALL TIME! <3,35,1,1,0,7,0,2026-04-02,2026-04-02,305,61,455,10
"I absolutely love this game. My 2nd favorite RE game, and IMO, the best of the first 3 OG games. 

If you’ve ever see comments made by the community about how the remake of 3 didn’t live up to the OG, then play this right here and see why. It’s criminal how much the remake cut compared to this game. 

There’s a good blend of action and puzzle solving. Being able to explore a good chunk of Raccoon city is great. The game has a really unique mechanic where you get to make a decision between two choices, usually during a fight or flight moment, And the result (while not making significant changes to the story) does provide some really cool outcomes. This also provides replay-ability so you can see the different outcomes. 
Nemesis proves here why he is still the ultimate, most scary stalker enemy in the series. You can just be going through an enemy free area, and then hear a door open, and start hearing heavy footsteps Sprinting in your direction. The game also introduces a dodge/shove mechanic, which can be a bit finicky, but when you pull it off it’s very helpful and satisfying. 

This game was also the first to introduce Mercenaries mode. It’s not as fleshed out as it is in future titles, but it is there. 

I urge every Resident Evil to give this a try if they haven’t. A very underrrated title that deserves its time to shine. No matter how much CapCom tries to hide it in the shadows behind that dissapointing Remake.",1439,1,1,0,50,2,2026-04-02,2026-04-02,652,202,13,13
im in the first 10 people to review this game👍,46,1,1,0,6,0,2026-04-02,2026-04-02,57,20,7,7
Best Resident Evil game! So much better than the remake.,56,1,1,0,43,1,2026-04-02,2026-04-02,0,62,167,60
"""September 28th, daylight. The monsters have overtaken the city. Somehow, I'm still alive...""",93,1,1,0,537,24,2026-04-02,2026-04-02,136,15,7,7
"One of the best games of all time

This version has the 7 extra costumes and mercenaries mode
You can change the resolution, enable anti aliasing, anisotropic filtering, fullscreen or windowed

I don't see how to remap buttons, but it works fine with a controller. There doesn't seem to be a reset/options ingame menu though.",325,1,1,0,175,5,2026-04-02,2026-04-02,246,76,20,20
guh,3,1,1,0,3,0,2026-04-02,2026-04-02,270,14,9,9
Classic RE3 is a masterpiece. I love this game. Please add Achievements and Cloud Saves!,88,1,1,0,7,0,2026-04-02,2026-04-02,339,46,50,38
Its pretty good (also first),28,1,1,0,3,0,2026-04-02,2026-04-02,172,30,33,15
w shadowdrop,12,1,1,0,8,0,2026-04-02,2026-04-02,81,2,534,9
StArS,5,1,1,0,6,1,2026-04-02,2026-04-02,0,25,411,9
CAPCOM GIVE ME RE OUTBREAK AND MY LIFE IS YOURS,47,1,1,0,95,5,2026-04-02,2026-04-02,520,13,22,22
"The release of the classic games is a great surprise, and I do think that it is a great way to get acquainted with them: you don't have to use emulators or search for a copy, you just pay $5.00 per game and you are good to go!
But is it actually a good choice considering everything which goes on underneath?
 
The good part - there is now a chance to experience the original RE3, rather than the Remake which has some part of the content missing. Also, Mercenaries mode and all the costumes coming along with the game! Also, nostalgia!

The underwhelming part? 
- No achievement system
- No cloud saves
- The Enigma Protector DRM [b](WHY?)[/b]
- Pixelated image (no proper aspect ratio, no upscale, and I DO NOT mean AI nor RTX/DLSS as some might think).
- Very little options to tweak the game's settings (meaning all you can do is reassign controls and change the resolution, and all that with the requirement of discovering that the settings menu is to be opened by pressing F1, which is not stated anywhere). 

There is actually a launcher coming with the game, which is... you guessed it, useless, because seemingly the settings you apply don't even work accordingly.
If you open the in-game settings menu, you'll acknowledge that the resolution is not what you have chosen in the launcher, and that there are actually controls settings with the opportunity to remap them, which are... not in the launcher!

I do think that there is a need for some tweaks post-release. There is no need for a full-on remaster (it actually depends on what one considers a remaster...) since we have a remake already, but having some more options in the launcher, removing the DRM from a game which is 27 years old and adding some achievements would be great.

Also, it would be a great idea to include the manual, because for many it would be impossible to navigate in a 1999 game menus nowadays.

Keep in mind, this game is on GOG for quite a while now (since September 2024), and it doesn't have any DRM whatsoever.
The cherry on top? 
""This re-released version of the game was co-developed by GOG."". In the official Steam description.",2126,0,1,0,717,120,2026-04-02,2026-04-02,260,22,31,31
I can't handle tank controls. I'm 19 years old. This doesn't resonate with me.,78,1,1,0,17,57,2026-04-02,2026-04-02,392,7,6,6
STARS,5,1,1,0,28,7,2026-04-02,2026-04-02,3749,19,5,5
woohoo,6,1,1,0,5,4,2026-04-02,2026-04-02,99,1,6,6
