review,review_length,sentiment,purchased,received_for_free,votes_up,votes_funny,date_created,date_updated,author_num_games_owned,author_num_reviews,author_playtime_forever_min,author_playtime_at_review_min
Scared the piss out of me when the dogs jumped out the window,61,1,1,0,0,0,2026-05-06,2026-05-06,10,13,48,48
"Managed to glitch the game (somehow) turning the shield key into a baretta, so got myself locked out of Yawns boss fight. I was also doing a no save run so I cant load in again. Best game ever! .·°՞(˃ ᗜ ˂)՞°·. 
(long time resi fan)",231,1,0,0,0,0,2026-05-06,2026-05-06,0,51,169,49
"Old is Gold :D

first RE series I have ever played on PS1! 
-Background music amazing (never forgot them at all!)
-Challenging (Perfect)
-Puzzles are difficult to those who played the game for the first time.
Finally, thanks to dvs who brought this masterpiece back on steam <333",279,1,1,0,2,0,2026-05-06,2026-05-06,0,89,514,514
The one who started it all. i was like 9-10yo when i first played the OG. Still goated!,87,1,1,0,0,0,2026-05-05,2026-05-05,280,66,641,641
I love this game this is the only game Capcom did amazing with both the original game and remake <3,99,1,0,0,1,0,2026-05-05,2026-05-05,60,11,5,5
the GOAT,8,1,1,0,2,0,2026-05-05,2026-05-05,403,38,364,247
"Now I know what people mean by ""Tank Controls""  

I can get past the controls in an old game like this, but your knife is really bad.  You got to really be confident in your knife skills if you want to save ammo.  It adds a layer of tension I haven't experienced before.",272,1,1,0,1,0,2026-05-04,2026-05-04,0,9,209,209
While the combat and controls have aged pretty poorly this game is a fantastic project for the pre-rendered backgrounds alone.,126,1,1,0,1,0,2026-05-03,2026-05-03,64,37,304,304
"10/10 

even with that ♥♥♥♥♥♥♥♥♥♥♥♥ acting",42,1,1,0,2,1,2026-05-03,2026-05-03,523,5,470,470
"A lot of people are into Resident Evil to associate with some kind of 'big name' fanbase, and you can tell by the number of people posting troll reviews of this game or reccomending it knowing they'll never play it again.

Anyway, I just finished the Chris campaign. Will be playing Jill's posthaste, but more for completion than enjoyment. Playing the original 1996 game, really kind of shows you what Capcom was up to when Resident Evil wasn't a franchise yet and the video game industry itself was still young, and very few rules of game design had been laid down yet. A lot of design choices are clunky or outright bad, map design was kooky as hell, F%CK Hunters and their one hit kill, etc etc etc. And the horror element is obviously second to the puzzle solving. 

Yeah, the raw material that would go on to be remade to perfection is obviously still there, but it's not offering virtually anything the remake doesn't do better. It's historically valuable, but not great on its own terms. I think if we're not beholden to historical purism, we can admit that.

I did enjoy the live-action scenes carried over from the Director's Cut. Cheesy, campy, everything I like. But yeah, play this for your historical context if nothing else, or just be satisfied with the later games.",1288,0,1,0,0,1,2026-05-03,2026-05-03,0,7,1196,814
This is the best souls-like ever!!!,35,1,1,0,1,0,2026-05-03,2026-05-03,0,13,991,991
"while the remake is kino the original game has a very liminal space type of vibe combined with the horrible voice acting at the start of the game and the quaitness from middle to late game , the game feals very wierd and sureal like a dream ( this should have come  with classic rebirth and seamless hd pre installed)

10 out of 10

הרימייק משחק יותר טוב אבל המקורי? אווירת לימינל ספייס טהורה + דיבוב זוועה בהתחלה + שקט מוזר באמצע עד הסוף. פשוט מרגיש סופר וויירד וסוריאליסטי, משהו לא נורמלי כמו חלום",499,1,0,0,0,0,2026-05-03,2026-05-03,487,12,714,714
"Fan of the franchise; never played the originals before. Had a surprising amount of fun. If you're into Horror, or the Survival Horror genre, it's worth checking out at least 1 play through's worth.",198,1,1,0,0,0,2026-05-02,2026-05-02,0,31,489,489
"Modern gamers who've never played a classic Resi will struggle with this. It's as barebone a port - and a game - as it gets. But if, like me, you're an RE veteran who has somehow never got to the end of the OGRE, this is still worth a play, even after 30 years. Just make sure you use more than one save slot. And keep a notebook handy...",338,1,1,0,2,0,2026-05-02,2026-05-02,0,8,655,655
"""This mansion is FILLED with EVIL RESIDENTS,"" -Albert ""Complete Global Saturation"" Wesker

Also wtf Capcom? Enigma DRM when this has a DRM free gog version? For what purpose? Also it tends to crash, so save often or haul ass and hope it doesn't crash if you're doing a saveless run. Thanks for the copy Brandon.",311,1,0,0,0,0,2026-05-01,2026-05-01,819,30,480,254
"Wow, this game is different to the remake. I read that there were differences but I feel like they were severely understated. That said, the remake is definitely the better game and the ""definitive"" version. It has better (and more) story elements, more depth, more puzzles, more areas, etc. etc. 

However, this game still more than holds up and is real fun to play through. It's way less difficult than the remake and thus at times less frustrating, making it the more accessible option. Also, the older graphics definitely just work for games so that's a plus. I would personally buy the remake, but this is still very much a 9/10 - and since the differences are there, I don't think it's a bad idea to play both.",718,1,1,0,0,0,2026-05-01,2026-05-01,175,117,465,465
jim sandwich or something,25,1,0,0,2,1,2026-04-29,2026-04-29,117,26,796,632
"It's 2026. If you don't know about Resident Evil by now, you're too late.",73,1,1,0,0,0,2026-04-29,2026-04-29,0,515,21,21
"I finished this game and ♥♥♥♥♥♥♥♥♥ I love it. I played as Chris not knowing Jill was easier to play as. Sure the controls made me rage at times, but I got used to it.

I know the voice acting sorta sucks but honestly, for a 30 year old game it's considered peak for me. There are certain details that I love when playing this game.

Now for my criticisms... I'd say I disliked the controls and the underground SUCKED and was unforgiving when you played as Chris.

But still 7/10, great game considering it's the first game.

I won't play another RE game in the meantime to focus on my other games in my backlog. But I will replay as Jill in the 2002 version!",658,1,1,0,1,0,2026-04-29,2026-04-29,716,12,1350,1350
"I think this is a very good port. I don't notice any bugs, glitches, or jank. 

The last time I played the non-Director's Cut version of this game was back in 1996 or 97. It's been 30 years since I heard the original, non-Director's Cut soundtrack. I gotta say, the original non-Director's Cut soundtrack is SO much better. The original soundtrack alone makes this port worthy of at least one playthrough. If you've played the Director's Cut countless times over the past few decades, and don't have much (or any) experience with the original non-Director's Cut version of the game, I think you should give this port a go.

Since it's been so many years since I last played OG Resident Evil 1, I forgot how much easier it is compared to the 2002 RE Remake. For example: just 15 minutes or so into OG RE1, I've found several pistol clips (totaling about 45-50 bullets), and you'll regularly see green herbs scattered around the map. The RE Remake, by comparison, is extremely stingy with giving you resources. It's far less common to find ammo and healing supplies around the maps. 

The further you get into this game, the more ammo and healing supplies you'll find. By the time I reached the labs, I was swimming in pistol, shotgun, and bazooka/grenade launcher ammo. And I had dozens of healing items stored in the item box, along with even more ammo (I had found so much ammo up to that point in the game that I couldn't even carry it all with me).

You get enough ammo in this game to kill every zombie, dog, and hunter you'll encounter throughout the game. You're handed so much resources, in fact, that the game actually loses a lot of the 'survival horror' feeling to the gameplay. 

This isn't a complaint. It's just an observation. And an inevitable comparison to the 2002 remake, which in my opinion delivers the full, quintessential 'survival horror' experience. 

I actually had a really good time playing through this a few times. Even though it's much easier than the Remake and has less content, this OG version feels like a much 'tighter' and more focused experience. The pacing is much faster. The game feels much shorter. But for repeated playthroughs - OR if you're binging the entire franchise, so you want to get through each game quickly - the tighter pacing and reduced difficulty feels nice.",2327,1,1,0,1,0,2026-04-28,2026-04-28,138,34,716,440
Classic survival horror.  Good to see where this series began.  I'm starting with the originals before playing the remasters.,125,1,1,0,1,0,2026-04-28,2026-04-28,780,378,675,675
"Short and sweet with enough content to keep you hooked the whole playthrough, as well as multiple different endings across 2 separate playable characters. There's a reason this is still one of the best survival horror games ever made.",234,1,1,0,0,0,2026-04-27,2026-04-27,94,3,470,470
"Still one of the best of the series. While 2 is pretty good, the rest in the series is not as good as every says. The very first one suffers from a little clunkiness but still better than the other classics. Concentrate on playing the games that has Shinji Mikami directing, including remake 1, and 4.",301,1,1,0,0,0,2026-04-27,2026-04-27,0,105,211,207
"I knew Capcom would pull through like the goats they are and bring us the classics to Steam. Though the remake is better, it's still so nice to replay and re-experience the game that started it all for an incredible franchise.",226,1,0,1,0,1,2026-04-27,2026-04-27,582,83,358,358
"An absolute masterpiece overshadowed by the release of its 2002 remake. If you're someone looking to get into the resident evil series - have maybe played bits here and there of the newer games - or are completely starting fresh, I highly recommend starting here. 

There is a charm to the casting & dialogue - world design - pacing - that is PERFECT here and missing in the remake. Please do yourself a favor and START here. You have a right to know what gave this series the launch into a billion dollar franchise - an answer you will ONLY find in this game.",560,1,1,0,2,0,2026-04-27,2026-04-27,0,21,711,711
The game that started it all for me...,38,1,1,0,0,0,2026-04-27,2026-04-27,0,1,434,418
Hey Capcom I dare you to rerelease Code Veronica. Do it you cowards.,68,1,1,0,5,0,2026-04-27,2026-04-27,0,43,575,486
on goot,7,1,1,0,0,0,2026-04-27,2026-04-27,165,17,784,559
Amazing port of a classic. Hope to see more in the future.,58,1,1,0,2,0,2026-04-27,2026-04-27,0,53,217,209
"miserable crashes, horibble controls, scarce ressources making me play with knife and dying over and over until i find bullets again, unclear directions, with all of these agonizing elements im gonna have to give this game a... 100/10...why? CAUSE REBBECIEEEEEEEEE BEST GIRL :DD",278,1,1,0,0,1,2026-04-26,2026-04-26,356,77,545,545
"""You are almost a Jill Sandwich!""",33,1,1,0,1,1,2026-04-26,2026-04-26,474,76,649,649
Tank controls and fixed camera angles = pure survival horror excellence. Soundtrack and the voice acting add a real b-horror charm. A classic for a mf reason.,158,1,1,0,0,0,2026-04-26,2026-04-26,0,15,1424,1036
"Great game, feels amazing to play 30 years later",48,1,1,0,0,0,2026-04-26,2026-04-26,105,12,750,741
"Eu nunca tinha jogado o RE1 clássico, só o remake, mas tenho que dizer... Este aqui é um jogão! Claro, ainda prefiro o remake, mas o este clássico é muito gostosinho de jogar, tem algumas das mais icônicas músicas e diálogos dos games. Essa versão lançada na steam que foi feita pela GOG é bem boa, dá pra pular as animações das portas abrindo, não tem a cutscene inicial censurada como na primeira versão de ps1 e não tem aquele travamento de leve na troca de ângulo de câmera, são ótimas melhorias de qualidade de vida e deixam o jogo muito mais fluido. Se tem algo que não gostei, foi só o fato do steam overlay não funcionar nele e em nenhum dos três REs clássicos aqui, mas pelo que vi, esse não é um problema que todo mundo tem, algumas melhorias feitas pela comunidade e fica tudo certo, dá até pra colocar mods e melhorar de tudo no jogo se você prefere jogar assim. No mais, recomendo pacas essa versão da Steam, é um bom jeito de experimentar o RE1 clássico sem ter que emular.

OBS: Os requisitos estão todos errados, não tenho nem metade deles e o jogo roda numa boa, nunca vi 8 GB de RAM ser necessário pra rodar um jogo de ps1... Se você tem um pc mais fraquinho que nem o meu, pode comprar sem medo.",1214,1,1,0,8,0,2026-04-26,2026-04-26,73,37,694,694
"Is very good game, but is very Enigma DRM. No no no.",52,0,1,0,6,0,2026-04-25,2026-04-25,260,25,362,359
"the resident is about to turn evil.


no seriously, everyone sleeps on old games like this franchise here, a video game series that redefined on what Horror genre really means in the modern gaming world.

the traditional tank controls are simple, easy to learn and pick up to get the hang of it than what people had originally thought of it, especially when paired correctly on what you've experienced throughout the story.

despite the age of this game being overshadowed by Resident Evil Remakes, it is still a piece of historical artifact that should and definitely be given a chance to try whenever bored, you'll thank me later once you do. you'll be in a one hell of a ride.

i've recently completed Jill under a day and so too is Chris' route in respective order with both best endings and it was a big struggle, but i pulled it off with great precision and management. it's hard but it's a big satisfying catharsis when you finally escape and achieve the best record ever, i'm proud of my achievements and i will hang it onto my save files as a memory.

my only complaint about this game is because of DRM thing that Resident Evil 2, Resident Evil 3 Nemesis and Dino Crisis 1 & 2 have issues from to which many people say is the cause of instability and performance issues, but it worked fine on my end. this game is as old as jesus christ himself and is the equivalent of being turned from water to wine. literally anyone can buy it and play it right away regardless what specs you have.

8.5/10, had a blast from the past and would recommend it. whether you decide to mod it or not is entirely up to you and it's still worth it.",1637,1,0,1,0,0,2026-04-25,2026-04-28,124,38,1382,1305
"This is original Resident Evil PC version that is fixed to work on modern systems. Therefore it has all content exclusive to PC version while having none of the other versions. It has been released in collaboration between Capcom and GOG and is part of GOG's game preservation program. Which means that the purpose of this release is to allow players to experience game as it was released back in distant 1996. So no HD graphics and other alterations.
I played vanilla without adding any mods or extras. The game ran fine - it had zero crashes, bugs or other problems. My Xbox controller did not require any tinkering to comfortably play.
The game is still fun to play, even though it might look a bit dated and has cheesy voice acting and sometimes nonsensical dialogue between characters. 
Jill is still awesome and Chris remains same old meathead that types with one finger.",877,1,1,0,0,0,2026-04-25,2026-04-25,0,23,1886,1886
"If you're a big fan of the RE series, I think you should give this one a try.

The only thing I have complaints about is how the game doesn't fully shutdown so I have to shut down steam and then reopen the game back up in order to get back on it again.

But other than that, I think being able to experience the old gen of resident evil was extremely fun and very new to me. The camera movements the first time around definitely gave me a little headache trying to navigate where I go, but I started getting used to it and I started having fun. One thing I will say though is I didn't finish Chris's story because it was just too much for me, but I might give it another try in the future.",689,1,1,0,0,0,2026-04-25,2026-04-25,142,63,1019,988
para los nenitos gog que joden con que no es modeable les digo bobos por que es re facil de modear y para los que joden con el drm por el internet avisarles que mi ultima cuenta de internet fue de 20usd,202,1,1,0,0,0,2026-04-25,2026-04-25,248,43,34,34
Classic,7,1,1,0,0,0,2026-04-24,2026-04-24,0,38,655,655
"Still a fun experience from start to finish however unfortunately the game is prone to crashing at random points but the crashing is scarce enough for me at least to not be worried too much about it. Another thing is that the game does not work with the steam overlay so taking screenshots may have to be done with the printscreen / windows + printscreen which can be lame but at least it's possible. Apart from that it's definitely worth the price especially whenever it goes on sale, no cloud saves obviously so remember to back them up if you ever uninstall.",561,1,1,0,3,0,2026-04-24,2026-04-24,222,43,714,713
"""Theres Always Something About That Mansion That Makes Me ComeBack""",67,1,1,0,0,0,2026-04-24,2026-04-24,148,39,19,10
"I'll keep the review short while the game finish (both routes) is still very fresh on my mind.

First exposure to the RE franchise was with the 2005 release of RE4, and ever since I've had the pleasure of playing through 4, 5, 6, 7, and hoping to add 8 and 9 to this roster. However, with the surprise release of the older RE1, RE2 and RE3 on Steam, I postponed my current trajectory to play the classics starting with RE1. And classic it is. Iconic is the word I would describe RE1, complete with frustrating (and through that, spooky) tank controls, cheesy and mistimed dialogue, and the old fixed camera angle. If I had to plant myself back in the past to play this for the first time, I would feel the exact same way. 

I've played through both routes, and for a quicker summary: Chris was my first route, who was subjectively and objectively the more difficult route of the two. I did almost give up, but I tried again and the mansion just clicked- felt so honed in afterwards, reducing my deaths and total saves to just one hand. Jill was more cruise control afterwards, but her lower HP and different routing still made her a challenge in some areas. Overall, very fun runbacks once you know the entire estate!

So, I'm giving this a solid 8.5/10. If you're interested in the classic RE games, then do exhibit some patience when starting the game. It really does get good!",1379,1,1,0,2,0,2026-04-24,2026-04-24,0,21,2121,2121
"Even 30 years later, this game still stands tall as one of the pinnacles of survival horror. An impressive feat which pushed storytelling in gaming, even with some wonderfully cheesy line delivery.",197,1,1,0,0,0,2026-04-24,2026-04-24,0,12,1445,1444
"This game still holds up. It's definitely showing it's age, but hey, what 30 year old game isn't? Genuinely one of the most fun times I've had in recent memory.

8/10",166,1,1,0,0,0,2026-04-24,2026-04-24,0,11,1119,1040
"Amazing game. Really establishes the series. It is an older game (Obviously-1996) so it does have tank controls and fixed camera angle. But hey, get used to that, and it is a wonderful game",189,1,1,0,0,0,2026-04-24,2026-04-24,0,1,1742,808
"now THIS is what i call a 10/10, its DNA still passed on to modern games showing just how impactful it was in its hayday. Easily the best game in the franchise with the most loveable characters and fun ""puzzles"" that will leave your browser closed throughout the full 10 hour duration(honestly i lost track of how long this game is cuz i had to restart it quarter way through several times- not like im complainig ;P)

Although you might be turned off by the tank controls, DO NOT SWEAT, although you might feel frustrated with them at first, trust me- youll get used to it by the 10th dog youll have to dodge in the corridors. 

As for the graphics, theyre not that bad at all, in fact i really liked the creaky woodden floors, the stained carpets and the gloomy forest you can almost see through the static tinted windows, the many paintings(that must have seen horrors beyond resident evil) scattered around the premises really adding to the feeling as if youre in some huge mysterious mansion. The fact that theres so little visual detail really gets your imagination going making it extra immersive !!

Anyway biggest luck to you !!!! Dont forget to do exercises to keep your muscles moving for the sake of your spine and not become a cranky shrimp by 30

""You have once again entered the world of survival horror...""",1322,1,1,0,2,0,2026-04-23,2026-04-23,118,116,1151,1119
"I really tried to give the original Resident Evil (1996 video game) a fair shot, but I found it more frustrating than fun.

The biggest issue for me is the ammo balance. It’s not just “survival horror scarcity”—it feels excessive. There are too many enemies for how little ammo you’re given early on, which creates a constant sense of being underprepared no matter how carefully you play. Instead of building tension, it often turns into trial-and-error and backtracking.

I understand the argument that you’re supposed to avoid enemies, but in practice that doesn’t always work well. The tank controls and fixed camera angles make dodging feel unreliable and awkward. And when the alternative is relying on the knife—which feels weak and unsatisfying—the gameplay starts to feel clunky rather than tense.

I can respect how influential this game was in shaping the survival horror genre, but being important historically doesn’t automatically make it enjoyable to play today. Compared to later versions like the Resident Evil (2002 remake), parts of the experience feel outdated in ways that hurt the overall gameplay.

If you have nostalgia for it or enjoy very punishing resource management, you might still like it. Otherwise, this is one of those classics that may not click with everyone today.",1300,0,1,0,5,8,2026-04-23,2026-04-24,164,88,28,28
"rlly butt controls but not blaming it since its old as ♥♥♥♥, dont enjoy it as much as the newer titles",102,1,1,0,7,2,2026-04-23,2026-04-23,0,3,16,15
Good golly! These Residents sure are Evil.,42,1,1,0,1,1,2026-04-23,2026-04-23,143,39,277,184
"I'd like to thank my good friend, resident X-Box and rhythmn game enthusiast, BBW lover for the game lmao.
Good stuff but why is there anticheat on a 30 year old game?

It's the annoying anti-cheat too, so head's up.",216,1,0,1,0,0,2026-04-23,2026-04-23,0,20,487,487
"beat the remake before the classic trilogy was released on steam. just beat Chris's story and honestly, this game still holds up. it's old yes, but this is what started it all. 8/10
ACHIEVEMENTS AND TRADING CARDS PLZ",216,1,1,0,1,0,2026-04-22,2026-05-02,207,9,822,606
"The mansions residents seemed a little evil and quirky,",55,1,1,0,4,0,2026-04-22,2026-04-22,0,4,601,320
key items put in chest are gone so cant move on,47,0,1,0,2,3,2026-04-22,2026-04-22,1071,67,146,146
"[h1] A solid way to experience the original RE1[/h1]

Finally having the original 1996 Resident Evil on Steam is a massive win for both long time fans and those interested in the roots of Resident Evil.
One of the best additions is the ability to skip the door opening animations, while they were great for building tension and hiding the loading screen in the 90s, being able to bypass them now makes the gameplay loop feel much faster and more responsive.
The game offers some replayability thanks to being able to play as Chris and Jill. I have finished my first playthrough as Chris Redfield, and I’m already planning my next run as Jill Valentine to see the story from her perspective.
However, it is worth noting that this is a very traditional experience. The game relies heavily on the classic tank controls and fixed camera angles, and if you are someone who strictly prefers modern RE movement, this game might not be for you, if you don't mind them tho it's a really good game.
I know there has been a lot of drama regarding the DRM, but honestly, it didn't impact my experience at all. If you want to play this game without buying it on GoG this is it.",1164,1,1,0,6,0,2026-04-21,2026-04-21,250,5,626,626
"Very fun puzzles, amazing soundtrack, and cool lore. The enemies were often lacking but what do you expect from 1996. They only enemies that i liked were the cerberus and the early zombies",188,1,1,0,1,0,2026-04-21,2026-04-21,0,5,835,835
"All thanks to GOG and Capcom for bringing this masterpiece after so many years, it's not the best version but the more the classics become available the merrier.",161,1,1,0,31,1,2026-04-21,2026-04-21,204,27,16,14
Poor graphic,12,0,1,0,1,21,2026-04-21,2026-04-21,0,2,525,525
"(Sorry in advance if my English isn't perfect)

Since I'm a big fan of the Resident Evil franchise, when this game was released here on Steam, I decided to give it a try. I've only played Jill's campaign so far, but I'm quite surprised at how well this game holds up to this day, and how ahead of its time this game must've been back in 1996!

Resident Evil 1 is survival horror at it's core, not only because of the claustrophobic rooms and narrow hallways, but also because of the inventory with limited slots, and the scarce resources that the game gives you. Frequently, I was undecided about whether I should use my ammo to clear a room, or spare them and risk being bitten by a zombie and waste an herb, for example. 
Also, the Spencer's mansion is such a unique scenario, and the soundtrack is terrifying and unnerving. The puzzles are challenging, and yet they're very fun to solve. The backtracking was so organic that I was always curious about what new doors I could open with a new key. It's noticeable how the developers thought of everything to give you the best survival horror experience back then. 
The story is very intriguing and has a few plot twists along the way, which is surprising for the year that it was released, despite the ""iconic"" voice-acting. 
Also, read the files for a better understanding of the story and the puzzles!

Overall, if you don't mind the tank-style controllers, I'm sure you'll have a blast playing this!

[h3]Steam Deck[/h3]
To be honest, I was dissapointed by the fact that this game didn't run on Steam Deck right away. I had to change the Proton version to a experimental version, and mess with some of the game files to get it running, and yet, the pre-rendered cutscenes are still bugged - they don't play full screen mode like the rest of the game. 
Also, I had to use a custom control pre-set made by the community to be able to play it correctly. 
I really hope that this get fixed in the future and the game becomes verified, so that more Steam Deck players can enjoy these games effortlessly :/",2054,1,1,0,5,0,2026-04-21,2026-04-22,106,1,236,236
"I tried getting into Resident Evil with the REmake a couple months ago, and for some reason I just found it boring. Not scary, not hard, just boring.

But this original game feels so much more fun, challenging and immersive. The puzzle sections were fun and I like the old movement, it has charm.",296,1,0,0,2,0,2026-04-20,2026-04-20,252,16,820,390
Chris? Stop it!,15,1,1,0,3,1,2026-04-20,2026-04-20,460,101,359,359
Its really cool that capcom and gog released the original 3 resident evil games on steam and its nice to experience the classic games,133,1,1,0,8,0,2026-04-20,2026-04-20,0,78,617,617
"Such a good game, that isn't given a fair shot because it is clearly dated. so happy to see it available.",105,1,1,0,0,0,2026-04-19,2026-04-19,0,1,290,290
"outdated & terrible gameplay mechanic, there is little to no clue i got stuck many times and gave up halfway through story as i kept watching someone else for guidance making me lost interests, lacks steam overlay & achievements or even basic in game option... you better of getting the other version or skip this entirely IMO",326,0,1,0,0,15,2026-04-19,2026-04-19,74,50,389,389
"Remove Sphere Hunter from the ""RESIDENT EVIL"" title call in the Steam trailer for this",86,0,1,0,45,1,2026-04-19,2026-04-19,733,20,53,53
has  w e i r d  third or second person camera angles the backrounds are PNGs youd think this is a not recommended comment   b u t t   i like it :) 5 outa 5,155,1,1,0,0,0,2026-04-19,2026-04-19,0,10,120,92
Swag,4,1,1,0,0,0,2026-04-19,2026-04-19,217,45,1576,1532
"Classic RE 1: It runs well and looks fine for a 1996 game. Gameplay wise it feels a bit more a like point and click adventure game compared to RE 2C which i just finished playing after RE 1C. Since the game wants you to examine not only your inventory but the environment and background objects more closely. Which makes it a bit more exploration heavy compared to RE 2C which is more straight forward and streamlined. 

Controls are good and work best with a d-pad. Analog feels a bit awkward which is a similar issue i have  with MGS1 and Tomb Raider 1.
Soundtrack: It's very good and provides the game with good atmosphere. No dualshock basement theme included
Con: There are no cloud saves apparently which means you have to make back ups.

If your fan of survival horror and don't mind learning tank controls, you will probably have a good time.",856,1,1,0,1,0,2026-04-18,2026-04-18,0,3,412,412
classic <3,10,1,1,0,0,0,2026-04-18,2026-04-18,0,28,441,240
"[h1]30 years and it still holds up. The OG of survival horror.[/h1]

Yes, the Steam version is very lazy and barebones. Capcom could have shown a lot more love. But nevertheless: RE1 is a classic and it‘s just as fun to play as it was decades earlier. Sure, the sequels made everything bigger and better, but that creepy derelict mansion full of zombies in the middle of the nocturnal woods is still the creepiest scenario of the classic trilogy. As for myself, I played the original Playstation version of RE1 for the very first time just a couple years ago (thus far I had only played the remake from the RE Origins collection once some 10 years back) and in regards to the fun factor, it’s amazing how this game still holds up almost as well as the most recent entries of the series, despite it‘s three decades old presentation and controls. 

If you‘ve never played the original Resident Evil trilogy (shame on you!), there is no more excuse now. Do it.
______________________________

RESIDENT EVIL
Genre: Survival-Horror
Release: Q3 1997 (PC-Version)

( ) 0/8 Simply one of the worst games ever made. Don't waste any money on this.
( ) 1/8 Bad. Seriously flawed with barely any redeeming qualities. Worth a couple of Cents at best, if at all.
( ) 2/8 Sub-par. Only for hardcore-fans of respective genre / series. Don't pay more than 5 bucks.
( ) 3/8 Meh-diocre. It‘s okay. Don't pay more than 10 bucks.
( ) 4/8 Decent, but not for everybody. Don't pay more than 15 bucks.
( ) 5/8 Good game, Must-play for genre- / series-fans. Worth 20 to 25 bucks max, if you are not a fan.
( ) 6/8 Great game, universal recommendation. 30 bucks would be a steal for this.
(X) 7/8 Outstanding game, a milestone of it‘s respective genre. Definitely worth its full prize.
( ) 8/8 Simply one of the best games ever made. Get this, the prize doesn't matter.",1843,1,1,0,0,0,2026-04-18,2026-04-18,0,350,9,7
Classic Jill Sandwich BANGER!,29,1,1,0,1,0,2026-04-18,2026-04-18,146,6,431,431
"Awesome Game still fun to this day, It was the first time I've played this game. The first 20 min might seem strange to play due to the tank controls but still a blast to play now. Sick",185,1,1,0,0,0,2026-04-18,2026-04-18,809,116,408,408
"I personally enjoy this port of the original Resident Evil, however, it lacks of achievements and is not the directors cut version. This causes some missing items and modes such as ""Arrange"". If you really like Resident Evil originals like me, go for it, however adding a few mods can probably improve your experience.",318,1,1,0,0,0,2026-04-18,2026-04-18,0,8,856,824
"One of the three of my favorite RE titles, it was finally time they added the original games to steam.
Game runs smooth but needs some tinkering on linux.",154,1,1,0,0,0,2026-04-18,2026-04-18,348,46,462,462
ta bueno,8,1,1,0,0,0,2026-04-18,2026-04-18,192,110,236,236
Excellent game and I'm glad Proton will fix all the bugs quickly.,65,1,1,0,0,0,2026-04-18,2026-04-18,0,33,617,287
Classic.,8,1,1,0,0,0,2026-04-18,2026-04-18,547,109,1105,571
"REALLY REALLY REALLY GOOD!!!!!!!!!!!!!!!
A shame there's no achievements tho, could've been fun to get em.
Still a really really good game!",141,1,1,0,0,0,2026-04-17,2026-04-17,640,82,801,801
"This game is that old skewl that I couldn’t get the key bindings I wanted to work. Therefore, I couldn’t get the chick character I was playing to even move around properly 🤣 I know other pplz would prob know how to get it to work but not me… I suggest playing the newer versions in the series as I see there are many, including recent games.",341,0,1,0,0,1,2026-04-17,2026-04-17,97,28,35,35
The original master of zombie games- pc form. I played these games on the play station back in the day and I loved it then just as much as I love it now. I wish this one had arranged mode on it but I'll take whatever I can get. This is what brought me to the horror genre in games. The jump scares and tactic to make sure you have enough health and bullets to make it through the game was phenomenal. I always recommend going back to the original roots so we can appreciate what we have today.,493,1,1,0,0,0,2026-04-17,2026-04-17,339,30,755,632
Where is Barry?,15,1,1,0,0,0,2026-04-17,2026-04-21,751,97,256,250
chris unfortunately cant read .,31,1,1,0,1,0,2026-04-17,2026-04-17,307,8,1268,1198
Where it all started. My first experience with this game back in the PS1 days wasn't good. Simply because my copy of the game crashed upon entering the dormitory. I've never finished the original until now. And wow. What a game! Well worth the wait. 11/10,255,1,1,0,0,0,2026-04-17,2026-04-17,247,12,205,205
what a Classic,14,1,1,0,0,0,2026-04-17,2026-04-17,0,86,2140,2140
"This is one of my all-time favorite games, and one of the ones that influenced me the most. It was the game that made me choose the PlayStation back in the day, and for me it's a must-buy even though I prefer to play it on other platforms.

Please make it compatible with SteamOS so we can play it on Deck/Steam Machine... with Proton, there's no excuse not to (I've manged to get it working by following guides, but it's tedious), or at least add cloud saves, which it does have on GOG (it's basically the same version, but on Steam you've added Enigma DRM).

For that reason, right now I recommend buying it on GOG. There are no special Steam-exclusive rewards for buying it here (no achievements, no trading cards, no Steam Workshop... nothing at all), except for the pleasure for adding these Capcom treasures to your library. All of this applies to the classic RE, RE2 and RE3.",882,1,1,0,1,0,2026-04-17,2026-04-17,1728,63,1372,177
the residents of this mansion is pretty evil,44,1,1,0,0,0,2026-04-17,2026-04-17,0,21,821,352
The Residents were Evil,23,1,1,0,0,0,2026-04-17,2026-04-17,163,20,825,824
After modding is playable... not sure if that's a good thing,60,0,1,0,0,0,2026-04-17,2026-04-17,0,6,905,613
Very fun,8,1,1,0,0,0,2026-04-17,2026-04-17,86,16,478,478
Amo este juego y siempre lo amaré.,34,1,1,0,0,0,2026-04-17,2026-04-17,0,175,470,245
"Really hard game, but thats just a skill issue. Overall: the residents might be too evil for me",95,1,1,0,0,1,2026-04-17,2026-04-17,39,19,489,489
"How is it possible that in the middle of 2026, a game MADE IN 1996 and being a licensed product on STEAM, doesn't have a proper automatic controller configuration? I love the RE video game saga, but this is problematic, and ok, you can config the layout button but for some reason, at 5, 10 minutes of game the control, plug and unplug left me without any option to move or control the game...this sucks",403,0,1,0,1,0,2026-04-16,2026-04-16,0,8,118,35
BRING ALBERT WESKER BACK IN RE10,32,1,1,0,4,0,2026-04-16,2026-04-16,194,4,2695,1989
"IT'S A WEAPON 
IT'S REALLY POWERFUL, ESPECIALLY AGAINST LIVING THINGS
BETTER TAKE IT WITH YOU",93,1,1,0,0,2,2026-04-16,2026-04-16,188,26,307,307
"This is where it all began. As I never had the opportunity to play this game on any console at the time, my first experience with the series was through the Resident Evil HD Remaster, which I found to be one of the greatest survival horror games of all time. Now, having finally played the original 1996 version, I can confidently say that this game was far ahead of its time. The voice acting features some unintentionally humorous moments, which add a certain charm to the experience. The graphics are, understandably, dated and rough by modern standards, but the atmosphere remains strong. The background music is excellent and greatly enhances the overall tension and immersion. Personally, this is exactly the type of game I enjoy, and I consider it to be one of the finest starting points of the incredible gaming world we have today. Since I had already completed the HD Remaster, finishing both Chris’s and Jill’s storylines in the original game was relatively easy, taking me around seven hours in total. Big thank you to Capcom for creating such a timeless classic.",1075,1,1,0,0,0,2026-04-16,2026-04-16,60,12,435,435
"""Jill, take this. It's a weapon. It's really powerful, especially against living things!""",89,1,1,0,0,1,2026-04-16,2026-04-16,316,80,484,484
"Ta bueno, cómpralo",18,1,1,0,0,0,2026-04-16,2026-04-16,155,8,1360,348
"Itchy
Tasty",11,1,1,0,1,0,2026-04-16,2026-04-16,0,6,120,120
"Although i'm disappointed this has DRM, you cant deny, this is a really good game. Truly a product of its time. Classic Resident Evil defined the survival horror genre and playing this game made me witness how beautifully this genre has evolved. This was a fun but janky experience. Took me a bit to get used to the tank controls, but over time it gets easier. Would've loved to have achievements, but it is what it is.",419,1,1,0,0,0,2026-04-16,2026-04-16,273,20,1314,1314
amazing,7,1,1,0,0,0,2026-04-16,2026-04-16,137,52,576,211
its peak,8,1,1,0,0,0,2026-04-16,2026-04-16,0,4,3029,2211
ABBESTIA!!,10,1,1,0,0,0,2026-04-16,2026-04-16,531,15,1062,1062
"I just finished the game on Jill, Chirs is still in progress overall
it a good game, it a videogame nothing to complex in it story and the gameplay can be the most intense feeling i felt mostly because i need to turn and run. Also big F to the hunter and the specimen the thing that hang at the celling i have wasted any shotgun bullet just to wipe them off the mansion. the freaking decapitating leap that they do is infuriating like I'm mid sprint and you just leap pass me and take my head and 3 hour of exploration, but there is this feeling nah run that back, now i know where to go. I like I'm making progress but not at the same time.
sure the tank control is not for everyone also playing as Chris put the horror in survival it hard as freak",749,1,1,0,0,0,2026-04-16,2026-04-16,33,2,1627,1403
"10/10 The Residents were very Evil, but not as evil as the whoever built this mansion. Like dang I have to poop but someone hid the bathroom medallion.",151,1,0,0,0,0,2026-04-16,2026-04-16,0,8,340,340
Not going to play Chris campaign tho twin,41,1,0,0,0,0,2026-04-16,2026-04-16,377,279,716,609
"Good. Nothing more to say, honstly. Buy and play it.",52,1,1,0,0,0,2026-04-15,2026-04-15,79,8,1860,1860
GOATED,6,1,1,0,0,0,2026-04-15,2026-04-15,0,5,348,68
"It's good as with the RE Seamless and Enhanced mods 

@CAPCOM Director's Cut and Achievements, com'on cut it out, you've cash grabbed enough already. Something fo' da fans. Smfh.",180,1,1,0,0,0,2026-04-15,2026-04-15,296,41,574,311
Still an amazing game and holds up today!,41,1,1,0,1,0,2026-04-15,2026-04-15,362,16,183,183
"Resident Evil's first entry oozes atmosphere and charming 90s silliness. Albeit frustrating at times, the infamous tank controls are really not that bad once you get used to them and feel like the right choice for the cinematic camera angles. It's kind of annoying that this version comes with DRM and you have to use protontricks to get it to work on Linux, but since GOG doesn't have a native client at the time of writing, I don't regret getting the game on Steam.",467,1,1,0,0,0,2026-04-15,2026-04-15,198,6,585,585
yeess,5,1,1,0,0,0,2026-04-15,2026-04-15,0,4,1378,1186
"What a great experience, even after all these years later. My advice for you guys is to try it. The cover may look old, but the contents of the game are so enjoyable and exciting.

Please add Steam achievements and a working Steam overlay that would be appreciated.",265,1,1,0,0,0,2026-04-15,2026-04-15,440,160,281,119
"[h1] Iconic [/h1]
[u] 7/10 [/u]
RE1 is an iconic game. It gave birth to an iconic franchise, which has seen many ups and many downs. Unfortunately, I wasn't even close to being alive when it first got released, so I can't even begin to imagine what it would have felt like to play it for the first time in the 90s. I can however, talk about how it felt like to play it for the first time in 2026. It felt special. The graphics were incredibly outdated, the voice acting was laughably bad, and the gameplay was very outdated, basic and clunky. But that's what made it so special to me. It made me feel like I time travelled back in history, into an era where perhaps, everything was better. I've played 90s games before, this isn't my first time playing a game that got released way before I was born, but there are only two games that have made me feel such a way, the other one being the original Half-Life. It truly is a special feeling, and the unbelievable atmosphere that these old games have is mostly to blame. Apart from the said feeling, however, there is no other reason to buy the original RE1. The RE1 Remake not only massively improves every single thing from the original, but builds upon it too, by adding many new areas, puzzles and twists. That being said, the choice is yours. If you wish to experience RE1, the Remake is by far the superior version. If you wish to experience the original specifically, then you are in for quite the experience. However, I do recommend playing both versions, as they are fundamentally different games and offer very different experiences.",1590,1,1,0,3,0,2026-04-15,2026-04-17,363,75,423,423
"Resident Evil 96 can feel either good or frustrating, depending on how quickly you figure out what to do. Aside from that, it would benefit from having ANY features on Steam, such as achievements or trading cards.",213,1,1,0,2,0,2026-04-15,2026-04-15,205,24,350,350
"Still good, i love it. Pls add achievements",43,1,1,0,3,1,2026-04-15,2026-04-15,1024,161,370,370
"Its sort of calming to play, in a way. :)",41,1,1,0,1,0,2026-04-15,2026-04-15,0,16,1272,1272
Compared to even the first sequel this one has a lot more jank and a lack of quality of life features such as there not being a dedicated button to bring up the map... but it's still pretty damn great innit lads?,212,1,1,0,0,0,2026-04-15,2026-04-15,3095,481,693,472
"it doesn't have any achievements which is really sad, but the game is really funny.

it's of course way less scary than the remastered version, and has way less content and features, so I would only recommend you buy this if you want to see what the very first Resident Evil game ever made was like.",301,1,1,0,0,0,2026-04-14,2026-04-14,0,100,390,390
Still holds up to this day.,27,1,1,0,0,0,2026-04-14,2026-04-14,256,39,334,334
"This is Resident Evil in its finest form.  Simple premise and gameplay. Very fun to speed run. This is an absolute classic, but may not be for the modern gamer. Highly recommend playing this just as much as the remake as well. Both serve very different experiences. The games we play today owe a lot to what Capcom built here as the foundation.",344,1,1,0,0,0,2026-04-14,2026-04-14,1598,207,422,422
"good game, silly dialogue :)",28,1,1,0,0,0,2026-04-14,2026-04-14,141,2,662,602
Good!,5,1,1,0,0,0,2026-04-14,2026-04-14,0,68,327,327
"As low effort as humanly possible, It doesn't even have cloud saves AND they added DRM.

Recommend only if you truly crave that Jill Sandwich.",142,0,1,0,6,3,2026-04-14,2026-04-16,0,47,345,137
"Turns out tank controls aren't as bad as I initially thought they were. Truly a great game with even greater voice acting performances... If you know, you know.",160,1,1,0,34,5,2026-04-14,2026-04-14,732,246,513,513
"Resident Evil in its simplest form. A fun, quick and engaging playthrough",73,1,1,0,0,0,2026-04-14,2026-04-14,187,17,203,203
jill sandwich,13,1,1,0,0,0,2026-04-14,2026-04-14,239,32,406,107
"is that the original Resident Evil on Steam?











































Yeah.",93,1,1,0,0,1,2026-04-14,2026-04-14,0,31,372,227
"This game is simply put, Survival horror. if you like really fun puzzles, tense gameplay and quick decision making, this game is for you.",137,1,1,0,0,0,2026-04-14,2026-04-14,163,16,823,620
"1) DRM for absolutely no reason, while being the GOG version.

2) It's the most barebones edition of the game, it has none of the content from Director's Cut Edition or the NDS edition.

Go buy the GOG version instead.",218,0,1,0,52,1,2026-04-14,2026-04-14,83,38,120,120
Joya 1,6,1,1,0,0,0,2026-04-14,2026-04-14,94,35,569,569
a masterpiece from the past,27,1,1,0,0,0,2026-04-14,2026-04-14,0,19,687,687
"its says full screen , it isnt, plus stick with the options of input of gamepad/keyboard commands it starts with. if you mess with the buttoning options it messes everything up. i say yes but dont mess with the gameplay options keep it as it is when you start to play. as i edited different options i can now not play the game and it wont put me back to its original gaming options. ive to refund it :[. gog dosnt have this issue on its resident evil 1 original game. i can see why its reduced haha.",499,1,1,0,0,0,2026-04-14,2026-04-14,2698,278,40,25
"I have been looking for a good port of this game for years!! I used to play this all the time when I was in middle school, and I remember every little detail. Sadly, every time I installed a port of this game, it was a version different to the one I played when I was young, and I knew it because when you finished the game in less than 3 hours and less than 3 saves, you got an infinite ammo Ingram. 

This version of the game is the original one, I just finished the game in 1hr and 49mins with only 3 saves and I GOT THE INGRAM. I'm so happy right now, this is AMAZING. 

Best game ever. Looking forward to unlock all the available finals. I think there were 8 of them. I'm really happy now.",698,1,1,0,2,0,2026-04-14,2026-04-14,0,4,1862,208
I thought I would hate it more after playing the HD remaster first but it was actually fairly easy to play. Super cool to see the game retrospectively. Also the voice acting makes the game incredible.,200,1,1,0,0,0,2026-04-14,2026-04-14,0,1,709,403
GG 5 times,10,1,1,0,0,0,2026-04-14,2026-04-14,66,23,746,630
"Resident Evil 1 is a so so great; it scratched an itch I didn't even know I [i]had[/i] for 3 evenings straight - a total joy from start to finish.

This is my first real experience with the franchise (aside from being a kid anxiously watching a friend play RE4) and, I think this game was truly revolutionary for its time. 

I liked having to make choices on which enemies were worth clearing, and which ones were easier to avoid for the sake of preserving my finite resources. I think the player's movement may seem primitive or feel clunky to new players, but in truth, I don't think the experience or tension would be quite the same without it. I was admittedly frustrated losing so badly to my first zombie encounter, but it didn't take long before I got the hang of things, dodging / defeating them with ease.

Honestly, I'm pretty proud that I managed to finish this game on my own! Though, there'd be no shame in looking up a guide if you get stuck or lost. Just make sure to give it an effort first so you can at least say you tried.

It took me about 11.6 hours to finish this game (Jill), though at least ~2h were spent running circles aimlessly, and you can [b]dramatically[/b] cut that time down if you're deeply familiar with its map layout and objectives. My playtime was definitely on the higher end.

I'd absolutely recommend checking out RE1 if you're lenient towards older titles and looking for nostalgic survival horror w/ environmental puzzles!

[h1]Steam Deck[/h1]
I played this on [b]Steam Deck[/b] but it didn't work out of the box: I had to change my proton version to ""Proton Experimental"", and the default controls were strange (start to aim??). Thankfully that was easily remedied in SteamOS's controller settings menu. Also, [b]the graphics options don't appear to work;[/b] I couldn't play at a higher resolution than its default settings. Hopefully this is addressed ([i]ideally[/i] with no tinkering)...and remove the unnecessary DRM while you're at it.",1985,1,1,0,15,0,2026-04-14,2026-04-15,0,297,694,694
Come on Come on Come on,23,1,1,0,0,0,2026-04-14,2026-04-14,249,50,413,336
ReeR,4,1,1,0,0,0,2026-04-13,2026-04-13,0,34,585,237
The start of the series. Once you can get passed tank controls and set the buttons to something more comfortable truely fantastic classic game.,143,1,1,0,0,0,2026-04-13,2026-04-13,0,20,1112,935
"This game is REALLY powerful, especially against living things. 10/10 Take-a-look-at-this.",90,1,1,0,2,3,2026-04-13,2026-04-13,0,16,440,432
"Never played a game THIS old before. it's kinda fun, with the clunky controls and what not.",91,1,1,0,1,0,2026-04-13,2026-04-13,471,323,19,19
certified hood classic,22,1,1,0,2,0,2026-04-13,2026-04-13,198,45,646,293
"Pretty good game, quite difficult and if your a noob like me its normal to die and having to go back to your save and redo a portion but otherwise really fun the story is amazing, the gameplay is just a little hard and the camera adds to it, definitely worth the play",267,1,0,0,0,0,2026-04-13,2026-04-13,112,22,1403,1350
Yah... That game was pretty fun,31,1,1,0,0,0,2026-04-13,2026-04-13,0,11,400,400
"That was too close, you were almost a jill sandwich!",52,1,1,0,1,1,2026-04-13,2026-04-13,2163,107,1185,768
"Shouldnt have to perform with a marching band, jump through 17 loops and land a helicopter atop the burj khalifa to get this running on Steam Deck",146,0,1,0,7,4,2026-04-13,2026-04-13,271,46,10,10
"Jill, take a look at this.... Its all FOREST -Barry",51,1,1,0,1,2,2026-04-13,2026-04-13,0,5,679,238
"Itchy.
Tasty.",14,1,1,0,2,1,2026-04-13,2026-04-13,1409,15,802,223
"Although I did like the game a lot, it made me realize what a great job they did with the remake.
If you're debating between playing one of them, I'd say pick that one and come back to play this later.",202,1,1,0,1,0,2026-04-13,2026-04-13,0,46,493,493
"While its not as scary as I remember it on launch night after my sister bought me a copy at Funcoland, it rings my nostalgia bell just right. Obviously after decades of modern gaming, the isometric views and slower paced gameplay wont be for everyone. For me though, its been a nice stroll down memory lane, cant wait to finish both campaigns and move onto RE2 again. The only missed opportunity was for cards and acheivements.",427,1,1,0,0,0,2026-04-13,2026-04-13,0,50,306,189
"No cloud saves or achievements is disappointing for what could've been done very easily, not to mention the lack of Director's Cut content. For what it is, though, it's an honest and solid port of the original PC port that delivers a pleasant way to experience the franchise's beginning from an officially-released source.",322,1,0,0,1,0,2026-04-13,2026-04-13,132,11,862,862
"[h1]One of the best games ever but with a very simple release.[/h1]

Out of the box, I prefer playing the PS3, PS4-5, or the original PS1 version in my original Playstation Console.

Sometimes I feel too ""tired"" to mod games individually, so I hope Capcom improves this version.

STEAM OVERLAY DOESN'T WORK YET
CREEPY PC ELEMENTS PRESENT HERE

[h2]CAPCOM: BRING ON THE ACHIEVEMENTS!!![/h2]",389,1,1,0,1,0,2026-04-13,2026-04-13,0,50,14,14
Side effects may include..... Itchy......  tasty.......,55,1,1,0,1,0,2026-04-13,2026-04-13,0,11,700,604
barry peaked here,17,1,1,0,0,0,2026-04-13,2026-04-13,0,17,702,308
"RE1 1996 - I was actually scared to touch this game. The infamous tank controls, ancient mechanics and graphics, plus the existence of the 2002 remake. But after the original parts came out on Steam, curiosity finally won.

I'm a Zoomer and started my journey into the Resident Evil universe with RE5 when I was still a little kid. The childhood memories had faded a bit, but I came back to the series at 17, already playing the remakes and RE Engine titles. I absolutely love this universe. Until the very end, I didn't want to touch the old game — it's 30 years old, ""it's probably moldy by now,"" I thought.

But I decided to just try it anyway. Without even touching the remake (for now). And what surprised me was: the game wasn't stuffy or outdated at all — it was actually really fun and addictive. In fact, I got a proper Resident Evil experience with the same seriously-absurd narrative as all the modern entries. Tank controls turned out not to be that hard to get used to (on a gamepad! Keyboard + mouse is pure suffering though). All I really needed was the classic knowledge of resource management and inventory juggling — and it worked. I finished RE1 1996.

The fact that the game is 30 years old didn't bother me at all. And now I want more. I'm definitely going to uncover all the secrets in this version, and then I'll try the 2002 remake.

I strongly recommend all new-gen players to check out this masterpiece. Just give it a try — it's not that difficult. If you don't like it, that's fine. But it's absolutely worth trying.",1544,1,0,0,5,0,2026-04-13,2026-04-13,77,7,966,736
"This has nothing to do with the game. It was a fun classic and it was cool to see how the series started. I'm sure for the time this blew peoples minds. But the pricing is ridiculous for a 30 year old game. I paid $5 on sale and I wish I just emulated it. Very short, especially compared to the remake. I would recommend having the remake for your steam library and just emulate this one.",388,0,1,0,2,1,2026-04-13,2026-04-13,211,31,257,257
I Got This,10,1,1,0,0,0,2026-04-12,2026-04-12,0,35,370,236
"After so many years I finally got to play the OG Game again that startet it all, and I really had a great time with it.

Guess for most new players the old controls and graphics will be a nogo, but for everyone who likes the old PSX-era this game still will be awesome.

8/10 -> Would be 9/10 if the main hall had a box",319,1,1,0,0,0,2026-04-12,2026-04-13,0,9,413,413
Good port. Can be used with the REbirth mod which is the most important part.,77,1,1,0,0,0,2026-04-12,2026-04-12,273,51,293,293
"FIRST OFF, CAPCOM GET RID OF THE DRM. LITERALLY NO POINT.

While it's 2002 Remake (and subsequent 2015 Remaster) is objectively the better, more ""complete"" experience, I can confidently say that the 1996 classic not only holds up in the current year, but still warrants remembering and revisiting, despite having the perfect remake.

It's scares are a lot tamer today, but it's challenge hasn't let up one bit. However, I think any seasoned video game player can be a ""tough guy!"" and see either campaign through to the end. I opted to finally experience Chris' campaign for myself, and it was a great change of pace after countless runs through Jill's story.",659,1,1,0,0,0,2026-04-12,2026-04-12,586,27,223,223
Barry Sandwich,14,1,1,0,1,1,2026-04-12,2026-04-12,0,67,731,731
I'm glade they ported this to steam I been meaning to play the OG re games I been having a lot of fun with this,111,1,1,0,0,1,2026-04-12,2026-04-12,0,15,308,253
Tank controls are not that bad...,33,1,1,0,2,1,2026-04-12,2026-04-12,50,3,500,500
"It can feel clunky and slow, but it is also tense, frightening, and far from outdated. More than just the start of a legendary series, it still feels like the foundation for everything that followed. Even in 2026, RE1 still stands on its own for a reason.",255,1,0,0,38,0,2026-04-12,2026-04-12,2669,1483,803,803
really good and i like the puzzles,34,1,1,0,1,1,2026-04-12,2026-04-12,0,7,1062,242
"I feel it would be unfair to rate a 30 year old game. Yes, it's silly, it's clunky, it's ugly as sin. But historically, this is the game that started it all. Not only the powerhouse that the Resident Evil franchise is, but horror games in general.

Do I recommend it for newcomers? No. Absolutely not. If you want to experience the best classic Resident Evil formula, just get the HD Remastered Remake. It is a near 1:1 remake, with superior controls, sounds and incredible graphics.

I got this just for collecting purposes, and to laugh a bit at this relic. With that said, I am actually surprised that I am legitimately enjoying it. And for context, even though I am a hardcore RE fan, and played every single game since the original RE2, had every game in every release, I had never played the original PS1 RE1 until this came up a week ago. My life is complete.",866,1,1,0,4,1,2026-04-12,2026-04-12,263,128,854,358
Classic masterpiece!,20,1,1,0,1,0,2026-04-12,2026-04-12,0,17,45,21
"10 bucks (got it for 5 on sale) isnt the worst price to ask for a game like the original Resident Evil, the Remake is not exactly the same game--it adds a whole sub story and enemy type (Lisa Trevor and the Crimson Heads) and it subtracts a lot of the choice based nature of the original.

pros;
-plays wonderfully on basically any modern PC/laptop. doesnt need a mouse meaning its a solid game to throw on your travel computer.
-RE1 was always fantastic beyond its horror influence; the Spencer Mansion is a creative escape room without the monsters in the way, remove the zombie pressure and you still have some difficult puzzles to solve.
-original ""so bad its good"" dub
-solid player choice and consequence. generally worth 2 or 3 playthroughs at least.

cons:
-unsupported on steam deck, virtually the PERFECT system to play on (at least without modification)
-bare minimum port work; graphics settings and all are handled through a launcher, no attempt was made to smooth out the model quality or upscale the 2d artwork.",1026,1,1,0,1,0,2026-04-12,2026-04-12,0,173,79,14
Just play the remake,20,0,1,0,4,1,2026-04-12,2026-04-12,280,52,1317,921
So peak but so awful at the same time. 10/10 did not age well.,62,1,1,0,0,0,2026-04-12,2026-04-12,199,32,877,877
"Done, the whole Classic RE Trilogy completed. Pretty short if you know where you're going and got your routes planned out, but outside of that, the formula is solid and its no wonder RE2 and RE3 were such amazing games when RE1 had created the format to be perfected on. This actually isn't my first time with RE1, I played it a very long time ago on PS1 as a kiddo, but the game scared me on multiple occasions that I put it off and years down the line, I watched some Let Plays to see how RE1 finally ended, and now for the first time, I completed it and the experience was pretty great considering I forgot some of the in-between moments before the Tyrant fight, so playing OG RE1 from start to finish was cathartic, its definitely worth the effort despite its age and funky voice acting lol.

That's all the classic REs, I like RE2 the most of the three, but I'd be lying if I said I didnt enjoy them all almost equally, Thanks again Capcom.",945,1,1,0,3,0,2026-04-11,2026-04-11,245,41,399,399
"Game good, Game old, game 10/10",31,1,1,0,1,0,2026-04-11,2026-04-11,78,6,664,555
"I mean it's the original Resident Evil. Recommending this to gamers would be like Recommending The Exorcist to a Horror Fan, or The Mona Lisa to an Art Critic. It should have already been on your radar and completion list by now, but for those of you who are somehow unfamiliar, it's still one of the best horror games of all time and a powerhouse of Pop Culture. Is there DRM? Yeah. Did I notice? I mean, no? It's a 30 year old game made to run on a toaster. You can run it easily. And it's now Steam Deck playable! Now get yourself a Jill Sandwich and play.",559,1,1,0,1,0,2026-04-11,2026-04-11,440,16,192,192
The classic survival horror experience that started it all.,59,1,1,0,0,0,2026-04-11,2026-04-11,321,92,291,291
'So that's why they call him a Bio Hazard!',43,1,1,0,7,1,2026-04-11,2026-04-11,494,111,1040,630
"Still one of the best retro classic horror games of all time, but for steam deck... this game has the same issue with the RE2 port, and because of this, it's unplayable there, I don't know if they plan to fix this soon, but so far I have doubts about that. So far these ports have not exactly been the best, and that's a problem if you're a steam deck user, PC is fine, but I would think who ever ported these games would have consider the Steam Deck users, I honestly don't get why this registry is a thing with RE1 and 2, and not with 3. Hope someone finds a way to bypass that issue.",586,0,1,0,1,0,2026-04-11,2026-04-11,0,25,38,38
"thank you steam, this was good fun and im glad i got the chance to play the beginning of it all!",96,1,1,0,0,0,2026-04-11,2026-04-11,0,16,405,405
"Can't beat this classic horror game back from the PS1 era. 

Everyone should experience this game in their lifetime at least once. Took Capcom over 30 years to finally release it on Steam. I was so happy when I saw it pop up. Fun puzzles, creepy atmosphere (still even now), and you get to laugh at some of the best B-movie voice acting ever. I still prefer this over the RE1 Remake they did. Which is a great game in its own, but just doesn't have the charm the OG did for me. 

Make yourself a Jill Sandwhich, turn off the lights, and enjoy this game late at night for the best experience.",591,1,1,0,6,1,2026-04-11,2026-04-11,615,175,666,403
"Im a huge fan of the RE1 Remake so it was interesting to go back and play the true original game for the first time, it was a cool experience and maybe Ill replay it later, but I still prefer and would recommend the 2002 remake of the game if you haven't played RE1 before. That being said, it was cool to see where it all started just how much of the gameplay has held up. I'm glad that capcom has continued to release classic titles again. I just wish they didn't add dumb DRM and instead added steam achievements and trading card support.",541,1,1,0,0,0,2026-04-11,2026-04-11,465,66,454,446
The residents were evil.,24,1,1,0,0,0,2026-04-11,2026-04-11,362,12,699,699
such nostalgia - worth the 4 quid all day,41,1,1,0,0,0,2026-04-11,2026-04-11,181,6,328,328
Learned tank controls and tweaked it just so I could play as 1996 Jill. Thank you for removing the ink ribbons too. It made me wanna keep myself safe less <3,157,1,1,0,1,0,2026-04-11,2026-04-11,0,4,590,590
"My first time ever playing the original game after being scared ♥♥♥♥♥♥♥♥ by the remake when I was 10, and wow... Absolute masterpiece start to finish. Total masterclass in tone, art direction, gameplay, and pacing. That all of this could have been achieved in 1996 is nothing short of a marvel, it's no wonder that survival-horror is still chasing the footprints of this classic 30 years on. 

However, I can't recommend this particular port on Steam. Whilst I think everyone who considers themselves a fan of the series should get past their disgust for tank controls and fixed camera angles and try the original trilogy out, they should either purchase it on GOG, or just emulate it. Along with the DRM, I've heard things from other people that dissuade me from recommending the PC port, as apparently it lowers difficulty which I can confirm, as well as actually not asking you to select a difficulty at all for some reason (Which I am aware doing so beyond picking between Chris and Jill is a Director's Cut exclusive), and removing ink ribbons entirely from Jill's first playthrough. Speaking of the Director's Cut, I do think that after 30 years, not having an official release beyond the PS1 is quite annoying and having an alternate version available for purchase would also be appreciated. If you want to experience this game exactly as it was meant to be upon release, I would just recommend emulating, it's easy, free, and way more customisable than any official port you will find.",1493,0,1,0,3,0,2026-04-11,2026-04-11,144,11,2312,2160
"“Hey, that’s pretty good!”
Rating: 8/10",40,1,1,0,19,1,2026-04-11,2026-04-11,563,32,435,435
New proton experimental update has made re1 and re2 playable on Steamdeck/Linux. Valve is awesome like usual.,109,1,1,0,2,0,2026-04-11,2026-04-11,256,6,413,408
"While the REmake did an amazing job (and I prefer it over this one), this game is the one and only that started it all... A masterpiece full of horror, creepy soundtrack, a mansion full of monsters, survival, puzzles, item management, etc... It's simply a must for survival horror and RE fans.",293,1,1,0,0,0,2026-04-11,2026-04-11,0,212,14,14
Bought all the OG games <3,26,1,1,0,1,0,2026-04-11,2026-04-11,0,1,10,10
God I love RE1 so much. I had played it a few times before but finally finished it here. Its beautiful and goddy and tense but really fun especially in Jill's campaign. There's a satisfaction in blasting of the zombies heads with the shotgun that more games need to have. and more games need to have the moonlight sonata as an item that you pick up and bible quotes that save people from being trapped in a jailcell that will blow up,433,1,1,0,1,0,2026-04-10,2026-04-10,0,2,1266,1046
chris stop it :(,16,1,1,0,4,0,2026-04-10,2026-04-10,0,4,889,708
Better than RE1 HD. Less busywork. Faster movement. Skippable door transition cutscenes. I didn't play it until 2026 but it's still nostalgic and kind of blows my mind it was a PS1 game. GoG did a great job porting this and I'm glad it can sit with the rest of my library.,272,1,1,0,0,0,2026-04-10,2026-04-10,954,46,365,365
Do Not Underestimate The Classic Horror Of Resident Evil!,57,1,1,0,0,0,2026-04-10,2026-04-10,237,22,864,189
Boulder-punching A-hole: Origins,32,1,1,0,0,0,2026-04-10,2026-04-30,412,148,3722,2372
"What is THIS?!

LOOK AT ALL THOSE MONSTERS!",43,1,1,0,0,0,2026-04-10,2026-04-12,0,47,735,734
You can´t say no to a cult classic! enjoyable and highly replayable,67,1,1,0,0,1,2026-04-10,2026-04-10,0,3,1966,1152
"Game looks and plays far worse than the remake. Also, the game crashes whenever I try to load a save. Nice.",107,0,1,0,2,5,2026-04-10,2026-04-10,633,70,83,83
Classic,7,1,1,0,0,0,2026-04-10,2026-04-10,0,11,219,111
"Capcom put DRM on a 20+ years old game. It it a really bad port and they only make it so it can run on modern PCs, doesn't have quality of life options for proper scaling at high resolutions and controller customization.

Quite mediocre , but it's Capcom, they always do this.
And couldn't they put cloud saving?

Also, Sphere Hunter, I heard you in the trailer, good for you for working with Capcom and all these companies, but why don't you stop being a sellout and critize these lackluster ''products''?",506,0,0,0,4,0,2026-04-10,2026-04-10,676,15,9,9
"Great, holds up well. People freaking out over DRM issue are behaving hysterical. Took less than 5 minutes to tweak in order to be compatible with steam deck. Only modern tweak missing I WOULD of preferred having is skipping cut scenes. 10/10",242,1,1,0,2,0,2026-04-10,2026-04-10,457,14,572,572
game is obviously fantastic...is re1 original...incredible..especially with hd mods...but the steam version is GARBAGE since they put in Enigma DRM...simply buy the GoG version from their site without any DRM. Better 100%.,222,0,1,0,2,0,2026-04-10,2026-04-10,0,4,95,95
"You missed being 12 yo playing this game for 1st time? time to go back, although it won't feel just the same but it's still feels the same.",139,1,1,0,0,0,2026-04-10,2026-04-10,0,11,844,748
"The realistic scenes.

I cant stop wheezing.",44,1,1,0,3,1,2026-04-10,2026-04-10,550,20,548,284
"Great game and to think that it is 30 years old! Enjoyed pretty much every aspect of it.
Tank controls took sometime to get used to and I had to make custom Steam Input layout to be able to use DPad for movement. Also there was way too many Blue Herbs for me. In the end I had maybe 4-6 in my trunk and only used maybe two during the whole campaign.",350,1,1,0,0,0,2026-04-10,2026-04-10,1018,91,589,589
it's neat I get why it's forgotten in the rest of the series but it has some replay value. The voice acting sucks but you know that already also the ending just kinda happens or whatever. Atleast the main key hunting loop is fun i cant wait to remember the mansion like the back of my hand someday :3,300,1,1,0,0,0,2026-04-10,2026-04-10,121,5,744,743
"First time ever completing RE1 and completely loved both Jill's and Chris's story. Jill's story is the perfect story to begin with and learn the controls while also not making the enemies too hard to beat and Chris's story was really rough in some parts especially during the hunter part and early parts when you didn't have as much ammo and don't get me started on lesser inventory slots but I still loved it! If you are thinking about getting this game, I'd highly recommend it! :D",483,1,1,0,0,0,2026-04-10,2026-04-10,0,24,1430,1430
classic,7,1,1,0,0,0,2026-04-10,2026-04-10,0,40,700,659
"a nice 90s ps1 game, and didnt relize they had the whole die and start from start, had that happen a few times. overall its a ok game just hard to like the tank controlls.",171,1,1,0,2,0,2026-04-10,2026-04-10,0,19,53,53
It's just as good as I remember.,32,1,1,0,0,0,2026-04-10,2026-04-10,0,9,239,239
"Great trilogy of games, but I'm going to have to ask you to remove the DRM, and add cloud saving and achievements to all 3 games, if you please.",144,1,1,0,0,0,2026-04-10,2026-04-10,82,10,868,862
"Decent game, had an alright time.  Game is pretty chill til you get stunlocked by two enemies.  The multiple endings is nice, but if you don't know the mechanics of some of them, you can lock yourself out of the true ending without knowing you did so.  Worth the, 5 bucks or whatever I paid for it.  

Im unbothered by the DRM addition, I think it's lame and unnecessary, but whatever mane",389,1,1,0,0,0,2026-04-10,2026-04-10,0,14,333,333
yes,3,1,1,0,0,0,2026-04-10,2026-04-10,251,19,341,341
Tank Control haters getting filtered for not knowing the trick of walking backwards to a corner and running around the zombies while they're facing the other direction,167,1,1,0,0,0,2026-04-10,2026-04-10,0,9,620,620
"When the residents are evil

Note: Play with Mulderland's modded version for the best experience",98,1,1,0,0,0,2026-04-10,2026-04-10,2662,88,454,249
[h1]Barbie's Dream Mansion[/h1],31,1,1,0,21,5,2026-04-10,2026-04-10,592,84,11,11
7/10 [Good],11,1,1,0,0,0,2026-04-10,2026-04-10,0,108,429,301
"you see Chris' face on the game cover with the shotgun? that's exactly what it feels like to play this game, just pure WAR.

may be the hardest resident evil game i have ever played. i can barely make progress with those cuckass immortal zombies that get knocked out five times in a row and still get up.
i honestly don't know what i am doing wrong if i decide to shoot them i run out of resources, if i try to dodge them eventually one will grab me and more will approach and nonstop gangbang my ass. they give me 15 bulelts to deal with 300 zombies across the mansion, and you cant even bait them out. it's 100% skill issue i get it but mad respect for those who play this game because it takes hella patience.
if i ever end up in a psych ward it's 100% because of resident evil 1. this game was designed to induce anger, pain and possibly permanent mental damage.

EDIT: just finished the game, and I double down. even after understanding the game better, I still consider it the hardest Resident Evil game I have ever played. It will punish you so much even when you make small mistakes, it can go from good to worse to terrible INCREDIBLY FAST. the final boss battle is a nightmare, so good luck. at least they give you the MINIMI after beating the game once as Chris XD

was a nice birthday present though :P

EDIT 2: never mind.. the game is easy but only if you play Jill. if you choose to play Chris you're beyond ♥♥♥♥♥♥. only play him if you like to suffer",1466,1,1,0,1,0,2026-04-10,2026-04-11,389,58,750,669
its the classic Resident Evil. BUY IT,37,1,1,0,0,0,2026-04-09,2026-04-09,0,3,465,379
only play if you want to experience 'the first' but it's terrible and aged like ♥♥♥♥,84,0,1,0,1,0,2026-04-09,2026-04-09,341,80,411,248
Its good,8,1,1,0,1,0,2026-04-09,2026-04-09,121,31,224,224
"My first time playing RE1 was on a 2DS not long ago, so I don't have much enthusiasm to play through again. The tiny screen drove me a little insane, but the game was still incredibly fun. They got a lot right the first time — the game design holds up surprisingly well. 

Kudos to GOG for this, as Capcom seemingly put no effort into this re-release. I wish Capcom cared to give this a remastering treatment in the spirit of Nightdive Studios, or just commission them to do it... 

I played a little bit with RE:Enhance — it substantially updates the FMVs, fonts, menus, pre-rendered backgrounds, etc. If I continue playing RE1, it will be with that.",651,1,0,0,0,0,2026-04-09,2026-04-09,619,115,26,26
One of the best games of 1996,29,1,1,0,0,0,2026-04-09,2026-04-09,974,876,496,496
"""ouch""",6,1,1,0,1,0,2026-04-09,2026-04-09,611,39,271,271
"A classic that's now available on Steam. 8/10 
Only getting docked points for putting drm on a 30 year old game.",112,1,1,0,1,0,2026-04-09,2026-04-09,222,120,632,632
"This is the original classic Resident Evil 1996 version finally on Steam!

GOG and Capcom have teamed up to fix the original PC ports of these games so that they work on modern hardware with modern controller support.  If you like the Resident Evil franchise and have yet to play the original versions of 1, 2, and 3.  You absolutely should pick this up and play them.  They're classics.

The PC version has the ability to skip door transitions, and these versions can be made even better by utilizing Mods such as the Classic REbirth mod, and RE Enhanced for better features and higher res backgrounds and video cutscenes.

With mods is the best way to play this game these days on a modern platform.  Definitely give it a shot!",735,1,1,0,0,0,2026-04-09,2026-04-09,0,57,607,449
jill sandwich,13,1,0,0,2,0,2026-04-09,2026-04-09,0,26,329,329
"Good sh*t, full nostalgia with PS5 controller is best experience the classic one can gave us. It should have been available in steam a long time ago.",149,1,1,0,1,0,2026-04-09,2026-04-09,0,45,379,379
"Honestly? I've played the REmake of this a few times but I think i enjoy the Original Resident Evil more. I don't believe the REmake has Rebecca Chambers in it, and I think that was a mistake. I loved the fluid nature and just the vibe of this more then the REmake. Glad the REmake makes the tone more grounded, but the campy adventure spooks in this are golden. So glad Capcom took these to steam! Loved this immesnly. The Tank controls are also not that bad.",460,1,1,0,0,1,2026-04-09,2026-04-09,586,92,677,677
"This game is a classic and well worth revisiting. The game runs in a fullscreen window so it doesn't look stretched, controls are just as awsome as ever. It is solid. This version seems to be missing difficulty settings and ink ribbons, but asside from that, it's the game we all know and love. 

Oh and the A1 acting in it, sublime.",335,1,1,0,0,0,2026-04-09,2026-04-09,258,36,398,193
"Good god this is ♥♥♥♥. I never liked this game as a kid and I hate it even more as an adult.

You play as a man or woman with extreme motor difficulties solving retarded puzzles in a maze mansion filled to the brim with strong resilient zombies that you simply dont have enough resources to deal with.",301,0,1,0,0,1,2026-04-09,2026-04-09,1329,105,41,41
"game is for sure worth playing, 

i honestly did not expect anything outta this, but speaking as someone who is new to the franchise and played the remaster of re1, the og has its own identity and charm that makes it a very fun, different enough experience that makes it worth playing, even today. 

I was instantly hooked by the introduction of the game and cant wait to play the rest,. Its somehow scary, and hilarious and i dont know how it manages to do that at the same time, but im all here for it.

its clunky, the voice acting is horrible (in a very charming way),  and i love the game for it.

If youre expecting a smooth, more modern experience, buy the remaster. But even then, i highly recommend playing both, you wont be disappointed with either game, no matter which you choose to play first.

(also you can skip door transitions. If you want an easier experience or just dont want to worry about ribbons, jill has unlimited saves during her first playthrough)",974,1,1,0,0,0,2026-04-09,2026-04-09,0,3,103,19
"Clunky controls, funny voice acting, Jill sandwich, horrendous graphics (for today's standards, no offense) and the birth of Resident Evil.",139,1,1,0,0,0,2026-04-09,2026-04-09,0,71,795,147
im happy with it,16,1,1,0,0,0,2026-04-09,2026-04-09,126,3,620,301
Do not go to the Spencer Mansion worst mistake of my life,57,1,1,0,5,4,2026-04-08,2026-04-08,110,41,88,88
Where it all started very good game for it's time,49,1,1,0,1,0,2026-04-08,2026-04-08,0,7,1251,221
Love this one just like the remake,34,1,1,0,0,0,2026-04-08,2026-04-08,0,4,507,76
"I really enjoyed this game brought back memories from the PS1 era. I played using an Xbox controller. I will mention that if your controller's battery dies in the mid gameplay it wont reconnect to the game, forcing you to restart. This version doesnt punish you for saving often so make sure you save often. Well worth it.",322,1,1,0,0,0,2026-04-08,2026-04-08,0,8,1872,974
Absolute classic! the start of a great series.,46,1,1,0,1,0,2026-04-08,2026-04-08,1538,91,673,673
"I loved playing through this classic
Very good port I had no issues aside from the game being a bit hard.
I enjoyed both campaigns regardless",143,1,1,0,0,0,2026-04-08,2026-04-08,289,28,1287,1253
enjoyed from start to finish. plays really well for a 30 year old game recommend,80,1,1,0,0,0,2026-04-08,2026-04-08,114,18,541,541
"While the game itself would be great if I could play it, I essentially soft locked myself from the very beginning by pressing ""Controller"" input in the ""Options Mode"" menu. Thanks to Steam cloud caching the files, it is a major pain in the ass to wipe the files and start fresh. 
If you want to play on an Xbox Controller (which is all that the majority have in terms of handheld controllers, it's 2026 after all) you can enter Steam in Big Picture Mode, select ""WASD Input"" format for your controller, and then manually remap the controls to match their respective keys on the keyboard. 
Whatever you do, do not under any circumstances ♥♥♥♥ with the Options Mode. Almost 2 hours in and I have yet to discover which key now interacts with objects, as my entire controller layout has been rendered useless from this blunder. If I can get ♥♥♥♥ working I'll update this - Classics like RE 1996 should be accessible AND easy to operate.",932,1,1,0,0,1,2026-04-08,2026-04-08,0,9,95,59
"First time playing it, and it’s an absolute 10/10 experience. For an old game, it’s surprisingly fun. Even though I got scared by the snake since I have a phobia, it’s still a 10/10 experience for me. Can’t wait to get my hands on the OG Resident Evil 2 and Resident Evil 3 Nemesis",281,1,1,0,0,0,2026-04-08,2026-04-08,53,6,777,764
Jill sandwich,13,1,1,0,0,0,2026-04-08,2026-04-08,0,18,568,554
"Aside from having to mess with Protontricks to get the game properly functioning on Steam Deck, and the fact they had to add yet more useless DRM into older titles, its a pretty good if not, decent release for Steam. Runs great, looks pretty great as well, and the controls (at least for me) worked right out of the gate though still ended up using a community config

I'd still recommend getting the GOG versions, but this is a good way to play them if the little issues don't bother you a whole lot",500,1,0,0,2,0,2026-04-08,2026-04-08,121,1,225,218
"Works only with mods. Otherwise, a great classic!",49,1,1,0,0,0,2026-04-08,2026-04-08,515,20,861,861
I'm a kid again,15,1,1,0,1,1,2026-04-08,2026-04-08,402,3,713,408
That was too close. You were almost a Jill sandwich!,52,1,1,0,0,1,2026-04-08,2026-04-08,0,4,391,335
"Resident Evil deserves better for its 30th anniversary.

- No core Steam functionality (can't even Shift+Tab for overlay, can't stream the game)
- No achievements
- No Steam Deck support
- DRM 
- No Cloud support

Also worse audio than the original release, although that's simply the nature of the PC port. I know this is echoing a common sentiment, but these releases really are pitiful. It's not necessary to repeat how asinine it is to enforce DRM on a 30-year-old title that, due to the quality of these Steam offerings, is better played emulated and already available DRM-free elsewhere.

All that being said, I did enjoy my first time playing classic RE1. Having the classic titles on Steam ultimately helps accessibility a ton. It's just sad that these didn't receive any effort.",787,0,1,0,34,4,2026-04-08,2026-04-08,418,1,749,688
"i replaced the Steam files with the GOG version files (to remove DRM) but it wasn't worth it
also this game hates my controller (using DS4Windows)

buy and play these all on GOG instead and you can add the GOG versions to steam. adding those gives them more steam features (FPS counter, steam overlay) than the actual Steam ports of them lol",341,0,1,0,1,0,2026-04-08,2026-04-09,221,145,57,57
"Doesnt work on steam, don't bother purchasing it.",49,0,1,0,1,1,2026-04-08,2026-04-08,0,21,10,10
"This is a great port of a great game, I would also recommend the Steam Enhancement Pack by Mulderload to add in all the remaining quality of life changes done by the community. Note: not configuring Steam Auto-Cloud is lazy as it requires no code and adding Enigma DRM on a game from 3 decades ago is frustrating.",313,1,1,0,0,0,2026-04-08,2026-04-10,0,46,1050,1050
"To Linux users: 
The game is totally playable but requires some tinkering via protontricks. (reg edit)

otherwise it is just re1 :)",131,1,1,0,7,0,2026-04-08,2026-04-08,470,43,17,17
"Even though it's an old game, it's still a classic—a legend!  ★",63,1,0,0,0,0,2026-04-08,2026-04-08,97,5,298,298
"This is essentially the GOG version of the original Resident Evil (1996), but with DRM added on top thanks to ""Crapcom""

The game itself is great and runs well thanks to the improvements originally done for the GOG release—modern compatibility, rendering options, and overall stability. However, the Steam version adds Enigma DRM, which brings some downsides. You’re required to run it through Steam, and there have been reports of performance issues, glitches, and minor compatibility problems that don’t exist in the DRM-free version.

The biggest issue is that there’s no real benefit here compared to GOG. You’re getting the same game, but with restrictions added. No extra features, no improvements—just DRM layered over an otherwise solid port but with DRM that means NO MODS.

If you just want the game in your Steam library and can get it very cheap, it’s fine. But if you care about ownership, long-term usability, or avoiding unnecessary DRM, the GOG version is the better choice.

Overall: great game, but this is the inferior version of it, so buying this version will only come down to if your not interested in installing mods like texture pack or character skins ect... as well as just wanting it in your steam library for collective purposes but still the GoG version is DRM free.",1296,0,1,0,5,1,2026-04-08,2026-04-08,0,96,18,18
Now rerelease Lost Planet 1 & Lost Planet 2 you bastards!,57,1,1,0,0,0,2026-04-08,2026-04-08,850,19,5,5
6+7 = 13. Vital.,16,1,1,0,0,1,2026-04-08,2026-04-08,234,6,711,711
Honestly I really wanted to play this game BUT. CapCom made us wait to have this game on Steam for years and the game does not work very well. The controls are forgiving since it is such an old game but here's where I gave a problem with this! Well for one the live action cutscenes look way worse on computer than it would on Youtube or Playstation 2. The controls would not let me use shift to run and right and left click to aim and shoot which for a Resident Evil game that sucks. 3. Even when I change a few things I cant get the game to full screen 4. I know I said the controls are bad for how old the game is but if you are going to take this long to release a game might as well have smoother movement! If the game didn't have these issues excluding bad movement I would have enjoyed this more it looks funny and enjoyable,831,0,0,0,3,2,2026-04-08,2026-04-08,0,9,19,19
yeah it's re1 yeah it's tight yeah i imagine somehow the saturn version is better who GAF,89,1,1,0,0,1,2026-04-08,2026-04-08,506,62,482,177
"It's a good port, I had fun with this game
It's cool to finaly have played and finished RE1 for the first time and it's pretty dope they finaly made their classic games avaible on peeshee and will be coming back to this one at some point in the future.

Maybe sooner rather than later because this game pulled the classic "" you got the bad ending because you didnt do this even though there was no indication of it "" so hey it's good reason to for me to comeback and get the good ending.",490,1,1,0,1,0,2026-04-08,2026-04-08,0,111,451,451
Good game,9,1,1,0,0,0,2026-04-08,2026-04-08,556,181,382,382
"honestly not nearly as goofy and terrible as the internet makes it seem. sure theres extremely dated dialogue, but you can get past it pretty easily. honestly the game scared me more than i thought it would even tho its old",223,1,1,0,1,0,2026-04-07,2026-04-07,194,103,602,602
"I've been a diehard RE fan for over 20 years now and beaten almost every game in the franchise several times, but never actually completed this original game. After finally playing through it here, I can say it's still an absolute blast of an experience! I absolutely love the fixed camera and tank control RE games. Anyone who has a problem with tank controls is 100% experiencing a skill issue. One thing I will say is that this one is MUCH easier than the REmake. RE:Enhance mod was really easy to install and makes the experience much better visually and quality-of-life wise so I highly recommend using that. I do have to say the DRM is lame, and should be removed.",670,1,1,0,2,1,2026-04-07,2026-04-07,0,1,492,492
"Fantastic gameplay, unfortunately poor and disappointing port...

⡐⠉⠉⠉⣑⠂⠒⠊⠉⠶⡄⠈⠉⠓⠉⠉⠁⠁⢠⠖⠦⡉⠐⠒⠒⠊⠒⠐⢒⠢
⡄⢂⡁⠸⠱⠉⡀⣁⣰⣟⠁⠀⠐⡀⢈⠐⢈⠁⠈⠘⣆⠀⠐⠈⢀⠀⠻⠣⠀⢀
⠐⡄⣁⣐⣤⣲⣴⣿⣭⣈⡙⠲⣄⠀⠂⢈⠀⣠⡶⢛⣙⣿⣦⣥⣂⣌⣐⣀⡌⡎
⣾⠝⣩⣿⣿⣿⣿⣿⣿⣟⣿⣦⠈⢳⡀⢠⡾⣣⣶⣿⣿⣿⣿⣻⣿⣿⣍⠉⢦⡁
⡟⢰⣿⣯⣿⣿⣿⣿⠀⢨⣿⣿⣷⠀⢿⣟⣰⣿⣿⣿⣿⣿⣟⠉⢹⣯⣿⣧⠀⢻
⡇⢾⡿⣽⣿⣿⣿⣿⣿⣿⣿⣯⣿⡇⢸⡇⣿⡟⣾⣿⣿⣿⣿⣶⣿⣿⣞⣿⠀⢸
⡇⢻⣷⡻⣿⣿⣿⣿⣿⣿⣿⣹⡿⢀⣿⡆⢿⣿⢽⣿⣿⣿⣿⣿⣿⡿⣻⡿⠀⣼
⣿⣀⠻⣿⣍⣟⡿⢿⣟⣛⣾⠟⣡⣾⠏⣷⡘⠿⣷⣛⠿⡿⠿⢿⣻⣼⡿⠁⣴⠟
⠈⢻⣦⣥⣋⡛⢟⠻⢛⣋⣥⡼⡟⣼⡃⡿⣹⢦⣍⡛⠿⠿⠿⠿⢛⣡⣤⠟⣿⠈
⠀⢸⡯⣝⢻⢳⠾⠶⣾⢟⡏⢇⡱⣻⡇⣧⠉⠞⡻⠷⠶⣶⠶⢶⠞⡛⠩⣰⡟⠀
⠀⢸⠇⠈⢃⠊⠁⠃⠂⢈⠐⠠⣜⣿⡀⢿⡀⠐⢀⠉⠑⣸⢿⡌⠐⠈⠀⢿⡁⠀
⠀⢸⡇⠈⠈⠃⠐⠀⢂⠀⢤⡿⠽⣿⠀⡿⠹⣆⠀⠠⢱⠏⣞⢻⡄⣞⢀⠏⠀⠀
⠀⢀⣿⡄⠰⡶⣬⡐⠀⣠⡟⡠⢙⣿⠀⡽⠀⡸⢦⠄⣿⠘⣾⣤⠇⠈⡞⡀⠀⠀
⢀⡞⠈⢧⣤⣬⣥⣄⣀⣻⢾⣥⣎⣿⠀⢼⣀⣛⣏⣤⣭⣳⣞⣉⣀⣀⠇⢸⠀⠀
⠀⠛⢾⢿⣄⣀⣤⣀⣉⣉⠳⢤⣞⡗⠀⢾⠙⣭⠖⠋⠀⠁⠉⠉⠉⣿⣶⠂⠁⠀
⠀⢀⣾⢽⣿⣿⣿⣿⢿⣿⣿⣿⣿⡇⠀⣺⣿⣿⣿⣿⣿⣿⣿⣿⣿⡧⣿⠀⠀⠀
⠀⠀⣼⢫⣿⣞⣷⣯⣟⣾⣽⣾⣽⣿⣶⣿⣯⣟⣾⣳⣯⣿⣽⣳⣯⣟⣿⠀⠀⠀
⠀⠀⡝⣠⢛⡟⠯⡿⣟⣯⣟⣷⠏⠉⠉⠉⠉⢻⡿⣟⣯⣟⢿⢏⡟⢤⣻",620,0,1,0,2,2,2026-04-07,2026-04-14,0,27,842,842
"A piece of gaming history. The game worked flawlessly - no crashes or anything like that. And you can get used to the retro graphics (and tank controls) pretty quickly. 
Only two issues that personally bothered me a little: some keyboard keys can't be mapped by default and Steam overlay is not working. Apparently there's also a some kind of DRM in this release, and while it is strange they put it here, it's such a non issue especially with the game being available without it on GOG.",488,1,1,0,1,0,2026-04-07,2026-04-07,462,62,569,569
"The OG, the game that started it all, in its perfect, unaltered, uncensored version. Yes, it's 30 years old. Yes, it has tank controls. Yes, it has cheesy B-movie dialogue and charming cutscenes with real actors. And I love ALL of it. This is Resident Evil to me in its perfection. It's still as amazing as the day I first played it all those years ago. 10/10 GOAT, would almost become a Jill sandwich again.",408,1,0,0,25,3,2026-04-07,2026-04-07,2480,189,328,328
"The only thing this port lacks is Arrange mode from Director's Cut Dual Shock edition.
Other than that is a pure classic and I love it.

Also + for door skip.",161,1,1,0,6,0,2026-04-07,2026-04-07,363,17,228,109
Not even the director's cut with a DRM attached to it. What the hell? Try harder.,81,0,1,0,3,1,2026-04-07,2026-04-07,0,14,74,73
those ♥♥♥♥♥♥♥ dogs are a little bit more manageable,51,1,1,0,1,1,2026-04-07,2026-04-07,0,4,352,247
Now I see why they argue this is the best survival horror game of its time and maybe even to date. 9/10,103,1,1,0,0,0,2026-04-07,2026-04-07,0,5,803,270
i reccomend for steam if you are like me and want all your re games or games in general in one spot as much as possible. the most tank game in this franchise i have tried it code veronica on my ps2 and it was very difficult to play as i have not finished it yet. on pc with a ps5 controller seemed to make it easier i am not sure if thats true or if thats me gaslighting myself first time playing and finishing one of the ogs but it has drm and what not so do with that what you will,483,1,1,0,1,0,2026-04-07,2026-04-07,210,21,609,609
"While ignoring the fact that they added Enigma DRM into the OG Classics, the 1996 game aged like fine wine in my opinion. After replaying this game (again), it reminded me of the roots of how and why Resident Evil is not just a zombie shooter survival game.",257,1,1,0,8,1,2026-04-07,2026-04-07,149,31,316,316
"Look at this monster!!

Muito obrigado Capcom por finalmente colocar essa trilogia original de Resident Evil na Steam, segunda vez que estou comprando e com muito gosto. Resident Evil para sempre será minha franquia favorita de jogos, ainda que repleta de erros e decaídas, mas quem ama esta do lado desde o início durante todos os seus passos e aqui estou eu, anos mais tarde depois de conhecer a franquia lá em 2001 com Resident Evil 3 de 1999, me apaixonando, caminhando junto a essa franquia por 25 anos da minha vida e ela em si tendo 30 anos.

Sou extremamente grato pelas experiências que a franquia me propôs e, como não poderia deixar de fazer, aqui está uma review do meu jogo favorito da franquia em sua era clássica. Existe algo especial em relação ao Game Design desse jogo que me faz ama-lo muito mais do que tudo que a franquia vai fazer até o lançamento de Resident Evil 4. O Level Design é incrível, magnífico, é de uma genialidade inexplicável o quão interconectado todos os lugares do jogo estão, o nível de labirinto que é a sensação de explorar eles mas o quão recompensador é, acima de tudo, conseguir desbloquear atalhos e voltar para lugares que estivemos antes e ver nosso progresso acontecendo diante dos nossos olhos.

Um combate satisfatório, balanceado o bastante para um primeiro jogo. Ainda mais um primeiro jogo que ousou tanto para sua época, fez tantas coisas inovadoras e hoje em dia, felizmente, é reconhecido devidamente pelo tanto de coisa que criou e estabeleceu na mídia dos videogames.

A História é uma porcaria? Sim.
A Dublagem é horrível? Sem sombra de dúvidas (mas acho que foi por conta de falta de direção e não tanto pelos atores). Mas existe uma certa magia em você experienciar esse jogo, ainda mais quanto mais o tempo passa e ver o quanto que ele ainda se sustenta tranquilamente. Meu Resident Evil favorito, de toda a série, sempre será Resident Evil 4 - em especial o Remake, anos depois, que assumiu o lugar do original. Controles modernos fizeram bem para a série, mas preciso dizer: Controle Tank? Ainda é tranquilo de se adaptar.

Não quero nem um pouco a volta deles, vai me parecer um regresso na evolução do combate e exploração da série. Mas se voltar? A memória muscular esta devidamente em dia, foi assustador o quão rapido eu consegui me ver dentro do universo do jogo novamente. Movimentação, Esquiva, Domínio com a Faca, Espaçamento... Olha, que jogo gostoso!

Bons tempos.
Bom jogo.
Boa franquia.
Bom porte.

Aliás, é isso que isso aqui é, viu, leitores.
Apenas um porte. E é o que ele deve ser.
Sem Upscaling. Sem nada além disso. Ele é um porte, portanto, jogue-o como um porte.",2668,1,1,0,0,0,2026-04-07,2026-04-07,309,13,514,514
finally i can play on steam these classic resident evil games i've been waited for this a very long time,104,1,1,0,1,0,2026-04-07,2026-04-07,0,48,24,11
"Absolute classic, best voice acting I've ever heard.",52,1,1,0,1,0,2026-04-07,2026-04-07,946,21,585,585
"Resident Evil ""fans"" now have another way to not play the game",62,1,1,0,1,0,2026-04-07,2026-04-07,543,76,504,504
rezidivle,9,1,1,0,2,0,2026-04-07,2026-04-07,171,40,597,597
"Chack Register.
The program REQUIRES you to inject something into the registry.
I do not feel safe doing this and it's one of the only games I've ever had asked to change things in my registry.",193,0,1,0,5,0,2026-04-07,2026-04-07,1289,500,17,17
"Genuinely really good even after all this time. Get rid of the DRM Capcom, this game has been emulated to death and I literally only bought it here because I wanted to have it in my library, which I coulda done with GOG or some other service anyway.",249,0,1,0,144,15,2026-04-07,2026-04-07,98,10,710,710
"Watch out, Jill! These residents are evil!",42,1,1,0,0,0,2026-04-07,2026-04-07,187,13,292,110
"THIS GAME IS HARD AS ♥♥♥♥ BUT ONCE IT GETS GOING IT ♥♥♥♥♥♥♥ SLAPS LETS ♥♥♥♥♥♥♥ GO BOYS. GO IN BLIND, USE 0 GUIDES, DON'T BE A ♥♥♥♥♥

EDIT: I USED A ♥♥♥♥♥♥♥ GUIDE FOR A CERTAIN PLANT, WORST PART OF THE GAME",205,1,1,0,4,1,2026-04-07,2026-04-08,637,44,864,746
"I waited over 20 years for this game to come to steam and I'm not disappointed at all it was definitely worth the way! Being able to play Jill & Chris again and being able to Speed Run the game to unlock there guns was so much fun to be had!

There's no other game that I can compare this game to that forces you to Speed Run the game to be able to unlock things, more video games should definitely take this idea and run with it!

I give this game a Speed Run / 10",469,1,1,0,0,0,2026-04-07,2026-04-07,720,51,1074,1055
Perfection!!,12,1,1,0,1,0,2026-04-07,2026-04-07,408,49,916,916
"I was surprised by this game, i played the remake a few years ago and i always thought it was a 1-1 to the og with much better visuals and localization, that is still partially correct, although i dont think it completely makes the og obsolete, i think this game has charm, and as i mentioned even if you did play the remake, it will surprise you since the puszzles and the progresion are somwhat changed. 

Good game, timeless classic, glad i played it <3 the english dub is the funniest ♥♥♥♥ the japanese have made",518,1,1,0,0,1,2026-04-07,2026-04-07,0,9,572,572
Had An Absolute blast playing through this classic that started it all. Highly recommend to those that have played maybe later games in the franchise to give it a try and if you are a newcomer welcome to The Mansion and don't worry about running out of ammo there is much more than you'd be led to believe.,306,1,1,0,0,0,2026-04-07,2026-04-07,0,5,457,457
"Great game, very charming and cheesy. The controls are a bit more limited than RE2 and RE3 with not allowing using shift for running and control for aiming. But once you get around that it has the same great feel of the other OG RE games.",238,1,1,0,0,0,2026-04-07,2026-04-07,488,96,453,424
very scary!!!,13,1,1,0,1,0,2026-04-07,2026-04-07,149,13,599,599
absolutely delicious!!,22,1,1,0,3,0,2026-04-07,2026-04-07,0,10,540,259
Saquenle el drm que me corrompio la bios del sistema,52,0,1,0,1,2,2026-04-07,2026-04-07,0,16,9,7
The game is really fun and I'd definitely recommend it. The controls take a little bit of getting used to but once you get them they are completely fine. Dialogue is terrible but in a really funny way and the general gameplay loop of finding items used to unlock new areas is really satisfying to me.,300,1,1,0,3,0,2026-04-07,2026-04-07,171,21,538,527
"Barry: What is this?
Wesker: Wow, what a mansion!
Jill: Captain Wesker, where's Chris?
Wesker: Stop it! Don't open that door!
Jill: But Chris is--
Barry: What is it?
Wesker: Maybe it's... Chris... (pauses) Now, Jill--Can you go?
Barry: I'm going with you. Chris is our old partner, ya know.
Wesker: Okay. Let me handle this.
Wesker: Stay alert!
Barry: A dining room...
Barry: What? What is this? 
Jill: What is it?
Barry: Blood. (pauses) Jill, see if you can find any other clues. I'll be
examining this. (looks down) Hope this is not Chris's blood...",551,1,1,0,3,0,2026-04-07,2026-04-07,0,164,16,16
"First time playing this game. Pretty fun. PC port has some pain points:

- DRM. This is literally the GOG version with added DRM. Not cool.
- Apparently doesn't work on Steam Deck (and maybe Linux in general?) I'm not 100% on this but I recommend researching it
- Port is based on the original PC port. There was a later port made by a company named SourceNext which was universally considered better. Ran better and had better compability. We can fix this, so it's okay.
- This is less of a pain point, but the PC port does have some odd quirks that other versions don't have, notably Jill not needing items to save on her first run. Might bother you if you're used to the PS1 releases

I would recommend playing this game with the Classic Rebirth patch. It fixes up some stuff and makes the game generally more compatible. Here are some quick instructions on how to do this, because there is some conflicting info online.

- Download the Classic Rebirth DLL itself from their website, along with the official 1.01 patch. Both should be on their website.
- Open your steam installation folder for the game (4249100_Biohazard in steamapps/common) and open the ""japanese"" folder. Copy the DLL in here.
- Cut all the contents of the japanese folder and paste them in the main folder.
- Replace Biohazard.exe with the official 1.01 patch. 
- Rename 4249100_Launcher.exe to something else, then rename your new Biohazard.exe to 4249100_Launcher.exe, effectively replacing it. This is the file Steam launches when you start playing the game through Steam, so this allows you to launch the Classic Rebirth version through Steam as normal.",1632,1,1,0,3,0,2026-04-06,2026-04-06,381,70,373,373
Very Nostalgia. Waiting for Resident Evil 4 (2005) on PC :D,59,1,1,0,0,2,2026-04-06,2026-04-06,0,1,611,452
"Enjoying it so far, want to make more progress :)

Update** CHECK IT OUT, ITS SO WORTH YOUR TIME

*no spoilers

Wow that was actually quite a lot of fun. The tank controls are not as bad as people say they are (might help that I've played RE4 in the past). I really enjoyed going in and knowing nothing about this game, it was super fun to piece everything together over 10ish hours. The puzzles were really cool, along with the enemy designs and THE ART!!! Oh my gosh, Capcom??? I didn't know you had sauce like that. It was so beautiful, The gorgeous painted backgrounds is what really stuck out to me, mixed with the ambient music created such a unique atmosphere. Felt like I was playing a painting. 

I was surprised how fun the combat was, and really enjoyed the progression of it. ♥♥♥♥ hoarding your ammo, I consistently used mine and it was still quite plentiful. 

I didn't realize how down to the T they had the exploration in this one. Its so obvious that this layed the groundwork for (I think) every single game after it. I didn't expect it to come out so strongly from the get go. The layout of this whole game made me want to explore every single nook and cranny, and rewarded me (quite generously I'd say) for it. Is pretty much just a 3D Metroidvania. Super excited to see how good RE2 is. 

Highly reccomend playing even if you're just sorta kinda interested. It's so short, so cheap and so worth it. 
TLDR: Gorgeous art and atmosphere, not awful controls, fantastic exploration, very short",1508,1,1,0,0,0,2026-04-06,2026-04-08,327,38,695,695
gud game better voice acting than requiem,41,1,1,0,0,1,2026-04-06,2026-04-06,567,27,313,313
a piece of ♥♥♥♥,15,1,1,0,0,0,2026-04-06,2026-04-06,0,1,23,23
"The residents were evil, not a nice crib.",41,1,1,0,0,0,2026-04-06,2026-04-06,0,8,317,317
"Bought this with RE2 and the remake, the game compatibility for this and RE2 is really poor due to the unwanted DRM, If you wanted to try and edit controls as well (In both games) it still does not fix the issues.
Yes I did try connecting a controller, still the same results
FIX YOUR GAMES CAPCOM FOR RE-RELEASE",312,0,1,0,0,1,2026-04-06,2026-04-06,8,1,30,30
"amazing classic horror game that started an incredible franchise. although the remake is better in every possible way, this game is still worth playing to experience the true begining of the franchise.",201,1,1,0,2,0,2026-04-06,2026-04-06,0,48,570,570
"⠀⠀⠀⠀⠀⠀⠀⠀⠀⠀⠀⠀⡀⠤⢲⣖⣶⣲⣲⣶⣒⣂⡠⢀⡀⠀⠀⠀⠀⠀⠀⠀⠀⠀⠀⠀⠀⠀⠀
⠀⠀⠀⠀⠀⠀⠀⠀⠀⠀⢀⠔⣫⡵⠾⠛⠉⣨⢤⠻⣝⠩⠟⣻⢾⣕⢄⠀⠀⠀⠀⠀⠀⠀⠀⠀⠀⠀⠀
⠀⠀⠀⠀⠀⠀⠀⠀⠀⡰⣱⠞⠉⠀⢤⠀⢸⡷⢳⣿⣾⡓⠀⠀⠀⠙⢷⣵⠀⠀⠀⠀⠀⠀⠀⠀⠀⠀⠀
⠀⠀⠀⠀⠀⠀⠀⠀⠀⣻⡇⠀⠀⠀⠀⢀⣠⣿⢷⣟⣑⡂⡀⠀⠀⠀⢸⣿⠀⠀⠀⠀⠀⠀⠀⠀⠀⠀⠀
⠀⠀⠀⠀⠀⠀⠀⠀⠀⠱⣹⣶⣶⣾⠿⠿⠿⠿⠿⠿⣿⣿⣿⣿⣶⣶⣿⡟⠀⠀⠀⠀⠀⠀⠀⠀⠀⠀⠀
⠀⠀⠀⠀⠀⠀⠀⠀⠀⠀⣿⣿⣿⣦⣀⠀⣀⣴⣶⡶⢸⣿⣿⣿⣿⣿⣿⠇⠀⠀⠀⠀⠀⠀⠀⠀⠀⠀⠀
⠀⠀⠀⠀⠀⠀⠀⠀⠀⠀⣽⣿⣿⢻⡿⠂⡏⠉⣿⡿⢸⡟⢿⣿⢿⣿⣯⠂⠀⠀⠀⠀⠀⠀⠀⠀⠀⠀⠀
⠀⠀⠀⠀⠀⠀⠀⠀⠀⠀⣿⣿⣿⡄⠀⠀⠀⠀⠀⠀⢸⣿⣾⣿⣸⣿⡟⠀⠀⠀⠀⠀⠀⠀⠀⠀⠀⠀⠀
⠀⠀⠀⠀⠀⠀⠀⠀⠀⠀⣿⣿⣿⣷⠉⢥⣤⡄⠘⠀⣸⣿⣿⣿⣿⣝⢄⡀⠀⠀⠀⠀⠀⠀⠀⠀⠀⠀⠀
⠀⠀⠀⠀⠀⠀⠀⠀⠀⠀⠰⡽⣿⣿⣿⣤⣤⣄⡲⣿⣿⣿⠿⣿⡁⢈⣿⣮⡦⡀⠀⠀⠀⠀⠀⠀⠀⠀⠀
⠀⠀⠀⠀⠀⠀⠀⠀⠀⠀⠀⠈⠚⠉⣽⣿⢿⣿⣯⣽⠟⢹⣾⠋⠻⣮⣻⣿⣿⡇⠀⠀⠀⠀⠀⠀⠀⠀⠀
⠀⠀⠀⠀⠀⠀⠀⠀⠀⠀⠀⠀⠀⢸⣿⢣⡿⢋⣼⣛⣦⣾⢁⣤⣤⡌⣿⣿⣿⡇⠀⠀⠀⠀⠀⠀⠀⠀⠀
⠀⠀⠀⠀⠀⠀⠀⠀⠀⠀⠀⠀⠀⠸⣿⡟⣠⣿⡿⠿⠉⣿⠈⣁⡷⣿⡏⣿⣿⡇⠀⠀⠀⠀⠀⠀⠀⠀⠀
⠀⠀⠀⠀⠀⠀⠀⠀⠀⠀⠀⠀⠀⣿⠟⣼⢹⡎⠀⠀⠂⣿⠀⠉⠁⡏⣾⣿⣿⣾⠀⠀⠀⠀⠀⠀⠀⠀⠀
⠀⠀⠀⠀⠀⠀⠀⠀⠀⠀⠀⠀⠀⣿⠀⣽⢸⡇⠀⠀⠀⣿⣤⣤⣵⣴⣿⣑⣾⣿⣵⠀⠀⠀⠀⠀⠀⠀⠀
⠀⠀⠀⠀⠀⠀⠀⠀⠀⠀⠀⠀⠀⠻⣻⣬⣷⣽⣥⣤⣤⡿⠀⠀⠄⢹⣿⣿⠟⢿⣿⢇⠀⠀⠀⠀⠀⠀⠀
⠀⠀⠀⠀⠀⠀⠀⠀⠀⠀⠀⠀⠀⠀⠈⡆⠹⣿⡻⢿⡟⠀⠀⢀⠃⢸⡏⠀⠀⢘⣿⣞⢆⠀⠀⠀⠀⠀⠀
⠀⠀⠀⠀⠀⠀⠀⠀⠀⠀⠀⠀⠀⠀⠀⣘⡾⠏⠻⣿⠁⠀⠀⠣⠀⣸⡗⠀⠀⡠⡌⠫⢷⣕⣄⠀⠀⠀⠀
⠀⠀⠀⠀⠀⠀⠀⠀⠀⠀⠀⠀⠀⠀⣰⣿⡧⠀⢆⡿⠀⠀⠄⠀⣿⣏⣂⣠⣴⣷⣴⣷⣿⣿⣿⣧⣀⠀⠀
⠀⠀⠀⠀⠀⠀⠀⠀⠀⠀⠀⠀⠀⢀⠇⠉⠀⠔⣼⠇⠀⠞⢀⣶⣿⢻⣭⣽⣿⣿⣿⣿⣿⣿⣿⣿⣿⡧⠀
⠀⠀⠀⠀⠀⠀⠀⢀⠀⡤⡠⠔⣒⣊⣼⣧⣦⣴⠁⢀⠈⢠⣿⣿⣿⣷⣭⣽⣿⣿⣿⣿⣿⣿⣿⣿⣿⣿⡇
⠀⠀⠀⠀⠀⠀⠀⢳⣿⣷⣿⣟⡛⢿⣿⣿⣿⣿⣷⡆⣰⡿⣷⣿⣿⣿⣿⣿⣿⣿⣿⣿⣿⣿⣿⣿⣿⣿⠃
⠀⠀⠀⠀⠀⢀⣜⣴⣿⣿⡟⣉⣿⣼⣿⣿⣿⣿⣿⣿⣿⣿⡿⠀⡿⣿⣿⠛⠉⠛⢿⣿⣿⣿⣿⣿⣿⣿⡀
⠀⠀⠀⠀⡠⠻⣟⣿⣿⣟⣃⣿⣿⣿⣿⣿⣿⣿⣿⣿⣿⠏⠀⠀⣾⡟⠁⠀⠀⢀⣀⣹⣿⣿⣿⣿⣿⣷⠀
⠀⠀⢀⣞⣡⣹⣿⣿⡿⠛⣃⡀⠿⠿⠿⠿⣿⣿⣿⣿⣿⣶⣦⣼⡿⠃⠀⢀⡴⠋⢈⣝⠿⣿⣿⣿⡿⠋⠀
⠀⢠⢳⠊⢱⣿⡿⠛⠛⠛⠛⠛⠛⠛⠛⠛⣇⣿⣿⠟⢿⣿⣿⡿⠁⠀⣴⠋⢀⣴⣾⣿⣿⣏⣿⠗⠁⠀⠀
⢰⣿⣿⣿⣿⡻⠁⠀⠀⠀⠀⠀⠀⠀⠀⠀⠹⢻⡇⢀⢨⣿⠿⠃⠀⠀⣿⢸⣿⣿⣿⣿⣿⠟⠁⠀⠀⠀⠀
⠀⠉⠋⠛⠋⠀⠀⠀⠀⠀⠀⠀⠀⠀⠀⠀⠀⣾⣧⣮⣿⣿⣤⣄⢤⣿⣿⣷⣽⢿⣿⠟⠁⠀⠀⠀⠀⠀⠀
⠀⠀⠀⠀⠀⠀⠀⠀⠀⠀⠀⠀⠀⠀⠀⠀⢠⣾⣿⣿⣿⣿⣵⣾⣿⣿⣿⣿⣿⠟⠁⠀⠀⠀⠀⠀⠀⠀⠀
⠀⠀⠀⠀⠀⠀⠀⠀⠀⠀⠀⠀⠀⠀⠀⠀⣿⡿⣻⣿⣿⠫⣿⣿⣿⣿⣿⣏⣃⢄⠀⠀⠀⠀⠀⠀⠀⠀⠀
⠀⠀⠀⠀⠀⠀⠀⠀⠀⠀⠀⠀⠀⠀⠀⠀⠹⣷⣽⠿⢿⣷⣶⣶⣿⣿⣿⣿⣿⣷⡣⠀⠀⠀⠀⠀⠀⠀⠀
⠀⠀⠀⠀⠀⠀⠀⠀⠀⠀⠀⠀⠀⠀⠀⠀⠀⠑⣽⣿⣿⣿⣿⣏⣿⡹⣿⣿⣿⣿⣿⡇⠀⠀⠀⠀⠀⠀⠀
⠀⠀⠀⠀⠀⠀⠀⠀⠀⠀⠀⠀⠀⠀⠀⠀⠀⠀⠀⠻⣿⣿⣿⣿⣿⣫⣇⣿⣿⣿⣿⡣⠀⠀⠀⠀⠀⠀⠀
⠀⠀⠀⠀⠀⠀⠀⠀⠀⠀⠀⠀⠀⠀⠀⠀⠀⠀⠀⠀⠈⠛⠽⣿⣿⣿⣾⣿⣿⣿⣿⣷⣕⣄⠀⠀⠀⠀⠀
⠀⠀⠀⠀⠀⠀⠀⠀⠀⠀⠀⠀⠀⠀⠀⠀⠀⠀⠀⠀⠀⠀⠀⠀⠉⠹⣻⣿⣿⣿⣿⣿⣿⡟⡀⠀⠀⠀⠀
⠀⠀⠀⠀⠀⠀⠀⠀⠀⠀⠀⠀⠀⠀⠀⠀⠀⠀⠀⠀⠀⠀⠀⠀⠀⠀⣿⣿⣿⣿⣿⣿⣿⣷⡣⠀⠀⠀⠀
⠀⠀⠀⠀⠀⠀⠀⠀⠀⠀⠀⠀⠀⠀⠀⠀⠀⠀⠀⠀⠀⠀⠀⠀⠀⠀⣿⣿⣿⣿⣿⣿⣿⣿⣇⠇⠀⠀⠀
⠀⠀⠀⠀⠀⠀⠀⠀⠀⠀⠀⠀⠀⠀⠀⠀⠀⠀⠀⠀⠀⠀⣀⠀⠠⣦⣿⣿⣿⣿⣿⣿⣿⣿⣿⡏⠀⠀⠀
⠀⠀⠀⠀⠀⠀⠀⠀⠀⠀⠀⠀⠀⠀⠀⠀⠀⠀⠀⢰⣽⣶⡞⡉⣉⡉⢿⣿⣿⣿⣿⣿⣿⣿⠟⡇⠀⠀⠀
⠀⠀⠀⠀⠀⠀⠀⠀⠀⠀⠀⠀⠀⠀⠀⠀⠀⠀⠀⠀⠉⠁⠉⠁⠈⠉⠁⠀⠀⠀⠀⠀⠀⠀⠀⠁⠀⠀⠀",1638,1,1,0,1,0,2026-04-06,2026-04-06,0,743,6002,6002
"Needs some tweaks to work properly on Steam Deck, overall good to get back to the nostalgia, first time hearing OG soundtrack since I played the dualshock version years ago",172,1,1,0,0,0,2026-04-06,2026-04-06,0,13,515,480
Was waiting for this game to come to steam and finally it is here and i love it,79,1,1,0,0,0,2026-04-06,2026-04-06,121,41,462,194
Thank You for finally releasing the original three Resident Evil games. They are so great,89,1,1,0,0,0,2026-04-06,2026-04-06,819,59,128,114
wdad,4,1,1,0,0,0,2026-04-06,2026-04-06,0,26,513,238
this game is good and i like it,31,1,1,0,0,0,2026-04-06,2026-04-06,487,15,420,420
"Believe me, I've played this game a dozen times already, so just ignore the short playtime ([i]for now[/i]). 

When the original RE Trilogy launched on 04.02, of course I had to do a quick test run, which ended up being a little over 50 minutes with Jill. That alone should tell you how many times I've played RE1 ([i]to death[/i]).

This Steam release of the original Resident Evil offers a decent enough way to live through a near-perfect vanilla experience—the feeling how most people remember it from the PlayStation 1 days.

Not to say there aren't some sensible changes that were made to the original PC port that are retained here as well: you can still skip door opening sequences, and thanks to auto-aim, firing from a hip won't be a problem here. Beating the game without any saves will still grant you an Uzi for Jill and a Minimi for Chris—weapons that are exclusive to the PC version to this very day.

The inclusion of the Enigma DRM is an unfortunate pick, and while it doesn't hinder performance whatsoever, which would be crazy for a 30-year-old game, maybe with some pushback, Capcom could change their minds, like how they did with the RE4 Remake.

In the end, a solid version all around, I had no hiccups whatsoever. I'm pretty sure you can inject the GOG executables; Gemini's Classic Rebirth patch should work like a charm, and with that you can play all your favorite mods: BioRand, the GBC conversion, Real Survivor, etc.

Not to mention all the enhancements that Gemini's patch offers, such as a 180 quick turn, higher resolution, speed-up and so on.

If you want to go full vanilla, then go with Duckstation. If you want the best overall experience, go with this ([i]patched[/i]) or Deadly Silence on the Nintendo DS - that version also mapped the knife to the L button, which made such tool a lot more useful than before. And you could skip MOST cutscenes!",1883,1,1,0,3,0,2026-04-06,2026-04-06,869,13,129,64
i skipped this one for a long time and i regret it. this is such a fire game and im glad i was able to give it an actual try,124,1,1,0,0,0,2026-04-06,2026-04-06,213,48,497,410
My favorite game of all time. Even better graphic and sound configuration than the GOG version. A must have for survival horror gamers.,135,1,1,0,6,1,2026-04-06,2026-04-06,0,9,838,48
SO glad i finally get to play this masterpiece on steam,55,1,1,0,0,0,2026-04-06,2026-04-06,346,78,507,507
"For some reason i can't get into the remake but enjoy this a lot, i wonder what the different between the two, still, this game is so much fun, i never expect to enjoy the tank control and fix camera angle so much, probably gonna play the whole og trilogy now, 10/10 game,the grenade launcher make jill playthrough way earier, probably should use it more, i hoard so much that by the end i have about like 45-50 round :))",421,1,1,0,1,0,2026-04-06,2026-04-07,0,53,977,666
"Yeah fun game, no reason to dislike it really.

Controllers work fine, upscaled graphics. No bugs, no glitches. Well worth the £3.99 I paid",139,1,1,0,9,0,2026-04-06,2026-04-06,0,41,323,202
"This is *not* a Steam game. 
It is a very lazy port from GOG and it is missing Steam integration like the overlay, achievements and cloud saves.
Also wish they had at least given the Steam version other extra features like the Director's Cut Arrange Mode, Dualshock version's gamepad vibration (minus the basement music) or the SEGA Saturn Battle Mode and the Ticks, but it seems they can't be bothered to even program an ""Exit to Desktop"" menu.
And what is that launcher!? A barebones app that executes a .reg script. It looks so unprofessional.
Finally the game contains additional DRM, for what!? A 30 year old game?? What's the point, when the GOG version does not contain any DRM?
You'd be best to grab the GOG version instead.",732,0,1,0,4,0,2026-04-06,2026-04-06,0,7,18,18
"I have played the Sourcenext PC Port, so ignore my playing hours.
I recently played this for very first time, only playing remake before. I actually prefer this way more over the remake. I honestly think the environment looks better, the layout is way less confusing (i am not a fan of the stuff the remake added). The gameplay feels more tight. The FMV and super bad voice acting makes it super cheesy but also kind of gives it a character and I'm sorry to say, i kind of prefer it that way over remake. I hated how remake took the environments specifically and made everything dark, which in turn made everything blend in with environment. The port itself is alright, but you can probably get better experience by getting sourcenext port and installing some HD mods to upscale enviroment textures a bit. Either way, the game is amazing and classic.",850,1,1,0,0,0,2026-04-06,2026-04-06,816,140,13,13
"I'm not sure when im gonna finish this game, but it was fun to try the original one after playing and completing so many Resident Evil games. I will def play this from time to time.
I will recommend this game for the hardcore Resident Evil gamers! If ur not a hardcore fan, go play the remakes :)",297,1,1,0,0,0,2026-04-06,2026-04-06,409,120,42,33
"the OG, glad they added it to Steam",35,1,1,0,0,0,2026-04-06,2026-04-06,0,3,420,420
"The game at the core of this experience is Resident Evil and is therefore good, it's got fantastic environment and puzzle design, and as a fan of the series going back to the very first game was interesting. I played through Jill's campaign in about 6 hours and enjoyed myself very much. 

I played through this with my PS5 controller connected via bluetooth and using Steam Input as an intermediary layer, which seemed to work well, though I've read that some other reviews which say the native controller support is terrible. I can't corroborate that, but the keyboard mapping is certainly non-obvious.

The larger problems with this version of the game are really weird, there's no pause menu or quit option, you just have to alt+f4 the game to quit out after you've saved, which I wouldn't mind from a free/open source/community made port, each of those comes with a degree of expected jank, but for any amount of money on the table and officially from Capcom I'd expect the bare minimum of quality of life features added. 

Worse still is that there's now DRM on a 30 year old game that costs £5. The DRM and launcher are weird and request registry access which I'm not happy about at all, and as a result of that don't work on the Steam Deck. I presume that means they don't work on linux at all, but I only tested them on the steam deck and couldn't get past the launcher, which I'm certainly disappointed about. 

With the DRM removed and a proper pause menu with graphics & sound options & quit button (for the entire trilogy to be clear) I'll gladly make this a positive review, but what a confoundingly stupid choice for Capcom to make when rereleasing these games. If you have a switch, I'd probably give the switch versions of the trilogy a go for the flexibility offered, though I admit I've not played those myself, and if you're a PC person, my understanding is that GOG has them DRM free. (also emulation is free, just saying)",1951,0,1,0,0,0,2026-04-06,2026-04-06,298,52,378,376
It's about time this and the other classics got uploaded to Steam.,66,1,1,0,0,0,2026-04-06,2026-04-06,0,158,155,139
"What an abosolute classic. Back in 1996 those damn dogs would give me nightmares. With that being said the current state that this was released to us is a shame. Took me about 3 hours to get this properly running on my legion go 2 via steam OS and even that I have to deal with tiny cut scenes from the DRM. $5 just to have it on my steam library  was worth it for the amount of tinkering needed to get this working semi properly.

Capcom, 30 year old game. Its been pirated for 30 years and even released DRM free last year. 0 need to add DRM here.",549,0,1,0,0,0,2026-04-06,2026-04-06,392,6,548,547
"I am a massive  resident evil fan. my first resident evil was the 1996 game so I was hyped to play this on the steam deck rather than emulation.

but its not optimised for play, and would need around 6 or 7 mods to run.

while this will always hold a special place in heart it's poorly optimised for modern play.",312,0,1,0,0,2,2026-04-06,2026-04-06,0,64,6,6
So happy to finally have this available on Steam!,49,1,1,0,0,0,2026-04-06,2026-04-06,220,28,292,292
first video game i ever played,30,1,1,0,0,0,2026-04-06,2026-04-06,166,40,12,12
"Residents were very evil, the first zombie kept killing me. I'm joking of course this is not a negative review at all, I can also get through a majority of the game without being damaged. Runs on a potato, is cheap I got the original trilogy for 15$ as an introductory offer and as someone who never grew up or played the originals til this year its a very great experience. The only problem I have with this version is simply game resolution, I got it full screen but I had to put it in 1920x1080 resolution in windowed mode and enabling integer scaling and aspect ratio making it a box with black bars. I tried this on 2 laptops my gaming one and this one, its the same with the GOG versions of these games, why that is I can't say I won't pretend i'm an expert just the result of being an old game but regardless. Looks sleek or as sleek as ps1 polygons can look, plays great (once you remap your buttons), has tons of unlockables and is just a classic anyone should play at least once. If you're new just don't expect like a modern experience obviously :0 Idk its 4am im very tired.

For anyone it may help here's my keyboard layout, remapping the controls is a necessity. 

Action/Select: D key
Dash/Cancel: W Key 
Get Ready: A Key
Subscreen/Inventory: E Key

Movement:

FWD: Up arrow
Back: Down arrow
Right: Right arrow
Left: Left arrow


Options: Z key",1359,1,1,0,2,0,2026-04-06,2026-04-07,510,32,823,303
I rage quit my first 3 playthroughs because i was used to the modern games. This is my first time playing the classic trilogy and it is harder than i expected at first. it gets easier once you get ahold of the controls. There is no shame on looking at a guide if you get stuck in a puzzle. The point is to have fun guys. This game is loads of fun at least the Jill campaign the Chris campaign is absolutely the hard mode save ribbons 2 less inventory spaces and you have to find small keys to unlock certain locks. If its your first playing start with Jill then if you want a challenge or you want to see Rebeca Chambers do the Chris campaign.,643,1,1,0,0,0,2026-04-06,2026-04-06,0,5,619,619
legendary,9,1,1,0,0,0,2026-04-06,2026-04-06,0,5,1366,1366
The game that got me into video games. Aside from Capcom adding DRM to it (what a shame) I'm glad to have the original 1-3 on steam now to fill out my collection. Would I recommend the OG's to newcomers? Absolutely! Tank controls are not that bad once you get used to them.,273,1,1,0,0,0,2026-04-06,2026-04-06,0,3,244,244
A classic. Not as good as the remake but really impressive for its time minus the really funny voice acting lol,111,1,1,0,12,2,2026-04-06,2026-04-06,0,161,406,406
Still as good as I remember it being. Great game!,49,1,1,0,0,0,2026-04-06,2026-04-06,0,34,575,575
What a Tough Guy!,17,1,1,0,0,0,2026-04-06,2026-04-06,0,1,481,481
"This story is amazing, but there are some gameplay elements and puzzles that are very outdated. But still it is important to keep in mind this is from 1996!",156,1,1,0,0,0,2026-04-06,2026-04-06,270,42,397,397
"Plays great, but I wish it didn't have auto-aim or let you turn it off, so it played like the original.",103,1,0,0,0,0,2026-04-06,2026-04-06,0,29,205,205
"ahhh good old 1998 Resident Evil, i remember all the puzzles from this game after all these years lol love it! this is the game that started all for me. and the bad acting and voice over always cracks me up,",207,1,1,0,13,1,2026-04-06,2026-04-06,0,13,232,98
"Re1 remake is my fav re game and I wanted to play the og triogy, of course starting with the first. So glad they finally on steam. Super fun, super excited now to play 2 and 3! It is great to see the origins of the best gaming series.",234,1,1,0,5,0,2026-04-06,2026-04-06,0,51,350,350
YYYEEEEEEEESSSSSSSSSSSSSS!!!!!!!!!!!!!!!!!!!!!!!!!!!!!!!!!!! GET IT!!!!!!!!!!!!!,80,1,1,0,2,0,2026-04-06,2026-04-06,0,26,524,432
"After so many years, Capcom decided to randomly shadow drop the original PS1 trilogy on steam. I own all of these games physically on ps1 and play them at least annually since I very heavily enjoy them. I have played both the original release and Director's cut extensively, So I was very excited to finally have a digital version of these games as well. For this review, I did both a complete Jill and Chris run. Unfortunately, I do think this port is rather underbaked in several ways. 

Firstly, the game is WAY easier than the ps1 release for whatever reason. It felt like enemies did way less damage, and the first playthrough for Jill had removed ink ribbons entirely. Apparently this was how the original pc port came so it is just replicating that, but it caught me off guard. There is no steam support or overlay in game. The settings are barebones and very minimum especially for the modern year. And I don't expect much to be added to this 30 year old game, but I feel achievements wasn't too big of an ask for a $10 rerelease. Also, I'm not normally a guy who cares or complains about DRM, but why the hell would capcom put DRM in this? This game is 30 years old and has been emulated to death. You can download it for free on a ROM site and run it through duckstation. Who the hell is going to pirate the steam version?

To conclude with some positives, the original uncensored intro cutscene is fully restored with full color and gore. It was my first time actually seeing it in game. The textures do look better than the original release, to where you can make out details on the character models face.  I noticed that zombie limbs other than the head could come off with gunshots, which I don't think happens in the original release. These are the only credits I can give the game. Overall, I am happy to have this in my library, but I don't think i prefer it over my physical copies. Would not recommend to anyone unless they have no means to own physicals and are interested in playing the game. Especially not for ten dollars.",2045,0,1,0,62,6,2026-04-06,2026-04-09,408,106,343,343
"This port is sh1t. It has DRM, the FMVs play at like 10 FPS and it doesn't have any significant visual improvements or even gamepad support. You can still turn it into a good port thanks to the beautiful fans who make enhancement mods, who should not be the ones doing Capcom's job. There is a .exe by Mulderland that automatically installs all the enhancements so that's worth having.
I still give my thumbs up because I want Capcom to see this trilogy as worthy of having available, and even more so after seeing the direction they decided to take with the RE Engine games.",575,1,1,0,5,3,2026-04-06,2026-04-15,118,62,90,90
,0,1,1,0,0,0,2026-04-06,2026-04-06,122,50,486,486
I love this game so much more than its remake and any way to play this gem is peak...,85,1,1,0,2,1,2026-04-06,2026-04-06,0,22,203,93
"Very fun, I just wish it had achievements",41,1,1,0,0,0,2026-04-06,2026-04-06,78,42,946,183
"Jogo de 96, ter DRM e nao ter sequer um cloudsave é CRIME.
Dito isso, jogao.",76,1,1,0,0,0,2026-04-05,2026-04-06,0,55,510,510
i hope they make at least 9 more of these,41,1,1,0,3,2,2026-04-05,2026-04-05,1667,89,366,287
"10 out of 10! Very nice, Very Evil!",35,1,1,0,1,0,2026-04-05,2026-04-05,0,64,283,283
"But, just take a look at this..! It's Forest! Oh, my God! 

It's awful!",73,1,1,0,1,0,2026-04-05,2026-04-05,125,1,301,301
"Game was great! love original resident evil games, glad it came to steam but wished there was some achievements and cards! hopefully they get added in the future, not a fan of when I first played it, it had to register stuff to the registry, no idea what this is for but computer gave a warning against doing it so i said no then game wouldn't work so i had to do it, I dont play on steam deck but seams weird that gog works on it but not steam version.",453,1,1,0,0,0,2026-04-05,2026-04-05,318,4,901,901
Classic Gem,11,1,1,0,0,0,2026-04-05,2026-04-05,1367,62,359,359
Amazing,7,1,1,0,0,0,2026-04-05,2026-04-05,114,10,2413,802
"[h1]Welcome To Resident Evil[/h1]
Your Special Tactics and Rescue Squad has been choppered to a remote mansion to investigate a biotechnical experiment gone hideously wrong. Before you can say “mass murder,” you’re plunged straight into a deathtrap writhing with man-eating freaks, swarming crows and rabid dogs. Arm yourself with knives and flame-throwers scavenged from dead teammates. Solve puzzles, disarm traps and unearth mysteries. But beware: every move you make draws you deeper into the deadly embrace of Resident Evil.

🔷RE 1 (1996) Steam/PC Version Includes:🔷
[list]
[*]The Steam/PC version has two exclusive reward weapons: Jill's Ingram MAC-10 and Chris's Minimi. Both have infinite ammo.
[*]The Steam/ PC version has the Infinite Rocket Launcher, but the unlock criteria is different than the other versions.
[*]The Steam/PC version uses its own alternate outfit setup instead of Saturn's button-code outfits or the Director's Cut Arrange defaults.
[*]All 4 localizations of the game included (English, German, French, Japanese).
[*]Improved DirectX game renderer.
[*]New rendering options (Windowed Mode, Vertical Synchronization Control, Gamma Correction, Integer Scaling, Anti-Aliasing and more).
[*]Able to skip door animations
[/list]

[url=https://steamcommunity.com/groups/ATReviews]Follow My Review Group Here![/url]

💾Graphics - This is a super old game, so the visuals are not gonna hold well at all. The backgrounds are really pixelated and the details are kinda hard to see at times, plus the resolution is pretty limited in the settings. Now I did install the RE:Enhanced mod, and that changed everything. Some quality of life improvements, and the most important thing, a massive graphical overhaul. This mod makes all the background look sharp and fresh, as well as the UI too and cutscenes. This gives the game a proper remastered look to it. In my opinion, this is how you should play the game. It’s extremely simple to install too. I’ll link the mod here: https://www.moddb.com/mods/reenhance-re1. This mod made my experience enjoyable and totally worth the download. If you are having issues with your controller and keyboard not working after booting up the game with the mod installed, simply restart your computer and it should work fine.

🎮Gameplay - This is classic survival horror! The movement here is actually super easy. Now maybe it’s because I played older games and gotten used to it, but I believe they made the controls easy to navigate with. It may take a little time for newcomers to the so-called “tank controls”, but believe me it’s not as intimidating as some may put it out to be. You have two characters you play as, Both Chris and Jill. Now playing as Jill is probably the best option for new players. Your first playthrough won’t require ink ribbons to save, and you have more inventory slots and the amazing lockpick. Chris on the other hand is the opposite, less inventory slots, and more locked doors. Roaming around the mansion and solving puzzles is the main challenge in this game basically. You can get lost on your first and second playthrough, as I have. The enemies for the most part, are extremely easy and don’t really offer much of a challenge. Now the hunters are the main challenge as well as the Tyrant of course. If you are good at conserving ammo and healing items and using the right weapons, this game is a cake walk. You do have a decent amount of weapons and healing items in your disposal. Just make sure to use them strategically and not waste them, like healing yourself over minor damage or trying to kill every enemy in the game. Just mainly target enemies in locations where you are trapped, or in locations you will be traveling through a lot. Also some enemies are weaker to certain weapons and ammo. The more you play, the more you will get better and understand the mechanics more. You should check out some guides beforehand. I will actually link a strategy guide below for you to check out. As for unlockables, you do have some secret costumes and weapons to unlock through beating the game in a certain time and certain endings. I will link a guide down below.

📜Story - The story in super basic. You and your team explore a crash site from one of your teams and you get ambushed by wild dogs. This chase leads you to the Spencer Mansion. This place will test your skills as you try and crack the clues to what has happened in this mysterious place. The further you go, more secrets will be unraveled. I don’t want to spoil the events and bosses, but the experience was fun and I did enjoy the story, even if it was pretty shallow. I did really enjoy the journal entries, as it told the true dark secrets and scary moments some of the residents had to endure.

🕛Playtime - My first playthrough was a little over 4 hours. So the game is pretty short. Also the game doesn’t have any extra game modes. The PC version is pretty barebones, as other systems had special game modes after completion. Luckily you do have some secret weapons and costumes to unlock. 

🎧Sound - The music in the game is incredible! It still ages like fine wine. The safe room theme is beautiful, along with many other soundtracks you hear around the mansion. The voice acting is as you expect. It’s corny, terrible, and iconic. Enemies and gun sounds do sound decent as well. Not much bad to say here. Besides the funny and terrible voice acting, everything in the sound department is good, especially those soundtracks.

❗Bugs❗- I haven’t encountered any bugs from my playthrough. So nothing here to write down.

🔅Performance - Performance is good. I had no issues. I mean it’s a super old game so I would expect it to run well lol. You should have no issues. I think any computer in the world can run this game no problem.

✔️Pro’s✔️
[list]
[*]Good enemy variety
[*]Great classic soundtracks
[*]Ammo and health conservation
[*]Amazing game setting and lore
[*]Two playable characters (Jill/Chris)
[*]Many puzzles and rooms to explore
[*]Secret unlockables (costumes & weapons)
[*]Controls feel good and no need for tweaking
[*]Able to play the very first RE game on Steam
[/list]

❌Con’s❌
[list]
[*]Only 30 FPS
[*]Unable to swap rounds in grenade launcher
[*]No extra game modes (other RE1 releases had them)
[*]No Steam overlay (fixable with a mod called RE: Enhanced)
[/list]
        
🏆Rating - 8/10
This game is easily worth the full price!

🔗Conclusion - Resident Evil was such a great experience. I’m so happy Capcom released this game on Steam. Being able to play this classic along with the RE: Enhanced mod really made the game a blast to go through. I’m excited to see how the other two classics are in this wonderful trilogy. This is easily a must buy, especially for fans of the franchise.

https://store.steampowered.com/app/4249100/Resident_Evil_1996/

Links to help you in Resident Evil (1996):
[olist]
[*][url=https://steamcommunity.com/sharedfiles/filedetails/?id=3698578291] PC Version Unlockables, Endings, Secrets, Modes, and 100% [/url]
[*][url=https://www.moddb.com/mods/reenhance-re1] RE: Enhanced Mod [/url]
[*][url=https://archive.org/details/resident-evil-the-official-strategy-guide] Resident Evil (1996) Strategy Guide [/url]
[/olist]",7228,1,1,0,1,0,2026-04-05,2026-04-14,692,251,379,379
"The definition of a timeless classic.

We've been waiting for the classic Resident Evil games to be on Steam for so long, it's without a doubt a warm welcomed addition to out game collection.

The grapĥics may be old but the game is so good.
With the cheesy voice acting, you're sure to have a good laugh.
The tank controls are very easy to handle despite what some may say.
The walking speed is fast enough to allow for quick backtracking.
The 80s vibe songs and the atmospheric soundtrack are great.
They've also included door animations skips.

Playing this great game really shows how amazing the remake (and it's remastered edition) is too.

On the other hand : 
No achievements.
No trading cards and emotes.
No overlay and screenshoting.
No in-game settings to adjust sounds and graphics.
You need to press F9 twice if you want to get back to the main menu and F9 twice again to exit the game instead of it being integrated to the menus.

Yes, there is indeed a useless DRM, on top of Steam being a DRM in itself, for a 30 years old single-player game and it's a terrible Idea from Capcom but whatever, it doesn't change the core of the game in itself.

These are kind of a bummer for sure but disrespecting their playerbase and own franchises is to be expected from Capcom. Nothing surprising there, really.

Still, the core of the game is there and playable.

Recommended to any actual fan of the franchise that wants the game on Steam.",1444,1,0,0,0,0,2026-04-05,2026-04-07,1508,108,940,493
The game is just as great as I remembered all those years ago. Be sure to download the HD pack and merge it with the japan folder to get those crisp textures!,158,1,1,0,0,0,2026-04-05,2026-04-05,664,19,426,426
"1996: 

- Duke Nukem 3D

- Dead or Alive

- Tomb Raider

- Resident Evil

- Quake

... and no route to demand anything be changed. No online 'community' politics. No refunds. Your game lived or died on press, word of mouth and the resultant units shifted",254,1,1,0,2,0,2026-04-05,2026-04-05,0,165,310,218
"DRM broke linux/steamdeck support.
Pretty funny April fool's joke though.


<<<Updated as of April 18th 2026>>>
Valve just released proton version 11 (beta)
The game seems to be working on Linux now.
Thankfully Valve cares more about getting these games working than Capcom does.",279,1,1,0,0,0,2026-04-05,2026-04-18,0,3,83,5
"What's the matter, gamer? Afraid you might enjoy tank controls and fixed camera angles?",87,1,1,0,1,1,2026-04-05,2026-04-05,225,14,721,368
def worth it DRM aint really a big deal,39,1,1,0,1,0,2026-04-05,2026-04-05,100,14,258,258
Albert Wesker is my anal princess,33,1,1,0,2,2,2026-04-05,2026-04-05,361,21,7,7
"It was around this time 30 years ago that the term ""SURVIVAL HORROR"" was coined, and to accompy it, the first RESIDENT EVIL game was released. 

Originally pitched as a 3D remake of the Japan-exlusive Famicom adaptation of the 1989 horror film SWEET HOME, the original RESIDENT EVIL is a further evolution of both SWEET HOME and 1991's ALONE IN THE DARK, complete with tank controls, pre-rendered camera angles, limited inventory and the concept of careful management for your resources, otherwise you'd end up dead.

Following a series of murders in the Arklay Mountains, outside of the titular Raccoon City, S.T.A.R.S Bravo team went to invistigate, but following radio silence, Alpha team was later deployed, and came accross what remained of Bravo team, on top of monsters all over the place.

You take control of either Jill Valentine or Chris Redfield, and picking one or the other affects how you plan your trip throughout the mansion. Jill has 8 inventory slots, a lockpick but lesser health, while Chris only has 6(!) inventory slots and has to deal with more enemies, but can take a few more hits. Both characters have their own unique partner, with Barry ""Jill Sandwich"" Burton and rookie Bravo team medic Rebecca Chambers. 

For gameplay, I don't have to say much since this is RESIDENT EVIL we're talking about. Item management, space and careful planning of your routes is the name of the game here, along with being able to dodge enemies wherever possible. Though, Jill does have a much easier time compared to Chris, given that she has Barry to ensure that she gets the shotgun early and access to a grenade launcher, which makes quick work of certain enemies. Chris is more reliant on Rebecca to complete certain objectives as well. 

In terms of presentation, the live-action sequences are hilarious in a B-movie kind of way, while the voice acting is legendary for how hammy it is. Despite those, the atmosphere, tension and the music really sells the idea of the mansion being overrun by the undead and various bioweapons. The puzzles are all well thought out and are easy to understand once you get the hang of things.

Despite being 30 years old now, the original RESIDENT EVIL still plays really well, even against what is considered one of the greatest remakes of all time with the 2002 title (later remastered in 2015), and is a must-try for anyone wanting to experience the history of how survival horror got its start in gaming.

8/10.",2476,1,1,0,1,0,2026-04-05,2026-04-05,193,16,596,596
jill sandwich,13,1,1,0,1,0,2026-04-05,2026-04-05,67,11,675,675
The classic resident evil experince is something everyone should play the remake is alot better than this but seeing how faar this serise has come is prricless and only being about a 3 hour  playthrough for each camaign  is pretty light i think everyone who is a fan should p ick this masterpeice up,299,1,1,0,0,0,2026-04-05,2026-04-05,132,10,197,197
really fun,10,1,1,0,0,0,2026-04-05,2026-04-05,0,62,523,507
legendary game,14,1,1,0,0,0,2026-04-05,2026-04-05,295,86,1299,1299
"It’s the RE1 experience that you know and love, but on Steam now. Whether you play here or on GOG is up to you.

Please note however, this is the OG release and does not contain anything such as Director’s Cut features like Arrange Mode or the extra costumes from those versions. 

DRM is also…a choice.
Outside of that though, I played it and had a great time. 

For those playing this game for the first time, go Jill and then Chris afterwards.",446,1,1,0,1,0,2026-04-05,2026-04-05,480,16,738,430
"i've done the game first on DS when I was a teenager, and redoing it now with the recent PC re-release makes me like the game more. 

RE96 is charming by his kitschness from the 90s, and great by his gameplay, level design. You have 2 campaings, one with Chris and one with Jill. Starting with Jill is good cause it's the "" easy playthrough "" to get used to the game, while Chris is harder. Both of them got their own tweaks due to characters being differents. The tank control are holding up fr, you just have to get use to it and it does not take time to get it. 

The atmosphere is great, even if the mansion is colorful, not dark and creepy like his remake. You don't really know what are you going against to as you explore the place. It's getting weirder and weirder with the amount of keys and puzzles to get through doors, it stretches onto the whole place, it gets its own identity. You think puzzles to get through a door ? You think about Resident Evil. 

This very first entry etablished the basic of the game series, and you see it very well. Even RE9 got some elements from this game and his remake.

Overall a great game and great introduction of the world of Resident Evil, i can highly recommand.",1213,1,1,0,3,0,2026-04-05,2026-04-05,378,33,558,537
Good game and the tank controls aren't even that bad after you get used to it.,78,1,1,0,0,0,2026-04-05,2026-04-05,97,21,385,385
"Played it for the first time after only having played the remake and i'm surprised that this game still is pretty fun in 2026. I legit didn't have a single complaint. It just worked flawless in everything it did.
Although the remake is my preferred way to play resi1 :p",270,1,1,0,1,0,2026-04-05,2026-04-05,470,222,596,596
Thank you Capcom. This game brings back a lot of memories.,58,1,1,0,1,0,2026-04-05,2026-04-05,558,51,792,792
"the game told me i played it for 4 hours and 10 minutes.
it felt way more than that",84,1,1,0,0,0,2026-04-05,2026-04-05,467,20,355,355
"Peak as always, also remove DRM",31,1,1,0,0,0,2026-04-05,2026-04-05,264,92,253,253
"Works perfectly, played through Chris's story with no problems. On PC, using a usb controller.",94,1,1,0,0,0,2026-04-05,2026-04-05,0,19,307,245
"I love Capcop's sense of humor. on april first everybody always does silly stuff that doesn't ever really have lasting impact in their games, but then Capcom goes and shocks the entire world by actually porting the original resident evils over to steam. how many years has everyone been waiting for this and it just arrived so suddenly? APRIL FOOL!!!

silliness aside, i am very pleased to be able to play the originals on steam now. this is a good thing i highly recommend also you should just buy this out of principle because of the joke so 100/10",552,1,1,0,21,0,2026-04-05,2026-04-05,100,49,643,82
"Resi 1 OG my beloved... getting it up and running on Linux/Deck is a minor nuisance but there are terrific guides out there if you're not sure what you're doing. The DRM is cringe but when isn't it? Doesn't change the fact this game shines 30 years later, plus it's easily bypassed with setting up classic rebirth on the mediakite version's files. There is a particularly excellent guide by Mulderland that makes this version truly shine.

Familiarising yourself with the Spencer Mansion, devising an efficient route and executing it in a deathless, no-save playthrough (gotta be as Chris, significantly more honest) still kicks extreme amounts of ass. Remains my favourite of the classic trilogy.",697,1,1,0,1,0,2026-04-05,2026-04-12,0,37,1173,1171
"Negatives: No Steam Overlay. No Steam Deck support. No cloud saves. No native ""quit game"" option. Default controls might be horrible and need to be reassigned. No native controller support, it seems. DRM implementation for absolutely no reason other than they hate you. A horrible launcher with features that should've been implemented into the game itself. No Achievements. Asks for weird Registry Rights when first launching the game. 

Positive: Looks fantastic in 4K resolution. Everything loads extremely fast. Door opening animations can be skipped with the press of a button. Everything unlocked from the start. Nostalgia.

I opened and played a bit of RE1-3 and while they are pretty cheap on sale, they are sadly lacking in modern features, including the ability to play cross play between Steam Deck and PC because of a lack of support for the handheld. I've been told its because of the DRM. Why is there DRM for a ♥♥♥♥♥♥♥ game that everyone can pirate and play on emulators? Do you think $5 is really that ♥♥♥♥♥♥♥ sacred, Capcom, to ruin the fans who do purchase your games? I will never understand the greed and hatred they have for their customer base. 

Anyway. I wouldn't recommend it because basic features are missing and they couldn't be asked to implement them because they don't give a ♥♥♥♥. If you don't give a ♥♥♥♥, Capcom, don't ask me to. Refunded.",1373,0,1,0,94,15,2026-04-05,2026-04-05,0,53,6,6
absolute masterpiece,20,1,1,0,0,0,2026-04-05,2026-04-05,96,13,524,524
so much fun playing the orignal,31,1,1,0,0,0,2026-04-05,2026-04-05,0,13,402,290
love this game but no cloud save? if someone has a cloud save please let me know how to enable it otherwise this is a shame.,124,1,1,0,0,0,2026-04-05,2026-04-05,0,9,14,14
something something jill sandwich idk im a ♥♥♥♥♥♥♥ larper chud,62,1,1,0,0,0,2026-04-05,2026-04-05,176,85,23,23
This ♥♥♥♥ still bangs,21,1,1,0,0,0,2026-04-05,2026-04-05,705,25,429,429
Bad port of a good game. Just install rebirth over the steam files. That way it plays properly. I kept having controller issues with the vanilla version,152,1,1,0,0,0,2026-04-05,2026-04-05,0,359,301,301
"im very high rn. buy GOG. do it now.


(_)_)::::::D~~~~~F U Crapcom~~~",73,0,1,0,3,3,2026-04-05,2026-04-05,98,10,12,12
Here have a negative review for ♥♥♥♥♥♥ anti linux DRM on a 30 year old game.,76,0,1,0,8,0,2026-04-05,2026-04-05,0,19,15,15
"As much as i like the remake, this will always be the best version for me.
Both games are good, but the original is a masterpiece.",131,1,1,0,19,0,2026-04-05,2026-04-05,0,152,730,364
"This is my first time playing a resident evil game and all I can say is...

I totally understand why people glaze this old game, it has a vibe and playstyle that can't be replicated anymore. It's limited gameplay and soundtrack make it a unique and addicting game. It even has moments that actually startle you decades later. As someone who only watched someone else play a resident evil game (recently, RE 9) this is truly one of the best horror games to come out for its time. If you are thinking about getting this game and trying it out, I would definitely recommend it!",576,1,1,0,1,0,2026-04-05,2026-04-05,0,8,494,251
runs well plays well. Good classic game,39,1,1,0,0,0,2026-04-05,2026-04-05,762,202,433,120
"Capcom, if you're listening to this, heed my wishes.  Patch in controller support, for controllers other than that old one no one uses anymore.  And put Galarians on Steam.  And Resident Evil Code Veronica.  And Darkstalkers.  And Sweet Home.  And Breath of Fire 3.  And Asura's Wrath.",285,1,1,0,2,0,2026-04-05,2026-04-05,0,47,21,21
"STOP IT, DON'T OPEN THAT DOOR.
YOU WERE ALMOST A JILL SANDWICH.
YOU, THE MASTER OF UNLOCKING.
(22 minute entire plan with exposition Wesker monologue)
WESKER, YOU'RE PITIFUL.",174,1,1,0,2,0,2026-04-05,2026-04-11,0,116,638,638
cool,4,1,1,0,0,0,2026-04-05,2026-04-05,306,36,422,422
"very good, add achievements",27,1,1,0,1,0,2026-04-05,2026-04-05,0,261,496,41
"Don't open! That door! 

10 out of 10 would inquire about Chris's blood again.",78,1,1,0,0,0,2026-04-05,2026-04-05,0,79,41,24
I LOVE THIS GAME THANK YOU CAPCOM NOW GIVE US CODE VERONICA,59,1,1,1,4,0,2026-04-05,2026-04-05,428,148,1179,1179
"its great, just a few control tweaks but its great so far",57,1,1,0,0,0,2026-04-05,2026-04-05,0,9,535,205
flames,6,1,1,0,0,0,2026-04-04,2026-04-04,0,5,835,835
"Edit: Still has the ♥♥♥♥♥♥♥ DRM, but an update of Proton Experimental includes compatibility with the re-releases of RE1, 2, 3, Dino Crisis 1 and 2, and BoF 4. DRMs still suck. 



I'll remove this review when Capcom removes the ♥♥♥♥ Enigma Protector DRM. Can't play it on my Steam Deck because of DRM -> don't recommend",320,1,1,0,0,0,2026-04-04,2026-04-12,901,8,38,35
"Lazy developers. Game asks to ""Chack"" to register the registry. No, Capcom, just give me cloud saves, achievements, and stop using DRM on old games.",148,0,0,0,87,2,2026-04-04,2026-04-04,16722,199,15,15
"I'm so delighted that we FINALLY have the OG RE trilogy on Steam, it's been my dream for such a long time.. one of the most iconic cult classic trilogies in gaming history finally available for a wider audience! Man, I sure hope we also get to see the same happen with the first four Silent Hill games as well as the first old-school God of War games.",351,1,1,0,3,0,2026-04-04,2026-04-04,0,101,374,146
"Played through this for the first time, was a wonderfully infuriating experience. Good port, but it's a shame they added the DRM for no particular reason (buy on GOG if you don't want the DRM).",193,1,1,0,0,0,2026-04-04,2026-04-04,517,65,508,484
You Were Almost A Jill Sandwich!,32,1,1,0,0,1,2026-04-04,2026-04-04,0,2,348,348
"lacks the rearranged mode, adjusted enemy placement, advanced game mode and alternate costumes of the Director's Cut",116,0,1,0,11,1,2026-04-04,2026-04-04,60,13,539,527
"DRM ♥♥♥♥♥♥♥♥, get this ♥♥♥♥ out the steam store im go play it my way, ♥♥♥♥ Crapcom",82,0,1,0,7,1,2026-04-04,2026-04-04,336,34,75,39
Finally I can become a jill sandwich on steam,45,1,1,0,0,1,2026-04-04,2026-04-04,316,92,147,72
"Great to see that we have the original classics on Steam now, even if it has the DRM. Now keep it up Capcom, just a few more titles to go:
- Resident Evil Survivor;
- Resident Evil CODE:Veronica;
- Resident Evil Survivor 2 CODE:Veronica;
- Resident Evil: Dead Aim;
- Resident Evil Outbreak;
- Resident Evil Outbreak File #2
Oh, and bring back Operation Raccoon City while were at it and port the Chronicles games to PC",425,1,1,0,5,0,2026-04-04,2026-04-04,311,44,273,269
i cant walk for ♥♥♥♥ but its fun,32,1,1,0,0,0,2026-04-04,2026-04-04,0,16,223,107
First game i've ever seen ask for admin privileges to change REGISTRY KEYS.... The Horror tag is accurate!!! IM SCARED!!!!!!!!!!!!!!!!!!!,137,1,1,0,13,8,2026-04-04,2026-04-04,2713,52,253,53
"Great game but...

It really doesn't need DRM. 
What it needs it's achievements, trading cards, and the steam overlay to actually open when you launch the game. Right now it feels like you just added the GOG version to your library.",232,0,1,0,181,3,2026-04-04,2026-04-04,651,8,62,59
It's good but very hard to play,31,1,0,0,0,0,2026-04-04,2026-04-04,227,37,12,12
I became a Jill Sandwich,24,1,1,0,1,1,2026-04-04,2026-04-04,1019,32,10,10
amazing  feeling feel like i am back in 1996 got the hd mods to work game is 10 out of 10 thank you CAPCOM just need achevments,127,1,1,0,0,0,2026-04-04,2026-04-04,0,19,796,268
timeless classic. holds up incredibly well with endless charm. :steamhappy:,75,1,1,0,0,0,2026-04-04,2026-04-04,167,1,471,442
Still great all this time later,31,1,1,0,0,0,2026-04-04,2026-04-04,1029,296,419,419
"Friends, I have bought and played and beat this game more times than I think anyone has bought and played and beat a game. 
1996:
I got it as an 8th grade graduation present from Funcoland in Danbury, CT (next to the mall). Spent the entire Summer of 1996 beating this game twice with Jill, twice with Chris, 4 ending variations in both playthroughs plus the extra outfits, which led to all 8 possible endings (alone, with either one of the supporting characters, and with all 3 alive). I was so obsessed with this game, the story, the characters, the gameplay, the enemies, the aesthetic, I've never seen anything like it, I wrote up my own fanfic sequel which if I may say so, is still better than every Resident Evil movie, most of the comics and novels, and some of the CGI animated movies, despite being written by a 13 year old.  Maybe I'll post it one day. I finalized my time with Resident Evil by beating the game in under 3 hours with no first aids, earning the infinite rocket launcher and thus earning 100% completion.
1997:
Oh but wait, there's a DIRECTORS CUT because they altered the opening cinematic to be black and white and cut out all the gore scenes, and a few CGI bits in the mansion (Kenneth, a shadow of his former severed head falling to the ground self). Well now we'll give you what we should've in the first place and charge you another $50. BUT, to make it sweeter, they added a remix of the main storyline, new outfits, a RESIDENT EVIL 2 DEMO ARE YOU KIDDING ME, and the original game as well. So logically I turned in my longbox version since I won't need that anymore (ITS WORTH SO MUCH MONEY NOW ♥♥♥♥) and put the money towards the Director's Cut. Once again I got all endings, outfits, rocker launcher in the remix mode, and stayed up all night with my friends playing that 15 minute RE2 demo over and over until the Sun came up.
2002: 
A REMAKE. ON GAMECUBE. I flung my Super Monkey Ball disc out of the tray and slapped the RE R disc in (1 of 2!) and re-experienced this masterpiece with better graphics, scarier animated pre rendered backgrounds, and extra story bits (Lisa Trevor, who is in every movie adaption at some point for some reason), and once again, every ending, every outfit, infinite rocker launcher. 
2006: 
Resident Evil: Deadly Silence: This time it's portable. I can't think of a worse game to play on the go than the original RE, but it's been talked about since the GBC, which had a playable version but was never released. This version has touch controls on the Nintendo DS, which let's you touch Jill's ass and tits, and she reacts accordingly. Again, every ending, every outfit, infinite rocket launcher. OKAY I'M DONE WITH THIS GAM-
2015: 
Resident Evil HD Remaster. Okay, it's been almost 10 years, I'll give it another go, this time the remake is remastered. Awesome. Graphics look sick and clean, the controls are updated, and there's achievements. Plus it's technically a different game, so I was DONE with the original RE and now I'm DONE with RE: Remake. I'm DONE with BOTH versions. I'm never playing either of these games ever agai-
2023: 
Resident Evil: Director's Cut on PS5, REMASTERED and with save state, rewind and other added features. Only $10. I purchased it thinking there would be trophies as well, there were not, had I known I would not have purchased it, but I did, and the graphics being cleaned up made everyone's face look like mush but it had been awhile since I played and doing yet another all endings, all outfits, infinite rocket launcher run was enjoyable. BUT DAMNIT, I'M DONE NOW. There will be no reason for me to buy this game eve-
2026: 
Resident Evil is released on Steam. The original PC version, cleaned up, remastered, and rebuilt into it's best version for modern systems, with, WITH, the UNCUT FULL COLOR GORE FILLED cut scenes FINALLY, after DECADES, put back in. It's worth it for that alone, having the complete definitive version 30 years later, but the game itself looks great, plays great, and all that nostalgia from the Summer of 1996 is flooding back once again. But friends, this will be the last time I ever buy, play, and beat this game.

I started this game as a young boy like the picture puzzle in the bird room and now I'm the tired middle aged man you press the button (will you push it?) on just before the final picture to solve the puzzle. I can beat this game blind folded, I know the Spencer Mansion better than my own house, and I can say with absolute certainty, this will be my last journey through Resident Evil. 

Until the recently announced new remake is released.
♥♥♥♥.",4602,1,1,0,107,15,2026-04-04,2026-04-05,596,120,25,25
one shot by a hunter at 100% hp and lost 30 mins of progress ♥♥♥♥ this game,75,1,1,0,2,1,2026-04-04,2026-04-04,0,48,394,317
"30 years later and I'm still not tired of that ""Jill Sandwich.""",63,1,1,0,2,0,2026-04-04,2026-04-04,0,144,988,314
i dont know why but i like this version more than the remake... time to make myself a jill sandwich,99,1,1,0,1,0,2026-04-04,2026-04-04,0,41,227,181
"This game looks pretty ordinary by today’s standards, but trust me… back then, I thought it was way better than any other game out there at the time.

This game brings back so many memories, especially since my dad bought it for me when I was a kid. Twenty-five years have passed, but those feelings and memories remain the same.

Capcom, you’ve won my heart all over again.",378,1,1,0,0,0,2026-04-04,2026-04-04,329,80,381,330
Remove that ♥♥♥♥♥♥♥ Enigma DRM.,31,1,1,0,1,0,2026-04-04,2026-04-04,0,11,350,13
I didn’t like it much; the controls were very difficult. Having to aim with R2 and shoot with X wasn’t something I enjoyed. They should have designed it so you can do that with the mouse. My experience with this timeless game wasn’t the best.,242,0,1,0,0,3,2026-04-04,2026-04-04,0,28,55,55
"One of the all-time classics that is still a timelessly fun as ♥♥♥♥ game to play. And for what it is, still scary because of that dang music and atmosphere, man. Even as someone who first played the prettier and more serious remake, this version will still surprise you and punches above its weight for its time. There is still reason to go back and play this purer PS1 version, especially if you aren't in the mood for the disposable knives. And personally, I find the original voices charming. If you don't mind putting up with its flaws like older graphical standards and a harder to read map and no quick turn, original recipe RE1 is still worth your time, and doesn't take very much of it. Very well-paced and still such a fun/challenging maze of a house to explore.

FYI Jill is basically easy mode in this version; you won't be hurting much for heals or ammo or inventory space, and if you play as her first there is no ink ribbon consideration either. Only drawback is having a little less HP but that's not a big deal with the sheer amount of green herbs they throw at you. You can actually fill the entire item box space fairly easily. Getting bailed out and saved by Barry all the time, but there are ways to avoid that if you're clever. But this is Jill's most iconic look and she's still the main face of the game in my opinion; just like with Leon in RE2, Capcom knows how to fit a cool police aesthetic mixed with all the spooky strange science and gore and puzzles and conspiracy and such evil evil and such residential residences for that special saucey sauce that is... Resident Evil.

Sadly no Steam Deck compatibility since it asks to save to the Windows registry when you first launch it. RE2 works this way too but not RE3, so you actually can play RE3 on Steam Deck with no additional work required. (UPDATE: now works if you set Proton Experimental) These are barebones GOG ports that simply make the games compatible with Windows 10/11, so no cloud saves or achievements either sadly, but hopefully maybe one day! I'm just glad GOG's port work has spilled over into the Steam community benefiting as well, which I happily bought again since $5 each is more than a fair price. For those who want an even better deal, you can get the whole bundle on GOG for a few dollars cheaper and with no DRM, which these Steam versions for some reason added in. And on top of being cheaper, on GOG you DO get cloud saves.

Edit: Beat the game with Jill best ending and Chris best ending now... So 2 and a half clears. The game just got it hooks in me so deep, it's too good and a very brisk game to try to speedrun.",2626,1,1,0,3,0,2026-04-04,2026-04-17,0,183,1635,1635
Absolutely dropped the ball with this terrible release. You could have taken the digital eclipse or aspyr route and packaged these games into one retro collection complete with all the extras that is to be expected. Shame on you all.,233,0,1,0,3,1,2026-04-04,2026-04-05,0,69,385,15
"""Resident Evil (1996) Steam Tutorial! Classic Rebirth/ Seamless HD/ RE Enhance Full Mod Setup Guide""
https://www.youtube.com/watch?v=UvLt5RjFO9Q",145,1,1,0,1,0,2026-04-04,2026-04-04,0,9,681,408
Amazing Classic RE experience,29,1,1,0,2,0,2026-04-04,2026-04-04,66,41,416,416
The G.O.A.T is here,19,1,1,0,1,0,2026-04-04,2026-04-04,168,7,504,232
"For a 30 year old game (Jesus Christ), it still holds up decently well. However, unless you really love games from the 1900s or want to experience the first game of the RE series, I'd recommend the remake over the original.",223,1,1,0,6,2,2026-04-04,2026-04-04,0,69,522,522
Great,5,1,1,0,1,0,2026-04-04,2026-04-04,174,70,596,596
Si,2,1,1,0,1,0,2026-04-04,2026-04-04,776,300,824,462
an absolute classic,19,1,1,0,1,0,2026-04-04,2026-04-04,0,2,472,471
A golden gem of gaming history. Everybody should play it at least in a lifetime.,80,1,1,0,2,0,2026-04-04,2026-04-06,80,12,688,544
Yay! I don't have to ROM it anymore!,36,1,1,0,3,0,2026-04-04,2026-04-04,142,13,478,266
"Yep, the residents are evil.











To play on Linux, look a guide.",83,1,0,0,0,3,2026-04-04,2026-04-04,232,95,283,246
This is a port of the OG RE1 with original soundtrack. I would have liked to have gotten the version with arranged mode but kept the soundtrack of this one.  Either way <3,171,1,1,0,0,0,2026-04-04,2026-04-05,301,141,332,210
So happy to be able to play these on Steam,42,1,1,0,0,0,2026-04-04,2026-04-04,0,7,415,283
you guys really needed to put DRM in a game from the last century? And other important question: where in the ♥♥♥♥ is the achievements?,135,1,1,0,0,0,2026-04-04,2026-04-04,75,10,832,363
classic,7,1,0,0,0,0,2026-04-04,2026-04-04,298,139,57,56
contains evil residents,23,1,1,0,0,0,2026-04-04,2026-04-04,260,54,303,303
Good stuff. Haven't played this game in 15 years,48,1,1,0,0,0,2026-04-04,2026-04-04,0,4,238,208
The Enigma Protector DRM makes this game unplayable on steam deck,65,0,1,0,8,0,2026-04-04,2026-04-04,461,14,19,5
"4
Itchy.
Tasty.",15,1,1,0,1,1,2026-04-04,2026-04-04,2008,20,528,363
Game plays really well with a MKB. WORD,39,1,1,0,0,0,2026-04-04,2026-04-04,208,4,11,8
"On one hand, the game can do no wrong. On the other, controller support didn't work so I had to go to the community layouts and select the Modern Controls layout. I was then able to use my xbox controller. This game is just as hard as I remember and still looks pretty damn good considering it's age. Also, the voice acting is just as TERRIBLE as I remember! I haven't played this version since PS1 days. I will say, the Gamecube version, and the first Resident Evil remake that truly set the standard for what a remake should be was absolutely perfect and totally worth playing also. But, this version, as is, I say it's worth the $5! I bought 1-3 and I don't regret a thing.",676,1,1,0,0,0,2026-04-04,2026-04-04,0,30,50,50
GOOOOOG GOOOOG THE GLORIOUS GOOGGG BLESSING US WITH PEAK GOOOOOOOOOG GOOOOOG,76,1,0,0,3,0,2026-04-04,2026-04-04,197,81,13,13
89%,3,1,1,0,2,0,2026-04-04,2026-04-04,811,548,322,322
"Doesn’t work on the Steam Deck—honestly a shame of a release. It doesn’t even have achievements or cloud saves, come on.",120,0,1,0,8,0,2026-04-04,2026-04-04,0,2,89,67
"Great game, still holds up. I wish they would add even more DRM tho, just one isn't enough.",91,1,1,0,0,0,2026-04-04,2026-04-04,457,61,462,462
"great game, just like old times. though the controller support is lacking and the essential QoL improvements for 2026. kinda lazy Capcom.7/10",141,1,1,0,0,0,2026-04-04,2026-04-04,0,11,61,37
"Finally released on Steam! I've been begging for this day for years.

Classic Horror game, ground breaking for the survival horror genre and huge nostalgia from my childhood. Port is good as it's the GOG version, minus the GOG specific perks. 

I only have two complaints:
1) Controller support is very hit or miss, works with Xbox but not PS or others. The only work around i found was to use Steam Input to bind the PS5 controller to keyboard inputs
2) Steam Overlay is disabled for some odd reason, meaning you cannot take screenshots or open up discussions/guides midgame.",582,1,1,0,0,0,2026-04-04,2026-04-04,881,76,441,185
"lame drm, no steam achievements, doesn't run on the deck. cool it exists, but they couldn't have put less effort if they tried into this port.

however that being said the game itself, of course is peak gaming.",210,1,1,0,30,2,2026-04-04,2026-04-04,692,32,329,319
This 30 year old game from Capcom does not work when i bought it on steam for the steam deck. Reminds me when they released Devil May Cry 3: Special Edition on steam 15 years ago and never got it to work so they delisted it. Perhaps it will function on peoples systems when the steam sales have ended. Very cool Capcom :) 👍👍,324,0,1,0,3,0,2026-04-04,2026-04-04,0,3,8,8
Thank you capcom for bringing this to steam BUT WE NEED STEAM DECK SUPPORT STAT,79,1,1,0,0,0,2026-04-03,2026-04-03,192,18,1077,630
"Wow, what a mansion",19,1,1,0,0,0,2026-04-03,2026-04-03,285,10,794,6
"Itchy. Tasty.

Able to get it running on SD using ProtonTricks regedit and this command line:

WINEDLLOVERRIDES=ddraw.dll=n,b %command%

Not that hard, and you’ll be getting an extra serving of undead this Easter. Cheers to DeckWizard for the helpful video!",257,1,1,0,2,0,2026-04-03,2026-04-03,0,8,267,40
Me when the residents are evil,30,1,1,0,1,0,2026-04-03,2026-04-03,171,13,483,483
I still got jumpscared when the dogs jumped through the window....my inner child was screaming lmao. 10/10.,107,1,1,0,0,0,2026-04-03,2026-04-03,0,221,26,26
Utter perfection.,17,1,1,0,0,0,2026-04-03,2026-04-03,0,2,514,514
You were almost a Jill Sandwich!,32,1,1,0,1,0,2026-04-03,2026-04-03,64,41,272,61
"Runs great, great sound design, and well worth the price. I can understand why this game was so influential back in the 90s. Please add steam achievements!",155,1,1,0,4,0,2026-04-03,2026-04-03,153,54,408,169
"Dumb DRM, no steam overlay (to F12 print), no achievements.

Great game, but rather than make an ""oficial"" version with nice things you would want to pay for, it is quite the same thing than an emulated version, but with DRM to annoy people that still choose to pay for it.

Oh well... I guess the fact Capcom had the 3 classics and Dino Crisis 1 and 2 officially released is a good point. Could be done with a little more care for the good old fans though.",457,0,1,0,0,0,2026-04-03,2026-04-12,0,6,347,347
"Right now, this is completely unplayable for me. 

We need a version with improved textures. 

Please add Steam Deck support. 

Please add filters and scanlines. These features are standard in every retro game compilation nowadays.

Please add FULL support for ALL major gamepads. 

Add achievements. 

Or, simply remove the DRM so that users can fix everything themselves instead of you.

P.s. The same goes for Dino Crisis 1,2.",429,1,1,0,0,0,2026-04-03,2026-04-03,484,59,58,54
The DRM is annoying and it doesn't launch on Steam Deck because of it which is frustrating because that's where I really wanted this for.  PC works great.  At $5 it's cheaper than a Jill sandwich.  Happy to have them all in one place finally.  Code Veronica next?,263,1,1,0,12,1,2026-04-03,2026-04-03,0,36,257,256
waaah waaah DRM this DRM that cry cry first world problem. Just play the game and enjoy it nerds,96,1,1,0,2,0,2026-04-03,2026-04-03,319,172,860,360
"Hmm... Resident Evil. It's a cool little game with cool mechanics. The start of the survival horror genre. Would love to see it develop into an active game franchise one day. 

Would love a second one but it would also be a cool standalone title :)",250,1,1,0,0,3,2026-04-03,2026-04-03,378,41,303,303
"Probably my favourite survival horror game of all time. I really cannot get over how well this game has aged and i'm so happy that its finally playable through steam. Open your heart to tank controls and you will fall in love, the original trilogy of Resident Evil games have aged so shockingly well and will always stand the test of time, especially in comparison to any post RE4(OG) RE game. While I find RE2 to be essentially a perfect videogame in a way that this game just, isn't, the tone of this game is what puts it above the rest for me. The puzzles might be slightly lacklustre, but the atmosphere and perfectly handled 90s campiness of it all put it in a special place. Play these games! Don't let them get replaced :)
(Although i will say, the added DRM is disgusting and the BGM is horribly compressed from previous PC ports, the original wasn't like this and makes a lot of the music tracks incredibly grating)",924,1,1,0,0,0,2026-04-03,2026-04-03,242,37,277,277
"Itchy, Tasty...",15,1,1,0,0,0,2026-04-03,2026-04-03,0,13,528,69
I give this RE-RElease 7 Deceased S.T.A.R.S. members out of 10. I'll raise my rating if Capcom adds cloud saves and removes the DRM.,132,1,1,0,0,0,2026-04-03,2026-04-03,0,238,289,118
"I've lost track of how many times, I'm beaten this game and how many platforms.  It's definitely showing it's age but still a classic and this genre wouldn't be what it is without this game.  

If you've never played it and are thinking about it, just do it.  Yes the controls are annoying at first, but you get used to it.  Yes the dialogue is super cheesy, but it's part of the charm.  You won't regret taking the plunge and remember, despite it's age and flaws it's still better than RE6!",493,1,1,0,1,0,2026-04-03,2026-04-03,362,5,271,165
"10/10
they should add the clowns farting in the basement track from director's cut dualshock version",100,1,0,0,4,0,2026-04-03,2026-04-03,0,32,21,21
itchy. tasty.,13,1,1,0,2,0,2026-04-03,2026-04-03,93,1,328,138
"*fire scorching effect*
""Chris Redfield""
*lighter flicks open*
*gunshot*
*woman screaming*",90,1,0,0,3,0,2026-04-03,2026-04-03,743,122,40,26
You can effectively ignore the bad reviews as it is just people trying to play the game on systems that it does not advertise as playable on. If you are on windows then the game will run fine and works great.,208,1,1,0,3,0,2026-04-03,2026-04-03,601,29,34,34
the controls frying me,22,1,1,0,0,0,2026-04-03,2026-04-03,24,2,96,96
"I wanted these 3 games on Steam because GOG won't accept my currency, thus, can't get my money. Sadly, OG Resident Evil on Steam turned out to be a monkey's paw type of situation, where the drawbacks ruin what would otherwise be a fun compilation, at least for most people. All of the negative press you've read is warranted: unnecessary DRM on top of DRM, non-functional and intrusive launcher, jumping through hoops to install mods both old and new, broken Steam overlay, no achievements, no other improvements over GOG's, framerate dips, etc. 

We always hope there comes a day when that one game comes back from the grave, better than ever, but that seldom comes from the hand of publishers or developers. Good ports are almost always a gift from fans in their eagerness to do better by the games they enjoy, and I regret to see that RE on Steam does not fight this trend. It was, sadly, to be expected of Capcom to underperform and charge you a premium for their incompetence.",981,0,1,0,6,0,2026-04-03,2026-04-03,230,71,467,463
"Recommend for free, but personally play the PS1 version. 

The Good- It works.

The Bad- Reverb is just a recording, so footsteps reverb has a sharp end as the next foot step plays(nasty). Music has a gap in the loop and sometimes doesn't even play. FMV's are no better than OG PC versions, and a bit worse than the PS1 versions. Audio mix is off. 

For real, just play the NTSC PS1 version.",391,0,1,0,4,0,2026-04-03,2026-04-03,206,32,14,14
"Resident Evil 1 (1996) having not played this game since the rerelease on the Nintendo DS way back in 2006 I think it was a nice change of pace to play this edition again and not the 2002 remake. 

I started as Jill because as far as I can remember she is the equivalent of Easy mode and Chris is hard. 
Even for a game dating way back to 1996 this game had scenario exclusives and told 2 sides to the same story which makes it interesting and replayable.

The gameplay is nothing special as it's 30years old and outdated as fudge BUT being on steam and GOG there are a few new features such as 360 tank controls rather than old D-Pad controls which suck. There's also door skipping if like me you've seen the doors enough times to know them all off the top of your head you can do with skipping them plus I like speedrunning so makes it all faster. FMVs are skippable to a degree the ingame cutscenes cannot be skipped no matter what which is a shame but you get to listen to some classical one liners so why not just sit and listen to them.

One thing I enjoyed about this edition is just how much different to the 2002 remake it actually is, I was running around looking for items that didn't even exist I am that used to playing REmake so entering rooms just for the sake of it really was quite different for me as I would never go in them knowing there is nothing there. Damn you Remake...

Overall I will always have a soft spot for these earlier classics of RE, they are so cheesy and clunky but so replayable and charming and very quick to complete if you feel like going for a PB or something. The Puzzles kept me on my toes because again I remember the Remake puzzles more than the 96' puzzles which is absolutely mad. 

I did mod the game to enhance to graphics from the blocky unfocused backdrops to nice clean and prestine ones as I like HD more than old and lame. 

I love RE1/2/3 and I am grateful they have finally made there way on the a modern platform for all gamers to enjoy and I will forever give this game a high score so it's gonna be an 9/10 it was great for it's day and it is still great now even without the additional mods for graphics, Capcom have still added features to clean it up as well as door skipping and such so they have tried to do something with it.

Edit: I don't even care that there aren't achievements, it's still fun without and for £4 it's a bargain.",2398,1,1,0,1,0,2026-04-03,2026-04-03,251,127,214,119
Capcom please listen to majority remove DRM its useless and want cloudsave and achievements,91,1,1,0,0,0,2026-04-03,2026-04-05,97,10,130,117
"The game will not stream the video from my PC to the Steamdeck, only the audio gets streamed. No usable built in controller support either.

It's 2026, why do I need to jump through hoops to play this game?

I wouldn't even care about the unnecessary DRM if the game functioned properly. Why is that even here? Newsflash Capcom bros: If I'm too lazy to make your port work you can bet your badonkadonks I'm too lazy to steal this 30 year old game. 

Get real. Fix this thing and enjoy some of my money.",502,0,1,0,1,0,2026-04-03,2026-04-03,0,8,12,12
OH BARRY,8,1,1,0,4,2,2026-04-03,2026-04-03,1113,55,30,21
PEAK,4,1,1,0,0,0,2026-04-03,2026-04-03,0,35,391,236
"Yay js finished the game and honestly this game holds up so well. One thing I love from this game compared the remakes is that decisions feel like they matter, which lead up to different endings. The campiness here feels right and works better than in the remakes (although this might be because of the realistic graphics in the remakes which make it feel like the situation should be taken more serious). The game's controls can be hard to get adjusted to initially but thanks to the auto aim they don't feel frustrating, just new to someone who might not be used to them. This adds a layer of difficulty for me which made certain enemies scarier and made the survival horror aspect even better.",696,1,1,0,0,0,2026-04-03,2026-04-03,0,4,437,437
BEST GAME OF 1996,17,1,1,0,2,0,2026-04-03,2026-04-03,47,23,302,58
"It's great to finally have Resident Evil 1996 on Steam. If you have only played the remake version of Resident Evil 1 this game is still worth playing as rooms and puzzles are different from the remake. Also the game is tank controls only (no alternative option) making the game more challenging combat wise, which makes every fight feel intense.

I think the biggest missed opportunities with this version of the game is no achievements and trading cards. Apart from that, this game is fun to play and doing many runs of this game to get a faster time is addicting.",568,1,0,0,1,1,2026-04-03,2026-04-03,108,6,336,336
"This is a great game to finally have on steam. However, if you trying to play this with a controller good luck. The game offers support for the original microsoft controller back in 1996. I'm still trying to figure out a way to map the controls with my xbox controller. 

If you're wondering what the controls are on keyboard, You are stuck using a combination of arrow keys for movement and turning. Anything from A, Z, X, C, V to interact with objects, attack enemies, and opening your inventory.",498,1,1,0,0,0,2026-04-03,2026-04-11,0,2,1453,946
"Glad to play this classic entry properly and issue free on modern PC.

The memories comes back, especially the one you knife hit a zombie, switch to inventory immediately to cancel the animation.",195,1,1,0,0,0,2026-04-03,2026-04-03,205,58,337,118
absolutely unplayable,21,0,1,0,1,0,2026-04-03,2026-04-03,98,7,7,6
goated (lowkey gooned on the chimeras even tho i got cooked by them multiple times on ps1,89,1,1,0,0,0,2026-04-03,2026-04-04,0,121,304,304
"There’s something undeniably cool about seeing the original trilogy land on Steam. For a lot of us, these games aren’t just nostalgia, they’re ritual. So it’s baffling that achievements were left out. No unlocks, no digital scars, no way to mark that you’ve bled through every hallway and puzzle again. The fact that mods like RE Enhance work with this release is a huge win.

I want to love this release without hesitation. But as it stands, the lack of achievements is the one nagging flaw that keeps whispering “refund” in the back of my mind. Not because the game isn’t great, but because it deserves to be celebrated properly.",631,1,1,0,15,1,2026-04-03,2026-04-03,0,2,11,11
Cutscenes are peak. Wesker is a cutie patootie,46,1,1,0,2,0,2026-04-03,2026-04-03,0,23,461,461
"Decent port with minimal bugs but.. added DRM🙄

OG Game still slaps for only $5",79,1,1,0,0,0,2026-04-03,2026-04-03,124,44,164,164
A classic,9,1,1,0,0,0,2026-04-03,2026-04-03,84,6,735,735
"Why would you go out of your way to make this worse than the GOG port for seemingly no benefit? This is particularly affecting Linux users with issues that don't exist (or do exist but are easily remedied) on the GOG version of the game. Even with the registry fix using ProtonTricks I can't seem to get the FMVs to scale properly even with the latest version of ProtonGE.

This is unacceptable and very disappointing given that you've already demonstrated how to do it (almost) right with GOG. I don't mind a bit of tinkering here and there but this goes beyond that.

Edit: Seems Valve had to do the work for you by updating Proton Experimental. Still not a good showing, but if it works, it works.",700,1,1,0,0,0,2026-04-03,2026-04-11,487,20,31,27
"The one that started the franchise, simple .. but sooooo good!!!

Shame on Capcom for the DRM, lack of achievements and other nonsense .. but the price is fair and game works so ..

Nuff said ..",194,1,1,0,2,0,2026-04-03,2026-04-03,490,70,675,488
"Don't ever buy no T-virus from the Spencer mansion bro. Unless you want to be on that ""Itchy tasty"" type shi",108,1,1,0,0,3,2026-04-03,2026-04-03,0,59,435,435
"Releasing this on April 1st is hilarious! I thought I was getting beaten over the head with the same April fools joke 5 times until I gave in, looked into it and realized my childhood indeed has finally come to Steam 23 years LATE!!!!

I grew up with Resie 2 on the Nintendo 64 so crawling through the 1996 Spencer Mansion for the first time has been equal parts fascinating and terrifying! There's something so cool about seeing the differences from the HD Remake to this iconic classic title. A must have for anyone into survival horror! The acting is cheesy sure, but come on. We all love a Jill sandwich!",608,1,0,0,0,1,2026-04-03,2026-04-03,616,56,376,171
It's pretty good.,17,1,1,0,0,0,2026-04-03,2026-04-03,551,202,404,404
gud,3,1,1,0,0,0,2026-04-03,2026-04-03,0,11,411,230
Lots of issues compared to its GOG version so id buy it of there,64,0,1,0,7,2,2026-04-03,2026-04-03,187,24,28,28
Please remove the DRM.,22,0,1,0,7,1,2026-04-03,2026-04-03,224,18,54,42
"""No ! Don't go ! .........""


No proper proton integration making the game unplayable on Linux without some workarounds, the game has a DRM too apparently and no achievements.

Otherwise it's a great game, my childhood, I've played it many times and it's always cool to see a release, but the way it is done is kinda rough.

L for capcom",337,0,1,0,4,0,2026-04-03,2026-04-03,247,41,125,11
"Resident Evil, developed and published by CAPCOM Co., Ltd. and later distributed through platforms like GOG.com, stands as one of the most important and formative titles in video game history. It did not simply introduce players to a new franchise—it effectively defined what survival horror would become for years to follow. Built on a careful balance of tension, exploration, and resource management, the game creates an experience that feels deliberate and methodical, drawing players into a world where vulnerability is constant and every action must be considered.

Set within the eerie confines of the Spencer Mansion, the game casts players as either Chris Redfield or Jill Valentine, members of a special task force investigating a string of brutal incidents. What begins as a straightforward mission quickly spirals into a nightmarish scenario involving biological experimentation and grotesque creatures. The story itself leans into familiar horror themes, but its strength lies in how it unfolds. Rather than overwhelming players with exposition, the game allows its narrative to emerge gradually through notes, environmental details, and carefully timed discoveries. This approach creates a sense of mystery that encourages curiosity while reinforcing the unsettling tone of the experience.

The gameplay is intentionally restrictive, and this is where much of its brilliance lies. Movement is slow and deliberate, combat is risky, and resources are scarce. Ammunition must be conserved, healing items are limited, and inventory space is tightly constrained. These elements force players to think strategically, often choosing avoidance over confrontation. The need to plan routes, manage items, and revisit areas creates a rhythm that is both tense and rewarding. While modern players may initially find these mechanics cumbersome, they are essential to the game’s identity, turning even simple encounters into moments of genuine suspense.

A defining aspect of the game is its presentation. The use of fixed camera angles and pre-rendered backgrounds gives each room a cinematic quality, allowing for carefully composed shots that heighten tension and obscure threats. The mansion itself feels alive, not in a literal sense but as a space filled with secrets, hidden pathways, and a lingering sense of dread. Sound design plays an equally critical role, with ambient noises, distant footsteps, and sudden audio cues working together to maintain a constant feeling of unease. The combination of visual and auditory elements creates an atmosphere that remains effective even decades later.

Of course, certain aspects of the game reflect its age. The voice acting, particularly in the opening sequences, is often remembered for its awkward delivery, and the live-action cutscenes can feel unintentionally campy. The control scheme, commonly referred to as “tank controls,” may also feel rigid compared to modern standards. However, these elements have become part of the game’s character, contributing to its distinct identity rather than detracting from it. In many ways, the slightly awkward presentation enhances the experience, adding an extra layer of unpredictability and discomfort.

From a historical standpoint, the impact of Resident Evil (1996) is immense. It established a framework that countless games would build upon, introducing mechanics and design principles that became synonymous with survival horror. The emphasis on limited resources, environmental storytelling, and atmospheric tension set a new standard for how fear could be conveyed in an interactive medium. Its success demonstrated that games could deliver not just thrills, but sustained psychological tension, influencing both its own sequels and an entire generation of developers.

What makes the game endure is not just its legacy, but the strength of its design. Even when stripped of nostalgia, it remains a tightly constructed experience that understands how to control pacing and maintain tension. It does not rely on constant action or spectacle; instead, it builds fear through anticipation, uncertainty, and careful design choices. This restraint is what gives the game its lasting power, allowing it to remain compelling long after its technical limitations have become apparent.

In the end, Resident Evil (1996) is more than just a starting point for a long-running series—it is a masterclass in atmosphere and design. Its influence can still be felt across the industry, and its core ideas continue to resonate with players who appreciate a slower, more deliberate approach to horror. While it may require patience to fully appreciate, those who invest the time will find an experience that is as tense and memorable today as it was at release.

Rating: 8/10",4765,1,1,0,2,0,2026-04-03,2026-04-03,30728,18180,557,444
"TLDR?  Get this over the other versions b/c it's $5, it's way gorier, funnier, and you can skip the door opening animations.

*INCLUDES SPOILERS FOR THE FIRST 2 MINUTES OF THE GAME*

I've owned 4 copies of this game, 4 different versions, since about 2001.  7 copies and versions if you include copies of the remake.  Overall, THIS is the best version (excluding the remake and aside from POSSIBLY the OG PS1, but that's only if you want the challenge).  (Actually, the PS1 version is prohibitively expensive anyway and too rare for all of us to have).

This is better than the PS5 director's cut digital version for at least a couple reasons:

1.  You can skip the door opening animations.
2.  The FMVs are MUCH better.  This is the PC version, so the gore is hilariously over the top.  Think Re-Animator, Evil Dead 2, Braindead/Dead Alive, etc.  The opening live action cinematic is in color, unlike the PS versions.  I do prefer the black and white actually, b/c it disguises the cartoonishness and the poor video quality.  HOWEVER, overall this version is better b/c it includes closeup footage of the victims instead of the grainy newspaper clippings of the PS versions, as well as closeups of the cerberus (dogs) tearing into the limbs of the STARS members and getting their faces literally shot off, with hilarious amounts of blood and gore flying around everywhere, all of which is cut out of the PS versions.  The live, atrocious actors are literally covered head to foot in blood and the laughs from this FMV alone are worth more than the $5 this version will cost you.  The 2nd cutscene includes a severed head dropping from the first zombie you encounter, which is also cut from the PS version.

This is better than the OG big box PC version b/c it's less choppy, controls better (or I just got better?), and looks better.  Also you don't need a box which takes up 60% of your apartment.  The steam version is about 4 GB if I remember correctly, so it's way bigger than the original PC version.  I left my OG big box back in PA a couple decades ago b/c it was just too big.

....As for comparison with the OG PS1 game.  There are still reasons to play that one over this.  I'm not saying that either version is objectively better, but the PS1 original is different enough that it's debatable.  There was NO auto aim in that one and it would sometimes take 7 shotgun shells to kill a hunter.  I recently replayed that version about a week ago and actually became low on ammo before the end of the game.  When I just played the PS5 digital director's cut a few days ago, I ended the game with an absurd amount of ammo for all weapons, the difficulty is a joke in comparison.  In this steam version, unfortunately it's possibly even easier b/c the range of the knife seems to be a lot longer.  The fact that you can slice zombies up more easily here than in the PS5 director's cut is no reason to pick the PS5 version over this though, b/c you never even need the knife in that version, that's how much ammo they give you.

Even if challenge is extremely important to you though, there's no reason not to pick this version up for $5.  The only arguably better version is the original PS1, and if you can justify spending over $100 for that, then there's no way you'll miss the $5 spent on this, for the opening 2 cutscenes alone.

I don't even regret the $10 I recently spent on the PS5 director's cut b/c there are slightly different unlockables and most importantly, my PS5 is hooked up to an 85"" UHD Samsung, whereas this laptop isn't.  If you've got a PC hooked up to a badass tv though, no need for the PS5 version at all if you've got this.

As for how good the actual game is outside of comparing versions....  There are very few games I love enough to buy over and over again.  I don't plan on dying before I play the Sega Saturn version of this one.  One day, I'm gonna drop a few hundred for that experience.  It's a classic for a reason.",3957,1,1,0,0,0,2026-04-03,2026-04-03,0,76,389,187
"Still holds up a bit! while I think the remake is an overall improvement, this is worth playing at least once",109,1,1,0,0,0,2026-04-03,2026-04-03,252,133,368,368
"It's OG Resident Evil, of course it's great... but beware... this version contains ♥♥♥♥♥ ass DRM that asks to modify your windows' registry and it's (currently) not functional on Steam Deck.",190,1,1,0,0,0,2026-04-03,2026-04-03,991,142,310,268
"Barry; I have THIS

https://www.youtube.com/watch?v=3fKUcuapV7I",63,1,1,0,0,0,2026-04-03,2026-04-03,775,80,63,43
I missing this game very much!,30,1,1,0,0,0,2026-04-03,2026-04-03,268,254,562,28
there are demon in this house,29,1,0,0,0,0,2026-04-03,2026-04-03,0,36,1184,369
"Some clunky UI and control bind remapping, but overall just a joy to play. Was really glad there was no ink ribbons on first play through unlike RE1R, and I'm glad I could skip all the door animations lmao. Def worth becoming a Jill sandwich for!",246,1,1,0,1,0,2026-04-03,2026-04-03,254,14,355,319
"don't count my vote as true
But honestly PLEASE review when you have hours in the game not to be some some fan boy fanatic who ever be crying about the drm or its super enthustiastic for a 30 years old game 
see a game as an experience for newcomer more than your box of cereal box you bought just to remember your childhood",324,1,1,0,1,0,2026-04-03,2026-04-03,1168,20,91,32
"✋🏻👨🏻🤚🏻
ABSOLUTE
  CINEMA",26,1,1,0,2,0,2026-04-03,2026-04-03,0,7,423,211
Became the master of unlocking and almost became a jill sandwich in 5 minutes time. What an experience.,103,1,1,0,0,0,2026-04-03,2026-04-03,155,13,340,29
10/10,5,1,1,0,0,1,2026-04-03,2026-04-03,417,339,57,57
Havent had a single problem game is amazing!!!!,47,1,1,0,0,0,2026-04-03,2026-04-03,0,1,500,366
THE INK RIBBONS.... AHHHHHHHHHHHHHHHHHHHHHHHH,45,1,1,0,0,1,2026-04-03,2026-04-03,156,6,170,119
needs steamos/linux,19,0,1,0,0,0,2026-04-03,2026-04-03,294,12,1638,299
still holds up very well,24,1,1,0,0,0,2026-04-03,2026-04-03,302,91,436,181
"Valve has pushed an update to Proton Experimental that has fixed the DRM launcher errors for these games on Steam Deck/Linux, so at least you can actually play them now despite Capcom's ♥♥♥♥♥♥♥♥. Still, we should still be asking for Steam Cloud support at least because it's frankly ridiculous that we're still getting new game releases that don't have that in 2026.",366,0,1,0,1,0,2026-04-03,2026-04-11,609,58,124,124
"A Superb reworking of the original port.

Uncensored & colored FMV? Yes!
Integer Scaling? They got it!
Anisotropic Filtering options? Yep!

I only wish they had Quick-Turn options & were able to modify how button mapping works a bit, changing run/action changes confirm/deny, which isn't a genuine problem.

10/10. Capcom said these were old  & forgotten.
I've been waiting for decades to get this on Steam.",416,1,1,0,2,0,2026-04-03,2026-04-03,402,90,17,17
"That was too close, you were almost a Jill sandwich",51,1,1,0,4,0,2026-04-03,2026-04-03,138,22,367,289
"When I played this on PS5 and the remaster on PC, they were somewhat difficult to maneuver. But this and the other 2 in store (Resident Evil 2 & 3), are perfect! The Original Games, with better tank controls than ever, I have had a hard time with the fixed-camera gameplay before, but not with Resident Evil here on Steam, a fine addition to my collection!!!",358,1,1,0,0,0,2026-04-03,2026-04-03,324,3,181,181
"My personal favorite of the original trilogy. Gameplay is dated of course but its the original!
Worth a playthrough as its pretty short all things considered.",159,1,1,0,1,0,2026-04-03,2026-04-03,0,187,194,91
"After 30 years, I've finally beaten the game... On the easiest difficulty... With almost 40 saves. BUT I DID IT. And I'm honestly very glad I did. Thanks Capcom. Sometimes you do cool stuff. Now can we get a remake for RE1 that's to the same level as RE2 Remake?",262,1,1,0,1,0,2026-04-03,2026-04-03,570,57,341,341
"Be mindful of the DRM if you're on a low end system, but otherwise, it's resident evil 1 and you should play it because it's really good.",137,1,1,0,0,0,2026-04-03,2026-04-03,333,35,33,33
Still p*ssed myself when the dog busts through the window.,58,1,1,0,1,0,2026-04-03,2026-04-03,0,146,158,79
You were almost a Jill sandwich 10/10,37,1,1,0,0,0,2026-04-03,2026-04-07,0,33,395,263
Top Tier,8,1,1,0,0,0,2026-04-03,2026-04-03,51,4,23,23
"one of my favorite game of all time, this is now my fourth copy of resident evil 1",82,1,1,0,1,0,2026-04-03,2026-04-03,591,28,196,196
"Graphics are too old and pixelated even when set to 4K, the resolution looks the same. The sound quality is also poor. It feels like the game was taken directly from a PS1 CD with no improvements, no HD enhancements, and no mods like ReShade.",242,0,1,0,4,21,2026-04-03,2026-04-03,0,5,15,15
Resident Evils Fans are eating so good 10/10 peak,49,1,1,0,2,0,2026-04-03,2026-04-03,0,4,349,220
"Yeah, no, Capcom remove the Enigma DRM from this game. And while you're at it, optimize the game for steam please like achievements, trading cards, the ability to record and screenshot without issues, etc.

I was trying this out and wow, that DRM really makes a difference. I don't recommend this version. 

Capcom couldn't be bothered to optimize the game for steam but put in DRM that hinders the experience like Chack Registry.

Until the DRM is removed at least, eradicating the new problems that wasn't in the GOG version (which doesn't have DRM), I don't recommend this version.",584,0,1,0,159,7,2026-04-03,2026-04-05,0,10,5,5
amazing introduction to the series,34,1,1,0,1,0,2026-04-03,2026-04-03,289,29,406,308
Remove the Enigma DRM. The game is from 1996 People who want to pirate it have already done so.,95,0,1,0,29,2,2026-04-03,2026-04-03,0,16,42,21
Add achievements,16,1,1,0,5,0,2026-04-03,2026-04-03,0,7,246,81
10/10 Jill Sandwich,19,1,1,0,1,0,2026-04-03,2026-04-03,506,12,242,65
"Already beat the game on GOG but gotta add it to my Steam library

This game is absolute cinema. No flaws whatsoever.
I also love sandwiches too.",148,1,1,0,9,1,2026-04-03,2026-04-03,81,49,11,11
FINALLY!! I've been waiting for it. now we need Code: Veronica.,63,1,1,0,2,0,2026-04-03,2026-04-03,0,11,511,73
"It is VERY nice to see the Original Classic Trilogy finally come to Steam. I really don't think RE1 1996 gets enough credit these days. It may not be the best entry in the Resident Evil franchise, but it was an extremely solid start and it helped popularize and shape the genre of survival horror.

Story:
The story, its characters, the dialogue, and the voice acting are all ♥♥♥♥. And that's why it's so iconic. It's one of those, “it's so bad, it's hilariously entertaining” type deals. I also give it a pass because games around this time were still trying to find their footing in story telling.

Resource & Inventory Management:
For a first entry, the gameplay is very solid. Enemies are threatening and ammo and healing is scarce. It's fun planning out the perfect amount of items to take with you while you create a route for the Mansion in your head and try to utilize your supplies as effectively as possible.

Enemy Selection:
Enemy selection is pretty alright. You've got your zombies, dogs, crows, and Chimeras, all requiring different methods to put them down, or avoid. Spiders are here too, but their inclusion is pretty weak considering they only appear in two rooms that are completely skippable. Other than that, the line up is good.

Hunters:
You may have noticed that I didn't mention Hunters though. They're a pain in the ass and seriously cause the quality of the game to take a hit in the last third. I-frames galore, rapid stunlocking, fast movement, AND a one hitter quitter, these guys just aren't fun to deal with in the slightest.

Bosses:
Bosses are pretty weak. Yawn is alright, Plant 42 is probably the best boss in the game since a lot of the player's choices can affect how the boss fight plays out, but the second Yawn fight is more of the same, Black Tiger is pathetic, and so are the two Tyrant fights. I'm not even sure if you can call Neptune a boss.

Choices:
There's a couple choices you're able to make throughout the game that'll actually affect certain events, determine the fate of certain characters, and give you a different ending. There's eight entire endings, each with different cutscenes. It's admittedly very impressive for the time.

Locations:
The layout of the Mansion is awesome. Rooms lead you through the Mansion and interconnect in an almost perfect way so that you can experiment a lot with the most optimal routing possible. Locations later on are a bit weaker since they’re much more linear and therefore have less opportunities for routing, but they're still a decent enough time.

Typewriters & Item Boxes:
The game does have some problems with typewriter and item box placements, two specifically, that being a missing item box at the start of the Tunnels, and a missing typewriter and item box at the start of the Labs. Not sure why these weren't included, but it makes both areas a hassle to get through on a first playthrough.

Tank Controls:
As you know, navigating this game requires you to use tank controls, and to put it bluntly, if you think tank controls are bad, you just suck at them lol. Coming from someone who's relatively new to the franchise, they work perfectly fine.

Puzzles:
Puzzles on the other hand aren't the best. They're okay. Mostly a lot of really simple “use this thing on that thing” stuff. There are a couple sliding box puzzles that are a slog but they're mostly few and far between.

Character Differences:
Finally, there's the character difference, which in practice, sort of works as a difficulty selection. Jill works great as an Easy playthrough, and Chris ramps up the difficulty perfectly for a player who has prior experience and knowledge through their first Jill playthrough. The glaring issue is that most players are more likely to play as Chris first, not knowing that Chris is the game's hard mode.

This happens for two reasons. First, the Japanese release of the game actually had Jill labeled as Easy, and Chris labeled as Hard. This was removed from Western releases and both the Director’s Cut and Dualshock Director's Cut. Alongside the difficulty indicators being removed in most releases, the character selection screen always hovers over Chris first. So if a Western player, or anyone who played DC or DS DC first, boots up the game and sees that Chris is automatically hovered over instead of Jill, chances are they'll assume the game wants them to play as Chris first and pick him.

This can really make or break whether or not your first experience with RE1 is a fun one, or a miserable one, because Chris’ playthrough is built with the idea of the player having prior experience with Jill's playthrough in mind. If the player doesn't have that experience because they pick Chris first, they're in for a very rough playthrough.

OST:
I really like most of the OST here. It gives off a very weird in an unsettling way vibe that I think really helps give this game a unique atmosphere which can't really be found in any other RE game.

Side Content:
I am a little bummed that we didn't somehow get a Director's Cut port for it's exclusive Advanced mode, but considering there's already a perfectly good PC port to throw onto Steam, I understand why they didn't pull an entirely brand new DC port out of their ass. Since this is a port of the Original PS1 release, there's not much here in terms of side content. You can unlock the secret closest key for bonus outfits by beating the game with the best ending, and if you beat the game in under three hours, you can unlock the infinite rocket launcher. A sub three hour run is super fun, as it really tests your inventory management, resource management, and routing skills. It's very satisfying to pull off.

Final Verdict:
While it has its obvious flaws, over time, I've found myself slowly coming to appreciate RE1 more and more. It went from a game that I thought was okay to a very solid first entry that is always fun to revisit, and that I'd actually rank above quite a few of the other mainline entries. I don't wanna give it too much credit, but I also don't wanna give it too little credit, so I think the rating here is a perfect middle ground.

7.5/10",6133,1,1,0,0,0,2026-04-03,2026-04-04,317,71,212,212
It's pretty good.,17,1,1,0,0,0,2026-04-03,2026-04-03,126,44,511,243
THE CLASSIC! THE OG! THE ONE THAT STARTED IT ALL! What else can you say! Feels so good to finally play it without jumping through hoops.,136,1,1,0,0,0,2026-04-03,2026-04-03,0,4,323,162
Take me down to the Raccoon Forest where the Zombies Juicy and the gals are pretty!!!,85,1,1,0,2,0,2026-04-03,2026-04-03,0,47,413,28
"Borderline broken on SteamOS / Bazzite / Steam Deck / Linux. I know there's some tinkering you can do with Protontricks and Wine configurations to get it into a semi-enjoyable experience (debatable), but I just don't have the energy. Too many hours spent setting up games instead of playing them over the years. 

Not to mention the ♥♥♥♥♥♥♥ DRM I didn't notice until AFTER I purchased. Why in God's name is this injected into a 30 year old game? 

Get it together Capcom.

I'll stick with my PS1 copy, thanks.",509,0,1,0,4,3,2026-04-03,2026-04-03,96,3,30,30
"If you really care about DRM then get it on GOG but personally I don't really care.

Was nice to finally play this game 30 years after it's release. It was before my time, and I have had a fascination of playing games that came out in the 90s as there was a ton of innovation during that time period as games started to transition into 3D. Birth of the FPS genre with DOOM and only 5 years later we got Half-Life. Resident Evil and it's next two sequels were apart of that history and this game doesn't disappoint all these years later. I'm not sure if they messed with the tank controls to make them more function but I actually found them to be less of a barrier to entry than I previously expected. I had already played the remake of this game last year and used primarily the joystick to move around so I was worried that I would get frustrated with the more stilted movement using the Dpad (I didn't like how the joystick controlled in this so I mainly used the Dpad). It was actually fairly intuitive once I got into the game. I played as Jill (as I did in the remake) and it is clearly the easy mode. No ink ribbons needed, a ton more ammo and guns, and the 8 inventory slots. In the remake they balance Jill and Chris to be more even with different strengths and weaknesses, where as in the original they clearly tilt the scales in one direction. I am interested to try out Chris' campaign and compare them. So glad this came to Steam, I was planning to buy it on GOG in the next few months but when I saw it had hit my preferred platform I jumped on it and played the whole game in 1 sitting. Utterly fantastic, even 30 years after it's release!",1656,1,1,0,0,0,2026-04-03,2026-04-03,0,72,595,349
That was too close... You were almost a Jill Sandwich.,54,1,1,0,13,1,2026-04-03,2026-04-03,4282,96,16,14
God i suck... going from RE9 to this is a big challenge. i have no idea how 8 year old me played this when it came out lol,122,1,1,0,0,0,2026-04-03,2026-04-03,0,71,25,25
HD Remaster is better but still a good game regardless.,55,1,1,0,0,0,2026-04-03,2026-04-03,255,34,340,340
"Consider that this game came out in 1996!
It used to terrify me when I was a kid. 
7 years old meeting The Keeper for the first time.. I dropped that controller and ran away..
Jill died as she stood still in raw, dumbfounded, childish terror.
I don't think my parent's knew what this game was until it was too late. 
10/10 
I love this game.",341,1,1,0,29,5,2026-04-03,2026-04-03,0,92,251,16
Some tinkering needed for Steam Deck but y'know Jill sandwich,61,1,1,0,0,0,2026-04-02,2026-04-02,0,13,195,51
You Were Almost A Jill Sandwich.,32,1,1,0,1,0,2026-04-02,2026-04-03,0,2,548,146
"First of all, I'm playing this on Linux, and as with an unfortunate amount of games on here, this one requires a little troubleshooting to fix. For anyone else on Linux, here's how I got it to work:

1) Install Protontricks and the latest ProtonGE if you haven't already.
2) Launch Protontrcks and then select Resident Evil, then select the default wineprefix
3) Then run regedit
4) Back on steam, click manage > browse local files and copy (not move!) the re1_english.reg to your desktop or documents
5) On Protontricks, click registry, then import registry file, then select the re1_english.reg you copied
6) Exit Protontricks and then right click Resident Evil and click properties
7) In launch options, paste this command: WINEDLLOVERRIDES=""ddraw.dll=n,b"" %command%
8) In compatibility, select ProtonGE

And that's what got it to work for me! Still has some issues but largely I've been playing it completely fine for the past 2 hours.

REVIEW:

Resident Evil / BIOHAZARD is still, to this day, one of the most memorable games I have ever played. The campy (godawful) voice acting and live action cutscenes still bring a tear to my eye, and that alone is worth the price of admission. Seeing (or hearing, in this case) is believing and believe you me, you have seen nothing quite like this game before. Spencer's Mansion is intricately designed and filled to the brim with sometimes frustrating, but largely fun puzzles and challenges for you to overcome. Some surprising and creative scares lurk around every other corner, and the admittedly quite clunky controls keep you on your feet the whole time. The combat stays fresh and challenging enough throughout the whole experience and the characters, though bare bones, stay memorable thanks to the phenomenal disaster class that were their voice actors.

Overall, not a perfect game, but a damn good one, and seeing how it kick-started one of the most well known gaming franchises on planet earth, I see no reason as to not boot it up and give it a go. So go on, have fun, sink your teeth into it, and you'll never forget the taste of Resident Evil.",2121,1,1,0,1,0,2026-04-02,2026-04-02,20,1,165,122
Chack Registry,14,0,1,0,2,0,2026-04-02,2026-04-02,122,13,13,13
They finally released it on Steam GG Capcom. GOG did a good job with the port. controls are great you can freely switch between Tank Controls and Analog Controls but only Giga Chads use Tank Controls. no issues launches and runs great,234,1,1,0,0,0,2026-04-02,2026-04-02,0,22,172,42
"Edit: Fixed and working with Proton Experimental. Original review below.

Can't recommend in this state, due to this game requiring registry edits in a manner that makes the game unplayable on Steam Deck out of the box. There's probably a way around it, but that's beside the point. Game runs OK on Windows.",307,1,1,0,0,0,2026-04-02,2026-04-11,407,37,94,60
"Resident Evil is the cornerstone, and genre-coining game, of the survival horror genre. While 1992's Alone in the Dark from Infogrames was absolutely a key influence in Resident Evil's design, Resident Evil brought Survival Horror to a mainstream audience through its tense, uneasy and surreal atmosphere tied to sublime level design and intentionally obtuse control scheme. While its 2002 Remake has surpassed it in raw spooks and horror (including the terrifyingly awful voice acting), the original Resident Evil is a 6-8 hour trek through what I believe to still be the series best setting and narrative to this day; the Spencer Mansion incident. This is the uncensored release too, so if your only experience with this 1996 classic is the PlayStation or Saturn versions, then you'll get the full fat gory experience as intended; in colour too. Note that this is VANILLA RE1; no battle mode or arranged mode/dualshock soundtrack!

On a side note, this Steam release is bogged with Capcom's usual DRM, but also there's some legacy issues too that predate even the GOG release. The FMV's seem to have intense compression and frame rate issues even compared to PlayStation. Also, remapping controls without Steam Input is a bit messy. I recommend also maybe installing mods to alleviate these issues and to improve the pre-rendered backgrounds too. The voice acting is objectively terrible too, but there's an endearing charm to it in a David Lynch/Alfred Hitchcock kind of way, but maybe you won't see it like that and thats fine! I'm still going to give it a positive review, but a THIRTY YEAR OLD game does NOT need DRM in it.",1629,1,1,0,1,0,2026-04-02,2026-04-02,550,84,12,12
"I can't believe the original Resident Evil 1-3 games are finally on Steam! First Dino Crisis and now this. I hope Code: Veronica is next!

I still have my original copies of these three games but the ease of having them in my Steam Library is what I've always wanted. 
That being said, even though I've been waiting for these to release on Steam, I agree with the negative reviews. DRM on a game from 1996, really? It makes no sense!
GOG is an amazing platform and I've bought many classics there but I have a big Steam Library and most of my gaming is done here, so buying them again was a no-brainer and while I had no performance issues and enjoyed my time with RE1 so far, the other stuff is both irritating and completely useless. 

Capcom have been on a roll with game releases lately and finally bringing the original Resident Evil trilogy should've been an easy win..

Ultimately, I'm just happy to have them on Steam too and they weren't atrociously expensive but I think my GOG + original console copies will still get more use out of them.

P.S. This game is a perfect example of why there really should be an option to click 'mixed' while reviewing.",1161,1,1,0,7,0,2026-04-02,2026-04-02,765,13,332,248
"whoa, what a MANSION",20,1,1,0,0,0,2026-04-02,2026-04-02,172,19,444,193
what the ♥♥♥♥ are these launchers bro,37,0,1,0,4,0,2026-04-02,2026-04-02,530,108,10,10
"i got to play now that its finally on steam, and im happy to play through THE classic! decent and playable port, not that i know much other than the DS port... Which felt awful. The controls are still... Questionable? Using a controller is much better than your keyboard, but regardless.",287,1,1,0,0,0,2026-04-02,2026-04-02,0,9,367,326
"That was too close, you were almost a Jill sandwich",51,1,1,0,0,0,2026-04-02,2026-04-02,271,14,543,90
PLEASE JUST GIVE US CODE VERONICA ALREADY,41,1,1,0,1,1,2026-04-02,2026-04-02,0,26,13,13
Best game ever made.,20,1,1,0,0,0,2026-04-02,2026-04-02,585,191,37,37
Very poor port of the game available on gog remove the ♥♥♥♥♥♥ ass engima drm,76,0,1,0,5,2,2026-04-02,2026-04-02,26,3,308,64
"Huge thank you CAPCOM for finally adding this version to Steam. The Remake is great, but there's a specific vibe to the 1996 original, the pre-rendered backgrounds, the goofy FMV intro, and the pure tension of the Spencer Mansion. The beginning of everything, what no one could ever expect back then in 1996.

[b]• P.S.[/b] [spoiler]Even with the cheesy voice acting, the atmosphere is still genuinely creepy 🕯️[/spoiler]",423,1,1,0,3,0,2026-04-02,2026-04-02,227,80,111,111
"Still holds up today it has it's own unique charm and identity to it different from the remake. Get a modern controller and it still plays like a dream. 

It shouldn't need DRM that's a big advantage of the GOG version, but I remember the GOG version having worse audio just before you fight the final boss you couldn't really hear the dialoge, but this one sounds clearer than from what I remember. One other thing is I don't think you can take screenshots on the Steam version, you can on the GOG version but so far the only thing that works here atm is print screen.

Minor things imo I still had a blast with it.",620,1,1,0,1,1,2026-04-02,2026-04-02,0,1,265,155
"i got to play an excellent piece of gaming history.

for some reason this feels better than the 2002 remake does,
as usual, remakes are 85% of the time a total downgrade!

Writing this as I've finished the game, this game definitely deserves the cult status it has, what an amazing expeirence was to play this game.",315,1,1,0,1,1,2026-04-02,2026-04-04,5247,1313,3049,563
THANK YOU CAPCOM MY WISH HAS COME TRUE!!! classic Resident evil are my childhood games and i love to playing them so much. If you are new fan to Re series i totally recommend these classic games,194,1,1,0,0,0,2026-04-02,2026-04-02,499,103,292,20
"""Wow, what a mansion!""
""That was too close! You were almost a Jill sandwich!""
""Just a moment! I found something, It's a weapon, it's really powerful especially against living things!"" *Gives acid rounds*
""I have THIS!""

Itchy... Tasty...",237,1,1,0,0,1,2026-04-02,2026-04-02,192,5,270,270
controllers do not work. added drm does not feel great.,55,0,1,0,1,0,2026-04-02,2026-04-02,0,38,71,71
"it's still very much the Windows 9x port from 1997. but its got the uncensored fmvs and door skipping

dont get why it has enigma though. capcom ♥♥♥♥♥♥♥ stop adding drm to games that have been cracked lifetimes ago",214,1,1,0,4,0,2026-04-02,2026-04-02,0,68,92,92
"In Resident Evil, the residents aren’t evil… they’re just extremely passionate about eating guests.",99,1,1,0,4,0,2026-04-02,2026-04-02,627,96,26,26
Finally Resident Evil 1-3 is on Steam! This is def a game for anyone to try. Sadly the game is barely fixed. I'll give it a run when the modders catch up to modernize it a bit more for the steam platform. But for $5 you can't beat that. Best game to start one of my favorite series of all time!,294,1,1,0,0,0,2026-04-02,2026-04-03,537,17,31,31
"get rid of the DRM, its not needed. It tanks performance, makes the game larger and messes with support for certain controllers. do better capcom. GOG has a DRM free version that frequently goes on sale for the same sale price as here. It's less than a Gigabyte and you own it forever.",285,0,1,0,16,0,2026-04-02,2026-04-02,75,6,426,37
"The ♥♥♥♥♥♥♥ who ported this ♥♥♥♥ version shouldn't be allowed to make games. The FMV cutscenes run like ♥♥♥♥♥♥♥, the game can't run on steam deck, and this is the exact same problem dino crisis has that the ♥♥♥♥♥♥♥ of capcom never learned from. ♥♥♥♥ this ♥♥♥♥, you're better off emulating. Don't give these idiots your money.",325,0,1,0,5,1,2026-04-02,2026-04-02,150,18,394,40
Wow! What a mansion!,20,1,1,0,1,0,2026-04-02,2026-04-04,492,19,317,317
"itchy, tasty.. i have thissss jill sandwitch",44,1,1,0,2,0,2026-04-02,2026-04-02,97,70,398,45
No more larping...,18,1,0,0,0,3,2026-04-02,2026-04-02,243,5,533,12
"RE 1-3 meh...RE 4 and beyond awesome!!
---
Explanation: RE4 revived the series with its dynamic controls and a natural camera etc pre-RE4 RE was a chore, with static angles clunky controls... seems Capcom agreed and remade 1-3 to revise them to the 4 golden standard…and they are the best REs.",293,0,1,0,0,6,2026-04-02,2026-04-02,2857,3034,6,6
"""What is it?""
""Blood""
10/10",27,1,1,0,2,0,2026-04-02,2026-04-02,0,1,214,11
"I'm not a fan of DRM. The game isn't full screen even when I changed the settings. Also no achievements? What was the point besides greed releasing on steam if you aren't going to take advantage of all there features. I will wait and see if anything changes, but i'm contemplating a refund.",290,0,1,0,9,2,2026-04-02,2026-04-02,647,340,29,20
Chris! Stawp it :(,18,1,1,0,2,2,2026-04-02,2026-04-02,347,42,21,21
Remove DRM from this classic ( my review will change when it's removed from both dino crisis 1 & 2 and all 3 of the og re games),128,0,1,0,10,2,2026-04-02,2026-04-05,0,27,5,5
"Been wanting ports of the 3 original games on steam since it first became a thing, these ports aren't stubborn with controller support and they actually work as intended, they're actually perfect. If you are a fan of the franchise you have to have these in your library or you're a fake fan.",291,1,1,0,0,0,2026-04-02,2026-04-02,483,9,665,193
jill sandwich <3,16,1,1,0,2,0,2026-04-02,2026-04-02,195,36,697,213
Who doesn't want a Jill sandwich?,33,1,1,0,5,0,2026-04-02,2026-04-02,0,5,354,25
PEAK on PEAK let's call that TWIN PEAKS!!!,42,1,1,0,1,2,2026-04-02,2026-04-02,1744,27,357,115
Resident Evil fans can now play the game for the first time.,60,1,1,0,3,1,2026-04-02,2026-04-02,0,12,497,282
Incorporates 3rd-party DRM: The Enigma Protector,48,0,1,0,9,0,2026-04-02,2026-04-02,114,3,5,5
jill sandwich,13,1,1,0,0,1,2026-04-02,2026-04-02,552,56,16,16
It’s resident evil bro it’s peak,32,1,1,0,0,2,2026-04-02,2026-04-02,0,58,172,43
"significantly worse than the gog version in every way.
- enigma DRM
- controls don't work out of the box
- awful non-skippable launcher that makes it not work on steam deck
- doesn't really work on linux at all really
- no cloud support

why did they do this",258,0,1,0,34,3,2026-04-02,2026-04-02,1482,131,100,5
"I love this game, beat it under thee hours, it's been a while.... thank you Capcom! 
I have this game on PS1 as well, but it's much easier to play this on Steam these days.
Next orig. Resident Evil 2!",202,1,1,0,3,0,2026-04-02,2026-04-02,0,23,239,239
"It doesn't work on Steam Deck/Linux out of the box. 

You need to import the bh1_japanee.reg/re1_""language"".reg from common/4249100_Biohazard/ on Regedit using protontricks. Also you need to add WINEDLLOVERRIDES=""ddraw.dll=n,b"" %command% on the launch parameters to render the window properly.

This is not the DRM's fault, it's the horrible launcher they added to the games from the GOG versions. The DRM still sucks. CAPCOM PLEASE FIX.",437,0,1,0,9,1,2026-04-02,2026-04-02,2474,12,57,19
Buy it,6,1,1,0,0,0,2026-04-02,2026-04-02,0,28,423,342
PEEAAKKKKK,10,1,1,0,0,0,2026-04-02,2026-04-02,190,20,557,6
"What a fantastic port!! I only ever played the original on playstation way back in the day, so getting to play the PC version with the full color extended opening was amazing! I was able to blast through Chris's campaign in 2 hours and 3 minutes. Mostly due to being able to skip the door opening animations (Playstation didn't have this!).  Here is a breakdown of what was good and what was bad.

Pros - 
Sound effects were amazing
Visuals while dated are pretty clean. (Compared to playtation OG)
Controls worked great. (Used PS5 Control)
Extended uncut opening
Extended 1st Zombie scene with rolling head

The bad - 
Often when music and dialogue was happening, there was a muffled static sound like it was playing from an old record player.
Unlockable items seem to be limited to PC version. (No Rocket Launcher!!)
I cant for the life of me figure out how to close the game. (Used AltF4)",891,1,1,0,1,0,2026-04-02,2026-04-02,0,2,1540,180
"Once you get your hands on this, you will come to realise why is the franchise is as lively as it is today.
It's so perfectly paced. So camp. So charming.
The pioneer of survival horror for a reason. 
Get over your disdain over tank controls and you will also come to realise how fun and EXCELLENT the classic trilogy are.

Technicality-wise, will really appreciate the Steam Cloud on these newly-added titles though.

No idea what the hell is the DRM doing in these PS1 titles. This one in particular is a 30-year old title...
I'll only mention it on this one. Good thing it doesn't run like garbage, at all. It shouldn't be stuttering AT ALL anyways since this is, again, a PS1 title",693,1,1,0,0,0,2026-04-02,2026-04-02,0,15,328,258
"Had to leave the config page open to leave this review as the reg file system prevents the game from launching as it just throws up errors every time.

Also; why add DRM when the game is 30 years old and is still being sold on GOG DRM free?

Game only works by tinkering with the reg files to manually verify them, and inputting a DLL Override launch command.",359,0,1,0,27,1,2026-04-02,2026-04-05,951,180,67,33
"Game's fantastic, an absolute horror classic, I just hope my PC can run it...",77,1,1,0,1,7,2026-04-02,2026-04-02,0,33,25,16
"Fixed camera and tank control survival horror is the best thing ever

So glad this came to steam. 
[spoiler]Jill sandwich[/spoiler]",131,1,1,0,6,2,2026-04-02,2026-04-02,0,20,595,221
DRM,3,0,1,0,29,0,2026-04-02,2026-04-02,811,28,7,7
Just. Take. A. Look. At. This,29,1,1,0,2,1,2026-04-02,2026-04-02,267,2,515,179
WTF ARE THESE CONTROLS ??? IDK WHAT HARDER THESE ♥♥♥♥ CONTROLS OR THE ZOMBIES WTFF,82,0,1,0,0,15,2026-04-02,2026-04-02,410,34,13,13
"Not recommending the game for the following reasons. 

A) There is no controller support on the stupid mandatory 'launch' game screen. Also has stupid mouse only actions where you need to allow a register edit permission. 
B) Once you start the game you have to exit the game via Alt + F4 as there is not 'game menu' or at least to what I can tell, which allows you to close the game down. (Controller)
C) Since 'Issue A' is a thing, it doesn't work on SteamDeck. 
D) Would love to have achievements in the game, it would have given it more playthrough value. 
 
Other than that... It's £3.99 for Resident Evil. Does what it says on the tin. Not noticed any crashes yet so can't comment on performance, but it's just one of those lift and shift money grab titles... I just wish it worked on SteamDeck which is the main reason I wanted it.",838,0,1,0,13,7,2026-04-02,2026-04-02,271,4,25,24
you can skip doors,18,1,1,0,5,0,2026-04-02,2026-04-02,228,29,162,35
Remove DRM and add achievements + cloud saving. Otherwise it's a classic game,77,0,1,0,13,1,2026-04-02,2026-04-02,368,25,10,10
"11/10
Greatest game of all time, and its nice to finally own on Steam.

This to me is not just the game that defined survival horror for me, its the game that defined gaming. Without it, I wouldn't play games, I wouldn't be passionate about games, and I wouldn't be developing games.

6 year old me, a PlayStation 1, and Resident Evil are some of the few happy memories I have with my now passed mother. 

No other game has the emotional attachment for me that Resident Evil does...and now its time to relive the horrors of Spencer Mansion all over again, but finally on Steam!",577,1,1,0,2,0,2026-04-02,2026-04-02,1768,41,86,11
"Tested Resident Evil 1, 2 and 3 on ASUS ROG XBOX Ally X but none of them work with embedded controller",102,0,1,0,7,4,2026-04-02,2026-04-02,0,1,22,6
No way these three games just show up 😭 [h1] ADD ACHIEVEMENT SUPPORT PLEASE!! I WANT ACHIEVEMENTS[/h1] At least on RE3,118,1,1,0,4,0,2026-04-02,2026-04-02,335,69,65,65
"So this, like every GOG release on steam thus far, is an abysmal trainwreck that is honestly among the worst ways to experience these games. Applies to RE1-3, they're all based on incredibly flawed PC versions, they have basically no fixes beyond half-assed compatibility and config menu that's ugly and doesn't really have much in the way of OPTIONS, etc.

The one redeeming quality could've been if this ran on steam deck. It doesn't. It probably never will given GOG's track record, so don't hold out hope, someone will create an hour long tutorial where you run 20 programs to force the games to work on deck I guess, but at that point why even buy this. This is lazy and bad. Capcom doesn't care and GOG only uses these things to advertise their store, so don't even bother with this crap- because that is what this is. It's crap. Worthless crap.",851,0,1,0,13,2,2026-04-02,2026-04-02,771,9,21,8
"""I used to pray for times like this"" -Meek Mill",47,1,1,0,0,0,2026-04-02,2026-04-02,0,2,311,242
"I'm so excited to see the holy trinity of RE games on Steam !! I did play on GOG but I really like the idea of having all my games on fewer launchers. 

This game itself is such a classic, and is my favorite from the original trilogy. <3",237,1,1,0,1,0,2026-04-02,2026-04-02,0,3,230,30
Legendary. Absolutely Legendary,31,1,1,0,0,0,2026-04-02,2026-04-02,256,8,252,81
"Thank you, Capcom!",18,1,1,0,1,0,2026-04-02,2026-04-02,913,100,5,5
It made me think of my childhood.,33,1,1,0,0,0,2026-04-02,2026-04-02,129,8,13,5
"""That was too close! You were almost a Jill sandwich!""

Instant 10/10. My all time favorite Resident Evil game.",111,1,1,0,2,0,2026-04-02,2026-04-02,624,95,731,9
FINALLY ON STEAM! 💖,19,1,1,0,0,0,2026-04-02,2026-04-02,0,8,388,10
"""It's About Damn Time""",22,1,1,0,3,0,2026-04-02,2026-04-02,0,85,320,25
"It's finally happened! After all these years, we finally got the original Resident Evil 1, which redefined horror. Back then on PlayStation 1, it was simply a horror masterpiece, especially with the FMV footage and all the actors – pure bliss. Sure, it's all available on GOG too, but I still prefer Steam. One less launcher to deal with. I don't give a damn how much DRM is in there. I'm having fun with it. Just buy it already...

You'll probably have to do without Classic Rebirth, but I can live with that.

The game works with a bit of tinkering, which means manually inserting the game's registration key using Protontricks and GE Proton 10-34. It would be even better if you had to do less tinkering, but hey, it works. You had to do a little tweaking with Dino Crisis 1 too.

Would you please buy it now? For the sake of your childhood memories...",855,1,1,0,1,0,2026-04-02,2026-04-03,1455,141,987,382
"I bought it with the intention to play it on my Steam Deck LCD and right now, it will launch into a settings menu followed by a registry check that has unhandled exceptions which won't let me proceed further.  Hopefully this is fixed soon for Steam Deck compatibility!",268,0,1,0,15,1,2026-04-02,2026-04-02,209,23,69,6
"Game of my childhood. I played the Director's Cut on the original Playstation back when it came out. I am happy this arrived on Steam. It is a timeless classic and one of the most important games of all time. Granted, it has aged very poorly. Younger gamers may not appreciate this, especially when the superior Gamecube remake has been released on Steam for years and is much more modernized (i own that too, lol). So in my opinion, if you have no nostalgia for this version, you may only appreciate it if you are into classics and want to experience how it all began back then. Otherwise, stick with the superior remake. Still, for just 5 euros i do recommend collectors to also get this. Definitely recommended.",714,1,1,0,3,1,2026-04-02,2026-04-02,882,104,11,11
"if you dont want the hassle of setting up an emulator just for the classic RE or you cant buy the gog version because of the regional issues, get this now 

it run good have pretty decent regional prices and its a classic re experience for anyone to enjoy.",256,1,1,0,0,0,2026-04-02,2026-04-02,0,64,412,62
it's so cool to see capcom still cares about the very old fans out there releasing classics like these!,103,1,1,0,1,1,2026-04-02,2026-04-02,282,88,28,28
bought the 3 classic RE games just for supporting Capcom :),59,1,1,0,1,0,2026-04-02,2026-04-02,144,27,45,8
"Finally, it is cool to have original resident evil editions on steam store which everyone thanks to this now has more options than ever before to re visit... or visit for the first time the story from where it begun.

[h1]Regarding DRM 'engima' :[/h1] 

This DRM like any other drm is on top of drm free steamworks API, which is excecutable meaning it is friction-free experience acting like any other drm free steamworks API and other store APIs equilavent games which for example said drm games e.g denuvo/enigma once the game has verified ownership online, token is locally cached thus drm game e.g resident evil 1996 can be played for days, even weeks without internet connection and not only that, drm is usually removed in an drm games some point after the release, and the number of drm in games usage is microscopic as well 'Denuvo Anti-Tamper is the current de-facto standard for securing DRM schemes on modern titles. Since its original release back in 2014, it has been used to strengthen the DRM of over 150 titles;'

source:

https://www.pcgamingwiki.com/wiki/Denuvo

and, drm cannot be added kernel level because as 99% of modern 'software' are just websites wrapped in chromium/CEF so they cannot add because it is architecturally impossible thus devs must add DRM externally which valve already tracks it via 'Incorportated 3rd party DRM: ' in yellow box signaling it is externall non valve stuff which requires more cautious with such tools whenever there is yellow box while at the same time seperating seperate drm free store APIs on top of DRM free steamworks API 'Requires 3rd party account: (support steam linking)'.

[h1]Regarding those re releases:[/h1]

What gog store includes, is not groundbreaking wizardy stuff but simply packaging already avaible mods pre installing them before shiping it on gog which are avaible for everyone on pcgw and are easy as pie to install as well, while such mods offers even more flexibility than the gog's pre installed from pcgw mods because these mods avaible on pcgw are the latest ones as well.

[h1]Installation request to capcom:[/h1]

As pc stores including console's own stores are local first, friction-free offline installers were pc connects remotely to CDN e.g steampipe which fetches encrypted files via internet and then decrypts them locally via disk speed+ RAM + CPU (which is 99% of the game installs), I have seen that the game barely utilize disk speed only 300mbps, and considering that it is late 90s era games, then spliting each file compresion in to 1MB each should not be very challenging but it would maximize disk speed through put to the fullest potential such as 2 - 3 gbps disk speed thus able to install 800MB game less than blink of an eye thanks to this as well.",2755,1,1,0,2,0,2026-04-02,2026-04-02,390,5,7,7
"this port clearly isn't new, but it gets the job done. seriously though, i haven't played much of this game, but i have played it on emulators enough times to confirm that this is definitly the best way to experience the original RE games.",239,1,1,0,0,0,2026-04-02,2026-04-02,0,28,246,179
"I love Resident Evil 1, 2 & 3 So buying these 3 games on Steam was a no-brainer for me because I like flexing my playtime.

What you get here is the GOG versions of the games which is a pretty passable way to experience them. Including texture filtering, Anti Aliasing, variable resolutions etc. And it ran for me pretty well out of the box.

The same cannot be said for some other people:
Some people struggled to get the game running on Linux because the game makes registry changes in the launcher menu that don't really work for Linux, and some other people report that the Steam version apparently has built-in DRM which is so broken that the game just...refuses to launch and throws up an error.

On top of all this, the games come at varying file sizes all the way from 2GB all the way to 4GB...For games that fit on 650MB CDs.

This is another afterthought cash-in by Capcom.

If you REALLY want to play these game properly. I recommend looking into the ""Classic REbirth"" project which has released prior to the GOG version and remains the most optimal way to play the game. If you are savvy you can replace the game files of the Steam version with this version (after carefully following a guide) and play a way better version than what Capcom is offering here.

But as it stands. If you wanna play this game without much fuss? This is a pretty decent way to do so. And you should play them. The classic RE titles are awesome.

But out of principle? This is a downvote from me because of how lazily this was rushed out with its DRM issues that the original GOG version never had, and it is even worse-so because Capcom already caught a lot of flak for how they handled the Dino Crisis 1 & 2 Steam version which suffered from the EXACT SAME ISSUES that the RE games here have.

Some of you might even notice that this review is just the same I wrote for them too with just the names changed to Resident Evil ;)",1918,0,1,0,53,3,2026-04-02,2026-04-02,1064,340,11,11
You were almost a Jill sandwich!,32,1,1,0,2,1,2026-04-02,2026-04-02,426,7,19,9
"I brought this as a way to show support as I loved playing it when it first came out and i was still at school and was excited to see it was coming back.

But please for the love of the players add achievements.

Devs can you please add achievements to the trilogy.............",277,1,1,0,3,0,2026-04-02,2026-04-02,0,82,11,11
"Good Job Capcom now Bring Classic Resident Evil (Code Veronica, Outbreak 1,2 and Dead Aim) games too to Steam as well.

Just Do It.",131,1,1,0,6,0,2026-04-02,2026-04-02,1532,54,607,16
"Best way to play og resident evil. to most new resident evil players that are starting out because they only played remakes... ""where have u bean"" xD",149,1,1,0,2,1,2026-04-02,2026-04-02,0,62,335,10
"This is awesome. I was just wanting to play the original trilogy again and even downloaded an emulator to do so yesterday. Was about to boot it up until I saw them all on Steam suddenly. How did they do that?!?! 

Anyway, I've almost beaten RE1 and I can say that this is the version everyone has wanted. I believe it's the Japanese game. It comes with the full FMV movie at the beginning, Chris smokes his cigarette, and the head roll happens when triggering the first zombie. No ink ribbons unless the US mode unlocks. Other than that, it's nice to get the choice of any resolution and button mapping. As far as I can tell, there is no way to use mouse and keyboard at the same time. It doesn't really matter since this game is so simple in  terms of movement and combat. I haven't experienced any technical issues or anything like that. It plays like butter. People are complaining about DRM but whatever. I'm just so freaking glad I can play these legit now.",964,1,1,0,2,0,2026-04-02,2026-04-02,0,28,435,259
dey got zombie nggas fr ong,27,1,1,0,1,0,2026-04-02,2026-04-02,0,23,18,6
We got the OG Resident Evil on steam before GTA 6,49,1,1,1,5,1,2026-04-02,2026-04-02,0,112,22,6
"Amazing job by Capcom re-releasing a 30 year old game as an April fools joke that is somehow still inferior to the GOG's port by slapping a modern DRM ontop of it which nobody asked for, still does not support achievement, has no steam os / steam deck support, doesn't have cloud save either, genuinely just complete ♥♥♥♥♥♥♥, not even worth the 5 bucks I got it for from the launch sale, it would've been better spent on some cheap indie/hentai game that'd inevitably install malware on my PC and I still would've preferred that over whatever this ♥♥♥♥ is",555,0,1,0,23,4,2026-04-02,2026-04-02,334,77,41,41
"In this residence, the residents are evil.",42,1,1,0,3,0,2026-04-02,2026-04-02,382,6,9,9
"The one that started it all.  The Resident Evil REmake is still a better version to play, and I'm glad to finally add this classic to my steam collection.",154,1,1,0,1,1,2026-04-02,2026-04-02,1457,124,46,7
"So good to have this title on Steam. Easy to access and play this masterpiece, controllers work fine, door animations can be canceled to speed-up playthrough.",158,1,1,0,0,1,2026-04-02,2026-04-02,0,6,266,70
"Using the same method from my Dino crisis review it works for RE on Linux proton as well it's because they use the same launcher, everything is running smooth, the FMVs are not fullscreen but they work without crashing, maybe someone from the Proton team will find a workaround on this.

again i wish they had a better PC port on their old games but at least it is playable, it's good to have options to have the old games legally, you can get on Steam and GOG, I really recommend you get these original Resident evil games, you might not like the tank controls but they are good games to have.

btw play the original Resident evil 3, now that Capcom finally added on the steam store, i wish the remake of 3 didn't exist.",721,1,1,0,2,1,2026-04-02,2026-04-02,901,275,414,50
"Good game but mediocre release, no major improvements or achievements, drm? on a 1996 game? go emulate it, even the DS version would do better than this.",153,0,1,0,8,0,2026-04-02,2026-04-02,0,5,50,50
"OG RE1 is still a game that is worth experiencing to this day, if you loved REmake, you will also enjoy OG RE1. It's THE original survival horror title.",152,1,1,0,2,1,2026-04-02,2026-04-02,0,13,201,201
"Best way to play og resident evil. to most new resident evil players that are starting out because they only played remakes... ""where have u bean"" xD",149,1,1,0,1,1,2026-04-02,2026-04-02,0,4,1534,34
"Jill: Hey what's going on?
Barry: Jill? Is that you Jill? What happened?
Jill: Barry, help me please, the door won't open, quick.
Barry: Stay away from the door Jill. I'm gonna kick this door down. Hurry this way!

Jill: Oh Barry!
Barry: That was too close, you were almost a Jill sandwich.
Jill: You're right. Barry thanks for saving my life... but Barry didn't you say you were going back to the dining room to do some research? Why on earth are you here?
Barry: Uhh... I just had something I wanted to check. Now let's get back to searching for the lost capitan and Chris shall we? 
Jill: Thank you Barry.
Barry: Yeah, yeah...

10/10 game, Jill sandwich my beloved",667,1,1,0,0,3,2026-04-02,2026-04-02,208,26,212,43
"‎WHERE HAVE YOU BEEN?!
‎LONG TIME NO SEE!!!
‎
‎Yes, that's the way I did say it out loud exactly on top of my lungs when I notice this long-awaited game on Steam.
‎It is like meeting an old best friend who had gone missing after quite a long time, lol.
‎
‎It’s also the perfect milestone, as this is my 300th review! 
‎Talk about perfect timing!
‎(˶>⩊<˶)
‎
‎When I see the original Biohazard (RE) Trilogy FINALLY available on Steam at April 2nd 2026 in my region; which is still April Fool's Day in America, perhaps some of our gamer friends over there think of this surprise release / launch as a joke at first, lol.
‎
‎But at the time I didn't have any cash and instantly put the legendary trilogy on my wishlist. Then all of a sudden, three of my buddies gave me part 1, 2 and also 3 as gifts. They all knew I am a big fan of Biohazard.
‎Words can't describe how touched I am with all of your unconditional kindness. 
‎I hope the universe will repay you in triple-fold as well in one way or another.
‎Thank you so much, guys!
‎:'3
‎
‎I really want to mention all of them, but they prefer to stay anonymous. 
‎So I respect their privacy.
‎
‎This is it. The OG. The one who started it all.
‎
‎The very game that defined the genre for the masses and kickstarted the remake trend.
‎
‎No remakes or remasters would exist without it. Resident Evil (Biohazard) was the first to pave the way for others and truly stands as the pioneer of survival horror.
‎
‎Still remember playing this with my old buddies, stayed up late until early morning, scribbled on notes and brainstorming of how to solve the puzzles because the internet is still exclusive at that time.
‎Then do it all again with Chris, once we beat the game with Jill. Yeah, we loved Jill because her inventory slots are more than Chris. We consider the Path of Chris as the Hard Mode.
‎
‎Whoa, nostalgia overload...
‎Now some of my old buddies are no longer here in this world, yet our memories together will always have a special spot within our hearts.
‎Because this game unites us. We became a lifetime buddies because of the OG Biohazard Trilogy.
‎(T^T)
‎
‎Huge thanks and appreciations to both CAPCOM and GOG.COM!
‎For finally make all of the original Biohazard Trilogy available right here on Steam.
‎
‎Now, all we need is a remaster of Resident Evil Outbreak File #1 and #2. 
‎We'll be patiently waiting for it! 
‎Time to dive back and enjoy the entire OG Trilogy, as if we traveled back in time to the 1990s!
‎ꉂ(˵˃ ᗜ ˂˵)
‎",2486,1,1,1,3,2,2026-04-02,2026-04-02,0,316,94,54
"Love seeing a classic Resident Evil!
Thank you, CAPCOM!",55,1,1,0,1,0,2026-04-02,2026-04-02,671,83,18,18
i see alot of gog enjoyers out there i say BOOOO THE STEAM VR COMES W CONTROLER SUPPORT OUT OF THE BOX WORKS GREAT ITS THE PC VR OF RE1 U CAN SKIP DOORS THERE IS MORE GORE IN THE FMV AND ITS ONLY 5 BUCKS THE GOG VR WHERE 10 WHEN THEY CAME OUT 10/10 CLASSIC GOOD JOB GETTING A PERFECT VR ON STEAM!,296,1,1,0,1,1,2026-04-02,2026-04-02,0,12,410,223
Goes way back love it!! but couple things they need to add steam like video recording screenshots and cards and other stuff one big thing is game achievements!! one thing its says requires 6gb grapic but its not close to one gig in game is there a future update,261,1,1,0,1,0,2026-04-02,2026-04-03,56,60,735,65
"[h1]Wow, what a mansion![/h1]

A Timeless classic which started it all. 
Still worth playing along with OG 2,3 (Especially 3!) and RE1R simply by it's existence, along with the characters and gameplay basis.
I'm flattered it finally made it to Steam.

And remember.....
[b]Fear can't kill you. But...[/b]

P.S: [spoiler]You almost became a Jill sandwich.[/spoiler]",364,1,0,0,38,14,2026-04-02,2026-04-02,0,17,156,7
❤,1,1,1,0,1,0,2026-04-02,2026-04-02,159,46,9,9
includes enigma DRM. just buy on GOG.,37,0,1,0,32,0,2026-04-02,2026-04-02,0,18,67,67
they change the style of the resident evil 1 now everything is so different but i love it,89,1,1,0,0,1,2026-04-02,2026-04-02,375,173,83,15
trying to get past/kill enemies in this game is like torture but a torture that you enjoy afterwards,100,1,1,0,0,2,2026-04-02,2026-04-02,96,4,130,57
Glad this is on Steam now. Still worth playing.,47,1,1,0,4,1,2026-04-02,2026-04-02,0,20,18,18
"wish this was the drescters cut of the game it had more stuff in it and was just all around better 

the true master of survival horror brought to steam to bring horror to the new the comers  of Resident Evil
playing this back in the day on the OG ps1 was magical",263,1,1,0,1,1,2026-04-02,2026-04-08,0,584,68,7
"Chris, be careful!

GOG is going to be your best version overall, but if you can't be bothered the steam version is a fair (DRM riddled) compromise. 

If you really don't want to give capcom money, there are always alternative means as well (it rhymes with PIMM's).",265,1,0,0,1,1,2026-04-02,2026-04-02,0,66,306,128
"The Resident Evil Trilogy are some of my favorite games of all time, I was gladly willing to buy them all again on steam. I went to install these games on steam OS (Legion Go S) I had the most confusing discovery that these games require Registry Editor to access the game JUST TO LAUNCH IT... I will continue to play the games on my windows desktop. But until these games can actually be played on steam OS I can't recommend buying these at all.",446,0,1,0,15,3,2026-04-02,2026-04-02,0,24,71,16
"I am become Jill, master of unlocking.

(capcom please add cloud saves and steam deck support)",94,1,1,0,1,0,2026-04-02,2026-04-02,205,11,318,159
"Glad to see RE1, 2, and 3 classics coming to Steam. But a few things to mention before you buy. They don't let you choose which monitor to play on. Window mode cannot be dragged. Control settings are kinda wonky. There is no load game or soft reset, have to close app just to revert to another save. 

Overall, I recommend playing these classics!",346,1,0,0,1,1,2026-04-02,2026-04-02,238,32,394,90
It's classic Resident Evil in all its 1996 glory but I am a little disappointed it's not the director's cut version. Still for $5 its a great time. Probably my 400th time playing this game now lol.,197,1,1,0,0,1,2026-04-02,2026-04-02,0,11,423,218
half the game is just doors,27,1,1,0,0,5,2026-04-02,2026-04-02,264,13,314,314
"I never played the original 3, totally looking forward to it.  Please bring resident evil Outbreak to steam next",112,1,1,0,3,0,2026-04-02,2026-04-03,0,182,12,12
Certified Hood Classic. Pro tip: install shader glass and use the scanlines shader scaled to your resolution for that original chunky presentation.,147,1,1,0,0,0,2026-04-02,2026-04-02,477,11,142,108
"It's about time the OG trilogy came to Steam

THANK YOU CAPCOM",62,1,1,0,1,0,2026-04-02,2026-04-02,323,80,10,10
Doesn't work on steam deck.,27,0,1,0,9,3,2026-04-02,2026-04-02,367,23,9,5
pretty please no more drm and add achievements,46,1,1,0,5,0,2026-04-02,2026-04-02,0,11,570,133
"I've never clicked ""buy"" faster than this, the best April's Fools joke ever! Although it's a bit sad that we need GoG to save these old games when big companies like Capcom can't be bothered, it's still a win for game preservation as a whole. Also forcing copy protection on a game that's available DRM-free elsewhere is a bit scummy too, there's nothing forcing you to have DRM on Steam and yet this still happens. About the game itself, it's a no frills version of the original PC port and it works just the way it should, although it would've been better with all the extras other versions of this game got. It's still a classic and worth a play in my opinion, and if you hate tank controls in a game with fixed camera angles then your opinion is invalid.",758,1,1,0,4,0,2026-04-02,2026-04-02,694,25,260,236
that opening scene was cute,27,1,1,0,0,1,2026-04-02,2026-04-02,0,11,16,16
"Finally, classic RE (1996) comes to Steam. This game is playable as is, but I do recommend all the mods out there to make this version better. I recommend installing the Classic REbirth patch. RE enhance is also worth checking out, as well as the HD audio pack by lexas87.",272,1,1,0,1,0,2026-04-02,2026-04-09,0,112,417,241
take my money,13,1,1,0,0,1,2026-04-02,2026-04-02,0,66,441,159
"its RE so ill buy it . . . again. ive been playing the gog version with the rebirth and seamless hd mod, though i did a manual install for the seamless hd for the cutscenes only because i think the ai upscale in game looks terrible. anyway, just buy these on gog or wait till we either get a patch to give this a better user experience (which i doubt) or we get a fan mod for this version. oh yeah, im giving this a thumbs down for drm.",436,0,1,0,8,1,2026-04-02,2026-04-03,0,271,10,9
"While Resident Evil 1 is the game that received the by far best remake among the classic titles in the series, seeing the original on Steam is still great. Remakes shouldn't be treated as replacements.",201,1,1,0,3,0,2026-04-02,2026-04-02,0,95,159,16
"This is the game that started it all. A gem that, thanks to its incredible atmosphere and level design, still holds up today, 30 years later.
Happy 30th anniversary to my favorite franchise, “Resident Evil”!.",208,1,1,0,2,0,2026-04-02,2026-04-02,0,15,343,69
The OG,6,1,1,0,1,0,2026-04-02,2026-04-02,0,42,124,124
Finally on Steam a classic that should have been here long ago,62,1,1,0,3,0,2026-04-02,2026-04-02,10535,53,10,10
"STOP. DON'T OPEN THAT DOOR.

I am so happy, i cannot believe they shadow dropped the entire OG trilogy on Steam. 
I actually screamed when I saw. I love resident evil so much, man.",180,1,1,0,5,0,2026-04-02,2026-04-02,262,38,348,60
"When i was a child, I owned this on Playstation. In the year 1997, this was terror incarnate. This game was scary, scary as anything could be. I spent HOURS trying to conquer my fear of the dining room hallway zombie. It's beautiful horror was unforgettable, no movie could replicate the fear of being in control, but still utterly helpless.",341,1,1,0,1,0,2026-04-02,2026-04-02,876,679,520,34
DRM,3,0,1,0,16,0,2026-04-02,2026-04-02,199,46,13,13
I got a shotgun!,16,1,1,0,3,0,2026-04-02,2026-04-02,521,31,25,25
why would i pay the IRS back when i can pay 16.32USD for the original three resident evil games That's a pretty good deal unlike the $559 that i owe,148,1,1,0,1,4,2026-04-02,2026-04-02,0,4,21,21
"Runs fine on my rig, controller worked after turning on steam input (used 8bitdo controller)

Like the fact that it has doorskip, Jill doesn't have ink ribbons and the screen transitions seem super snappy 

I give it a like and a thumbs up",239,1,1,0,1,0,2026-04-02,2026-04-02,927,23,344,78
Doesn't run in Crossover on MacOS but does run on Parallels. Disappointed but at least it works.,96,1,1,0,0,0,2026-04-02,2026-04-02,1889,15,24,12
"I only needed to see the intro fmv  and be referred to as the Master of Unlocking to satisfy the price of admission for me.  Welcome back despicable tank controls --  I missed you, too.",185,1,1,0,0,0,2026-04-02,2026-04-02,0,11,24,24
"""Give us a couple of bucks, and we'll give you a 30 year old game that's bundled with some ♥♥♥♥ ass DRM. And no, we will not include Steam Deck support, Steam achievements, or cloud saves. How's that sound?""

Well Capcom, that sounds about as good as the Mansion Basement theme from the Resident Evil Director's Cut OST.",320,0,1,0,66,12,2026-04-02,2026-04-02,3693,166,5,5
best april fools ever,21,1,1,0,0,0,2026-04-02,2026-04-02,0,28,211,148
"Its Retro games i like it yeah cool but its 1s aprils joke or something ? Hmmm... its like deja vu again again again .
I feel resident evil i laughing from old videos and music , but yeah cool thank you anyway i will play it later on and finish it .",249,1,1,0,0,0,2026-04-02,2026-04-02,866,457,7,7
That was too close. You were almost a Jill sandwich.,52,1,1,0,1,0,2026-04-02,2026-04-02,795,5,18,17
"Doesn't currently work on Steam Deck. Proton should eventually update but currently it doesn't work.

Edit: It works with some tinkering. https://www.youtube.com/watch?v=BZPrYxSA62s",181,1,1,0,79,5,2026-04-02,2026-04-05,407,121,10,10
controls are utter wank,23,1,1,0,0,1,2026-04-02,2026-04-02,171,2,13,9
Controller support doesn't work,31,0,1,0,4,2,2026-04-02,2026-04-02,0,74,7,7
"I dont know a lot about enigma drm or whqatever just know:
it doesnt use tab, shift or mouse just keyboard but idrc its essientally a direct port of the original pc port , but idrc .
its good though i just dont know a lot about much pc things  :/
i  love this game though",274,1,1,0,0,0,2026-04-02,2026-04-02,0,13,43,25
"This is where it all started. Everyone knows the 2002 remake did it best, but I still think this game is great and worth buying if you’ve never played it or if you just love the franchise like I do. The biggest flaw for me is there are still no achievements. I want to earn them all!

Also, Capcom, please put Clock Tower and Haunting Ground on Steam!",351,1,1,0,47,2,2026-04-02,2026-04-02,0,18,71,71
My favourite Resident Evil is finally on steam,46,1,1,0,0,0,2026-04-02,2026-04-02,15,2,30,12
im pregnant with jills baby,27,1,1,0,4,2,2026-04-02,2026-04-02,274,3,9,9
,0,1,1,0,0,0,2026-04-02,2026-04-02,151,177,1248,5
"Capcom releases the OG RE trilogy and Breath of Fire IV on Steam on April Fool's Day?

More like .. April Cool's Day, amirite?

It's a great way for players new to the series to experience the original games since at least in Jill's campaign (haven't tried Chris yet), you don't have to worry about ink ribbons. My muscle memory forces me to go check every spot there used to be an ink ribbon though. It's also really nice being able to skip the door animations. I also forgot how satisfying it is decapitating two zombies with one shotgun shell.

For new players, just pick Jill for your first run and go in blind. It's not so tough -- you got this!

CAPCOM, GIVE ME BREATH OF FIRE III ON STEAM AND MY LIFE IS YOURS!",717,1,1,0,1,1,2026-04-02,2026-04-02,0,57,264,96
"Doesn't work on Steam Deck.

To get it working, I had to use Protontricks to manually install the .reg files, I also had to add ddraw to the wineconfig library. Video files still unfortunately play small.

More info by chumm: https://steamcommunity.com/sharedfiles/filedetails/?id=3697492100",291,0,1,0,17,4,2026-04-02,2026-04-02,812,46,752,94
Great that its on PC now. Doesn't even run on Linux though.,59,0,1,0,11,4,2026-04-02,2026-04-02,414,8,6,6
hehe Jill sandwhich hehe so funny,33,1,1,0,1,1,2026-04-02,2026-04-02,61,26,641,8
PEAK,4,1,1,0,0,0,2026-04-02,2026-04-02,0,393,251,23
What an awesome time to be an RE fan! Getting RE9 and being able to go play the OG trilogy is exactly what I've been craving!! What a great year for RE (ALSO PLEASE BRING CODE VERONICA OG AS WELL),196,1,1,0,3,0,2026-04-02,2026-04-02,0,5,26,11
i already brought all 3 on gog and ill buy all 3 again i love these games. resident evil 1 is amazing come get lost in the mansion again !!,139,1,1,0,8,0,2026-04-02,2026-04-02,208,6,517,8
erm.. wesker.. the residents here may be evil!!,47,1,1,0,3,0,2026-04-02,2026-04-02,229,71,10,10
The Residents were evil 😮,25,1,1,0,5,2,2026-04-02,2026-04-02,0,53,13,13
"Of the first three OG games, this is biggest ""you can take it or leave it"" of them. The 2002 Remake improves on this game in such a way, that skipping this and going straight to that one is usually considered the recommended path for first time RE players. 
Although, I will say, the dialogue in this one is so entertaining. Like in a ""it's so bad it's good"" way. All the line deliveries sound like they just did it in one take and moved on. Some newer players let it ruin their experience of the game, and honestly, they need to loosen up and not take it so serious. There's many voice lines in this game that are Still iconic memes to this day. 
Overall though I'd say it's still worth visiting at some point after you've beaten the Remake. If for anything, just so you can see how far the series has come, and even carry over some of the knowledge you learned in the remake, to use here.",890,1,1,0,1,0,2026-04-02,2026-04-02,652,202,35,35
"""Let's report this to Wesker!""

Make sure to check out the recently released fan film Resurrection: A Biohazard Story on the Residence of Evil channel on YT to see some of the original actors in these roles again",212,1,1,0,5,0,2026-04-02,2026-04-02,0,74,31,31
Beautiful to see the OG trilogy finally on Steam.  Please add achievements and Steam Deck support!,98,1,1,0,3,0,2026-04-02,2026-04-02,0,222,488,9
almost became a jill sandwich,29,1,1,0,1,0,2026-04-02,2026-04-02,0,5,91,91
"Where it all began. An absolute classic, even though it has some jank. There's still something special about playing the game that started it all. An absolute masterclass and survival horror pioneer.",199,1,1,0,32,2,2026-04-02,2026-04-04,221,11,340,181
"Update: Follow this guide to get the game running on SteamOS/Linux: https://steamcommunity.com/sharedfiles/filedetails/?id=3697492100

So! This release is not great. For me, I own it and the other two classic RE games just to own them on Steam. If that's what you want, stop reading this review and just buy them for the library entries. 

But for a game to actually play? You're in for a bit of a mess without installing mods - and by installing mods, I mean deleting everything Steam downloads and dragging over the installation of a better version of RE1. 

Out of 1, 2 and 3 this is the second best port. Controls almost work perfectly out of the box... if you're willing to use only the joystick to move, anyway. I've got a little tip for classic RE games: Using the joystick sucks. Tank controls work best with a DPad, and the Xinput implementation here doesn't want to let you use the Dpad in bindings. 

Getting past that, it's the classic RE1 PC port experience. The game runs a little fast by default - not to the extent of an unpatched install of RE1PC, but this is still a game that wants to run as fast as your CPU will let it. 

And then you gotta look at it. This isn't really the fault of this port, these are pre-rendered backgrounds in a game that came out a year and a half or so in the PS1's life; they're low res 320x200 images and they're highly compressed. At modern resolutions you're gonna be seeing compression block artifacts as big as your hand. For someone who grew up with these games, I can look past it, but for someone who has never even smelled an RE game older than 4 it will probably be super distracting. 

But - it's still the PC port, and that means you have a couple of cool features. Beating the game will get you some unlockable machine guns which no other version of RE1 has. You can skip door loading scenes, and the intro is uncut and in full color. Jill has unlimited saves on her first playthrough and Chris...

Well, Chris is still hardmode. 

Also, weird DRM, strange choice for games that were already re-released on GOG and for this one in particular which is 30 years old.

But I love Resident Evil. I want Capcom to know I still love these old games to death and will crawl through broken glass to play them. But I can't recommend purchasing them unless you've got the same classic RE brainrot. There are better ways to play this classic game.",2396,0,1,0,100,4,2026-04-02,2026-04-04,940,10,95,95
"""What? Oh! Oh Noooooo!""",23,1,1,0,1,0,2026-04-02,2026-04-02,0,2,18,5
That was too close. You were almost a Jill sandwich!,52,1,1,0,5,1,2026-04-02,2026-04-02,196,35,10,10
Capcom we definitely need steam achievements on this game!!!,60,1,1,0,26,0,2026-04-02,2026-04-02,0,27,92,6
"Wow, what a mansion!",20,1,1,0,2,0,2026-04-02,2026-04-02,996,42,88,24
"Finally out after being stuck on GOG or emulation unfortunately DRM in this version but you can change the exe with a drm free, hd mods like SeamlessHD do work as well",167,1,1,0,1,0,2026-04-02,2026-04-05,77,3,295,235
"I though it was April fool when one of RE's fans said the original classic RE1 - RE3 are released... But it turned out to be real. Though it is not remastered, but it runs well on my PC. Capcom provided new setting for steam user to play this game at up to 4k resolution.

Old but classic. 10/10. RE fans, including young ones, you all should collect this!",356,1,1,0,16,1,2026-04-02,2026-04-02,855,59,5,5
"DO NOT BUY RE1 FROM STEAM, BUY IT FROM GOG.

Now that that's out of the way: This version of RE1 has a lot of the improvements from the GOG release, adds unnecessary DRM, and doesn't work at all on Steam Deck. This mirrors the exact same issues that DC1 and DC2 had when they came to Steam, and it's been over a month since those came out so I doubt Capcom would ever fix those issues here.

Windowed mode is broken, no steam overlay, no achievements, minor graphical issues, and more. These issues persist over ALL 3 original games.

There is absolutely no benefit to buying the game from Steam when all it does is add DRM and be less accessible than the already great GOG releases.

UPDATE 1: It is now possible to play all OG games on steam deck via proton experimental.",773,0,1,0,1082,45,2026-04-02,2026-04-10,1390,30,18,18
The best game ever created 🚬,28,1,1,0,6,0,2026-04-02,2026-04-02,0,10,717,13
"It's a great game, although my PC has a hard time handling such stunning and powerful graphics...",97,1,1,0,34,115,2026-04-02,2026-04-02,566,18,518,22
"After 31 hours, this game remains an absolute masterpiece of classic horror.
⠀⠀⠀⠀⠀⠀⠀⣠⣤⣾⣿⣿⣿⣿⣿⣶⣄⡀⠀⠀⠀⠀⠀⠀⠀
⠀⠀⠀⠀⠀⠀⢠⠛⠋⠉⠛⠋⠛⠛⠙⠿⣿⣷⠀⠀⠀⠀⠀⠀⠀
⠀⠀⠀⠀⠀⠀⠸⣀⣀⣀⣤⣤⣤⣤⣶⡆⣿⢿⡇⠀⠀⠀⠀⠀⠀
⠀⠀⠀⠀⠀⠀⠀⢸⣿⣿⣿⢿⣻⣟⣿⢷⡼⠿⢟⠀⠀⠀⠀⠀⠀
⠀⠀⠀⠀⠀⠀⠀⠀⠛⠉⠉⡉⠀⠀⠀⣠⣴⣶⣻⠀⠀⠀⠀⠀⠀
⠀⠀⠀⠀⠀⠀⠀⠀⢢⣤⣴⣿⠀⢲⣾⣿⣿⣿⡏⠀⠀⠀⠀⠀⠀
⠀⠀⠀⠀⠀⠀⠀⠀⠀⢻⣿⡦⠤⠼⢿⣿⣿⣿⡇⢠⠀⠀⠀⠀⠀
⠀⠀⠀⠀⠀⠀⠀⠀⠀⠀⠻⣶⣶⣿⡿⠋⠁⠈⢀⣾⣧⡀⠀⠀⠀
⠀⠀⠀⠀⠀⠀⠀⠀⠀⠀⠀⠈⠉⠀⠀⠀⠀⣰⣿⣿⣿⣷⢀⡀⠀
⠀⠀⠀⠀⣀⠀⠀⠀⠀⠀⠀⠀⠀⠀⠀⠀⠀⠘⣿⣿⣿⢏⣿⣿⣷
⣠⣴⣾⣿⣿⣿⡟⠁⠀⠀⠠⣤⣤⣤⢀⣤⣴⠂⠘⣿⠋⣾⣿⣿⣿",362,1,1,0,4,0,2026-04-02,2026-04-28,377,7,1876,1876
"we need steam os / steam deck support and cloud save option! capcom, come on!

and yes its finally on steam. i love it so far.",126,1,1,0,340,3,2026-04-02,2026-04-02,1259,4,232,14
esta mjr la version del lefitas,31,1,1,0,0,0,2026-04-02,2026-04-02,204,16,20,15
Gimme my Jill Sandwich!!!,25,1,1,0,6,4,2026-04-02,2026-04-03,9623,42,6,6
"Finally CAPCOM brought their classic trilogy to Steam, I couldn't resist and bought all 3 games! 
I have a lot of affection for this franchise, THANK YOU CAPCOM!!!",163,1,1,0,103,4,2026-04-02,2026-04-02,0,59,322,10
the camera angles are so bad but this is really the OG game,59,1,1,0,6,9,2026-04-02,2026-04-02,0,13,5,5
DONT GET THIS GAME ITS A VIRUS AND IT'LL BRICK YOUR GPU DONT GET THIS GAME PLEASE FOR YOUR OWN SAFETY. THIS GAME HAS TO BE SOME APRIL FOOL'S JOKE IT JUST BRICKED MY ♥♥♥♥♥♥♥ GPU AND WHY THE HELL DO I HAVE TO HAVE WINDOWS 11 FOR THIS ♥♥♥♥ GAME. WINDOWS 11 DIDNT EXIST IN 1996.,274,0,1,0,23,72,2026-04-02,2026-04-02,0,5,10,8
"What can I say, it's a classic",30,1,1,0,13,1,2026-04-02,2026-04-02,473,111,60,10
bought this in a heartbeat with the other two such a peak game,62,1,1,0,7,1,2026-04-02,2026-04-02,193,10,73,8
"That was too close, you were almost a Jill Sandwich!",52,1,1,0,36,16,2026-04-02,2026-04-02,617,58,33,31
you can skip the door animation,31,1,1,0,30,1,2026-04-02,2026-04-02,260,4,9,9
This house is dangerous... There are terrible demons... OUCH!!,62,1,1,0,34,8,2026-04-02,2026-04-02,88,2,34,9
"i thought this was April Fool's joke when I saw this game on my front page, but appaprently it's not haha. 


Plays surprisingly well on modern gaming PC, and you can't beat the original!",187,1,1,0,460,36,2026-04-02,2026-04-02,0,27,15,15
