context,count
carlos,70
carlos is hot,15
carlos 3,7
carlos oliveira,6
i love carlos,5
you in a cold cruel carlos less world,3
live in a cold cruel carlos less world,3
carlos is so hot,3
carlos hot,3
absolute carlos,2
t a r s and carlos oliveira of the umbrella biohazard,2
w carlos,2
is short and relatively sweet carlos is a highlight by far,2
i love jill and carlos,2
carlos my goat,2
cold cruel carlos less world,2
carlos daddy,2
could never live in a carlos less world,2
playing as both jill and carlos,2
can t live in a carlos less world,2
carlos enough said,2
10 10 for carlos not leaving us in a,2
living in a cold cruel carlos less world,2
carlos is hot af,2
carlos awooga,2
left in a cold cruel carlos less world,2
carlos has nice biceps,2
came for jill stayed for carlos,2
carlos could get it,2
carlos my beloved,2
carlos can you use that explosive,2
just stop oh my god carlos is a hispanic umbrella mercenary,2
carlos less world,2
carlos is daddy,2
jill i m just happy carlos doesn t actually die,1
i do like jill and carlos i prefer leon claire ashley,1
opportunity to play jill and carlos trying to navigate the outbreak,1
play this for jill and carlos trust,1
easy to platium hehe also carlos in modern graphics is a,1
chad guy whats his name carlos that guy has a good,1
this because of jill and carlos,1
of raccoon city jill valentine carlos nemesis zombies hunters explosions laboratories,1
get to play as one carlos it was nice getting to,1
of raccoon city alongside newcomer carlos in an action horror take,1
really liked jill valentine and carlos oliveira jill feels tough and,1
action i especially enjoyed the carlos segments which kept the game,1
especially loved the moment when carlos goes to the rpd—it felt,1
mismatched socks not to mention carlos and his trusted hairdresser who,1
"  story made boring carlos and jill are both stale",1
are also really likeable especially carlos was a joy to play,1
was waiting for jil and carlos to kiss,1
but its kinda short and carlos and jill are goated af,1
i love jill i love carlos but it s definitely making,1
is fighting for her life carlos is fighting his hairline and,1
its fun also jill and carlos are hot,1
swim jill valentine jill and carlos are both awesome characters the,1
carlos the woman you are,1
issue is that even though carlos is a way more fun,1
this mutant jill comes across carlos member of the umbrella corp,1
certified classic carlos is stealing the show 100,1
three way with jill and carlos sadly,1
a r s vs umbrella carlos is really cool and i,1
is made very unlikeable whilst carlos is stripped of all character,1
deeply enjoyed the character of carlos however brief it may be,1
that was already a plus carlos grew on me immediately with,1
enjoyed playing as jill and carlos with a different perspective of,1
changes to the character of carlos he becomes a very likeable,1
detail for ex in re3r carlos has to blow up the,1
og i liked jill and carlos the game was fun to,1
feels a little rushed and carlos could ve used some more,1
at the hospital area with carlos and keep reloading to farm—you,1
and i love jill and carlos they are adorable i don,1
like playing re3 nemesis and carlos made it super fun and,1
i like the jill and carlos dynamic duo idk much about,1
jill s dodge mechanic and carlos s punch make combat incredibly,1
bad to live in a carlos less world,1
me ranting about jill and carlos jill valentine chef s kiss,1
enjoyable protagonist to play as carlos was also a likeable character,1
like a scripted spectacle b carlos is a wasted character b,1
"character interactions between jill and carlos   cons much shorter",1
carlos is sooo hottt like oh,1
kinda disliked a bit of carlos segments but still had fun,1
the interlaced story line of carlos and jill its refreshing way,1
waaaaaaay too much cut content carlos visiting the rpd instead of,1
some pile of debris that carlos was too big to fit,1
"item   jill and carlos are the only slightly interesting",1
"i loved carlos sexy butt oooh la la",1
deserved better after surviving arklay carlos superpunch outshines jills toddler sidestep,1
grace for this game is carlos seriously he saves this game,1
e a relação dela com carlos ganha mais espaço do que,1
and i think it works carlos has some really funny lines,1
"leave us in a cruel carlos less world  good combat",1
massively hammy villains jill and carlos also had a really fun,1
to play as jill and carlos both were enjoyable to play,1
smooth and responsive jill and carlos received excellent redesigns and the,1
i really liked jill and carlos i know jill has been,1
la relación entre jill y carlos está muy bien llevada y,1
carlos se coge a leon fácil,1
i really liked jill and carlos i enjoyed switching between the,1
have to mention is that carlos in the remake is so,1
enjoyed playing both jill and carlos however little time i had,1
10 play if you want carlos,1
don t enjoy jill and carlos as much as i like,1
evil 2 jill valentine and carlos oliveira carry the narrative well,1
it was longer but holy carlos is fine as hell 🤤🤤🤤🤤🤤,1
same sections between jill and carlos are contrastingly different almost glaringly,1
leans more into action with carlos sections and jill s dodge,1
fun carlos is goated,1
be more outfit options for carlos given how jill has multiple,1
2 remake still jill and carlos were great protagonists i didn,1
"softblocking the game pros  carlos",1
the relationship between jill and carlos needed to be fleshed out,1
level was awful and every carlos segment bored me to tears,1
nemesis et sur pour daddy carlos,1
unstoppable and i am sad carlos isn t in any other,1
is missing in this remake carlos is underutilized compared to the,1
game in the franchise where carlos oliveira appears i give it,1
i love both jill and carlos,1
game super fun good soundtrack carlos and jill are amazing nemi,1
jill is fine ♥♥♥♥ but carlos is even more fine ♥♥♥♥,1
did enjoy how they fleshed carlos out more and managed to,1
her development in flow with carlos the plot unraveling with umbrella,1
is an excellent protagonist and carlos the u b c s,1
the characters here i think carlos is a little overrated but,1
carlos best re character trusstt,1
garbage except for my goat carlos worst re game i have,1
liked the other perspective from carlos this was an improvement over,1
part was the hospital with carlos but when it came to,1
limited in choice e g carlos second costume is exactly the,1
charming character same applies for carlos i had no idea he,1
t relate to jill or carlos at all here so even,1
where you take control of carlos completely changing the pacing of,1
"1 jill and carlos ily 2 yes jill nikolai",1
of creating long term tension carlos was another pleasant surprise i,1
tends to keep crashing during carlos dialogue just as he is,1
and i liked jill and carlos,1
i loveeeeeee carlos,1
protagonist and her chemistry with carlos is absolutely outstanding in many,1
scary and damn short characters carlos 10 gamesprice get it on,1
"long term tension   carlos was another pleasant surprise i",1
5 10 mainly cause of carlos 3,1
ruined as a character because carlos has to save her all,1
has a small ass but carlos has a big ass,1
carlos and jill r the queens,1
another highlight jill is great carlos ended up being way more,1
with jill s perfect dodge carlos punch mechanic was fun to,1
except brad vickers and kendo carlos spends most of the game,1
the switches between jill and carlos were made good jill s,1
for jill and counterattack for carlos was a great reboot from,1
and others after jill and carlos are fun to watch and,1
off unlike leon and claire carlos is ok but not my,1
of the main characters both carlos and jill despite being elite,1
t live in a cruel carlos less world t t,1
"the romance between jill and carlos a lot  both those",1
play switching between jill and carlos keeps things fresh and nemesis,1
it s no different here carlos was a wimpy idiot in,1
carlos oliveira no other explanations needed,1
playing as both jill and carlos but nemesis just feels more,1
faster jill is a badass carlos is awesome rip brad,1
low key scary but carlos is there sometimes,1
carlos ain t leon but i,1
the dynamic between jill and carlos loved it jill is a,1
carlos 333,1
honestly loved the jill and carlos especially the big man and,1
need more of jill and carlos right now,1
jill s perfect dodge and carlos s rifle turned raccoon city,1
jill and carlos need to make out,1
here is fantastic jill and carlos are incredibly well written the,1
enjoyed playing as jill and carlos running around raccoon city and,1
jill and carlos very sigma in big six,1
the rewrites to jill and carlos are appreciated jill being more,1
jill and carlos can tag team me,1
yes jill and carlos sooo goodddd,1
in the original jill and carlos were great especially jill i,1
aint 3 without our carlos,1
was the expanded hospital section carlos gets a lot more screen,1
carlos s so ♥♥♥♥♥♥ hwatt,1
mismanagement like 2 or something carlos parts were pretty fun wish,1
papa carlos,1
just to hear jill and carlos make funny comments on stuff,1
aside from that jill and carlos are a likeable duo resource,1
pleasing action with jill and carlos,1
trash and the characters except carlos are boring to watch play,1
enjoyed this one still love carlos hes my go to papa,1
nemesis and getting saved by carlos the levels feel too small,1
well sooooo like ehhh but carlos vittu carlos raaaaahhhhh gimme that,1
rağmen oyunda farkettiğim şeylere gelirsek carlos dan çok jill ile oynuyoruz,1
needs a cleaning crew but carlos s interactions in the station,1
no bloat the additional character carlos was great too i can,1
in the boss fight after carlos section it s got camera,1
like carloooos more i wish carlos had a bigger role the,1
valentine is my favorite protagonist carlos is my favorite side character,1
t wanna live in a carlos less world 3,1
not to love jill and carlos i was even a bit,1
characters such as jill and carlos are so unforgettable that it,1
fanfictioning they were jill or carlos with an autistic penchant for,1
re2 whose idea was that carlos and the hospital carlos was,1
you in a cold cruel carlos less world h1 i m,1
so ♥♥♥♥ that my boi carlos is the comic relief of,1
las escenas de acción y carlos oliveira el juego se queda,1
its two protagonists jill and carlos gameplay wise gun combat is,1
10 also bring our goated carlos back don t leave us,1
the previous game s either carlos is pretty much a non,1
ve been interesting if the carlos sections were more combat focused,1
play as both jill and carlos if their playstyles are so,1
place with slight differences with carlos raccoon city downtown was the,1
really enjoyable time with it carlos is much more charming here,1
hope they let my boy carlos return in future games,1
protagonist and her interactions with carlos oliveira add personality and heart,1
jill valentine and carlos oliveira are fighting against nemesis,1
carlos is handsome,1
but can t compete with carlos,1
carlos is no chris but its,1
awesome game jill and carlos were engaging characters to follow,1
wanna complain is the fact carlos doesnt exists anywhere after this,1
carlos is just a chill guy,1
hehe carlos haheahheaehahsehaae,1
carlos suit mod,1
dodge ability on jill but carlos attack ability is just bad,1
please bang me carlos hes all i ever think,1
short absolutely love jill and carlos as a duo can t,1
"well it looks gorgeous and carlos is the goat  as",1
jill and carlos better be dating at the,1
that jumps between jill and carlos it makes for a more,1
and the gameplay saved it carlos parts are better than the,1
i looooove jill i loooooooove carlos i haaaaaaaaate nemesis,1
nemesis you one tough ♥♥♥♥♥♥ carlos you a beast too ♥♥♥♥,1
is being able to change carlos s hair to his og,1
yes carlos hot yes yes,1
gem loved the jill and carlos story nemesis is amazing literally,1
seconds and takes nothing seriously carlos you can play as carlos,1
for jill and voice actor carlos amazing bad feels and is,1
jill carlos nemesis all have a special,1
because of carlos,1
oh hello carlos wowie,1
puzzles to solves and jill carlos are way more agile than,1
is such a badass and carlos is perfect the game faulters,1
bring carlos back,1
capcom should bring carlos back i m so tired,1
carlos is a ♥♥♥♥♥♥♥ geek ♥♥♥♥,1
carlos is the goat,1
my personal complaint is the carlos section there s too much,1
how when you switch between carlos and jill they re actually,1
cool i love jill and carlos and i absolutely love fighting,1
sarap ni carlos capcom please bring back carlos,1
resident evil 3 jill and carlos were both great and made,1
"best side character so far carlos  cool boss fights cons",1
so far jill is badass carlos is also very cool im,1
is the game overall length carlos is the real mvp,1
mmmmgh carlos also nemesis is so fun,1
part for me was the carlos section at the hospital but,1
"got some thoughts  the carlos problem  first of all",1
that they changed jill and carlos s characterizations but for me,1
of being moderately rude to carlos for no reason or just,1
from the game love jill carlos though,1
to do it confidently with carlos and good gameplay the bad,1
again which is awesome and carlos is hot so hell yeah,1
imagine living in a carlos less world,1
visited maps in re2 remake carlos instead goes over there when,1
one in terms of characters carlos is quite a bit weaker,1
love you jill valentine and carlos oliveira,1
meets leon in re2 found carlos went in the subway left,1
"you in a cold cruel carlos less world   7",1
my ammo count i liked carlos and his appearances kept the,1
boss fight with nemesis where carlos smacks him with a crane,1
i loved this jill and carlos are awesome and would def,1
action packed and good looking carlos is amazing jill is badass,1
the skills that jill and carlos had visiting the raccoon city,1
too while the jill and carlos are great characters and their,1
higher difficulty jill is cool carlos is hot nemesis can ♥♥♥♥,1
carlos should stop tryna hit on,1
like a dlc to me carlos cracked me up with “this,1
hate to live in a carlos less world some enemies are,1
shame cause i kinda liked carlos and jill and carlos is,1
after the graphical update basically carlos hair they made where on,1
"i thoroughly enjoyed jill and carlos  carlos is awesome 3",1
do a perfect dodge but carlos has a full on counter,1
the characters from jill brad carlos and hell even nemesis were,1
s worth playing thought because carlos is in it,1
will lead you to believe carlos is a real character in,1
escaping nemesis i liked the carlos rpd part and hospital lockdown,1
"i love jill and carlos they should be together ",1
jill is a great protagonist carlos is solid too and the,1
character designs for jill and carlos i really liked as they,1
of re2 especially during the carlos sections which i honestly preferred,1
the gameplay with jill and carlos is extremely fun especially with,1
"was the action parts as carlos  also there was constant",1
carlos i needc carlos so bad,1
bullet spongey and jill and carlos feel a lot less sluggish,1
sections the hospital end with carlos had me putting it down,1
whole game by everyone go carlos,1
nemisis scenes the parts as carlos were also very cool especially,1
carlos best character ever,1
they did carlos and jill dirty in the,1
till threat is gone whereas carlos s gameplay is more of,1
amazing story and conclusion and carlos is epic plus jill is,1
the characters are appealing especially carlos he is quite goofy and,1
downtown the rpd and not carlos doing the rpd jill did,1
every case of dialogue from carlos he will praise jill or,1
more fun experience for me carlos weapons in particular were super,1
re1 some good lines and carlos just being a video game,1
u jill and down for carlos too,1
to explore the rpd before carlos oliveira which doesn t seem,1
she teams up with mercenary carlos to find a vaccine and,1
never warmed up to jill carlos won me over after a,1
favor of cutscenes and the carlos show but it s also,1
"the character dynamics  both carlos and jill are incredibly well",1
thing is that the new carlos is a lot better than,1
carlos is so hot icl,1
oldschool jill in bubetube top carlos looks better in the curly,1
you… because it literally is carlos also deserves some love—he brings,1
we gonna play only as carlos but supercop jill can handle,1
very good carlos is great jill is great,1
fun game showing jill and carlos sides of the raccoon city,1
carlos one chace i beggg lowkey,1
jill valentine carlos oliveira butchfemme lesbian couple,1
s too close and jill carlos head is almost always blocking,1
good game with hot asf carlos that i can play as,1
carlos indeed left us in a,1
hand the sections played as carlos oliveira add a different tempo,1
jill carlos ada leon,1
story is pretty interesting and carlos is a better character than,1
with top notch depictions of carlos nikolai and especially jill who,1
my friend cream for carlos olivera good graphics but i,1
t wanna live in a carlos less world,1
resident evil jill is beautiful carlos is my crush but game,1
villain i liked claire and carlos but the story just did,1
with her own ptsd and carlos and his squad who decided,1
jill and carlos makes me h0rny,1
her in the first game carlos so sexy ♥♥♥♥♥♥♥♥ man devs,1
can t be in a carlos less world today,1
loved this story jill and carlos are badass and shout out,1
i love modding shirtless carlos,1
only return to rpd as carlos never as jill on top,1
gran jugabilidad buenos graficos a carlos le dan mas protagonismo nemesis,1
it nemesis is pretty cool carlos and jill arent bad what,1
leaning more toward re2 while carlos s soldier background is reflected,1
mechanics both as jill and carlos while i think i had,1
"good game no carlos oiled up",1
buy it on sale also carlos is my goat hes so,1
wish they would bring back carlos and dodge rolls,1
really liked was nest 2 carlos nemesis s aura and the,1
re2 down to spoiler jill carlos exploring rpd hours before leon,1
she was in re1 and carlos is interesting too being introduced,1
spend more time with her carlos is a fun duteroganist he,1
the characters both jill and carlos are a 10 10 i,1
they decided to never bring carlos back after this game is,1
i do not understand why carlos my beautiful boy is the,1
i enjoy every boss fight carlos and jill and their own,1
jill x carlos,1
other hand are massively improved carlos and jill have way more,1
great play as carlos again,1
it was rly rushed game carlos is delicious,1
although very limited jill and carlos are great protagonists and improvements,1
jill is mommy and carlos is daddy,1
behaved like a feminist with carlos first but later on she,1
the characters mainly jill and carlos but still not direct upgrade,1
a lot of good parts carlos was a major saving grace,1
a bad game at least carlos is hot,1
the characters i lowkey love carlos lol not sure if the,1
fun jill is a badass carlos is also a badass and,1
a cold carlos less world hr hr i,1
kanggg maen pake bejil ama carlos,1
to shoot him now with carlos s help it just feels,1
such as jill valentine and carlos at the helm overall while,1
worse than re2 but carlos is kinda hot so it,1
only adds a hairstyle for carlos and classic jill outfit but,1
much happening if you are carlos then in the end you,1
great game but please bring carlos back in resident evil 10,1
the whole budget went onto carlos i respect,1
still a badass though and carlos is just as cool as,1
with a police car and carlos saves her it s a,1
enjoyed jill s story the carlos character was ok i could,1
content from the original though carlos is definitely another highlight of,1
oughhhh carlos papa,1
game and you ll understand carlos is much more respectable and,1
mommy jill and daddy carlos,1
also had some personality jill carlos and nicolai are solid aspects,1
game are the mods and carlos,1
depth her interactions especially with carlos feel grounded and natural in,1
is too brutal jill and carlos jill is in my top,1
bring carlos back i miss carlos,1
certain times you play as carlos as you play s either,1
the initial scenes you meet carlos immediately like wtf bought it,1
her far more interesting already carlos was a decent character and,1
side note on the action carlos dodge feels great as it,1
locations one added location for carlos only one ending no more,1
oh carlos,1
carlos cool👍,1
writing is fine i liked carlos he was cool i liked,1
even more unpredictable to shoot carlos charge would also seldom work,1
"the story   also carlos is ♥♥♥♥♥♥♥ hot  ",1
you in a cold cruel carlos less world never appears again,1
short no part b for carlos as the storys are intertwined,1
carlos 🤤,1
series i ended up liking carlos more than leon coming from,1
the redesigns of jill and carlos specially carlos are fantastic and,1
to play the rest im carlos ing it rn,1
jill is boring but carlos throws hands,1
not scary at all and carlos is the best character by,1
i love both jill and carlos a lot i really hope,1
live laugh carlos,1
amazing bring carlos back,1
best acting in re and carlos and jill have great chemistry,1
carlos is my daddy,1
t imagine myself in a carlos less world,1
the series jill valentine and carlos are expertly written and performed,1
knowing who nemesis jill and carlos are so while i cannot,1
when playing as jill and carlos the highly trained special operatives,1
and are js there for carlos or jill anyways i d,1
a pity because jill and carlos are rather entertaining characters would,1
♥♥♥♥♥♥♥♥♥ carlos is hot,1
carlos might b e the best,1
them and when playing as carlos you can just punch monsters,1
like this game jill and carlos very good duo and dinamic,1
and my wallet at least carlos is hot,1
it i don t hate carlos getting the rpd section and,1
also really really fun the carlos sections had me really tense,1
wish i played carlos more but it was a,1
bad the whole time except carlos,1
give me more carlos,1
half is just a slog carlos gameplay is not fun period,1
carlos the goat worth every penny,1
expecting more action than scares carlos and jill are absolute badasses,1
love to see daddy carlos and mama jill working together,1
when i saw carlos for the first time i,1
can evade damage and as carlos you can also sidestep but,1
capcom please bring carlos oliveira back,1
good game bc carlos,1
liked about this game are carlos and the fact that everything,1
i got forced closed with carlos in rpd a cut scene,1
the movement for jill and carlos feels a bit slow and,1
you like sexy men named carlos this is for you and,1
carlos less world truly would be,1
"feel like a badass playing carlos  the game play is",1
"an extra leg to the carlos world   what fun",1
hours to complete luv u carlos 3,1
very fun overall i love carlos,1
game and i like the carlos character alot hope it will,1
by gooning too much to carlos,1
the cringe and cliche moments carlos parts were amazing and make,1
mmm carlos,1
the defense mechanism jill and carlos has is also very strong,1
game did was give us carlos redesign it s an embarrassment,1
still fun to play as carlos and punch zombies back,1
playing with one hand during carlos sections but i managed,1
"city being very good  carlos is also a very cool",1
8 3 10 carlos,1
play again just to see carlos huge mighty musty unshaven bush,1
but why the hell does carlos have an afro,1
and the main villain sucks carlos is the only interesting part,1
é boa demais e o carlos está bem melhor nesse remake,1
stupid sexy carlos,1
carlos 🤤🤤🤤🤤🤤🤤🤤🤤,1
the dynamic between jill and carlos was the best part some,1
jjk the remake expand on carlos at least but it trimmed,1
i absolutely love jill and carlos especially jill i really do,1
the only good part was carlos character,1
nemesis gets knocked down by carlos who was coincidentally nearby with,1
was when i played as carlos tbh gameplay is mid story,1
of it is playing as carlos and his character as a,1
my type nemesis obsession carlos protection,1
while i really liked leon carlos and jill were both felt,1
ps1 game however jill and carlos are both way cooler in,1
too only just depart with carlos for first time and have,1
i live in a cruel carlos less world,1
d like for example new carlos might have a cool personality,1
was cut but besides that carlos managed to save it and,1
"short game but good  carlos is hot",1
carlos still having the best hair,1
to cut scene pretty much carlos is still the goat though,1
this isn t a cruel carlos less world,1
can t get enough of carlos and his arms i need,1
of supplies across the map carlos is a funny dude and,1
masterpiece and also i love carlos sososo much hes so underrated,1
carlos really needs a haircut,1
carlos vuebi menya v srakotan,1
ammunition the hospital part w carlos creeps me out,1
good gotta love jill and carlos also nemesis scary and intense,1
very fun w carlos,1
long live racoon city carlos the goat,1
beautifully and both jill and carlos are fun to play as,1
i ❤️ jill valentine carlos chill too ig… i feel,1
enough gratuitous ass povs for carlos,1
isn t that bad and carlos sections are generally better than,1
omg hi carlos,1
the remake because i want carlos to spit on me,1
long hair carlos,1
a cruel carlos less world,1
do swap between jill and carlos occasionally the carlos sections didn,1
superior in almost every way carlos has stupid hair after re2,1
her once more after playing carlos for the first time though,1
carlos butt does not allow him,1
open market both jill and carlos play differently but prove to,1
jill and my baby daddy carlos,1
just be my favourite re carlos highkey the hotter leon and,1
run away from nemesis yeah carlos helll yeah still a w,1
just limited ammo hell playing carlos was supposed to be easier,1
im gonna goon to carlos,1
counter mechanics introduced with jill carlos,1
hate the hospital section as carlos as it has all the,1
r s rahhhhhh w game carlos sexy ahh,1
sendo muita ação e do carlos sendo mais parada e tensa,1
"review  jill is pretty carlos could do more nemesis still",1
its so good i luv carlos,1
jill loved her in 1 carlos is a cutie and i,1
jill and carlos my goats,1
ve seen from the original carlos got a serious upgrade and,1
characters like jill valentine and carlos oliveira are brought to life,1
carlos is the best character ever,1
to control both jill and carlos the addition of dodge mechanics,1
every time carlos was on screen i had,1
in the most tense moments carlos oliveira initially seems more light,1
if we re being honest carlos redesign i feel is superior,1
feel very cool yes yes carlos included 8 10,1
"but it was fun especially carlos s segments  its s",1
at you at the start carlos and the umbrella mercs are,1
lol and the sequence with carlos was also great while the,1
this has to be cinema carlos could have my children and,1
the story along with jill carlos,1
the first minute already oh carlos already oh i m at,1
shake off a single zombie carlos is great though kind of,1
daddy carlos 33333333,1
girl jill love my man carlos and i had a fun,1
w carlos really enjoyed the game really,1
cool story and jill and carlos are awesome main characters,1
out of you from behind carlos fight at the hospital would,1
i also actually really like carlos while i prefer mr x,1
evil 2 remake jill and carlos but their stories are connected,1
we need more carlos content pls capcom i dont,1
love jill valentine s design carlos as a character and obviously,1
are some good things mainly carlos our yes our beloved i,1
really good game carlos leon,1
a joke but i miss carlos iconic line i know you,1
play jill a badass and carlos just sexy but some pet,1
that it was meant for carlos more than jill carlos s,1
zombie haha i love you carlos,1
"  meanwhile playing as carlos was so much better and",1
you in a cold cruel carlos less world yeah but capcom,1
w carlos l nikolai,1
around it i also love carlos 3,1
at large but i think carlos was severely under utilized here,1
"opened her mouth   carlos and tyrell are great ",1
"deal tbh  i like carlos",1
personality is trash arguing with carlos the entire time like a,1
the relationship between jill and carlos oliveira their banter and teamwork,1
protagonist and her interactions with carlos give the story some great,1
jill ve carlos uğruna oynanır,1
3 oh and i guess carlos is there too jkjk but,1
modern re games jill and carlos are certainly not bad or,1
"is just better except for carlos",1
literally played for carlos if ima be honest,1
changes they did with brad carlos and kendo i like how,1
comes back 3 times and carlos is a ♥♥♥♥♥,1
carlos is one of the boys,1
felt so badass playin as carlos,1
should be played jill vs carlos jill s evade mechanic is,1
the mirror is really good carlos is no longer a dweeb,1
and rooting for jill and carlos they have some nice chemistry,1
was so hard playing as carlos,1
capcom bring carlos and jill back pleaseeee argrggrgrgr,1
appreciate how they expanded on carlos and jill s characters through,1
in this game jill and carlos s story evolves into more,1
with jill and parry with carlos,1
better if i could crack carlos,1
for jill and one for carlos instead of giving carlos an,1
"d  hospital siege with carlos is so stupid like why",1
half where you play as carlos and stuff is pretty fun,1
with a pleasant side kick carlos who you can play as,1
great characters like jill and carlos but nemesis isn t as,1
performance in addition to jill carlos is a terrific supporting role,1
parts props enviroment characters especially carlos such great combination of a,1
worst of all is that carlos does the rpd this time,1
aggressive toward other characters particularly carlos oliveira and the u b,1
series i like jill and carlos i would love to see,1
i felt more unstoppable as carlos with his assault rifle the,1
3 the graphics and updated carlos model were awesome and i,1
i want more of carlos,1
no leon but jill and carlos,1
sighh i wish carlos can fist my tight hole,1
did with this remake was carlos they fixed his character just,1
the dumb swarm section with carlos i find it sad and,1
carlos oliveira my bae my boo,1
play one handed but with carlos its hard not too,1
carlos awakened something in me,1
actual potato pc jill and carlos needed more unlockable outfits tho,1
be split on even half carlos half jill the cut content,1
game wish there was more carlos,1
and i enjoyed all the carlos sections too somehow i liked,1
like the terrifying ps1 original carlos hair i just don t,1
h2 story and characters h2 carlos is my man but due,1
i really like jill and carlos first things first its short,1
good and i do love carlos its really held back by,1
never really gets paid off carlos is fun and doesn t,1
well and both jill and carlos are bad asses so that,1
the story her interactions with carlos oliveira add a lot of,1
way jill teams up with carlos oliveira a member of the,1
carlos more like hot,1
enjoyed switching between jill and carlos during the game but other,1
fight if someone had given carlos an actual assault rifle that,1
us in a cold cruel carlos less world after this,1
parry mechanic for jill and carlos respectively too much content has,1
game reset progress stupid monster carlos is not good looking,1
but i need more daddy carlos,1
different sections with jill and carlos offer a nice change in,1
re2 with jill valentine and carlos,1
us in a cold cruel carlos less world 3,1
and sometimes you play as carlos carlos segments his parts are,1
stand back carlos these residents are getting evil,1
not only are jill and carlos mighty annoying and seemingly less,1
carlos needs more praise,1
paced the only pros are carlos and nemesis are cool asf,1
changes to the story like carlos going to rpd instead of,1
i̇ cant live on a carlos less world tbh,1
my beautiful glorious sexy babygirl carlos and his big burly biceps,1
so tuff i wanna climb carlos like a jungle tree,1
"the blue filter   carlos 4 life",1
so satisfying and playing as carlos makes you feel so strong,1
its hard asf but hey carlos getting me through it,1
big no from me also carlos sucks worst protagonist in all,1
is the hospital section with carlos and any time you had,1
did i liked jill and carlos characters but the story being,1
terrifying and extremely frustrating as carlos m4 may as well be,1
horde mode in the final carlos section of the game everything,1
so good carlos is so hot,1
"i did enjoy playing as carlos his segments added variety ",1
included here the fact that carlos visits the rpd instead of,1
but they are extremely underutilised carlos hard carries the campaign and,1
lil beret and shoulder pads carlos and tyrell both got major,1
from the original except for carlos who is actually a character,1
would let carlos hit fr,1
every now and then as carlos or during the final sequence,1
i found both jill and carlos fun to play as especially,1
game split between jill and carlos was an interesting choice but,1
hospital hold out section with carlos feels rushed and a little,1
is smooth and jill and carlos are really well done it,1
are quite decent especially with carlos jill original outfit was iconic,1
time jill was so hot carlos and jill shouldve kissed they,1
carlos yum,1
its solid and fun and carlos is a vibe i might,1
re3 badass asffffff also fw carlos hella bro looks like me,1
dodge punches from yours truly carlos and characters are also great,1
loveable jill is great and carlos is just amazing atleast for,1
oq significa carlos less world,1
models look amazing jill and carlos are pretty good characters i,1
is not more to this carlos less world,1
t like that the new carlos is great though and nemesis,1
it extremely fun and addicting carlos olivera is the goat,1
carlos da goat fr fr,1
carlos is a 10 10 very,1
another shot seeing jill and carlos again was just so hype,1
the second game jill and carlos are excellent characters and i,1
easily the highlight for me carlos is solid but i do,1
carlos can destroy my face with,1
i love the setting perfect carlos and his perfect hair and,1
resident evil i played myself carlos and jill are one kind,1
remake i love jill and carlos,1
worth it if its cheap carlos is goated,1
very likeable characters jill and carlos i felt had great chemistry,1
carlos looking too handsome for his,1
i liked jill and thought carlos was badass but i really,1
the re2remake pros i like carlos here compared to the og,1
of my seat jill and carlos are great and the fights,1
but occasionally irritating too and carlos s new hairdo seems to,1
stretch of the story as carlos slows the pacing down to,1
its also cool they gave carlos a shove mechanic instead of,1
jilll carlos let me hitttt,1
carlos my husband,1
either due to jill and carlos having one cosmetic carlos being,1
the loop isnt fun only carlos feels a bit better in,1
into the police station with carlos just felt stupid wish they,1
determined and emotionally grounded while carlos oliveira brings warmth and humanity,1
game for jill bruh and carlos not having costumes is so,1
story from her perspective alongside carlos was cool carlos was really,1
gameplay of both jill and carlos please bring them back in,1
bit after taking control of carlos at the clock tower i,1
excellent—confident capable and well acted carlos is also a standout adding,1
carlos is hot but its a,1
but i was horrifically mistaken carlos is hilarious and it s,1
carlos less world 😩 game is,1
top of that we have carlos who although is part of,1
characters designs and visuals jill carlos and nemesis first version the,1
except bug roch zone new carlos he ok but i still,1
commit to either jill or carlos instead the game blends their,1
simply for the glow up carlos got that s a beautiful,1
a terrible game that and carlos you can see why this,1
enjoyed the game jill and carlos were fun to play as,1
carlos and jill are so endearing,1
that satisfying to use especially carlos s ar that thing is,1
carlos shirtless mod,1
carlos 😍😍😍,1
"both of them   carlos in my opinion was a",1
69 with carlos,1
is just right jill and carlos are both enjoyable characters a,1
end theme this version of carlos was cool new sections were,1
ohh carlos oh and nemesis can put,1
suck the game does have carlos which is pretty neat but,1
already have skip to re4 carlos is chill but nothing important,1
very good got to see carlos made me very happy,1
visuals and good characters jill carlos its sad i love the,1
very fun playing within the carlos full world 7 10,1
they added another hot mf carlos 3,1
carlos is so ♥♥♥♥♥♥♥ hot,1
carlos punch parry,1
creating the one and only carlos oliviera and featuring him only,1
as a threat jill and carlos are great protagonists and there,1
also hate how they made carlos a second main character taking,1
carlos was way more fun with,1
pretty decent and jill and carlos are extremely fun to play,1
okay but it was enjoyable carlos oliveira was a great character,1
mechanics 👩‍🚀 strong characterization jill carlos and voice acting 🔁 unlockables,1
carlos is ♥♥♥♥♥♥♥♥,1
us in a cold curel carlos less world,1
4 nikolai 5 mikhail 6 carlos i m very glad that,1
found a mod to make carlos completely naked and oiled up,1
we play as jill and carlos but it s not like,1
game they are opened by carlos but appear locked in the,1
got nothing in re2 cause carlos just looted everything,1
standout i don t dislike carlos but with how quick this,1
just overall annoying if jill carlos weren t hot i would,1
this game i honestly liked carlos more than jill 7 10,1
liked the hospital section as carlos and the streets section at,1
have time to finish to carlos,1
in the plot jill and carlos steal the show but everyone,1
carlos a baddie,1
a puzzle same goes with carlos story where i don t,1
unbareable i don t mind carlos in this game though mainly,1
still there most notably the carlos hospital section the most disappointing,1
this game though nemesis and carlos designs look great aside from,1
a carlos less world is truly cold,1
to play kinda short but carlos n jill chemistry worth it,1
is going through it and carlos is vibin defos very fun,1
of the best characters and carlos is pretty decent i would,1
i dont live in a carlos less world anymore,1
exist also love my man carlos,1
as always and jill and carlos are great also i did,1
as carnally as i do carlos oliveira,1
she s also a badass carlos is alr tldr no bueno,1
"like re engine jill and carlos looked very hot  ",1
off nemesis his name is carlos and he s the other,1
parts where you play as carlos,1
that i feel like the carlos segments were admittedly fun and,1
sweater tied around her waist carlos redesign was also a massive,1
mobs r lazy ammo bait carlos gamplay is js shooting it,1
mode but this re3r has carlos like him since in og,1
remain in a cold cruel carlos less world,1
me in a cold cruel carlos less world,1
not full game for me carlos s part saved this game,1
carlos the zombie punting beast,1
is how they tried changing carlos and his deliveries but how,1
i love you carlos this game is so good,1
peeeak game 1 carlos is so awesome and jill,1
the chemistry between jill and carlos makes me blush like a,1
great details lighting b jill carlos b well written protagonists who,1
carlos best character to ever exist,1
about this game is probably carlos he has been reimagined into,1
so good i love carlos and jill holy baddies i,1
10 b jill is hot carlos is hot neme step sis,1
and she looks really good carlos also got a major upgrade,1
parts in my opinion after carlos section the game goes sorta,1
"very good for replayability  carlos gameplay is different than jill",1
a r s members with carlos oliveira s help jill uncovers,1
valentine walks onto the screen carlos oliveira starts talking and suddenly,1
carlos is sexy thats all you,1
back to the police station carlos s section felt like something,1
combat variance between jill and carlos kept gameplay fresh only exception,1
missedher finally got introduced to carlos and he d definitely up,1
played as jill and carlos got lost for three hours,1
tap the button and jill carlos would not perform the dodge,1
passion of it s predecessor carlos felt like such an underdeveloped,1
t be left in a carlos less world d right,1
i love carlos oliviera,1
carlos was the best part of,1
jill valentine from re1 and carlos new to this game jv,1
me are i really liked carlos s segments barring the end,1
valentine — the queen herself carlos — u b c s,1
stages of the game especially carlos sections in the rpd and,1
game bad remake jill and carlos being hot doesn t make,1
we need carlos back we ve been in,1
section where you play as carlos to save jill s life,1
it is handed off to carlos the only remotely interesting location,1
playing when you switch to carlos as the beginning is easily,1
was really nice and the carlos sections with a more strapped,1
couldn t get enough of carlos gorgeous characters in a terrifying,1
unless you re talking about carlos hair because that s the,1
a pretty solid game also carlos is in it,1
"the only big improvement is carlos and nikolai do yourself a",1
good game overall but carlos sections and hunter betas before,1
the thinking for you even carlos the soldier with a conscience,1
but i did enjoy the carlos sections and their focus on,1
i need carlos oliveira carnally,1
costumes and not a simp carlos and no ♥♥♥♥♥♥ online gamemode,1
carlos i wanna stuck my face,1
"like the characters jill and carlos   wish it was",1
discount hr karen who roasts carlos like he s catcalling her,1
by zombies she eventually meets carlos a u b c s,1
it has carlos oliveira,1
"  i ♥♥♥♥ with carlos he really makes the game",1
guess i love jill and carlos and thats about it,1
vibe which i hella respect carlos oliveira is such an underrated,1
the assisted mode jill and carlos are highly trained and i,1
but i ll get to carlos cheap one shot deaths i,1
cutscenes i liked jill and carlos i just wish there was,1
game amazing story jill and carlos on top 3 might be,1
carlos carried this game for me,1
the way the plot is carlos,1
this game it does have carlos as a character that i,1
atmosphere like other re games carlos segments feel like playing cod,1
great duo in jill and carlos the perfect dodge mechanic makes,1
ok i like jill and carlos,1
also meet this guy named carlos who is desperately trying to,1
"following the adventures of jill carlos and nemesis  if you",1
the worst of the remakes carlos sexy,1
day of re2 though during carlos hospital arc re2 has already,1
weren t left in a carlos less world who would ve,1
i do like the way carlos looks but i would appreciate,1
action movie about jill and carlos night of escape from a,1
on playing it anytime soon carlos was a good character that,1
enemies for some reason though carlos s shoulder charge is much,1
beginning of the game with carlos setup some of the scenes,1
also ♥♥♥♥♥♥ love jill and carlos,1
forward and escape just fine carlos s sections are also incredibly,1
umbrella s secret except naive carlos it s one of the,1
carlos is ♥♥♥♥♥♥♥ ugly,1
i didn t realize with carlos until later but he had,1
carlos is now officially my new,1
carlos i hope he finds his,1
shining light here which is carlos his character is easily the,1
monster than a real threat carlos looks cool and has his,1
you like gooning goon to carlos,1
also jill s tier goat carlos a tier goat nemmy s,1
the mechanical game jil and carlos the chill model for something,1
more mid while jill and carlos are absolute eye candy the,1
"character i enjoyed playing as carlos more  the story is",1
carlos oliveira is definitely matching my,1
play the dodge mechanic and carlos melee attack make challenging fights,1
section where you play as carlos was the only enyoable section,1
fun they could ve added carlos s og outfit too 😬,1
"up  5 jill and carlos are great  cons ",1
bridge and stage 2 with carlos help were honestly fantastic and,1
d get to play as carlos or something which is sad,1
liked was the section as carlos,1
for sure and jill and carlos are great but the actual,1
carlos my baby boy,1
finish jill s a legend carlos hair is flawless and nemesis,1
carlos down ridiculous,1
carlos gameplay,1
swapping character between jill and carlos along the plot,1
pretty good like brad tyrell carlos nickolai even the kendo only,1
on the controller during the carlos oliviera segments,1
i need to eat carlos oliveira s biceps,1
s jill is so hot carlos is just temu leon bro,1
i get a boner whenever carlos is on screen,1
s not a cold cruel carlos less world,1
realised the real wife is carlos,1
the characters such as jill carlos and also the main attraction,1
is very similar to re2 carlos owns,1
im smashing carlos and jill in the same,1
will say nemesis jill and carlos carry this game enough to,1
more time with jill and carlos and got to know them,1
"fun  carlos come back",1
fun i want to smell carlos s bush,1
enhanced rounds and jill and carlos each have only two outfits,1
is in the remake also carlos a side character from the,1
explosions and guns not enough carlos how ever oh and the,1
along the way she meets carlos oliveira a security operative of,1
re3 at least jill and carlos are kinda cool get it,1
with the perfect dodges and carlos push strike guns are meaty,1
game feel unusually quickly paced carlos feels like he s missing,1
nemesis but it s not carlos part was pretty action boring,1
the dynamic between her and carlos she felt independent headstrong jaded,1
of course the best girl carlos is super likable tyrell is,1
corner playing as jill and carlos through the chaos is thrilling,1
of the flaws brad and carlos had in the original gets,1
and the rpd building as carlos,1
u b c s mercenary carlos oliveira who called her to,1
of jill valentine and occasionally carlos idk his last name you,1
you alternate between jill and carlos in the same playthrough all,1
washed out of them whilst carlos character is arguably improved jill,1
s interesting characterization i think carlos was a lot of fun,1
very cool i freaking hate carlos s gun but besides that,1
for this both jill and carlos have a new ability that,1
fewer puzzles and minimal backtracking carlos s segments break things up,1
s characterization is wonderful and carlos is such a good duteragonist,1
"of the time   carlos doesn t deserve this game",1
carlos pls come back,1
valentine and teaming up with carlos was truly exciting the character,1
nice game love jill and carlos new design,1
great and both jill and carlos are well reimagined secondary characters,1
jill valentine and carlos are so fine,1
game so far jill and carlos are such a good duo,1
as two characters jill and carlos through different sections of the,1
"game remakes nowadays   carlos was fine no probs with",1
"holy ♥♥♥♥ carlos my goat  amazing cinematic",1
focused story supporting characters particularly carlos oliveira receive more attention and,1
carlos so handsome,1
to be less obsessed with carlos now it s even worse,1
grounded even amid the chaos carlos also gets more screentime and,1
playing as both jill and carlos much better than having to,1
is good there are jill carlos mikhail nicholai and of course,1
couldnt leave you in a carlos less world,1
namely this new version of carlos was better than the og,1
carlos hottest male resident evil character,1
acts 99 of the time carlos just feels out of place,1
have to be in a carlos less world,1
iqkruwftaqwfgthaikwgeh carlos aihurfefiulwahytgkj,1
see more of jill and carlos,1
recommend playing this w naked carlos erected wet rt at resident,1
like the characters jill and carlos are okay but really could,1
turns playing as jill and carlos each of them leading their,1
fun love how jill and carlos were made into this one,1
raccoon city landscape jill and carlos are a great duo,1
the chemistry between jill and carlos is genuinely enjoyable their banter,1
no one told me carlos oliveira was in this damn,1
9 10 carlos sections felt too short and,1
"like ingrown hair taken from carlos head",1
roberto carlos,1
jill getting infected playing as carlos in the hospital was genuinely,1
them alright but jill and carlos i want them both at,1
carlos ngh,1
kennedy claire redfield ada wong carlos oliveira ✅ ethan winters worth,1
from remake 2 and the carlos segments of the game are,1
just okay loved my boy carlos gameplay being a souped up,1
husband carlos and wife jill i love,1
carlos is in this game 10,1
dodge roll is slick and carlos s hair has more volume,1
be in a cold cruel carlos less world if i didnt,1
carlos come home your kids miss,1
peak love my bby carlos,1
"carlos is sexy and goated jill",1
and jill being back the carlos bits were honestly just boring,1
pretty good pros carlos jill it s a kind,1
raccoon city no matter what carlos really surprised me – charismatic,1
gameplay and seeing jill and carlos reimagined the dodge feels smooth,1
a big scary monster plus carlos who could say no 11,1
sale jill is always lovely carlos is a fun character to,1
if the games on sale carlos jill,1
its so peak and carlos is hot asf,1
points in general for having carlos 333,1
6 hours is not okay carlos is the goat though,1
when you re playing as carlos but those moments aren t,1
go to the rpd not carlos the game was incredibly short,1
suffering in a cold cruel carlos less world,1
made carlos dante and jill ahri best,1
pls add dlc or smth carlos is hot btw 3,1
more carlos pls🙏,1
evil 2 remake jill and carlos are very likable characters i,1
the story and characters especially carlos the graphics are really nice,1
time jill is great and carlos is a bro,1
disrespectful reinterpretations of beloved characters carlos being the lone exception though,1
them with a punch from carlos is satisfying even with the,1
and kind of mean protagonist carlos has just been turned into,1
any quality to it either carlos and jill are wonderful i,1
interaction with other characters especially carlos oliveira looks believable and convincing,1
carlos giga chad,1
but only as jill and carlos unfortunately you won t come,1
may not like it but carlos is the ideal man,1
an iconic character we love carlos the story is good and,1
a survival horror game heck carlos can straight up punch a,1
them just sleep bro and carlos bro i ll find you,1
pros to play jill valentine carlos redesigns jill s modern look,1
more games with jill and carlos together,1
want to live in a carlos less world,1
carlos best man,1
cast of resident evil 3 carlos is different from his original,1
spot swapping between jill and carlos kept the gameplay sharp with,1
is so butch lesbian and carlos looks like a homeless man,1
makes this a wonderful game carlos that is why i recommend,1
carlos ily,1
mansion incident and occasionally as carlos oliveira a u b c,1
both as jill and as carlos all in all it was,1
carlos ur so babygirl,1
with a rocket launcher 🧔 carlos the walking shampoo commercial things,1
carlos is best boi,1
progress in her route as carlos s is already maxed out,1
carlos can get it,1
mentions for jill valentine and carlos oliveira hopefully i can see,1
dodge mechanic is a thing carlos punch is also a thing,1
in this remake same with carlos buy it when it goes,1
you in a cold cruel carlos less world ” i h1,1
living in cold cruel carlos less world💔,1
more of themmmmmmmmmmmmmmmmm jill and carlos 3,1
"for jill and punch for carlos  good graphic especially with",1
half empty and jill and carlos deserve so much more so,1
raccoon city as jill and carlos,1
the most was the whole carlos scenario i like rcpd a,1
mechanics if you play for carlos impossible to play without mods,1
in both games other than carlos dreamboat that he is and,1
jill valentine and carlos alr carry the game,1
with the worst offender is carlos with his awful punch that,1
jill n carlos,1
carlos es muy guapo,1
was fun both jill and carlos are freaking badass,1
of my fav characters now carlos and jill i literally love,1
this game and i love carlos,1
carlos will return in resident evil,1
in the remake universe yet carlos went from being an unremarkable,1
screen every time i see carlos,1
left us in a cruel carlos less world 3 bring him,1
pretty good but not enough carlos,1
been left in a cruel carlos less world tho 3,1
carlos is in this game,1
hope to see jill and carlos again,1
rep i used carlos flirt line from the train,1
carlos olivera 3,1
shift has been given to carlos which is not a bad,1
classic costumes for jill and carlos carlos only gets a haircut,1
playing as both jill and carlos is a nice way to,1
want to live in a carloss less world,1
"  the characters whether carlos jill and other characters are",1
with jill s dodge and carlos s tiger drop it was,1
protagonist we ever got and carlos is hot inferno is a,1
level as sharknado jill and carlos talk as if they ve,1
of the level design and carlos is awesome in this game,1
foaming heavenly awakening devils tangos carlos could put a nuclear bomb,1
characters besides nemesis jill and carlos are unfortunately forgettable as well,1
carlos left me in a carlos,1
barry didn t pick up carlos and jill at the end,1
or at least one for carlos but its whatever i do,1
she carlos on my olivera till i,1
"revisiting a certain location as carlos also felt just meh ",1
one is legendary jill and carlos are amazing characters must play,1
carlos has very nice hair,1
great story great characters great carlos 3,1
far in the series however carlos comes off as extremely naive,1
"because plot armor  while carlos received an upgrade as a",1
dodge or parry if youre carlos mechanic and all the enemies,1
badass woman in fiction and carlos s parts are also relatively,1
or use inventory if jill carlos staggered by hit putting you,1
they changed the appearance of carlos and even the iconic clothes,1
a strong charismatic personality while carlos oliveira gets some welcome extra,1
carlos made me bisexual again,1
"jill una mierda control de carlos una mierda esquivar subir la",1
great plays great jill and carlos are great the nemesis is,1
carlos is cool and cute,1
great plays great jill and carlos are awesome characters who are,1
jill valentine was great and carlos was there that s for,1
emphasis on combat jill and carlos are great together and carry,1
3 and this dude named carlos a highly trained and kitted,1
a major extent playing as carlos in the rpd and hospital,1
bought this because i think carlos is attractive but dont get,1
you can identify yourself with carlos,1
to mention how much likeable carlos is this time around if,1
3 hours and 40 minutes carlos is the goat would really,1
carlos is incredibly hot i get,1
parts where you play as carlos do stand out as great,1
carlos is so useless omg he,1
sewers as jill rpd as carlos but takes away the clocktower,1
carlos my humble king,1
jill carlos,1
in this game jill and carlos in this remake are easily,1
character you play as is carlos who should give a bit,1
a bit from the original carlos is more likable than in,1
misunderstandings i love jill valentine carlos is improved immensely and this,1
traffic but oh my godddd carlos is so hot,1
only scenes i enjoyed were carlos scenes jill seemed so ♥♥♥♥♥♥♥,1
loved playing as jill and carlos and i also appreciate how,1
so much playing jill and carlos even more re2,1
do have future games with carlos though he s an amazing,1
need to see carlos in some future games he,1
minutes of the rpd with carlos get 1 hit by a,1
too short for her or carlos to shine through properly you,1
locked by wind dbd better carlos brad the artwork is the,1
best game ever istg carlos is so daddy,1
mention jill s determination and carlos charm bring life to the,1
attacking at once playing as carlos is also a refreshing take,1
pros carlos hair jill no longer has,1
is cool and i wish carlos was my dad no really,1
and the new take on carlos is immensely more likeable than,1
all she does is whine carlos is cool though i d,1
to choose between jill and carlos the way i was between,1
new design is great and carlos is a major improvement over,1
maybe get it on sale carlos the goat and ♥♥♥♥ nemesis,1
carlos papa,1
couldn t live in a carlos less world,1
a determined survivor and i carlos oliveira s i expanded role,1
character and supporting character with carlos other than that cookie cutter,1
it every time i die carlos was easily the best part,1
in the story playing as carlos was also a fun experience,1
i love leon kennedy and carlos,1
carlos sainz goes hard,1
re game recently still good carlos lookin kinda,1
over re2 i love you carlos,1
the street for jill valentine carlos oliveira 100 10 rating for,1
"lot of good banter between carlos and jill   honestly",1
charm we ve always loved carlos s new look is also,1
also an amazing protogonist and carlos was pretty cool to in,1
fun game jill and carlos are the goats,1
t the jill i know carlos meets expectations graphically looks nice,1
im gonna touch you carlos,1
definetly not u know on carlos and jill dw u all,1
and steam i love you carlos,1
but i love it and carlos is the sexiest man alive,1
capable soldiers in jill and carlos as such there s a,1
survivor and her interactions with carlos oliveira and the members of,1
re2 definitely not because of carlos but the boss fights we,1
ta bien 7 10 carlos sugardaddy,1
was longer my world is carlos less,1
"and a huge ♥♥♥♥ on carlos then hear me out ",1
morning character chemistry jill and carlos the odd couple carlos oliveira,1
epic game punching zombies as carlos was epic jill is epic,1
make jill so indescribably sexy carlos is well done and has,1
this was so good aaaaaaaa carlos is my one true love,1
to play this game jill carlos and s t a r,1
"always likable girl boss  carlos is the man he s",1
extra licker while playing as carlos in the rcpd station and,1
any re game she and carlos have way more personality than,1
also solid with jill and carlos delivering believable performances that elevate,1
jill valentine carlos oliveira,1
capcom please bring carlos back,1
the characters esp jill and carlos they re my faves 🩷,1
carlos has maximum aura,1
10 would recommend just for carlos alone,1
make to the part that carlos showed up on the story,1
have to buy with money carlos has 2 like jill his,1
and i hope to see carlos in a new resident evil,1
and they cut out the carlos slap part i enjoyed running,1
mods for both jill and carlos to finish the game,1
also why are jill and carlos both so hooooooot strike,1
called resident evil at least carlos is cool,1
dodge counter mechanic is fun carlos went from an obscure character,1
good game bad remake carlos fine as heaourrllllll🤑,1
carlos is no different than leon,1
•	the two characters jill and carlos are also interesting and unique,1
some scattered observations jill and carlos don t even lip sync,1
story was interesting i loved carlos development seeing how raccoon city,1
its cool and carlos and jill are like pretty,1
at him in this version carlos is right she is a,1
are jill and carlos the evil residents all along,1
the option to pick between carlos and jill that was not,1
was having to slow play carlos bullet sponge moments bases on,1
step extremely linear playing with carlos is just boring you will,1
and both jill valentine and carlos oliveira are portrayed with depth,1
by my hours played lol carlos s character was improved making,1
the characters in general especially carlos and jill are really well,1
because our protagonists jill and carlos are compelling characters but with,1
"dedicated to survive   carlos i love the change of",1
who the f cares about carlos,1
the situations both jill and carlos went through in different locations,1
carlos come back home me and,1
nice to play jill and carlos,1
highly recommend it especially because carlos is just amazing the level,1
carlos meowww rawrrr aurghhh carlossssss,1
surprised with the introduction of carlos while some may criticize the,1
into cheap cop outs especially carlos ridiculous counter punch variation of,1
pain but jill is and carlos are skilled enough to perform,1
and forth between jill and carlos instead of basically playing the,1
carlos jill lovestory nice,1
with jill which was cool carlos got lost in the franchise,1
see clearly the perseverance that carlos saw in me the “supercop”,1
wit and empathy especially with carlos remake she s like some,1
too sob for my taste carlos is an average dude and,1
carlos oliveira doggystyle,1
as for positives jill and carlos are good protagonists and have,1
sad that jill s and carlos original outfits are locked behind,1
have a blast p s carlos and jill s one liners,1
watching jill and carlos run around beat up and,1
i want zaddy carlos in me,1
for safes puzzles jill and carlos are cuties fr and i,1
but it has jill and carlos in it so that automatically,1
forget about carlos the only reason you d,1
banter especially between jill and carlos being a huge plus if,1
make me feel things spoiler carlos is pretty amazing too as,1
carlos 3 and jill,1
than the og games giving carlos another section was a big,1
game i love jill and carlos it s short and simple,1
carlos is like a nihonjin and,1
for jill and the classic carlos skin bur damn why did,1
non scary but annoying way carlos,1
as ♥♥♥♥ cool gay friend carlos in a way that ♥♥♥♥♥,1
i love you carlos,1
left us in a cruel carlos less world,1
out of the city with carlos jill nothing too special it,1
in the dumbest way imaginable carlos is a simp that is,1
omfg carlos is so ♥♥♥♥♥♥♥ hot,1
early on she runs into carlos a man having a really,1
i love this version of carlos and jill their banter is,1
what i do i guess carlos didn t have to worry,1
get mods to play with carlos naked which makes it more,1
i liked the part where carlos opened a door and the,1
fighting the hunter betas as carlos is one of the worst,1
the relationship between jill and carlos was amazing to watch not,1
carlos 3 jill 3 nemisis 3,1
a daddy it would be carlos if i have a mommy,1
played original but jill and carlos were such a great characters,1
carlos hot nemesis hotter,1
resemblance to the original re3 carlos looking like he fell out,1
gameplay switch from jill to carlos is refreshing and i really,1
of weapons between jill and carlos and the item shop weapons,1
mr x jill is cute carlos is gangsta i love ma,1
spite of being a soldier carlos weapons feel like they re,1
"s for inferno   carlos parts are good  ",1
all been awesome jill and carlos are great characters and raccoon,1
i have a crush on carlos,1
game i like nemesis and carlos on this series tho,1
into the experience jill and carlos are particular highlights i hope,1
cant do sex with carlos,1
cruel cold carlos less world,1
stabbing little crates for ammo carlos feels much better to play,1
rest of franchise is basically carlos less,1
game i like jill and carlos and for harder difficulty i,1
when carlos showed up i had to,1
love most is the characters carlos and jill make an amazing,1
i didn t care for carlos and his ridiculous haircut and,1
but i enjoyed this game carlos part is my favourite over,1
is amazing but only 2 carlos sections how am i supposed,1
time you ll ever see carlos,1
you ll find yourself admiring carlos hair among other things in,1
classic carlos making fun of deadly situations,1
would be sad in a carlos less world if the game,1
" on the other hand carlos and jill are both fantastically",1
a mediocre game altogether jill carlos lack the charisma to be,1
the remake of jill and carlos too jill is very strong,1
carlos is sexy and i can,1
i love carlos he is so f cking,1
cant live in a carlos less world now can we,1
expanded hospital and sewer sections carlos redesign his hair 3 nemesis,1
yourself in a cold cruel carlos less world trust me you,1
love carlos even though i can t,1
"valentine my beloved 333  carlos is cool too i just",1
very beginning before you meet carlos you just went to the,1
downloaded a mod to replace carlos with chris if capcom won,1
you only play carlos twice how am i supposed,1
game was too short and carlos is my baby daddy,1
bit short carlos is cool some things cut,1
sexy carlos make my pp go boing,1
done and her chemistry with carlos adds some nice depth to,1
carlos f cks,1
multiple protagonist jill valentine and carlos oliveira this game is set,1
"lovecraftian ass monster hell yeah carlos check umbrella still evil ",1
it also saddens me that carlos probably won t ever appear,1
carlos is worth all the money,1
cheated on you baby but carlos just does thing to me,1
part at the end go carlos,1
the writers taketh away while carlos has been granted a much,1
is no second playthrough for carlos i still had a lot,1
you can just sit still carlos comes in and call nemesis,1
old girl and they made carlos an utter chad 6 5,1
character you truly root for carlos oliveira a u b c,1
can move again love that carlos rendition is just to ♥♥♥♥♥♥,1
nice i liked jill and carlos very much the story is,1
of both character jill and carlos but they somehow managed to,1
own thing and jill and carlos r hot as hell,1
carlos that is all,1
h1 h2 meet jill and carlos h2 jill and carlos are,1
did anyone notice that carlos is actually markiplier but with,1
jill to carlos personal space i know what,1
r he s killed by carlos after wounding marvin probably could,1
carlos oliveira jill valentine,1
still liked both jill and carlos the whole game is very,1
carlos express to valentines day,1
is actually likeable and relatable carlos is good too i didn,1
some reason spoiler jill and carlos don t kiss in the,1
in 6 9h i love carlos oliveira,1
carlos the goat,1
id let carlos smash,1
downgrade compared to leon while carlos is somewhere in the middle,1
carlos is soooo hot nemesis too,1
carlos is my bbg 😍😍😍😍,1
bit longer tho also wish carlos s punch worked half the,1
got the hang of it carlos s updated model is amazing,1
jill and carlos yep,1
only bought the game for carlos and jill,1
how you can switch between carlos and jill for the areas,1
is when you re playing carlos and holding off a horde,1
i played this game because carlos came down from the planet,1
carlos was kinda a backseater but,1
explores the rpd but instead carlos does the story has basically,1
second of it jill and carlos are amazing characters and revisiting,1
calm while still being realistic carlos was a charming if not,1
improvements too for jill and carlos the game feels pretty different,1
at that point playing as carlos is also a highlight to,1
a horse ride a cowboy carlos in a cowboy hat,1
no 1 jill and carlos fan,1
valentine is 1 mother and carlos is my babygirll,1
worth it on sale bring carlos back,1
i enjoyed playing as both carlos and jill carlos is the,1
carlos that s all i will,1
4 por un mundo con carlos y no sin el 3,1
carlos will make your screen sticky,1
like many others is the carlos hospital section this exists in,1
carlos is pretty narly,1
to re2 from jill s carlos s pov,1
carlos got me bricked up ngl,1
i mean just look at carlos now onto the things that,1
we live in a carlos less world,1
too scary where is carlos,1
save me carlos oliveira carlos oliveira carlos oliveira,1
one nemesis stalking jill more carlos sections other than that i,1
carlos big ass jill big upper,1
carlos you are so,1
farklı bir eğlenceye kapı açıyordu carlos sahnelerinde gerilim son seviyelere kadar,1
a cold cruel carlos less world,1
character was destroyed at least carlos is cool if you do,1
game i love playing as carlos hes so baby girl for,1
notice me carlos,1
the asymmetry between jill and carlos as well as the very,1
as feck but jill and carlos are hot,1
the combat the inclusion of carlos oliveira as a playable character,1
i want carlos to breed me,1
s quick step dodge and carlos counter attack i was hooked,1
well at least carlos wasn t cut wouldn t,1
carlos is aw hot and that,1
bro just a supporting character carlos didn t even ask jill,1
apart from ethan jill and carlos are probably the most humanlike,1
executed remake both jill and carlos are completely recharacterized small map,1
smooth and fun jill and carlos are a lot more fleshed,1
i love carlos ε ｡•᎑• っ 💕,1
jill and carlos my beloveds 3,1
really would ve liked a carlos mode since decking lickers out,1
jill and carlos are cutie patooties 10 10,1
p s capcom please let carlos out of the basement i,1
omg carlos is so fine i wish,1
also what is up with carlos s hair,1
a grenade hunter betas and carlos,1
carlos my pookie 😍 when can,1
play as jill valentine and carlos oliveira players must explore the,1
you also will play as carlos in some game sections replay,1
ve been better tho if carlos was butt ass naked,1
they game more attention to carlos and the hospital part with,1
carlos is the best character,1
management main characters jill and carlos hooked me in right away,1
0 5 1 jill and carlos s relationship is serviceable at,1
carlos is pretty bad ngl,1
i really loved jill and carlos wish carlos wasn t a,1
carlos so sexy,1
fun tho and i love carlos thanks,1
s no second playthrough on carlos and no b side either,1
jill refuses to dodge and carlos doesn t like doors great,1
bcs i just wanna see carlos hehe,1
love my girl jill and carlos,1
the character department jill and carlos are superb satisfying and engaging,1
carlos liveria,1
looks a bit generic but carlos looks incredibly redesigned the final,1
it was funner playing as carlos than it was playing the,1
jill valentine and carlos oliveira,1
that nemesis goes through and carlos is considerably more chad in,1
of play between jill and carlos the running feels much faster,1
put together and they made carlos into an absolute chad graphics,1
part abt this game is carlos,1
us in a cold cruel carlos less world pls bring carlos,1
was when you re controlling carlos at the hospital the place,1
yay when see jill and carlos,1
game ever just bcuz of carlos bring him back in re9,1
carlos is a doordash driver,1
carlos olive oil,1
jill and stayed for sexy carlos,1
carlos 😻,1
same goes with jill and carlos the two main characters you,1
i appreciate the dynamic between carlos and jill some of the,1
it ammo drops etc for carlos are separate for those that,1
be sandwiched between jill and carlos ♥,1
who just lost his car carlos,1
this without bias jill and carlos are such great characters—total badasses,1
slow mo for jill and carlos having his falcon punch however,1
game also intersperses moments featuring carlos oliveira providing an alternate perspective,1
i 3 carlos,1
carlos is the only objectively good,1
carlos is truly the simp of,1
jill and carlos,1
carlos why do you let me,1
carlos is my guy,1
every single way good gameplay carlos incredibly linear nemesis is a,1
she is and keep sexy carlos,1
cool as he was but carlos had a huge improvement actually,1
and live in a cruel carlos less world,1
jill and carlos are hot graphics cool too,1
i love seeing my pookie carlos in this game 3,1
obnoxious strong female attitude or carlos who was a massive simp,1
spoilers if you care spoiler carlos is the one who goes,1
good chemistry between jill and carlos works well other characters seemed,1
bought for jill stayed for carlos,1
carlos my beloved 3,1
going to the rpd as carlos is awesome carlos is such,1
designed her character to be carlos looks badass in this game,1
stay in a cold cruel carlos less world than fight final,1
the iconic jill valentine and carlos very memorable characters that have,1
the game was the character carlos he was such a great,1
as badass as ever and carlos has much more personality and,1
carlos w man,1
in disagreements or distrust of carlos and she kicked a lot,1
carlos oliveria 10 10 3,1
thing about this remake is carlos,1
carlos my baby,1
b scenario with jill and carlos because i genuinely like remake,1
valentine but switch over to carlos an umbrella combat specialist several,1
is a short detour for carlos the park is completely missing,1
as our beloved jill and carlos the game is extremely short,1
entering the stars office with carlos if you are doing a,1
carlos dating simulator 10 10,1
awesome jill sandwich and carlos but kinda short,1
ehm where is carlos irl,1
jill is the goat and carlos is my beloved,1
story which are mostly jill carlos and nicholai spoiler one of,1
bit short and lack luster carlos is hot tho,1
carlos oliveira is so fine,1
in my book jill and carlos are lovable and story is,1
but more action oriented but carlos scenario has better horror atmosphere,1
where you play as michail carlos and nicholai this game is,1
able to live in a carlos less world,1
carlos and jill are hot good,1
carlos muscles r huge purrrrrr,1
first transition to playing as carlos which meant i couldn t,1
carlos less world 3,1
fleeting sweetness of the dessert carlos oliveira who was supposed to,1
to play as jill and carlos trying to save raccoon city,1
i cannot stress this enough carlos is so hot,1
im living in a carloss less world and it hurts,1
i really enjoyed it carlos is babygirl 3,1
her outfits in the game carlos is annoying pass on this,1
that i love jill and carlos character development also it was,1
game jill was cool and carlos was dreamy action packed from,1
it had me creamin for carlos,1
along the way you meet carlos which you ocasionally switch over,1
s still great jill and carlos are great characters who have,1
involving certain aspects of the carlos in the hospital section of,1
you do go there as carlos which is cool but they,1
carlos solos,1
nemesis and his hentai ♥♥♥♥ carlos punch 10 10 game s,1
f ing juggernaut jill and carlos are awesom and the graphics,1
love carlos,1
friend in the chaos is carlos oliveira who shares the same,1
to narrate everything for you carlos and jill s constant radio,1
jill slowly warmed up to carlos and the way carlos slowly,1
fun and i love carlos,1
the sexy mod i wish carlos is out of this game,1
cruel carloless world i love carlos 10 10 because of carlos,1
10 10 i would smash carlos,1
to play alternating as jill carlos enjoyed me the mechanics and,1
hunk appeared 0 times but carlos makes up for it,1
carlos looks like a mix of,1
characters aside from jill and carlos are very one note and,1
jill classic costume no to carlos classic hair jill forever will,1
too little carlos game boring same thing all,1
gave me an aneurysm nearly carlos trying to help me confused,1
things they added like more carlos stuff and the sewers was,1
10 10 i love carlos,1
resident evil 6 2 carlos,1
characters and i much prefer carlos kill and the zombies over,1
even any other costumes for carlos other than the ps1 look,1
destabilizes the integrity of institutions carlos and jill are both fun,1
the whole time jill and carlos were so awesome one thing,1
a great antagonist and jill carlos are great too 8 10,1
carlos is the best,1
extra city exploration locations a carlos campaign would ve been great,1
fun and carlos is hot and i ship,1
live in a cold cruel carlos less reality,1
we love carlos,1
carlos oliveira is so hot,1
really fun guns most of carlos s segments are almost nothing,1
jill and carlos are equally attractive,1
i wanna ♥♥♥♥ carlos oliveira,1
jill and carlos my beloveds i love them,1
feel clunky at times especially carlos but maybe it is something,1
i still want jill and carlos to adopt me,1
open was to stare at carlos as a reference for when,1
jill and carlos are soulmates cant change my,1
has carlos oliveira,1
was done i really like carlos how he is a people,1
ended up liking jill and carlos as much as i did,1
shame because i immediately liked carlos and mikhail when they show,1
why people enjoy jill and carlos now,1
was another re game with carlos in it though,1
carlos my bbg,1
speed run jill is amazing carlos is dope,1
playthroughs for both jill and carlos as a new fan to,1
no cruel carlos less world bless ur eyes,1
carlos 😍,1
carlos oliveira i want you to,1
of this game is jill carlos are cool genuinely feels like,1
miss valentine carlos don t need you,1
with great lovable characters like carlos and jill it is short,1
was awesome she s hot carlos not ♥♥♥♥ but man he,1
leave me in this cruel carlos less world,1
love the game especially carlos lol,1
have to live in a carlos less world,1
raccoon city from jill and carlos perspectives overall a fun game,1
and forth between jill and carlos that much nemesis was pretty,1
story gun play is great carlos is hot 10 10 would,1
i want carlos,1
fights and you switch with carlos for some time in the,1
maybe that was just because carlos is in this one j,1
it s funny to see carlos hair but i still like,1
carlos 10 10 jill 10 10,1
kisses 4 carlos,1
minutes pros jill valentine and carlos are a power team story,1
carlos is pretty silly worth if,1
carlos is sexy,1
jill hot nemesis scary carlos cringe,1
to switch between jill and carlos for the different chapters added,1
major characters reducing jill and carlos to lifeless versions of who,1
scenes where you play as carlos and run and gun with,1
lovely story jill is hot carlos is daddy got me hooked,1
game and i love jill carlos is my papi,1
carlos n jill,1
short also i wanna see carlos in future games but das,1
a nice remake beautiful graphics carlos alone makes it worth it,1
the only likeable character is carlos and that is all i,1
though never live in a carlos less world,1
art at the end daddy carlos carried the game 3,1
did right was jill and carlos so i ll give it,1
carlos oliviera go brrrrrr,1
re1 that was pretty bad carlos was fine the story kept,1
upon other men lustfully but carlos made me feel something different,1
jill and carlos are the best male and,1
gets put through it baddieoftheyear carlos a totalitarian zaddy nemesis a,1
re franchise but there is carlos in this game and i,1
is still fun jill and carlos are cool protagonists and the,1
you got to play as carlos more than once and the,1
carlos is hella majestic,1
the best date simulator with carlos 3,1
the original she did slap carlos at one point and was,1
jill mamasita valentine carlos pechos parados oliveira,1
♥♥♥♥ without sigma redpilled remake carlos nemesis is only threatening when,1
carlos googoogaagaa,1
still jill is cool and carlos is great,1
bought the game bc of carlos turns out it s a,1
that pisses me off is carlos being revamped and made to,1
see a reason to like carlos i constantly have a sync,1
carlos punches infected creatures and sadly,1
fighting in a tube top carlos new hair works pretty good,1
carlos is a daddy tbh,1
past good price worth daddy carlos the hottest boy in re,1
from nemesis by playing as carlos captain of the bland society,1
point where you meet spoiler carlos and his group at the,1
like jill a lot and carlos is so hot too but,1
have our characters jill and carlos which synergize both really well,1
carlos best re husbundo,1
as the primary protagonist and carlos in two shorter sequences both,1
from re7 i actually liked carlos the bad how many times,1
carlos and jill yum yum,1
very good game carlos is a cutie patootie re2,1
very fun gameplay carlos and jill sexy,1
no leon carlos is hot tho,1
carlos nemesis cuties 8 5 10,1
part of the game involving carlos in the hospital which never,1
straight linear the mission for carlos where you need to protect,1
2 5 hours in a carlos world,1
love how funny and goofy carlos is,1
carlos sit on my face,1
limited vram 2 jill and carlos are very likable characters and,1
move dodge roll jill punch carlos but unfortunately it is not,1
with the coins jill and carlos characters are generally well done,1
from two characters jill and carlos while to see the hole,1
i could take carlos and jill at the same,1
1 10 jill valentine and carlos 10 10 get this game,1
i find annoying nicholai pros carlos i wanted to be contrarian,1
game i would love if carlos stepped on me,1
prequel i liked jill and carlos the game gives you an,1
jill ❤ carlos ❤ nemesis 😨,1
issues with the shotgun and carlos ar definitely worth playing but,1
play this game starring jill carlos and of course the nemesis,1
s on sale jill and carlos are both cool characters,1
later play as jill and carlos military experienced characters with no,1
character solid 6 10 every carlos appearance made it 10 10,1
jill most of the time carlos is likable but there is,1
a masterpiece but great nonetheless carlos actor was super lovable and,1
quero casar com o carlos,1
8 10 without shirtless carlos mod 10 10 with shirtless,1
is a bad ass and carlos is hot af,1
never wanna live in a carlos less world,1
got negative speed fr however carlos is my g fr,1
fight literally gives me headache carlos is cringe as hell he,1
jill metintine carlos yurtlugileira,1
i ve played jill and carlos are a good duo this,1
us in a cold cruel carlos less world,1
like it did previously jill carlos are partners whereas leon claire,1
like a speedrun but the carlos parts were nice and at,1
jill is hot girlboss ig carlos can be too,1
some instances you also use carlos a soldier from umbrella this,1
there is different part for carlos instead of one single story,1
a waste of time btw carlos is a mexican keanu reaves,1
this game using jill or carlos though i think this is,1
what if i told you carlos got that dog in him,1
looking at you leon and carlos,1
make me happy and then carlos oliveira oh my goddddddd they,1
lore ☐ average ☑ good carlos mvp ☐ lovely ☐ it,1
game the jill valentine and carlos are amazing characters and the,1
and the shoulder check punch carlos has as both made game,1
lifeless but here jill and carlos actor and character are amazing,1
damn the carlos glow up ♥ amazing remake,1
section jill is the highlight carlos is much more interesting than,1
more action some of the carlos sections drag unfortunately but aside,1
because 60 is just absurd carlos just like me fr,1
i like carlos,1
hell is going on with carlos s hair that said it,1
out htf do you use carlos dodge like ive played over,1
amazing game jill and carlos are both such cool protagonists,1
the chemistry between jill and carlos which i found incredibly enjoyable,1
original re3 is better but carlos is pretty cool in this,1
as jill and punch as carlos feels great but it ll,1
carlos is my sweet puppy babygirl,1
i like carlos i love jill i hate,1
game before that being said carlos carries most of this game,1
segments like boss fights and carlos are particularly spongy and frustrating,1
i m so drunk carlos carlooooos 😭😭😭😭😭😭,1
ethan i would die for carlos set pieces were really pretty,1
on asking for directions from carlos i mean raccoon city is,1
i have crush on carlos,1
more like a badass and carlos has more of a personality,1
with her tits out or carlos and his erect ♥♥♥♥ if,1
carlos gang,1
no longer a cold cruel carlos less world,1
i think i dislike it carlos got a major upgrade though,1
game is satisfying asf and carlos less world no good 10,1
nemesis mr x jill claire carlos leon,1
for woke reasons and changed carlos hair so now he looks,1
his sprinting weapons but jill carlos are the best interpretations of,1
okay 7 10 jill and carlos hot af tho,1
w carlos for not leaving me in,1
i loved it when carlos said to jill maybe the,1
the hospital story line with carlos other than the mini game,1
just sad no storyline for carlos,1
enough to play as with carlos being a bit more enjoyable,1
though by just replaying the carlos hospital defend portion and not,1
nice most of the time carlos and jill are both really,1
you are going to play carlos for the first time have,1
and her love interest with carlos was actually well written in,1
t stand being in a carlos less world,1
jill and carlos are pretty attractive,1
story line between jill and carlos as they did in resident,1
el caso de jill y carlos respectivamente gráficamente una joya lo,1
the extra point is for carlos i love carlos 3,1
carlos is cool,1
carlos can cure me anytime 3,1
carlos is actually a simp,1
innocents while she does it carlos isn t really given much,1
develop in any real way carlos appeared to be the only,1
the relationship between jill and carlos especially the in game shop,1
man the whole game while carlos is like the female lead,1
is good jill is hot carlos is hot ties very well,1
least the protagonists jill and carlos were well scripted overall re3,1
with jill before switching to carlos is quite possibly one of,1
how a million times hotter carlos is now despite the lack,1
game jill valentine nemesis and carlos are just awsome the only,1
could ve lived in a carlos less world,1
s cut and added content carlos is obviously hot as well,1
original npc co op with carlos no original jill miniskirt and,1
instances with the hunters as carlos were just annoying and i,1
its short its so enjoyable carlos didn t miss at all,1
the dodge mechanic is handy carlos is a breath of fresh,1
ps1 game but it has carlos moobies so it s a,1
hunter in the face as carlos,1
also get to play as carlos who gets to go through,1
10 cool carlos 90 play jill with mods,1
jill like ♥♥♥♥ and makes carlos a love sick moron jill,1
time dodges with jill and carlos shoulder ram falcon punch add,1
it has carlos so thats pretty cool i,1
carlos the ultimate rizzler the game,1
carlos is a babe,1
carlos is the loml,1
love the characters jill and carlos especially i would marry carlos,1
and its 100 worth playing carlos and jill w,1
remaster carlos is a total hunk almost,1
then its 10 10 game carlos is hot,1
character design team who made carlos they took him from uglyyyy,1
carlos is so fine,1
parts of the rpd as carlos and felt the puzzle content,1
carlos the giga chad,1
we also get to see carlos again too seeing them in,1
to graphism jill s and carlos looks are great nemesis looks,1
carlos give me a chance pls,1
play a bit more as carlos and that there were less,1
they dont matter one bit carlos is just there to be,1
an hour so far but carlos s dialogue is so cringe,1
remake the hype for the carlos curls was real h3 i,1
i am so scared carlos hold me please,1
liked jill and i hated carlos design nikolai is presented as,1
3 carlos 3,1
from the likes of jill carlos and claire would be cool,1
carlos 👍,1
switch between jill valentine and carlos olivera a few times and,1
the fun supporting cast like carlos and raw chads such as,1
unlucky like in re2 remake carlos s falcon punch is awesome,1
small complaint is i wish carlos and jill had a separate,1
tooty guns go shooty and carlos a cutie,1
chris h1 spoiler free jill carlos have an abundance of personality,1
the chemistry between jill and carlos so i hope we ll,1
t leave you in a carlos less world,1
carlos hair graphics make me erect,1
jill carlos r my bbgs,1
as being premiere horror seeing carlos so much more fleshed out,1
i became carlos in space 2 hours ago,1
later the cqbr rifle from carlos depicts a model of the,1
only things i liked was carlos and his redesign and the,1
button mid i like the carlos redesign but am not a,1
s encounters are a joke carlos part of the game was,1
has due to jill and carlos feeling as powerful as they,1
im soooooo drunk rn carlos,1
game i enjoyed jill and carlos throughout the story however it,1
carlos and jill should ♥♥♥♥ also,1
a part of it for carlos section especially when certain corridors,1
their own ways jill and carlos the ultimate bisexual panic 3,1
is realizing that spoiler somehow carlos doesn t run into leon,1
parts were also changed like carlos going into the rpd instead,1
asf and my friends think carlos is hot,1
you play as jill and carlos and shoot zombies while being,1
of fun and jill and carlos are great characters for reasons,1
carlos sexy,1
instead of brute force like carlos i wish the skirt costume,1
chore to play i thought carlos would suck but his character,1
done chef s kiss and carlos it was a tremendous relief,1
issues near the part that carlos gets into the rpd stard,1
for jill when playing as carlos in the hospital for her,1
break doors down either despite carlos senpai doing so frequently which,1
with you occasionally playing as carlos but all within the same,1
sale or with a bundle carlos not having his own side,1
pull off what i liked carlos is a hot daddy jill,1
as two characters jill and carlos but not like re 2,1
chad carlos,1
resident evil game until the carlos section in the hospital there,1
but enjoyable game either way carlos is best bro,1
jill sandwiched by nemesis and carlos s arms,1
man carlos looking like a snack,1
talk more about how hot carlos is because wow what a,1
agent jill valentine and mercenary carlos oliveira as they attempt to,1
yummy carlos,1
and you can play with carlos that is awesome too,1
some stuff jill s cute carlos is my man i wish,1
basically is just jill or carlos running back and forth to,1
que onda carlos que es maradona papoteado y,1
leon and college student claire carlos in particular was frequently amusing,1
v especially if you like carlos carlos is life,1
have the fattest crush on carlos and jill ngl,1
can dodge any attack while carlos reverts a massive melee stun,1
packed boss fights now and carlos has frizzy hair,1
its predecessor also jill and carlos are two awesome characters to,1
i don t really like carlos is kinda hot tho fr,1
carlos a hunk of a man,1
die hard re fan also carlos is hot as ♥♥♥♥,1
level is played through as carlos for some reason none of,1
you won t get it carlos has the best sections in,1
haha carlos is hot,1
valentine from dbd i love carlos give me more carlos nemisis,1
fun jill is smart and carlos 55,1
instead of jill going inside carlos is the going there park,1
during this time jill encounters carlos oliveira a member of the,1
good voice acting is solid carlos is a far superior character,1
in love with jill x carlos duo and the battle mechanic,1
review for my main man carlos,1
jill dealing with nemezis and carlos searching for some scientist story,1
jill carlos brainrot,1
jill and carlos is a love story for,1
cutscene where we play as carlos in rpd doesn t happen,1
setup in the beginning imo carlos was interesting but we don,1
to replaying this re game carlos sections were pretty sweet tho,1
to capcom japan somehow meanwhile carlos was made to be a,1
please add sex with carlos,1
costumes to give jill and carlos i know other re games,1
with supporting characters like mercenary carlos oliveira the game s second,1
t believe there was no carlos and jill sex scene at,1
jill attractive but carlos tho steaming hot,1
then few levels you control carlos oliveira brave hairy man with,1
t imagine living in a carlos less world,1
more action pack i prefer carlos to have a mexican spanish,1
the weapons themselves i love carlos and he is my all,1
cant sex carlos bad game,1
the redesign of jill and carlos however nemesis felt more like,1
mikhail to the end of carlos s first playable segment the,1
the original were tyrell and carlos who is by far the,1
mods that make nemesis and carlos hot,1
loved switching between jill and carlos whats even better is the,1
original outfits for jill and carlos are not ingame unlockables but,1
likes jill and carlos dislikes nemesis,1
did a good job with carlos and the other characters but,1
with a hunky guy named carlos it s up to jill,1
later a few times by carlos nemesis is less scary then,1
graphics look good 50 50 carlos looks cool compared to the,1
short but jill and carlos,1
well meaning corporate mercenary named carlos who is unaware of how,1
i love carlos hes so cool id like,1
do switch and play as carlos at parts of the game,1
resident evil 2 jill and carlos you know the jump scares,1
while she was conversing with carlos interestingly enough re2 gave animations,1
carlos and jill are cute together,1
carlos and jill are very very,1
beginning and final boss and carlos revisiting rpd headquarters and defending,1
to the rpd instead of carlos resulting in a nemesis encounter,1
add carlos in dbd jill is lonely,1
no shirtless carlos dlc 6 10,1
mercenary by the name of carlos oliviera to help save the,1
modos de jogo com o carlos mercenários 7 de 10,1
jill carlos are really hot,1
expérimentée et qu elle rencontre carlos jamais vu autant de cheveux,1
starring keanu reeves as carlos oliviera,1
out white stuff when jill carlos and nemesis came on screen,1
carlos primo del mundo,1
is humongous jill s awesome carlos s like luis sera awesome,1
carlos is awesome,1
jill and hunk mod for carlos you could also have mods,1
buy this game for carlos,1
twirling villian tyrell is cool carlos is a sweatheart jill s,1
carlos is daddy lmao,1
it makes jill and especially carlos quite likable too,1
for a ♥♥♥♥♥♥ haircut for carlos conclusion while i did just,1
play as jill valentine and carlos olivera as they try to,1
2 remake jill is waifu carlos is hubby and gameplay is,1
gay for jill straight for carlos 10 10,1
ton of other costume mods carlos short hair don t care,1
alone to play it like carlos in the hospital 6 10,1
t make to police station carlos game play finished fast i,1
jill and carlos are super hot so i,1
continue playing as jill and carlos during the events of re2,1
the source material jill and carlos are both vastly improved upon,1
of jill valentine over to carlos an ignorant umbrella operative who,1
perfect dodge mechanic and how carlos just straight punches foes with,1
jill and a counter for carlos was sick which also made,1
go to police station not carlos like in the original imean,1
service u b c s carlos oliveira mikhail victor and nikolai,1
still amazing also jill and carlos are hot,1
the last part spoiler of carlos gameplay in the hosptial spoiler,1
tower segment is cut completely carlos goes to rpd instead of,1
through not worth full price carlos saved the game imo,1
move when you play as carlos you get a punch insead,1
as jill and playing as carlos for the first time b,1
jill valentine and sometimes as carlos but not that long it,1
evil game also jill and carlos are the best and hottest,1
m simping for jill and carlos short game but its still,1
carlos can sucker punch a zombie,1
however there are great things carlos the action horror mix is,1
completely because i thought when carlos couldn t fit through the,1
you switch beetween jill and carlos but the campaign is still,1
carlos very secsy mhmhmh,1
get you a man like carlos,1
please marry me carlos please please‼️‼️,1
bit disappointing jill is cool carlos is often cool nemisis is,1
gameplay before you even met carlos at the station and this,1
what everyone expected they made carlos hot,1
really enjoyed the part where carlos went to rcpd and to,1
even the side characters like carlos and nikolai looks good what,1
being a wholesome character as carlos you will never have a,1
carlos turned me gay,1
should make a sequel starring carlos hair,1
carlos moptop is taking over his,1
gotta ship jill and carlos 3,1
would let carlos shag mate,1
jill is just wow loved carlos and his fluffy hair too,1
you da man carlos,1
t matter anyway nekked modded carlos ftw what a hottie the,1
it had character and intent carlos is sexy tho,1
separate stories between jill and carlos similar to re2,1
jill is hot carlos is hot neme suss is,1
of engaging character interactions besides carlos aggressively flirting with jill right,1
for jill and none for carlos unless you pay real money,1
valentine is a great character carlos is fun good action lots,1
remake2 but jill looks incredible carlos is also very handsome and,1
and i love this new carlos i only wished it had,1
i ♥♥♥♥♥♥♥ hate carlos this douchebag got a rifle,1
where s everyone going bingo carlos is also far more likable,1
jeff schine chris redfield playing carlos but he still did a,1
resident evil characters jill and carlos as well as many others,1
wish we can play as carlos a bit more feels like,1
are the controls presentation and carlos the first two are kinda,1
when you played re2make instead carlos and tyrell who s been,1
re game because it has carlos,1
of the missions playing as carlos are kinda boring however i,1
is required having jill and carlos be more seasoned with more,1
in the original why is carlos the one to visit the,1
has the superior carlos 10 10,1
change i prefer jill and carlos over claire and leon claire,1
while an animation plays or carlos s kick common zombies can,1
game was broken up between carlos and jill again great remake,1
a cutscene plays whoopee the carlos bits are even worse you,1
carlos and the game are great,1
fights felt underwhelming jill and carlos are great but i felt,1
unlock for jill none for carlos which surprised me and nothing,1
comparison but i can appreciate carlos characters weren t exactly terrible,1
bite and is shot by carlos later this game is r,1
soldier umbrella biohazard countermeasure service carlos oliveira who has to find,1
a knife like in re2r carlos classic outfit literally only gives,1
carlos d,1
and only one jill and carlos in one setting nothing changes,1
reviews i loved jill and carlos more than most any other,1
or they should have setup carlos and jill as separate campaigns,1
enemy placements repetitive boss fights carlos segments are a chore,1
game should give you and carlos to escape from nemesis like,1
campaigns for both jill and carlos they could have had something,1
jill 10 10 jiggle physics carlos 0 10 chad always steals,1
you playing in jill and carlos perspective in the same run,1
design is fantastic awesome environments carlos cons jill s personality most,1
where jill is capable and carlos is recognizing that on every,1
i could live in a carlos free world either who writes,1
story and what jill and carlos were dealing with in this,1
makes you feel like a carlos,1
item pack i found as carlos for jill but it was,1
carlos os actomg sis,1
carlos is soooooooo hot 3,1
hallway i like the new carlos mikhail and nikolai jill is,1
i personally loooooove jill and carlos they re almost on leon,1
awful oh so you like carlos then let s make sure,1
re rools as jill and carlos however i have to admit,1
and only one haircut for carlos are you serious this should,1
but far more useful for carlos with his punch than jill,1
train once you play as carlos for the first time thats,1
jill is a girlboss and carlos needs smellovision,1
and a bash stun with carlos which are both helpful in,1
dude looks like a real carlos his name was carlos 10,1
of dialogue cheese for example carlos is my one exception for,1
one more for jill and carlos you need to buy the,1
remake also enjoyed playing as carlos now my complaints i m,1
everything maxed loved the way carlos and jill character arcs are,1
the u b c s carlos oliviera serves as both a,1
they re better than re2res carlos s punch is the best,1
and a counter mechanic for carlos other than those three things,1
narrative you ll play as carlos oliveira a soldier trying to,1
bom jogo e existe o carlos,1
remaining ones between jill and carlos almost a 50 50 split,1
something new and interesting regarding carlos and jill co op expand,1
meh the puzzles and the carlos missions kinda made this game,1
reckoned with i also loved carlos and his segments were excellent,1
soon as i play as carlos but felt this game was,1
two leads of jill and carlos genuinely surprised me with how,1
character though you switch to carlos here and there why he,1
great story and thank god carlos didn t leave me in,1
in my opinion protagonists jill carlos nemesis jill valentine jill is,1
and new set of clothes carlos shows up right in the,1
more imposing and jill and carlos look a lot prettier than,1
b ending spoiler jill and carlos escaping on the helicopter spoiler,1
other protagonist jill valentine and carlos unlike resident evil 2 remake,1
can t live in a carlos less world buy this game,1
the nemesis from 1999 jill carlos the general plot and gameplay,1
talk to that dilf shill carlos chad olivera so he can,1
jill being a total badass carlos being extremely likable and charming,1
as a character and for carlos being a himbo,1
man and jill says hey carlos that isnt my job and,1
jill carlos vs nemesis action packed excellent,1
carlos is gaming,1
much more memorable jill and carlos were really great especially jill,1
loved the characters jill and carlos are both great i wouldn,1
better than a mixed bag carlos kicks ass though,1
it would be a carlos less game without him,1
carlos is just too hot to,1
as both jill valentine and carlos oliveira making your way through,1
attacks with absurd range the carlos hospital defense scene is laughably,1
h1 able to play as carlos in mid of jill valentine,1
complaint is we need more carlos i followed re3 nemesis on,1
i did enjoy playing as carlos i would ve preferred the,1
is a fantastic protagonist and carlos proves himself to be a,1
you have left spoiler b carlos b what is up with,1
other character you play as carlos is unable to stop it,1
so good carlos such a dilf too ilh,1
can give is jills and carlos design and raccoon city looks,1
character designs mainly jill valentine carlos and nemesis and the fluid,1
the same or made better carlos is still cute charming and,1
carlos oliveira the man that you,1
s super tight just like carlos eyyyyy,1
jacks bar while also meeting carlos and the ubcs aboard the,1
music are incredible with jill carlos and nemesis looking especially good,1
death by a mercenary named carlos who is a member of,1
left in a cold cruel carlos less world 11 10,1
a disappointment seriously it s carlos with his presence made me,1
joking it s the first carlos section i hate writing long,1
good chemistry between jill and carlos and excellent voice acting performances,1
and this one isn t carlos less which is always a,1
were cool jill valentine and carlos are awesome characters negatives nemesis,1
im now living in a carlos less world,1
could have used for himself carlos was okay but his character,1
if carlos cut his hair he would,1
cut content too linear and carlos breaking the dynamics i agree,1
kill the bastard usually after carlos informing that the boss is,1
countermeasure service and in particular carlos oliviera jill has to leave,1
feels good nemesis is wasted carlos and jill are waay better,1
jill let us play as carlos or whoever up unto the,1
jill carlos and nemesis were way too,1
leon and claire s stories carlos and jill are amazing characters,1
racoon city justice jill and carlos s modern redesigns and characterisations,1
game awesome orange suckers and carlos,1
i would have like a carlos campaign as well but jill,1
scenario as they merged the carlos and jill parts into one,1
he was in the original carlos is slightly less cringey which,1
cold cruel carlos less world 10 10,1
worth a play jill and carlos are cool characters and nemesis,1
wish than an actual complaint carlos jill and especially nemesis are,1
top spot with this game carlos has his charm in he,1
every moment of it specialy carlos was amazing i hope he,1
at the very end of carlos playthrough if you re a,1
the segments while playing with carlos final boss fight with the,1
and maybe test drive me carlos oliveira,1
when you re playing as carlos and you just deck creatures,1
head about this remake is carlos redesign and the graphics are,1
just in a cutscene 	 carlos placing jill on the altar,1
happened to the city would carlos still get the cure or,1
carlos that s it that s,1
i would let carlos have his way with me,1
with the weird dodging and carlos charge move even the guns,1
gorgeous jill is waifu and carlos has one of the most,1
dodging bad length short story carlos list b the good b,1
never once was scared also carlos sucks nicoli is a bad,1
price wait for sale jill carlos leon claire,1
designed jill never believe in carlos in the beginning but seeing,1
they even made me like carlos a little a character i,1
boss stun locking sucks massive carlos ♥♥♥♥ yeah carlos is cool,1
great story i loved the carlos sections in particular as they,1
r s zombie killer and carlos is an amazing ally you,1
tompkins jill and jeff schine carlos felt more believable even neil,1
jill valentine is beautifully portrayed carlos is a much more appealing,1
city look better than ever carlos is given a personality and,1
in racoon city jill and carlos looks awesome and i liked,1
the characterization of jill and carlos are better than in the,1
so other than nemesis jill carlos and his hair everything in,1
feels like jill valentine and carlos your two player characters are,1
the stories of jill and carlos during the raccoon city outbreak,1
that of jill valentine and carlos olivera jill is simply trying,1
the redesign of jill and carlos are very controversial but i,1
carlos ͡° ͜ʖ ͡°,1
a fun character as is carlos and the main villain feels,1
and respect for the original carlos has a lot more of,1
game follows jill valentine and carlos oliveira as they attempt to,1
fine final boss is trash carlos is cool the performances from,1
like the new models of carlos and jill the game feels,1
jill s awesome i like carlos nemesis is cool though he,1
carlos need his own game with,1
on that trailer miss restaurant carlos fight with us nemesis or,1
is the tighter experience jill carlos are great together really fun,1
the re2 remake too bad carlos default appearance isn t the,1
enjoy the game jill and carlos are cool protagonist damn capcom,1
to appreciate it jill and carlos are back exploring raccoon city,1
and costumes including jill and carlos old outfights and weapons such,1
ass this is an impostor carlos is cool though they made,1
game ♥♥♥♥♥ jill is bae carlos is a sweetheart way more,1
7 10 jill and carlos banter was a delight and,1
beginning to end jill and carlos are an absolute joy to,1
is such a badass and carlos is a very likable character,1
carlos is one beautiful sexy babe,1
as jill and switch to carlos occasionally i d give the,1
for a video game character carlos also lookin like a hunk,1
environments compelling story jill and carlos dynamic is ok items you,1
the game you play as carlos who has a ♥♥♥♥♥♥♥ nerf,1
sections were you play as carlos carlos is a special agent,1
save in the hospital as carlos with the anti virus in,1
switch back and forth from carlos and jill it was interesting,1
place i liked jill and carlos a ton as characters and,1
s evasive slip move and carlos show stopping mega punch in,1
character supported by umbrella mercenary carlos oliveira with crazy and vibrant,1
of dodging jill superman punch carlos mechanic story is good and,1
get some more time with carlos but he cuts into some,1
to know about jill and carlos and the monster lore is,1
good fun and jill and carlos bants are good nemesis did,1
this and to play as carlos and revisit the rpd is,1
die jill is alright but carlos in a non character that,1
as a protagonist and the carlos jill swap in terms of,1
break jill meets up with carlos from the umbrella biohazard countermeasure,1
the difference in play between carlos and jill is even more,1
carlos da homie,1
wouldn t call jill and carlos as fleshed out or well,1
doesn t take ♥♥♥♥ from carlos but somehow is built out,1
only gave me cards of carlos and refused to give me,1
jill is cute but carlos is hot,1
split between jill valentine and carlos oliveira the writing has the,1
this game until play as carlos u will get crash when,1
say jill valentine is hot carlos is hot nikolai who needs,1
short to began with adding carlos like they did was kool,1
jill and a haircut for carlos if you pre ordered first,1
then again in 3 hours carlos sections were ok but these,1
you got the game for carlos which lets be honest you,1
pros carlos hair physics cons nemesis is,1
the small relationship exchanges between carlos and jill were a bit,1
ammo and both jill and carlos are nimble and formidable fighters,1
carlos umbrella bad also carlos aight,1
from the mansion incident and carlos umbrella response team member attempting,1
female gamer this was boring carlos is hot though 10 10,1
the game with a knife carlos uses a shoulder charge instead,1
joy to control jill or carlos you really feel like elite,1
to wait for a sale carlos parts are very nice i,1
swears a lot specially towards carlos in the beginning she behaves,1
story is average jill and carlos are the best thing about,1
and jill was found by carlos who took her to an,1
also no story b or carlos campaign re 2 allowed you,1
in remake instead we see carlos visiting rpd and see marvin,1
hot nemesis looks bad ass carlos is the beef cake eye,1
carlos making me kinda gay tho,1
voice acting is great especially carlos and jill for some strange,1
and i ended up liking carlos a lot more than i,1
thing ive ever seen personally carlos is cool about the missions,1
and even more the new carlos the rest of the cast,1
ve added gameplay play as carlos going to the police station,1
to correctly pull it off carlos feels more like a character,1
where we play more as carlos the possibilities are very varied,1
a badass heroine and one carlos but nobody gives a ♥♥♥♥,1
almost the same jill and carlos are both awesome characters and,1
jill and him wasted potential carlos was brilliant and i m,1
performers behind jill nikolai and carlos gave a stellar performance everyone,1
got to the hospital with carlos and i m quitting it,1
rpd for some reason for carlos we get a survive the,1
i got a crush on carlos pretty nice,1
antivirus in the hospital as carlos i remember in the original,1
missed opportunity is including a carlos story mode with alternate scenarios,1
that hard i did enjoy carlos parts in the game too,1
you can play jill and carlos through the story there are,1
corner character designs were great carlos benefited the most in terms,1
made a second scenario with carlos so people would be happy,1
their classic counterparts jill and carlos are still charming and likable,1
as mgsv they clearly cut carlos 3rd part and the ending,1
some more costumes too like carlos original outfit we only got,1
rpd in the remake its carlos brad doesnt die at the,1
love the character of jill carlos and even nicholai they are,1
and re6 though jill and carlos are well developed and so,1
the original and jill and carlos activate my bisexual spider sense,1
horror get to play as carlos so that is cool would,1
racoon city subway you meet carlos and viktor after understanding your,1
are as rewarding jill and carlos are the highlight of this,1
from jill s panties and carlos decides that why change costume,1
one of the best yet carlos update character is much better,1
and follows jill valentine and carlos oliveira as they attempt to,1
designs jill looks great and carlos is really hot lmao the,1
jill is my boo and carlos is my daddy,1
creating the vaccine tyrell and carlos patrolling the rpd and an,1
this game pros jill and carlos are genuinely enjoyable and i,1
came to like jill and carlos and i hope to see,1
beautiful than 2 jill and carlos are badass and the voice,1
characters are fun swapping between carlos and jill was fun since,1
that exist between jill and carlos are pretty good but there,1
overall game is kinda quiet carlos and jill s voice actors,1
	likeable characters like jill and carlos you get to play as,1
to the beast like one carlos goes to the raccoon city,1
to play through jill and carlos are great likable characters and,1
a ♥♥♥♥♥♥♥♥ biyatch why is carlos such a chad he s,1
x models hes based on carlos is kinda the same with,1
talent here is welcomed heavily carlos is still comedic but in,1
from a gundam at least carlos was cool,1
does anyone else think carlos looks like ted from bill,1
pros carlos shooting is kinda fun cons,1
master of the dodge and carlos is carlos punch man in,1
dodged the wrong way while carlos did have a dodge mechanic,1
time and more time with carlos the game was really fast,1
makes the game very easy carlos s sections are pretty short,1
but you ll also control carlos oliveira during a couple of,1
i thoroughly enjoyed jill and carlos s journey throughout raccoon city,1
dlc for this dlc as carlos hair is a joke,1
you swap between jill and carlos i would say that re,1
this re imagining such as carlos getting more screen time and,1
roll is hard to trigger carlos defence punch as well but,1
favorites clock tower dead factory carlos is cool and no longer,1
characterisation in the remake while carlos is given more chance to,1
of only getting to know carlos nemesis shows up much earlier,1
game at all jill and carlos are incredible and nemesis is,1
jill and carlos are dope characters game isn,1
and delivered beautifully from jill carlos and the rest i really,1
intended to do compared to carlos who instead of a dodge,1
solve i like the new carlos though he is completely different,1
3 is lacking to me carlos play is great though also,1
variety switching between jill and carlos also helps keep the pace,1
also jill is bae and carlos is goat 3,1
very well acted as is carlos some moments are actually revamped,1
to appease cavemen fetishists but carlos is great the real mvp,1
the guns lack any punch carlos assault rifle is comically weak,1
the characterisation of jill and carlos i found them and the,1
undoing aided by the mysterious carlos an u b c s,1
precisely with the characters especially carlos he was awful in the,1
help of a mercenary named carlos and while running for her,1
late in the game where carlos has to hold off waves,1
of the game but prolonged carlos es gamaplay and new locations,1
and a perfect counter for carlos the enemy design and diversity,1
points of both jill and carlos 9 10,1
remake especially because jill and carlos can dodge enemy attacks unlike,1
2 only wish that the carlos part had his own full,1
and rescue service stars and carlos oliveira who is part of,1
story before moving on to carlos doesn t feel rushed but,1
the classic jill valentine meets carlos oliveira a veteran soldier linked,1
desvio da jill e do carlos ficaram muito bom ainda mais,1
the re worked outfits especially carlos dosnt do the original justice,1
been more satisfying jill and carlos feel good to control especially,1
jill to our new hero carlos more survival horror elements transpire,1
a bit nit picky but carlos no longer has his hispanic,1
this game as jill or carlos now you can dodge or,1
you play the role of carlos from re2 as a lot,1
remake only awesome addition is carlos haircut the original nemesis gave,1
the game i felt like carlos was holding my hand doing,1
as an exclusive area for carlos it works well enough and,1
bonuses and 2 more difficulties carlos and now things that i,1
the iconic jill valentine and carlos as they face the latest,1
but for real i hate carlos,1
3 5 with jill and carlos challenge but also remake code,1
cause i love jill and carlos characterization because it ties it,1
hell is barry why is carlos at certain points of the,1
give this game would be carlos rpd section not including the,1
it they skipped you meet carlos in even 5 minutes no,1
threat and scary as hell carlos is actually a likable character,1
gorgeous looking game jill and carlos s character models are incredible,1
think nemesis is cool and carlos is a precious boy that,1
a 20 minute sequence as carlos that turns out to mostly,1
you get censored jill and carlos haircut the list of problems,1
it in the ok section carlos in rpd can t say,1
only improvements are jill and carlos as characters,1
even more 2 introduction of carlos much earlier into the story,1
seem to get them right carlos s ar to start is,1
two main protagonists jill and carlos i honestly liked them and,1
the ability to play as carlos and jill im still going,1
come on even old costumes carlos should be purchased and not,1
clock tower section for example carlos revisits rpd instead of jill,1
old characters i like how carlos looks like hes been drafted,1
unfinished game optimization is terrible carlos hair has purple highlights haha,1
in the ♥♥♥♥♥♥♥ hospital on carlos why because most of the,1
re playing as jill or carlos respectively,1
of one of the zombies carlos have thick muscles but they,1
the character of jill and carlos are the only saving aspect,1
a nuisaince than a challenge carlos was cheesy and although his,1
jill a few minutes with carlos jill again tiny bit of,1
the characters are well done carlos is awesome jill is in,1
5 outfits between jill and carlos 2 of them being paid,1
in the first 10 mins carlos shows up right after and,1
spot for a few seconds carlos doesn t get a dodge,1
segment where you play as carlos did a good job of,1
hospital is great except the carlos vs hordes ♥♥♥♥♥♥♥♥ hunters are,1
like raymond from revelations 1 carlos looks like a tramp and,1
carlos is the man,1
amazing the character known as carlos was also cool he is,1
be saved multiple times by carlos carlos can get a bit,1
character in this franchise sorry carlos but you re alright too,1
especially the last sequence with carlos besides that i really enjoyed,1
with excellent characters nicolai and carlos are better now mikhail actually,1
s take on jill and carlos they feel like they have,1
makes you a bit jumpy carlos becomes a much interesting guy,1
with mommy s stick mic carlos sounds like he s va,1
dead in terms of atmospheric carlos mentions jill saving him first,1
of outfits for jill and carlos in 2 we had 4,1
characters are done here jill carlos all the ubcs are all,1
more useful for certain attacks carlos section feels a bit different,1
is still linear as hell carlos is still a ♥♥♥♥♥ the,1
sections are very poorly done carlos holding off the zombies in,1
just sometimes missing textures in carlos hair and zombies are stuck,1
b pros b list jill carlos mikhail and tyrell are much,1
really good and enjoyable jill carlos make a great duo and,1
mod you know skin mod carlos mods birthday suit carlos mod,1
as the hospital playing as carlos overall i wish i could,1
so does miguel i mean carlos raccoon city looks really nice,1
evil 3 remake jill and carlos is great characters nemesis is,1
this it s neat for carlos go through the rpd and,1
different reasons praise point 2 carlos despite his silly salon coiffure,1
with characters in this remake carlos was huge surprise for me,1
a lot of assistance from carlos also nemesis was a big,1
cut and replaced with another carlos segment that has you retrace,1
the game feels underused nemesis carlos jill the streets the enemies,1
than you modding jill and carlos costume i m not into,1
s and i must admit carlos has never been so good,1
i definitely enjoyed jill and carlos as characters and the dynamic,1
me at all tyrell and carlos have been given a spotlight,1
part of the game as carlos a mercenary who was hired,1
city subway and meet with carlos and the rest of the,1
surprisingly however you play as carlos with his peashooter of a,1
mins i think jill and carlos were portrayed very very well,1
re engine graphics jill and carlos va gave life to their,1
part of the game with carlos instead in early mid part,1
played more than 100 hours carlos one of the main characters,1
the dynamic between jill and carlos is beautiful while some may,1
it was dope carlos is cute him and jill,1
i like her chemistry with carlos carlos sections are short linear,1
just like the remake also carlos is bad ass i hope,1
last trama in spencer mansion carlos get a damned hair cut,1
do it for carlos,1
the fact that jill and carlos ran slower then normal people,1
one was that sequence with carlos where you have to survive,1
is absent here jill and carlos feel like much better characters,1
and block and punch with carlos in this remake you can,1
very well done nicholai and carlos are cool characters minus the,1
of the male characters especially carlos her dialogue screams superiority complex,1
anything but hold shift w carlos s hogging the spotlight is,1
but get to play as carlos for parts of the game,1
thing was the flirt between carlos and jill,1
would have sex with carlos 11 10 game,1
elements are greatly diminished and carlos gets the best parts essentially,1
by a linear gameplay with carlos re4 style like leon and,1
head shots more fun or carlos s superman styled counter punches,1
when she lost some fans carlos is an unkempt jackass who,1
remake and make jill and carlos look sexy if you want,1
and seems very well optimized carlos chest pouches jiggle physics the,1
much about jill s and carlos background and the main villain,1
even with the swaps with carlos besides the cut content arguments,1
very likable especially jill and carlos controls are the same as,1
too the rpd section with carlos has the west office safe,1
atmosphere great acting jill and carlos are awesomesauce i prefer jill,1
playing as jill that is carlos has an m4 with 300,1
the story like rpd segment given to carlos and brad s death being reimagined for,1
as good as re2 jill carlos has a different feel to,1
to an anime or something carlos parts were too easy while,1
of urgency for jill and carlos to get the hell out,1
of slow parts mainly with carlos but for £49 99 a,1
cringe dialogue has been improved carlos and jill now have likable,1
really loved while playing as carlos can be fun his main,1
new interactions with jill and carlos i got a solid 20,1
has an attitude to match carlos redesign is spectacular and his,1
more fleshed out mikhail nikolai carlos is amazing good chemistry with,1
t get to play as carlos feels a bit rushed unlike,1
for jill and none for carlos not counting preorder where are,1
area cover between jill and carlos compare to the original version,1
start until after we meet carlos then its like a survival,1
is the chemistry jill and carlos share as you go through,1
is also the question when carlos blows the hole in the,1
get saved by big strong carlos 5x different times hell carlos,1
d gotten a scene where carlos discovered his dead dying body,1
aspects of this version is carlos i genuinely think he had,1
gameplay hasardeuse même chose avec carlos même lenteur mais pas d,1
s just unnecessary and cringey carlos playthrough was awesome very well,1
because that s funny also carlos is way way way too,1
useless i also really dislike carlos s counter being so different,1
burst pistols magnum and automatic carlos section 2 the companion section,1
such a good job on carlos hair i wish i had,1
shoot guys while shooting carlos advances down,1
parts were i played as carlos it good with his unique,1
city falling apart playing as carlos if you don t kill,1
so good but really only carlos got an upgrade in terms,1
jill chris leon claire and carlos reunites and goes to tackle,1
in 2 like make a carlos side of the story why,1
an action game especially during carlos segments felt like resident evil,1
fight with a little change carlos is also a very cool,1
before you meet up with carlos with nemesis in the levels,1
100 more nose for nemesis carlos crazy hair day cons short,1
best interpretation of jill and carlos is a surprisingly good character,1
on itself both jill and carlos actress actor both nail their,1
engine main characters jill and carlos are amazing in this game,1
hear jill s relationship with carlos was done perfectly carlos is,1
day now in the original carlos was there and immediately put,1
makes it to rcpd and carlos segments stop any tension in,1
this so much but hope carlos will be my boyfriend ♥,1
updated character designs for jill carlos and nemesis although original outfits,1
or licker while playing as carlos without landing at least one,1
available and i was hoping carlos would at least have 1,1
the two characters jill and carlos you play are in the,1
characters except for 2 things carlos s new haircut but you,1
train ♥♥♥♥♥♥♥♥♥♥ spoiler b 4 carlos b ballsy ♥♥♥♥♥♥♥♥♥♥♥♥ by far,1
get to play both as carlos and jill without two seperate,1
game too fast jill hot carlos hotter,1
the jill freak and the carlos freak skip the vaccine propaganda,1
the place also jill and carlos i love them in this,1
of jill valentine a cliched carlos and the sad truth that,1
then re3 did for example carlos s m4 feels like a,1
pov they interweave gameplay with carlos and jill into the main,1
you aswell characters i liked carlos was the biggest badass in,1
hospital section and all the carlos parts but unfortunately there s,1
hours jill is too androgynous carlos hair is ridiculous no dlc,1
had a second playthrough with carlos like the other game had,1
from start and the whole carlos jill chemistry is still very,1
it has caused for jill carlos and provided an intricate layout,1
it s as jarring as carlos terrible haircut the game does,1
me in the remake too carlos and jill s dialogue felt,1
essentially play as jill and carlos they each have their respective,1
protect others same case for carlos they made him sound like,1
oriented gameplay especially in the carlos sections the severely limited inventory,1
personally think that jill and carlos had somewhat better chemistry than,1
after the mansion incident how carlos and other ubcs members deal,1
counter measure service squad member carlos olivier and after a rocky,1
jill and carlos are great pacing is really,1
raccoon is destroyed and with carlos is not because he finds,1
weak if you ask me carlos felt fine with his inventory,1
always a negative for characters carlos overall is okay as a,1
i didnt like was the carlos part the hospital the final,1
in it like jill and carlos plus mikhail being a total,1
have you explore it with carlos getting to play with carlos,1
but instead of that both carlos and jill were combined in,1
modernised you get to play carlos more and to be honest,1
is quite cool jill and carlos who are the protagonists here,1
jill na delegacia rpd o carlos passa por la não faz,1
the section you play as carlos there is no fear you,1
incredibly good mikhail tyrell jill carlos and specially nikolai are amazing,1
visits rpd this time is carlos and he meets marvin who,1
and claire both jill and carlos are both truly badass and,1
likeable ones are tyrell and carlos but again carlos is just,1
and doesn t stand out carlos also looks ridiculous sporting perm,1
albeit with lackluster voice acting carlos is one of the dullest,1
and the characters are interesting carlos especially is an improvement from,1
than in re2r jill and carlos have actual chemistry which was,1
was going to happen with carlos and jill not all re,1
at all in this only carlos really wish they would have,1
really like the redesigns especially carlos he looks a lot better,1
fan of that re3 jill carlos both charters are fun to,1
and sound more latino then carlos carlos who was once contender,1
game they are jill and carlos are fantastic as was leon,1
and attacks even npcs like carlos receive a higher and higher,1
in the saddle again and carlos the only resident evil character,1
her thiccness i got cheetos carlos from mexico s drug cartel,1
games you find when playing carlos you can find the original,1
h1 racoon city police station carlos sewer hospital carlos hospital jill,1
the long wind up with carlos punch,1
pharmacy oil additive gas station carlos shooting the oil tank gas,1
of you and nemesis and carlos best sentence all the foxy,1
objects more from zombies in carlos segments than jill s with,1
commonly see these days and carlos back story was pretty weak,1
game mods second playthrough or carlos s story jill valentine looks,1
just switched between jill and carlos but overall i had a,1
the lack of costumes for carlos and jill how hard would,1
sheets covered in a cloth carlos s rifle loses a lot,1
character movement improved jill and carlos have a nifty dodge and,1
were frustrating especially when doing carlos second iteration when you have,1
didn t preorder and frankly carlos costume just changes his hair,1
release some free dlc like carlos s scenario before meet jill,1
enjoyed playing as jill and carlos cool enemy designs i enjoyed,1
memorable then this remake btw carlos in this game is perfect,1
rpd and hospital segments with carlos save for the end of,1
majority of her playthrough and carlos is there to blast zombies,1
version of this games deuteragonist carlos this dude is great as,1
summary of re3 carlos just can t leave his,1
been more play time with carlos was cool but then jill,1
such as brad s fate carlos going to rpd station instead,1
restaurant is where jill met carlos for the first time it,1
well there is more around carlos and the main plot and,1
the default and re1 attire carlos has default shaggy hair and,1
s redesign as well as carlos new hairdo i really enjoyed,1
and elbow punch enemies as carlos is a game changer carlos,1
the least only thanks to carlos oliveira a member of umbrella,1
this game is surprisingly great carlos too also has been redesigned,1
hospital zombie shoot out with carlos exploding and evaporating zombies once,1
character flaws of brad and carlos in the original resi 3,1
is only one portion regarding carlos that slows the whole experience,1
is a different hairstyle for carlos and that s all he,1
well put together jill and carlos are very very very likable,1
t work anymore think jill carlos had a lot of health,1
we actually get to see carlos personality plus nemesis not in,1
opinion the characterization of jill carlos is very grounded and has,1
fans now give me more carlos and tyrell adventures through maybe,1
in the hospital area with carlos spoiler i found myself out,1
sequences have been flipped around carlos at the police station etc,1
pretty decent both jill and carlos are enjoyable to play and,1
better and learning to trust carlos who is a very reliable,1
dialogues and amazing voice acting carlos has a bigger role on,1
jill and the punch of carlos are fun additions for those,1
that being said jill and carlos original appearances were available as,1
s biohazard countermeasure service soldier carlos oliviera as they battle through,1
you re gonna play as carlos for longer than you thought,1
jill just looks absolutly beautiful carlos looks so badass and nemisis,1
is really good jill and carlos are a result of good,1
about those costumes none for carlos 2 for jill and only,1
jill and carlos are a bisexuals dream team,1
or glitches ✪ jill and carlos maintain the campy charm that,1
speaking during combat sequences but carlos s va does a far,1
but just something to add carlos is a terrible character i,1
knows the place better than carlos the big bad nemesis appears,1
wow and that spanish fella carlos he reminds me of my,1
for the second run as carlos but its not there the,1
hours spamming the zombies in carlos hospital defense and bang you,1
intimidating looks and sounds amazing carlos is hugely improved the story,1
scary monsters and hot bod carlos 3333,1
still bad as re2 but carlos and nicholai look hot as,1
the hospital last stand with carlos they had to get rid,1
damn fun jill is awesome carlos is awesome the characters are,1
alternate costumes for jill and carlos boss fights go from a,1
still superb and jill and carlos got much appreciated design updates,1
once you start playing as carlos but this game is still,1
especially in the segments with carlos i also have to mention,1
about the game jill and carlos are well acted interesting and,1
for the second playable character carlos who meets with jill as,1
the only good thing is carlos spoiler now truth to be,1
no puzzles just fetch quests carlos sections are not fun classic,1
liked this version of jill carlos im glad they had more,1
the game and 2 for carlos preorder but i expect more,1
fantastic with the exception of carlos aka bob ross the level,1
also why the ♥♥♥♥ is carlos going to the rpd station,1
voice actors for jill and carlos and the other characters are,1
gud not fun jill bae carlos simp nemesis thicc,1
they should not have sent carlos and tyrell into that situation,1
pros jill s character development carlos sections are the best in,1
as a sunday morning and carlos mixed latin american and indigineous,1
actually quite phenomenal jill and carlos represent as some of the,1
from a lot of complications carlos character he is much more,1
remake although they removed elements carlos could have been given more,1
to mention why they let carlos go to rpd instead of,1
movement skills for jill and carlos,1
me regrets spending that much carlos s segments weren t that,1
her feel much more likable carlos also has amazing character i,1
on the plus great presentation carlos is much better what could,1
are good story is fun carlos is still my favorite part,1
and the other an unlockable carlos classic hair style alone does,1
the content they added to carlos role in i rere3 i,1
for jill and 2 for carlos maybe more will be added,1
than the original s 2 carlos went from annoying side character,1
come s the bad so carlos he really looked bad to,1
jill i like the new carlos the new nemi is annoying,1
appreciate the expanded role that carlos played as a consolation,1
carlos good nemesis bad,1
the game the character named carlos will appear and from then,1
are gorgeous jill is gorgeous carlos hair is gorgeous everything about,1
did it both of the carlos segments were amazing as well,1
was a bit too predictable carlos was a bit better in,1
so far as i remember carlos and jill design and characters,1
leaving it as is if carlos and jill have their own,1
watching close friends die and carlos is downright likable as opposed,1
jill and bi ch slap carlos out of rage when all,1
rpd from 2 during the carlos segment there was no reason,1
has a pretty cool personality carlos is also very well designed,1
the interactions with jill and carlos and all the other characters,1
booty is life ♥️ ♥️ carlos hair are love carlos hair,1
am hopeful for a dlc carlos run but it probably wont,1
the dynamic between jill and carlos is vastly superior to that,1
more so in nightmare inferno carlos need i say more jill,1
story was short i enjoyed carlos s gameplay than jill though,1
remakes that said jill and carlos are phenomenal the best version,1
powerful cop and play as carlos however the game is far,1
not even mentioning reversing the carlos dodge half way through nemesis,1
second game starring jill and carlos you get to play as,1
spoiler the hospital with both carlos and jill and the lab,1
characters the new jill and carlos are good thats it mikhail,1
chases you who does go carlos who kills brad a random,1
and what he gone through carlos isn t a d ck,1
this is now part of carlos story brad is no longer,1
probably prefer a longer game carlos only campaign people would probably,1
parts where you play as carlos might actually be my favourite,1
i might ve even enjoyed carlos sections more than i did,1
lighting shadows character models and carlos s hair look incredible my,1
their faces looking at you carlos some cutscenes seem to display,1
the og releases levels tho carlos is fun to play as,1
parts is the redesign of carlos and the practical update to,1
and very realistic nemesis jill carlos the characters as a whole,1
main characters jill valentine and carlos oliveira that trapped in middle,1
carlos is a chad,1
is an absolute bae new carlos is great too and carlos,1
a brief fight between the carlos and the other guy carlos,1
new spins of playing as carlos brad etc into the game,1
station spoiler you can play carlos more than the original bossfights,1
his voice is so bad carlos goes to rpd instead of,1
costume jill has 2 and carlos has a hair make over,1
one additional costume for jill carlos once you beat the game,1
are pushed to the wayside carlos s improved characterisation he feels,1
you get to play as carlos you really get an action,1
later after which jill meets carlos and the actual game begins,1
end and boom there s carlos it makes her seem like,1
nemesis looks cool though and carlos says something pretty funny in,1
right at home the expanded carlos sections make the narrative feel,1
original game jill s apartment carlos s ubcs forces purchase of,1
other character aside from maybe carlos carlos has also been redesigned,1
many more playthroughs jill and carlos are both fantastic hope to,1
definitely badass loved her character carlos was great too nemesis was,1
or a longer take on carlos s story would have helped,1
that the only outfit for carlos was a pre order gimmee,1
from its original predecessor also carlos is hot so you should,1
had a fresher look and carlos had awesome hair but the,1
bit in the rpd with carlos but you only explore a,1
boss jill is a babe carlos is a babe this isn,1
they also brought back the carlos camp i love the cheesy,1
t like ti outside of carlos s sections the boss fights,1
since capcom could absolutely make carlos playable for an 2nd run,1
any likable characters here except carlos and the main villain blatantly,1
classic jill skin the classic carlos hair is ugly af i,1
attack with both jill and carlos however again it makes it,1
on equipment for jill and carlos you can get anything from,1
hostel towards the other character carlos that s not how she,1
the saving grace was the carlos missions set in cool environments,1
ok jill s awesome this carlos is way better than the,1
system is terrible especially with carlos overall game was more frustrating,1
jill is hot okay new carlos is hot too but its,1
carlos is a chad but you,1
awesome graphics sound design jill carlos s hair movement etc all,1
nemesis for a while or carlos will disable nemesis and nemesis,1
now get shooter parts with carlos he also recycles the rpd,1
of this game jill and carlos look fantastic and they feel,1
multiplayer play characters like jill carlos leon claire michail nicolai ada,1
are interesting dialogues are funny carlos segment is bigger and better,1
character from jill valentine to carlos oliveira carlos parts are compared,1
differences from the original re3 carlos hair makes me upset am,1
whom you love to hate carlos is way less obnoxious in,1
some of the sections with carlos a little difficult frustrating but,1
tense and both jill and carlos are great protagonists nemesis boss,1
i ship carlos jill d chris be like,1
cutscenes and sequences jill and carlos s dynamic has been changed,1
to the arsenal 4 more carlos they did fulfill their promise,1
did you make me ship carlos and jill so hard in,1
and is instead given to carlos for a very bite sized,1
new fleshed out hospital more carlos sections a sewer section and,1
played the entire canonical series carlos has undergone some massive improvements,1
with her so called partner carlos jill s iconic outfit is,1
the walking dead main character carlos looks like a tramp now,1
did it i will say carlos character got a major upgrade,1
have good additions like more carlos gameplay fixing the dodge system,1
battles are amazing jill and carlos are very fun to play,1
nemesis no longer kills brad carlos does carlos no longer goes,1
you switch between jill and carlos although obviously you play as,1
chopper scene at clock tower carlos destroying nemesis rocket launcher sales,1
is executed that being said carlos dodge mechanic is quite poor,1
the interactions between jill and carlos so i m happy with,1
immersion 4 10 jill and carlos voice actors were good this,1
the point where jill meets carlos at the gas station to,1
grenade launcher for jill where carlos just has a pistol and,1
a couple more levels for carlos to give the storyline extra,1
5 the new jill and carlos look is perfect and the,1
and even shorter the re2remake carlos looks like a hobo carlos,1
i like the new jill carlos and nicholai because they got,1
placed headshot on a zombie carlos has a dodge as well,1
10 it s compelling enough carlos reminds me of keanu reeves,1
a few good spooks 4 carlos s hair,1
one is when playing with carlos when depositing herbs in the,1
rpd as jill only as carlos which does not make much,1
really like how jill and carlos carries unequipped weapons fan blowing,1
more sections to play as carlos given that he was the,1
nick valentine pros classic outfit carlos has jiggle physics with his,1
that is a plus seeing carlos was cool since we haven,1
character foiling very well with carlos and the writing overall is,1
and bringing iconic jill and carlos to life in the best,1
looks like a complete badass carlos redesign looks amazing as well,1
running to the hospital as carlos its just fade to black,1
because i like jill valentine carlos nemsis so much more than,1
re2 when you play as carlos for the first time spoiler,1
remake i like that the carlos and jill s scenario are,1
to play as jill or carlos like leon or claire in,1
would alternate between jill and carlos would ve been great if,1
return to help jill and carlos to find a way out,1
but sometimes jill and rarely carlos would take too long to,1
the dodge mechanic though and carlos s hitting mechanic still gonna,1
positives the characters jill and carlos are really well realized and,1
spoiler he s killed by carlos instead of nemesis spoiler which,1
when you play as jill carlos it ain t that bad,1
very off putting playing as carlos all the sudden felt very,1
doesn t have jill a carlos b carlos a jill b,1
the next one jill and carlos are pretty ♥♥♥♥♥♥ awesome def,1
go to the rpd station carlos goes instead her whole relationship,1
it a bunch of times carlos and tyrell were the two,1
one glitch in the game carlos had purple hair no crashes,1
before the same goes for carlos his personality is actually good,1
to the police station as carlos i was really wanting more,1
of jill s dodge and carlos stun punch in their place,1
more fleshed out jill and carlos make a great duo throughout,1
the carlos express wow 10 10 buy,1
and sass is great and carlos hair is also great not,1
in between badass and sexy carlos has a very strong presence,1
this game right how is carlos supposed to drive all the,1
i enjoyed it that perfect carlos punch tho is amazing on,1
story and characters jill and carlos are both very likable and,1
i love the characters especially carlos great voices for all the,1
for jill and 2 for carlos no difficulty rewards you want,1
with more screen time and carlos olivera is a fun change,1
play as both jill and carlos like back in re2 remake,1
people instead of jill and carlos no idea where did they,1
some ♥♥♥♥♥ god bless you carlos oliveira game is fun but,1
would we do in a carlos less world,1
or punch if playing as carlos this is similar to when,1
more punch to it than carlos assault rifle a personal issue,1
for a 2020 release positives carlos has charm he s indeed,1
s how telegraphed it is carlos s dodge is op instead,1
t a r s and carlos is a trained u b,1
unlikable pompous arrogant attitude toward carlos incomplete rushed and lacking game,1
more action packed jill and carlos actually feel like they re,1
sharper fitting because jill and carlos are a lot more experienced,1
of zombies with explosives or carlos assault rifle its bones are,1
over the place also especially carlos segments nemesis is relegated to,1
jill does a dodge away carlos does a counter knocking the,1
soundtrack characters look amazing nemesis carlos jill 5 difficulties assisted standard,1
not cooler than claire and carlos was a much better character,1
good voice acting expansion on carlos and jill relationship too but,1
insecure ♥♥♥♥♥♥ type character whereas carlos was seen as a manchild,1
and a tackle move with carlos what is bad the level,1
spot on both jill and carlos look and sound great they,1
cool dodge jill or punch carlos which is fun to time,1
looks visually stunning jill and carlos look sweet it has the,1
opinion is his boss fights carlos i loved carlos i really,1
take your soul away piece carlos rifle is now not only,1
system in re2 i miss carlos cheesy accent and my biggest,1
jill s dodge move and carlos punch nemesis in the first,1
to escape where she meets carlos carlos introduces jill to the,1
specifically when you play as carlos who has a gut punch,1
no cheesy latino accent for carlos no clocktower level no park,1
like a modern feminist spoiler carlos after a few minutes of,1
pesar demais o game o carlos dando soco ficou ridículo na,1
at least the jill and carlos personality did really got better,1
of raccoon city along side carlos as mentioned before the game,1
same with claire jill and carlos will just have a flashlight,1
main story there s no carlos mode though you do play,1
and the split gameplay between carlos and jill was entertaining i,1
is still a bad ass carlos and his hair it comes,1
bar feature only in cutscenes carlos is introduced with a rocket,1
b t i t b carlos is better in about every,1
much better and jill and carlos have way more chemistry than,1
nice 3 fantastic jill and carlos design i really like carlos,1
jill and default only for carlos should you preorder you get,1
differently for both jill and carlos don t expect them to,1
u b c s soldier carlos oliveira who serves to help,1
lot better in the remake carlos became a much more fleshed,1
segments from the perspective of carlos that we were intended to,1
s you play through as carlos otherwise the familiarity is completely,1
hours before jill s breakout carlos s survival and how the,1
main character is jill valentine carlos oliveira i m not even,1
did alter her original outfit carlos and his role in the,1
let us play more of carlos though one mission in particular,1
a separate campaign for jill carlos like in re2 unless you,1
game loved how jill and carlos look now and how they,1
rather than a dogmatic copy carlos is a bit more prominent,1
playing as both jill and carlos overall i m finding good,1
buttery smooth great characters jill carlos dodge mechanic and unbreakable knife,1
jill sandwich and carlos mencia back at it again,1
finish off your bewildered attacker carlos even gets the ability to,1
info both leads jill and carlos are likeable characters and one,1
got to play my man carlos some more too i recommend,1
pros high graphics jill valentine carlos story is solid gameplay mechanism,1
the franchise don t me carlos s hair is an upgrade,1
in the form of dlc carlos has seen a makeover as,1
re2 brad vickers kill in carlos game to be really cool,1
do a great job adding carlos as a playable element in,1
it was from playing as carlos in the hospital and being,1
fact that they ve changed carlos and mikhail a bunch compared,1
all look awesome jill and carlos both got a much needed,1
to pick this up ps carlos s hair is the dumbest,1
you switch between jill and carlos if your looking for somthing,1
she makes smart comments toward carlos and other characters but if,1
of the hospital section with carlos is a bit cringey h1,1
the mark dead on here carlos not corny like he was,1
and marvin and maybe even carlos although as you do get,1
of the game played as carlos is in a fraction of,1
added emphasis on playtime with carlos this in itself isn t,1
in peace good things are carlos is handsome now some nice,1
extremely well presented jill and carlos are great characters especially jill,1
i enjoyed the game and carlos s segments were a ton,1
her sassy lines are great carlos is great to and much,1
two main characters jill and carlos i gotta say i love,1
were totally badass and awesome carlos so much more badass his,1
game between jill segments and carlos segments this means some locations,1
visual identity b hospital b carlos hospital sequence is one of,1
the original when you play carlos you don t even have,1
the chemistry between jill and carlos loads of fun and a,1
part where i play as carlos in less than 2 hours,1
character movements voice acting hot carlos gorgeous cutscenes did i mention,1
s no game replay with carlos why d you guys prominently,1
story is actually really good carlos and jill s dynamic is,1
character development both jill and carlos start as fairly well trained,1
from leon or claire 3 carlos is amazing and his chemisty,1
niet nein only sexy shirtless carlos mod almost saved it for,1
original games even in 5 carlos is just a womanizer who,1
mean i loved jill and carlos by the end of the,1
carlos has better hair than jill,1
at her absolute best and carlos who was this character i,1
great the graphics are amazing carlos s hair is awe inspiring,1
much jill is a badass carlos is a flirty teddy bear,1
have had you play as carlos until you found jill instead,1
turned into a cartoon villain carlos while not goofy as he,1
valentine and at some points carlos as well just like the,1
into a few while playing carlos but nothing major overall i,1
knife so far is with carlos since he shoulder rams instead,1
that b characters b like carlos have been vastly improved to,1
i was pissed off that carlos killed brad and jill never,1
too many healing items for carlos it removes all the tension,1
or assault rifle for jil carlos rifle is so weak it,1
rocket launcher nice entrance btw carlos so i prepared myself for,1
thy ass accordingly jill and carlos make a great duo no,1
and she expresses them perfectly carlos is more fleshed out still,1
land when they re made carlos and jill are both genuinely,1
and an alternative haircut for carlos like really that s all,1
game jill is fantastic and carlos actually had depth and he,1
spoiler review pros jill and carlos have more emotion nemesis with,1
great dialogue between jill and carlos they did a phenomenal job,1
characters is marvelous jill and carlos specially the clothes the voice,1
the defensive items of re2 carlos has been reworked into a,1
at the hospital level as carlos and i m already lost,1
paced when you play as carlos and even as jill with,1
for 4 games jill and carlos are more fully realized characters,1
carlos straight up punches zombies like,1
said i did like the carlos missions a lot not carlos,1
game it did jill and carlos justice their personalities are great,1
this game is moment with carlos in the hospital it felt,1
thought that they really improved carlos loved him from the beginning,1
this completely makes sense but carlos sections are pretty much completely,1
but you go there as carlos instead h1 iconic moments from,1
cutscenes with explosions they put carlos in police station boss fights,1
has a fine ass and carlos is a true hunk of,1
is hot and so is carlos,1
fun hearing jill s and carlos s interactions with whatever i,1
last thing i did with carlos character was pickup weapon attachments,1
police station was destroyed by carlos spoiler b game length b,1
unique dodge jill or counter carlos mechanic for those situations were,1
freaking awesome badass and this carlos waaay better than the old,1
guns lol 4 the role carlos and the umbrella mercs had,1
entirely quality voice acting jill carlos mikhail nicolai brad tyrell and,1
modelo da jill e do carlos quem sabe algum dia a,1
the transitions between jill and carlos parts are fragmented and have,1
i really missed jill slapping carlos in the clock tower no,1
and the rearrangement of replacing carlos with jill when the rpd,1
of racoon city was great carlos is cool cons game s,1
way out of town before carlos showed up and told you,1
dunno in what i play carlos is very boring wetgirly trannysufferer,1
her attitude and banter with carlos is decent you might consider,1
look like the originals chris carlos and jill especially while the,1
certain sectors then switch to carlos for certain sectors as well,1
especially the last one d carlos he feels a lot more,1
sections where you play as carlos have been expanded and now,1
thumbs up for carlos but wow there is a,1
city along with the mercenary carlos oliveira b short review b,1
able to execute a spoiler carlos punch spoiler to an enemy,1
good also liked jill and carlos interaction and their characters and,1
atmosphere of horror scene with carlos in the hospital waves of,1
jill is cuter than ever carlos i actually like him more,1
at best good luck with carlos against the hunters in hardcore,1
m4a1 once you play as carlos and you can add customizations,1
we know her same as carlos and nemesis changing everything about,1
re in the hospital as carlos this is a short example,1
looks amazing in this and carlos is pretty cool looking i,1
exploration post clocktower even as carlos would be fine who asked,1
mechanic and i liked that carlos had a different ability but,1
spirit of what they were carlos gets more playtime and the,1
great filled with wonderful characters carlos is awesome and i love,1
much not to mention yolo carlos kinda has its own version,1
redesign of both jill and carlos good story although short i,1
places to explore as jill carlos would love to explore the,1
actually have some unique character carlos himself was expanded a lot,1
there is a part with carlos that is very fast there,1
in my opinion at least carlos is hot,1
whole lot of improvement on carlos part new open sequence is,1
points when played with shirtless carlos mod,1
jill is awesome and beautiful carlos is ok with his new,1
them seem incredibly forced including carlos as well nicholai s motives,1
worthwhile jill is overly ♥♥♥♥♥♥ carlos is overly horny and nicholai,1
is talking smack either to carlos or nemesis it doesn t,1
passing fart in the wind carlos seemed to me to be,1
just a smug old man carlos is probably the highlight of,1
on some things though like carlos role as a playable character,1
new ones also jill and carlos along with a few other,1
re2 remake both jill and carlos are really good characters that,1
the original i really liked carlos in this one theres a,1
the re design on jill carlos and nemisis playing as jill,1
costumes for jill 1 for carlos cant even buy that seperately,1
carlos is daddy af,1
of a literal construction site carlos jumping two stories just fine,1
like people the chemistry between carlos and jill is a high,1
play as both jill and carlos the raccoon city park and,1
the remodel of jill and carlos a lot they really fit,1
a more polished character and carlos had some improvement as well,1
really good job fleshing out carlos also made him really likeable,1
to add the story of carlos when he entered raccoon city,1
jill looks good as well carlos looks like he grew a,1
bullet is a great feeling carlos is great he looks great,1
dont need to completely cuck carlos too like i get it,1
carlos is so funny now haha,1
a little disappointed with carlos campaign which seems to be,1
up a bit like how carlos visits rcpd instead of jill,1
the chemistry with jill and carlos is truly something to behold,1
carlos good,1
des refontes des charadesign jill carlos némésis etc aussi par moments,1
the story of jill and carlos esacaping raccoon city and nemesis,1
love what they did to carlos if you re a fan,1
remake this is completely removed carlos fifthly the game focus more,1
playthrough while you switch between carlos and jill on occasion it,1
you get to play as carlos as well in the story,1
is now ever present during carlos sections of the game i,1
good story is whatever new carlos is cool jill is whatever,1
jill was played nicely and carlos was a good upgrade from,1
city looks beautiful jill and carlos have great characterizations the final,1
bigger bullet sponges than before carlos parts of the game are,1
of a skirt with shorts carlos oliveira s classic is even,1
t happen once but twice carlos gets almost the same treatment,1
that will come with time carlos has a unique dodge in,1
and nostalgia seeing jill and carlos come back one more time,1
personality and her relationship with carlos and the rest of the,1
i just suck with except carlos which lets you shove an,1
controls play between jill and carlos multiple times new enemies cons,1
dando tapa na cara do carlos,1
segments where you play as carlos are on par or even,1
forced relationship between jill and carlos where as in the original,1
two playable characters jill and carlos you don t get this,1
like the relationship jill and carlos had i just wish it,1
𝐚𝐧𝐝 𝐭𝐡𝐞 𝐨𝐭𝐡𝐞𝐫𝐬 definitly especially carlos looks so cute and hella,1
great soundtracks ♥♥♥♥ negative reviews carlos 10,1
and developed enough as such carlos is a great character much,1
and mean to best boy carlos,1
about characters like marvin and carlos heading there heck the side,1
fight with nemesis then with carlos back to rpd first i,1
to the park and this carlos loser goes to the police,1
2020 are well made 4 carlos and the other members of,1
underused after the opening area carlos spoiler hospital section where he,1
valentine and also umbrella agent carlos in other chapters living their,1
when you re playing as carlos and you sit in a,1
is shared between jill and carlos after the first hour i,1
randomly do we really want carlos segments essentially just action packed,1
i was quite impressed by carlos and jill both thought out,1
locations are covered either by carlos or jill after area 1,1
room theme is back and carlos is a badass overall 6,1
few well timed rolls and carlos can easily eliminate zombies only,1
into much more interesting people carlos in particular pretty much steals,1
appearance there never mind cutting carlos and tyrell part in rpd,1
game because you play as carlos who literally only has access,1
characters that were part of carlos umbrella biohazard countermeasure service u,1
with horrible lines the new carlos however is better in every,1
charismatic even the bad guys carlos finally feels like an actual,1
faster and deadlier looks good carlos hair cons its just too,1
liked the new sections with carlos and the power plant with,1
instance if timed correctly as carlos he literally punched parry zombies,1
like the experience jill and carlos chemistry is there and jill,1
and they managed to make carlos very likeable,1
he s supposed to be carlos and the others feel more,1
clock tower what happened with carlos being a companion why skip,1
longer a subweapon jill and carlos look like they belong in,1
great and they are awesome carlos is awesome the cinematics are,1
dodge system shoulder bash for carlos improved unlockable system over remake,1
even when you re playing carlos you will not have the,1
right moment allows jill and carlos to preform a fancy evade,1
short time in some cases carlos is likeable now instead of,1
carlos hair is the real star,1
super unique side character named carlos resident evil is not meant,1
s a blast to play carlos is much more likable at,1
the game both jill and carlos new default skins are perfect,1
the new hair style for carlos is bloody awful yes the,1
an absolute snarky ♥♥♥♥♥♥ and carlos having a bush for a,1
character close to this is carlos with him they did a,1
rpd station you play as carlos for that which again was,1
game unless you master jill carlos dodge counter mechanics in which,1
will take control of both carlos and jill both have different,1
order even my gorgeous boy carlos with his classic hair looked,1
things the tension jill and carlos s retooled banter and the,1
play as nikolai mikhail tyrell carlos dario murphy and brad vickers,1
emotional ties to anyone except carlos and maybe tyrell a little,1
m gonna say is chad carlos virgin chris,1
from the og game cut carlos cut zombies cut rpd and,1
positives the dodge mechanic and carlos s badass punch mechanic nemesis,1
excellent game the phases with carlos are perhaps a little too,1
as re2 r jill and carlos are cool i suppose new,1
design and all around it carlos and jill are given a,1
see the different story from carlos instead of leaving him in,1
though the silly dialog with carlos but why though dumbed down,1
director is deserves accolades because carlos has changed from a guy,1
little underdeveloped jill and especially carlos exudes a certain charisma that,1
amazing you will love her carlos is good also nemsis is,1
play as both jill and carlos in one campaign the only,1
i got nemesis was terrific carlos was amazing and jill was,1
should off did that with carlos and jill but i understand,1
of a beginning you meet carlos too fast,1
in a little bits 3 carlos play part s were fun,1
to great effect especially with carlos lines i hope that they,1
i liked that they gave carlos more screentime along with the,1
the core characters jill and carlos most notably is particularly strong,1
2 now that jill and carlos can do specific timed dodges,1
jill but i stayed for carlos sorry hunk but i think,1
the story of jill and carlos in re 2 remake when,1
way more of them 4 carlos revamp is awesome and actually,1
for re 3 jill and carlos s story are merged into,1
brings new interactions between jill carlos and nikolai along with new,1
between both originals jill and carlos interactions are good too and,1
no secondary story line with carlos unlike with the resident evil,1
great performance for jill and carlos nice good story telling they,1
this game and same with carlos nicholai at his best in,1
raccoon city with jill and carlos is it a terrible game,1
cute n badass as ever carlos he looks amazing n hansom,1
than puzzles visuals are similar carlos s hair is messed up,1
solve or better yet requiring carlos and jill to each solve,1
more ammo the sections with carlos are really just filler to,1
new redesigned creatures are awesome carlos sections are better the story,1
action heavy i love using carlos and punching biohazard all day,1
all jill is a badass carlos is a badass and its,1
my ass some dude named carlos saves my anal virginity with,1
good story great voice acting carlos oliveira h1 cons h1 way,1
jill is stunning carlos has epic hair game is,1
not want to play as carlos this game although his gameplay,1
still worth getting pros jill carlos nemesis dodge button knife is,1
game is lazy af and carlos is a simp now after,1
jill s new look and carlos is actually likeable this time,1
feels nostalgic jill looks great carlos too the zombies and monsters,1
