context,count
jill,66
jill valentine,57
jill is hot,32
jill sandwich,22
i love jill,15
i love jill valentine,14
jill 3,14
i like jill,8
trust in jill,7
jill hot,6
i love you jill,5
jill valentine 3,5
jill is a baddie,4
jill my beloved,4
jill s hot,4
jill valentine my beloved,4
jills hot,4
all cut from the game jill doesn t go to the,4
jill 👍,3
jill my love,3
jill be my valentine,3
jill is so hot,3
i love jill valentine 3,3
jill is awesome,3
jill mommy,3
love jill,3
mommy jill,3
jill is the best re character,2
jill valentine the woman that you,2
if jill valentine has a million fans,2
sexy jill,2
jill kinda bad,2
i love you jill valentine,2
jill baddie,2
jill jill jill jill jill jill,2
i 3 jill valentine,2
play as a combination of jill valentine from the racoon police,2
i want jill,2
i love jill and carlos,2
jill is cool,2
in jill we trust,2
jill so hot,2
our brains are jill valentine,2
i wish jill valentine was real,2
jill is pretty,2
"  the story follows jill valentine as she tries to",2
i was almost a jill sandwich,2
jill is a badass,2
i want jill to be my valentine,2
immersive feel the portrayal of jill valentine in particular is well,2
jill best girl,2
3 jill,2
came for jill stayed for carlos,2
good jill,2
jill was hot,2
jill valentine sit on my face,2
jill valentine that s all you,2
all a downgrade instead of jill fighting through an urban wasteland,2
jill is best girl,2
scene where it throat s jill all in all the game,2
could really go for a jill sandwich,2
close you were almost a jill sandwich,2
the return to form of jill valentine makes it an experience,2
hot jill,2
jill samdwich mogs rendonut,1
yeah jill is annoying but i actually,1
jill is my gf,1
jill ass my whole life 🖐️😜✋,1
nemesis coño de madre chavista jill te amo reina carlosgod gracias,1
jill the woman u are,1
the story and i love jill i m just happy carlos,1
others while i do like jill and carlos i prefer leon,1
jill that body of yours is,1
five hours of nemesis chasing jill nonstop,1
have the opportunity to play jill and carlos trying to navigate,1
introduced also play this for jill and carlos trust,1
so it turns out jill valentine is the daughter of,1
coins in my i am jill run but after 8 hours,1
returning to this because of jill and carlos,1
feel more authethic rather than jill running around like a chicken,1
is a fun antagonist and jill is a great protagonist raccoon,1
completely lost control zombies everywhere jill valentine is one of the,1
story h2 the story follows jill valentine shortly after the events,1
hooked right from the start jill valentine is a great to,1
"couldve been better  love jill valentine tho",1
suck it jill s words for nemesis pretty,1
jill valentine is rlly attractive,1
resident evil 3 that thrusts jill back into the spotlight navigating,1
games myself i really liked jill valentine and carlos oliveira jill,1
was so great especially for jill 7 8 10 and generiously,1
crisis it shows up to jill dressed in black rubbish bags,1
of gaming but i wish jill wore a bulletproof vest like,1
jill supremacy bro,1
horror experience and as always jill valentine is one of the,1
story made boring carlos and jill are both stale characters and,1
kinda short and carlos and jill are goated af 🙂‍↕️,1
i had fun i love jill i love carlos but it,1
any meaningful reason to play jill deserved better the game is,1
"being a boss   jill valentine is fighting for her",1
i could 10 10 game jill best protag,1
jill valentine my bini gwehj my,1
cannot compare it to remaster jill visually feels wrong if you,1
flaws but its fun also jill and carlos are hot,1
mind it i even like jill better here tbh than the,1
♥♥♥♥♥ can t even swim jill valentine jill and carlos are,1
wanted to stick something down jill valentines throat you are in,1
c and only because of jill and the final boss fight,1
atmosphere is even more immersive jill is a really cool protagonist,1
way more fun character than jill in this remake we spend,1
time the main character is jill valentine a cop from the,1
love jill as a character but damn,1
have a three way with jill and carlos sadly,1
better now but i like jill too,1
massively overhated i love jill,1
tricky is all i liked jill a lot she is super,1
really the story sucks and jill is made very unlikeable whilst,1
75 cutscene esq shots of jills ass so yeah if thats,1
it is to hunting down jill even though he doesn t,1
"t hesitate  i love jill she s in my top",1
did they ruin nemesis and jill yes is the world design,1
i really enjoyed playing as jill and carlos with a different,1
played as jill spent the whole game being,1
that your scared or a jill shill,1
compared to the og and jill remains a good character to,1
my biggest gripe is that jill at times seems a little,1
playing the og i liked jill and carlos the game was,1
you dodge but only with jill the bullet time after a,1
graphics etc and i love jill and carlos they are adorable,1
to play i like the jill and carlos dynamic duo idk,1
real resident evil 3 and jill valentine,1
is tight and fast paced jill s dodge mechanic and carlos,1
and the characters are great jill might have a little too,1
gonna be me ranting about jill and carlos jill valentine chef,1
"♥♥♥♥  spoiler nemesis spoiler jill is the ♥♥♥♥♥♥♥ terminator lol",1
"the good h2   jill valentine was easily one of",1
is written his relationship with jill develops almost out of nowhere,1
"pros jill valentine is an excellent protagonist",1
nemesis creates unforgettable moments and jill is an excellent protagonist while,1
remake 2015 jill re3r jill,1
story line of carlos and jill its refreshing way to move,1
visiting the rpd instead of jill the clock tower only serving,1
court yard but even with jill i couldn t find how,1
"up an item   jill and carlos are the only",1
the graphics were stunning and jill was awesome nemesis was terrifying,1
all its still very good jill is sick and as always,1
annoying zombies poor jill and tentacles,1
but i couldn t also jill should ve actually died extremely,1
the fortitude of a nacho jill deserved better after surviving arklay,1
horror style and playing as jill valentine is simply badass the,1
also have a crush on jill so,1
de esquiva aprimorado dá a jill uma mobilidade que leon e,1
my sense of humor though jill s funny in a similar,1
jill is actually pretty cool,1
"time take the ♥♥♥♥♥♥♥ hint jill   absolute cinema",1
the atmosphere is great and jill and nemesis make the experience,1
fights feels like a chore jill is stronger than avg human,1
sucker for massively hammy villains jill and carlos also had a,1
the unqualified girlboss ness of jill that does undercut the tension,1
only get to play as jill and carlos both were enjoyable,1
combat feel smooth and responsive jill and carlos received excellent redesigns,1
resident evil i really liked jill and carlos i know jill,1
"una ambientación excelente y una jill valentine más carismática  el",1
i ll give you stars jill valentine 1st october 1998,1
to the variety of weapons jill is beautiful as hell p,1
jill valentine is one of my,1
create distance i really liked jill and carlos i enjoyed switching,1
but i like to watch jill s voice actress streams and,1
re3r i enjoyed playing both jill and carlos however little time,1
chase sequences between nemesis and jill became repetitive but the game,1
nemesis is a joke and jill is made of steel a,1
evil games i really like jill a lot but the game,1
while i don t enjoy jill and carlos as much as,1
great as the original but jill valentine makes it all worth,1
is a good game and jill is a very cool and,1
events of resident evil 2 jill valentine and carlos oliveira carry,1
new jill is awesome give her an,1
"gameplay is pretty fun and jill is an actual badass ",1
fun 5 6 hours with jill,1
jill valentine highkey made the game,1
feel the same sections between jill and carlos are contrastingly different,1
10 jills and carloses out of 10,1
just my love for jill valentine,1
action with carlos sections and jill s dodge ability makes her,1
to playing more games featuring jill nemesis is a really interesting,1
not like when they killed jill valentine and replaced her with,1
shorter than nemesis og but jill looks hot asf so that,1
instead of a true remake jill is now an annoying girlboss,1
but still good 8 10 jill s dodge skill is phenomenal,1
makes the player think if jill isn t scared of this,1
options for carlos given how jill has multiple really loved carlos,1
to resi 2 remake still jill and carlos were great protagonists,1
mantap jill,1
s good weapon variety and jill is still a great character,1
i feel the relationship between jill and carlos needed to be,1
he was traipsing through levels jill had already been through or,1
okay not a faithful remake jill isn t really remotely like,1
gave me a migraine also jill is unstoppable and i am,1
i miss jill,1
i love jill she s such a badass,1
wish the jill tentacle scene didn t exist,1
he doesn t appear shirtless jill looks beautiful btw,1
is immersive intriguing and playing jill is such a new experience,1
is faster than usain bolt jill didnt have to do detective,1
have a whole lot of jill lately i d give it,1
you get the timing down jill is a great protagonist and,1
i love both jill and carlos,1
only reason to play its jill i loved her from first,1
fun good soundtrack carlos and jill are amazing nemi is disgusting,1
402 it s not really jill valentine if it isn t,1
to play as the goat jill valentine so i personally loved,1
jill valentine is hot,1
jill valentine heart eyes,1
good but jill kinda freaky lokey,1
£3 i can t complain jill is fine ♥♥♥♥ but carlos,1
we will se more of jill,1
likeable on the other hand jill redesign sucks but a real,1
jill is a baddie 9 10,1
"an re2r asset flip  jill was pretty hot though that",1
not a special mention to jill valentine who easily makes it,1
man jill s really cool 😍,1
what i liked h2 ◦ jill is an excellent protagonist and,1
version and i ♥♥♥♥♥♥♥ love jill in this she had zero,1
with a mad crush on jill so that s something,1
jill lucu,1
the best resident evil characters jill valentine i prefer this game,1
replayed on standard cannot stand jill s voice acting her brain,1
skip ko mua được cái jill xin vãi ò mong được,1
fashion i liked seeing what jill was up to after seeing,1
but when it came to jill she couldn t catch a,1
boss fights and great gameplay jill is an excellent protagonist and,1
ll give him a pass jill is beyond beautiful and despite,1
we will get more of jill in future re games so,1
i enjoyed the game jill is a badass almost too,1
we didn t relate to jill or carlos at all here,1
is the jiggle physics in jills breasts,1
a high reward mechanic with jill s ability to roll and,1
likable protagonists in the series jill valentine the action feels satisfying,1
"1 jill and carlos ily 2 yes",1
"loved re3 remake especially jill s story   the",1
s a lot of fun jill is fantastic to play the,1
aura farming and i liked jill and carlos,1
regret❤️‍🩹 terutama ada my mbg jill valentine tomboy ganas berwajah tegas🤭,1
was my first introduction to jill valentine since i m new,1
genuinely tense and memorable moments jill valentine is a fantastic protagonist,1
jill is a ♥♥♥♥♥♥♥ beast in,1
soo peak i love jill 33333,1
fun for what it is jill using the railgun to obliterate,1
i m sorry but jill deserves way more respect than,1
i love jill s body,1
"lot of fun   jill is fantastic to play the",1
and sometimes the sprint on jill doesnt really feel like a,1
jill not quite as nice as,1
"goated game because jill has jiggle physics  it",1
s a mandatory cutscene where jill gets ♥♥♥♥♥♥♥ r worded by,1
jill valentine has a small ass,1
i wanna ♥♥♥♥ jill,1
h1 a misrepresentation of jill valentine and how is this,1
carlos and jill r the queens of being,1
still limited at times but jill being an absolute badass shows,1
like short games we got jill valentine thats a reason to,1
pretty hit and miss with jill s perfect dodge carlos punch,1
it also butchered nemesis and jill this is my least favorite,1
to be a survival horror jill is a total ♥♥♥♥♥ in,1
enjoyed it the switches between jill and carlos were made good,1
mean the dodge mechanic for jill and counterattack for carlos was,1
jill is a baddieee,1
to re2 and others after jill and carlos are fun to,1
the racoon city incident from jill s perspective sense she s,1
main characters both carlos and jill despite being elite special forces,1
"overall loved the romance between jill and carlos a lot ",1
fun to play switching between jill and carlos keeps things fresh,1
love u jill,1
spoilers but iykyk i love jill walk em down valentine,1
this is because i like jill and the characters in this,1
raccoon city playing as both jill and carlos but nemesis just,1
move along a lot faster jill is a badass carlos is,1
"from beginning to end  jill was a great protagonist the",1
when there s discount because jill is my valentine 3,1
fun and the dynamic between jill and carlos loved it jill,1
and i honestly loved the jill and carlos especially the big,1
i need more of jill and carlos right now,1
puzzle solving of re2 but jill s perfect dodge and carlos,1
fun gameplay i think jill s attitude and overall characterisation,1
jill and carlos need to make,1
hes so freaking annoying however jill valentine is very pretty so,1
the characterization here is fantastic jill and carlos are incredibly well,1
i really enjoyed playing as jill and carlos running around raccoon,1
me love jill,1
jill and carlos very sigma in,1
to circumvent the rewrites to jill and carlos are appreciated jill,1
shooting zombies as my fave jill but also had some good,1
jill and carlos can tag team,1
yes jill and carlos sooo goodddd,1
he did in the original jill and carlos were great especially,1
mmph jill,1
the original anyway that said jill and carlos never felt quite,1
enjoy the ending chapter with jill not only that feel like,1
started after the fact and jill being one of the remaining,1
the environments look great and jill is easily one of the,1
yippie jill ♥♥♥♥♥♥♥♥♥ it s that guy,1
but every second of seeing jill valentine was worth it nemesis,1
move on aside from that jill and carlos are a likeable,1
what makes it good is jill and carols goated duo nemesis,1
yet still pleasing action with jill and carlos,1
bad though we still have jill in the game so yeah,1
jill 10,1
stuff from the og version jill is a baddie and i,1
jill very hot,1
be a part of a jill sandwich ♡,1
h1 jill stole my heart h1,1
game has too much ammo jill is supposed to be bad,1
şeylere gelirsek carlos dan çok jill ile oynuyoruz arada ekran jill,1
a great game and theres jill so its peak,1
can be used to upgrade jill s starting pistol which i,1
good story and i loved jill,1
boring the story not bad jill looks cool but but i,1
because of how ♥♥♥♥♥♥♥ sexy jill is,1
had fun and really liked jill would be better if it,1
so far loving playing with jill after the og re1 i,1
the graphics look fantastic and jill carries the whole thing with,1
experience the gameplay feels smooth jill is a great protagonist and,1
butchered jill s character and stripped away,1
are well acted and voiced jill and nikolai in particular were,1
the iconic rcpd station as jill you re outside trying to,1
is sometimes a bit cringeworthy jill would have died 6–7 times,1
condensed game with great graphics jill is peak only cons is,1
or less quicktime event cutscenes jill feels super bland totally lacks,1
do one playthrough but ngl jill is bad af and it,1
my first re game with jill in it with that said,1
go i ll handle this jill is an absolute legend my,1
cut instead of expanded and jill s character has been needlessly,1
but the characters such as jill and carlos are so unforgettable,1
a very enjoyable game and jill is soooo ♥♥♥♥♥♥♥ hot that,1
a 13yo fanfictioning they were jill or carlos with an autistic,1
feels like a demo loved jill tho 3,1
can pay extra money for jill s original outfit which honestly,1
of re 2 justice for jill would love to see her,1
left me wanting more of jill and carlos they are such,1
jill jiggle physics 0,1
10 10 would fold for jill too,1
chris aint got ♥♥♥♥ on jill walk em down wit that,1
fun and pretty i like jill d,1
"its so ♥♥♥♥♥♥♥ badass  jill is so badass i love",1
charm of its two protagonists jill and carlos gameplay wise gun,1
action re remake 9 10 jill s ͡° ͜ʖ ͡° shots,1
a more interesting duo than jill and carlos do here jill,1
jill a baddie but the game,1
were more combat focused while jill sections played more like re2,1
from the classic game or jill s re1 costume rather than,1
want to play as both jill and carlos if their playstyles,1
the perfect dodge mechanic with jill was fun with nemesis and,1
memorable set pieces playing as jill valentine as she struggles to,1
jill got me actin up,1
interesting qualities on its own jill guns graphics that make it,1
shocking lack of care attention jill has an invisible flashlight when,1
jill valentine and carlos oliveira are,1
freakin awesome my waifu jill valentine 3 played the re2,1
probably on purpose since even jill clearly looks completely fed up,1
jill is bad but can t,1
so far its peak jill is a baddy i never,1
i love u jill,1
ll give you stars — jill valentine h1 b i another,1
does a great job bringing jill valentine s escape from raccoon,1
awesome game jill and carlos were engaging characters,1
jill is baddie as always eh,1
doesn t stand out besides jill i am not kidding this,1
depth and i absolutely love jill in this game definite recommend,1
raccoon city s streets and jill s modeling are flawless action,1
liked the dodge ability on jill but carlos attack ability is,1
characters are fun expect for jill at times the story is,1
was really short absolutely love jill and carlos as a duo,1
of the best versions of jill valentine we ve ever gotten,1
is so iconic and revisiting jill s life after the events,1
jill and carlos better be dating,1
single campaign that jumps between jill and carlos it makes for,1
leave jill alone,1
tower or raccoon park and jill seems like a different woman,1
complete character assassination of jill,1
jill supremacy,1
got it for 7 bucks jill is cool but i wasn,1
jill valentine i m in love,1
about how much people love jill as the main character and,1
"jill cool   nemesis get",1
can get it dirt cheap jill is the only saving grace,1
was going during those chapters jill and chris were super fun,1
a really good version of jill valentine the dodge mechanic is,1
action is totally ok and jill valentine is awesome,1
this former police officer named jill trying to escape a city,1
i recommend modding nemesis and jill with classic faces and its,1
short but very fun also jill is hot,1
and who doesn t love jill,1
nemesis freaking everywhere jill randomly wearing a freaking belt,1
as 100 ing it 1 jill is unfathomably hot 2 the,1
game is meh cutscene simulator jill is kinda unlikable a lot,1
i looooove jill i loooooooove carlos i haaaaaaaaate,1
jill is so unbelievably bad 10,1
i miss jill everyday i say as i,1
long juicy tongue that violates jill,1
a real gem loved the jill and carlos story nemesis is,1
knife attack health items and jill s health on hardcore other,1
"nemesis all scripted yaaaay  jill she s overhauled swears every",1
top notch voice actress for jill and voice actor carlos amazing,1
jill carlos nemesis all have a,1
not a big fan of jill just like everyone else the,1
jill got the star s she,1
does not do justice to jill s character like i felt,1
deliberately taking damage so jill moans and whimpers more,1
re2r in the perspective of jill valentine,1
jill more like mid 7 out,1
big puzzles to solves and jill carlos are way more agile,1
went limp when i saw jill on screen,1
jill be like hmmmm residents of,1
fought nemesis one on one jill is such a badass and,1
one dodge shots price decrease jill kinda zamn con short mid,1
oghh jill,1
is meaningful story is basically jill vs nemesis all the time,1
also a good game as jill valentine is one of my,1
got cut and how unlikeable jill is here praydog s vr,1
of nemesis character assassination of jill omission of dynamic gameplay choices,1
you switch between carlos and jill they re actually doing different,1
after claireits the jill she is just amazing,1
really ♥♥♥♥♥♥♥ cool i love jill and carlos and i absolutely,1
jill is very cool but not,1
time with resident evil 3 jill and carlos were both great,1
jill spends more time getting up,1
which is so cool gameplay jill is a very cool character,1
was the original outfit of jill from the og re3 game,1
police force and instead visiting jill s home was a fun,1
the easiest of the series jill 😍,1
weird to me as for jill she s a total badass,1
are annoyed that they changed jill and carlos s characterizations but,1
content including the rpd section jill s one anyway clock tower,1
missing from the game love jill carlos though,1
makes raccoon city look incredible jill feels great to control the,1
jill mods,1
"blockbuster cutscene looks very good jill s room is about taking",1
we also get to see jill again which is awesome and,1
single likeable character check butchered jill that acts nothing like re1,1
better graphic better gore better jill valentine my bini and that,1
worth playing also you have jill and thats enough for me,1
"though i have a big jill biased so theres that ",1
" spoiler for real tho jill s spine must be made",1
i have to believe that jill can survive the odds of,1
quite a bit weaker than jill but jill s hard to,1
i love you jill valentine and carlos oliveira,1
jill carried the entire game wish,1
downed by a single grenade jill s plot armour is way,1
random power plant bug rapes jill get power nemesis alive sets,1
β to the floor despite jill s character being solid i,1
it was annoying i loved jill and carlos characters but wish,1
nemesir fails to make a jill sandwich and jill survives nights,1
was a good experience loved jill s character and dialogue 8,1
really staged i loved this jill and carlos are awesome and,1
good looking carlos is amazing jill is badass and the nemesis,1
i enjoyed the skills that jill and carlos had visiting the,1
feels halved too while the jill and carlos are great characters,1
take on a higher difficulty jill is cool carlos is hot,1
finished twice main character is jill valentine so no need to,1
cause i like jill this is a good game,1
should stop tryna hit on jill if chris finds out he,1
replaying in 2026 jill is badass as always i,1
i kinda liked carlos and jill and carlos is never seen,1
top notch gameplay feels smooth jill valentine is crush totally fun,1
"fun and i thoroughly enjoyed jill and carlos  carlos is",1
two characters i should mention jill and carlos it s quite,1
passionately assassinating the characters from jill brad carlos and hell even,1
its own two feet yes jill is more of a character,1
"pros  great ammo resource jill is a badass i guess",1
to play through play as jill valentine as she races to,1
i love jill and carlos they should be,1
more because of it also jill is hot,1
it despite the incoming rant jill is a great protagonist carlos,1
moments the character designs for jill and carlos i really liked,1
cool game but jill didn t fight 1v1 bare,1
down to memory lane when jill valentine the supercop meets the,1
set piece speaking of short… jill s hairstyle absolute perfection she,1
awesome game jill valentine is back,1
get to play as the jill valentine,1
"  the gameplay with jill and carlos is extremely fun",1
jill swears too much,1
make it intense and fun jill feels strong responsive and satisfying,1
"survivors   lo bueno jill y el gameplay  lo",1
resident evil 6 treatment with jill essentially being a super hero,1
feel less bullet spongey and jill and carlos feel a lot,1
jill was straight up abused the,1
was it was almost addicting jill valentine was an amazing protagonist,1
where you have to protect jill from incoming zombies into the,1
like the new look for jill and nemesis both look better,1
they did carlos and jill dirty in the movies i,1
playing story is really good jill s gameplay is more like,1
and carlos is epic plus jill is nice too look at,1
and smooth performance on pc jill valentine is a strong and,1
insult to the characters of jill and nemesis just unbelievably bad,1
sadly it was incredibly short jill could have died like 10,1
oppressive you still feel like jill the supercop she s great,1
well as he aura farms jill when given the opportunity,1
was also fun playing as jill probably my favorite female protagonist,1
not carlos doing the rpd jill did the rpd the re,1
for a resident evil game jill herself is also pretty annoying,1
"at home   but jill in re3 remake is the",1
goated jill,1
and character development for protagonist jill suck it is truly awful,1
jill violation simulator,1
jill is hot the female zombies,1
the redesigns of the characters jill being able to play as,1
jill shouldve been in re9 instead,1
far loved it love u jill and down for carlos too,1
a dlc like people say jill deserves better,1
game modes i do think jill shouldve died like 10 times,1
cutscene with brad vickers and jill valentine being able to explore,1
tinggi 2 dia gooning ke jill,1
a r s police officer jill valentine who is on the,1
least favourite re games but jill valentine is a badass an,1
only way to play a jill story in the re engine,1
which stun locks and leaves jill completely helpless 3 sometimes 4,1
♥♥♥♥ me jill,1
i never warmed up to jill carlos won me over after,1
little bit of detective work jill valentine,1
we got to play as jill since 2012 so beggars can,1
"dynamics  both carlos and jill are incredibly well written grounded",1
content very very railroad terrible jill character with completely different than,1
a rushed trashy remake ruined jill and nemesis the main stalker,1
love jill in classic costume it is,1
t care too much for jill and by the tail end,1
although i loved seeing oldschool jill in bubetube top carlos looks,1
” and honestly it works jill valentine is an absolute powerhouse,1
only as carlos but supercop jill can handle even this big,1
good it s basically re2 jill s story,1
seeing jill valentine for the first time,1
very good carlos is great jill is great only downsides is,1
still a fun game showing jill and carlos sides of the,1
jill valentine carlos oliveira butchfemme lesbian,1
animations and character models despite jill s outfit looks more reminiscent,1
it s too close and jill carlos head is almost always,1
was very cool to see jill plz marry me,1
jill is in love with me,1
my god jill knew all along and she,1
never disappears throughout the game jill valentine carries the story with,1
jill carlos ada leon,1
jill is 10 10,1
i love jill valentineeeee,1
this game and playing as jill was really fun the gameplay,1
of carlos nikolai and especially jill who is just so ♥♥♥♥♥♥♥,1
good resident evil jill is beautiful carlos is my,1
just like “oh this again… jill will be fine ” honestly,1
things were getting good with jill main character the game makes,1
jill mods make this game replayable,1
jill a baddie fr fr crazy,1
games but the mc is jill valentine and she was so,1
jill valentine is my goat,1
suddenly from the perspective of jill s t a r s,1
jill and carlos makes me h0rny,1
to something this game has jill in it which is great,1
i really loved this story jill and carlos are badass and,1
pretty good jill can just casually wield a,1
developers were trying to turn jill into a copy paste “girlboss”,1
violar por la boca a jill b a que clase de,1
nemesis wont die jill a baddie,1
is pretty cool carlos and jill arent bad what i hate,1
thought it was badass when jill absolutely demolished nemesis with a,1
differences between the characters with jill s gameplay leaning more toward,1
short but beautiful jill valentine has a lovely butt,1
ruin your first impression of jill and nemesis forever the game,1
gimmicky dodging mechanics both as jill and carlos while i think,1
bring raccoon city to life jill valentine is a strong and,1
get it on sale because jill is hot and you get,1
disgraceful also the fact that jill s classic outfit from the,1
i not enjoy playing as jill,1
not a bad game but jill deserved better,1
mobile i really do like jill s dodge mechanic it rewards,1
bad but this game has jill valentine so it already is,1
you ♥♥♥♥♥♥♥ kidding me as jill would say if i wanted,1
completely removed and the iconic jill vs nemesis dynamic has been,1
new available i really like jill as a protagonist and i,1
wondering around the characters both jill and carlos are a 10,1
series with great replay value jill is a boss in this,1
go to rpd instead of jill and have it only last,1
every boss fight carlos and jill and their own section and,1
jill x carlos,1
it s me jill i m gonna s t,1
are massively improved carlos and jill have way more personality and,1
does is sit there until jill can get her cool cutscene,1
jill ♥♥♥♥♥ wish i could,1
also a big fan of jill wielding that rail gun so,1
unfortunate because i really like jill also has replayability because of,1
a unkillable all powerful nemesis jill barely walks as she tries,1
"lastly capcom please bring back jill for re10   6",1
are great although very limited jill and carlos are great protagonists,1
jill is mommy and carlos is,1
resident evil storyline or follow jill s personal arc that said,1
even with the cut content jill behaved like a feminist with,1
think this new iteration of jill is fine enough though she,1
is still largely the same jill caught in raccoon city when,1
the city boss fights and jill looks wonderful i love jill,1
stuff to like about it jill is cool nemesis before the,1
good game ass jill velentine is great,1
this game is fun jill is a badass carlos is,1
fun to pull off also jill sexo,1
jill goes brrrr,1
just faintly teased and then jill just gets infected and passes,1
barely can remember anything after jill goes out of the subway,1
with great characters such as jill valentine and carlos at the,1
"out of 5   jill valentine is a badass i",1
in this remake changes to jill s character i have not,1
jill please be my valentine,1
cool game jill pretty bad too,1
hairstyle for carlos and classic jill outfit but i can really,1
stupid for the sake of jill s survival even though he,1
if that ever gets released jill is the best girl enough,1
feels more annoying than anything jill is still a badass though,1
the intro sequence in og jill has been helping survivors for,1
the first time i saw jill s room in the game,1
i like jill the game was aight nemesis,1
kill jill bill pill dill mill will,1
much but i really enjoyed jill s story the carlos character,1
classic re remakes my queen jill valentine looks beautiful and i,1
the continuity of the remakes jill s character in this game,1
play this even if missing jill s slap from the original,1
besides what they did to jill as a character it is,1
game ever only playing because jill is hot also no choices,1
between eachother also changed greatly jill is kind of an idiot,1
mommy jill and daddy carlos,1
and also had some personality jill carlos and nicolai are solid,1
rather aura farm than kill jill every chance he gets,1
motion and then there s jill valentine this version of her,1
overall interesting and i love jill valentine but was missing a,1
"telling you its bad pros jill has a nice butt no",1
of nemesis is too brutal jill and carlos jill is in,1
raccoon city you play as jill valentine and at certain times,1
action characters and story yup jill shines in this with some,1
great game jill is heavy,1
retelling of the original iconic jill valentine story the original game,1
ve been cycling through the jill mods from the nexus great,1
jill wangywangy but too bad the,1
"the pros  first seeing jill valentine again was awesome though",1
way on the other hand jill s dodge feels a bit,1
butchered sad reimagining story of jill valentine s last escape,1
im literally jill valentine,1
a nemesis 10 lemme see jill again capcom,1
in the start nemesis broke jill s concrete wall but 3sec,1
jill is why i played this,1
"9 6 10 jill is so hot gyat",1
s determined and trusting of jill with just the right amount,1
side though the redesigns of jill and carlos specially carlos are,1
features my favorite version of jill valentine nemesis on the other,1
resident evil 3 2020 for jill i really wish there was,1
intense from start to finish jill is a great character and,1
jill is boring but carlos throws,1
enjoy the atmosphere and the jill vs nemesis dynamic my advice,1
story and the stroy of jill valatine is even better in,1
and that s only because jill is a sick character best,1
jill valentine no further explanation needed,1
"are just not puzzles  jill valentine is awesome here and",1
jill is such a baddie,1
fun and i love both jill and carlos a lot i,1
jill valentine is so sexy,1
jill look like lara croft,1
in re and carlos and jill have great chemistry,1
play just because of gorgeous jill and nemesis,1
ahh nemesis could ve killed jill 10 times if he wanted,1
played so far i think jill just became my favorite i,1
most detailed in the series jill valentine and carlos are expertly,1
"jill is such a angel face",1
blind only knowing who nemesis jill and carlos are so while,1
and weak when playing as jill and carlos the highly trained,1
jill the goat 8 10,1
jill valentine is my only argument,1
js there for carlos or jill anyways i d rate it,1
all regards a pity because jill and carlos are rather entertaining,1
you ignore character assassination of jill then this is best game,1
jill is pretty hot 10 10,1
what it was e g jill never once goes through the,1
on higher settings like inferno jill s dodge mechanics become extremely,1
jills crawl scenes are immaculate i,1
anyway i like this game jill and carlos very good duo,1
re 2 but with overpowered jill,1
great gameplay amazing graphics and jill is a legend shorter than,1
i like jill and capcom decided to violate,1
time for a single playthrough jill s character is fantastic this,1
"doesn t   since jill is here okay i ll",1
in the walls and the jill sections had me blasting zombies,1
damn jill is hot,1
jill tonic we trust,1
still see the beauty of jill and 60fps,1
get out of here b jill valentine https store steampowered com,1
its just because i love jill as a protagonist but still,1
but i honestly enjoyed that jill was another big reason i,1
action than scares carlos and jill are absolute badasses and i,1
shorter compared to the original jill valentine as the main character,1
see daddy carlos and mama jill working together,1
jill valentineee,1
giiiiiillalllaaakkkkk perjalannn panjanggg jill valintineee untukk menaklukkan nemesisss,1
jill valentine girlboss,1
original game it felt short jill as a character was kinda,1
residents are still evil and jill valentine is a solid lead,1
to move anywhere 10 10 jill,1
i goon to jill,1
lets you relax playing as jill valentine feels awesome and her,1
in players defensive capabilities as jill you are able to sidestep,1
least we get to see jill in super hd,1
can jill please sit on my face,1
sponges and the movement for jill and carlos feels a bit,1
some original story and makes jill looks diff from the original,1
"don t i did  jill is my favorite character so",1
not enough jiggle physics on jill,1
jill the best,1
zombies are too tanky also jill might be the worst character,1
disfrute mucho y me encanta jill,1
once you master the timing jill is confident capable and genuinely,1
fast paced action packed ride jill valentine is such a badass,1
instead of having me watch jill do everything on her own,1
honestly the game is overhated jill sexy as ♥♥♥♥ that s,1
jill valentine my bini gweh,1
stopped caring after a while jill valentine is a cool and,1
rehash of re2 r and jill is an annoying bad mouthed,1
jill valentine omggggggggggggg,1
is i like playing as jill and the chases with nemesis,1
jill is cool i m not,1
jill top,1
that great apocalyptic vibe and jill valentine traumatized from the events,1
introduces an interesting mechanic like jill s dodge roll and a,1
idc what anyone says jill carried this whole game fr,1
jill so cool,1
title but the defense mechanism jill and carlos has is also,1
original face of the franchise jill has to carry the burden,1
jill valentine for me is after,1
jill in memeler sallanmıyor beğenmedim,1
jill my bini,1
i would like to see jill naked games good,1
its all good i love jill so much 3,1
sprinting nightmare with anger issues jill “i just need to get,1
had quadrillion chances to kill jill on the spot but this,1
mbak jill 😍🥰😘,1
was okay the dynamic between jill and carlos was the best,1
you get to look at jill valentine for most of the,1
viciante ter esse rolamento da jill porque que eles removeram isso,1
series honestly feel bad for jill valentine fans and re3 lover,1
terrifying and i absolutely love jill and carlos especially jill i,1
game because i love re3 jill valentine but this remake is,1
jill s character was butchered turned,1
game with him breaking through jill s apartment immediately turning it,1
you it s safe — jill literally sighs in relief removing,1
game it is very short jill is the best female protagonist,1
jill is js a ♥♥♥♥ character,1
the first 5 minutes if jill didn t have the biggest,1
really liked leon carlos and jill were both felt like they,1
was quite action packed omg jill can actually use dodge holy,1
the original ps1 game however jill and carlos are both way,1
throughout re3 nemisis relentless pursue jill and that s horrible for,1
is really fun playing as jill feels great and i love,1
mods to replace carlos with jill in some segments the ultimate,1
jill valentine🥰🥰🥰 yerim 2010 mila jojovich,1
i am loving playing as jill and it has the classic,1
once i also believe that jill is not as good of,1
oh jill valentine where do i begin,1
would make an appearance but jill proves to be a compelling,1
this game mainly because of jill lol so any negatives about,1
8 10 jill is my wife,1
"slow buildup  🎭 characters jill valentine is more expressive and",1
why jill has no armpit hair,1
is a funny dude and jill sandwich is really cool i,1
didn t even play jill in the first game,1
was so good gotta love jill and carlos also nemesis scary,1
cutting content goat mah baby jill,1
jill is hot this game is,1
short but sweet jill is what leon think he,1
jill will u be my valentine,1
"  from the jump jill valentine s escape feels faster",1
mbak jill kegirangan loh ya bermain main,1
and runs beautifully and both jill and carlos are fun to,1
dialogue and voice acting for jill imo makes her sound like,1
i ❤️ jill valentine carlos chill too ig…,1
played for jill replayed for jill jill mommy,1
sections are generally better than jill s sections to be honest,1
events where it feels like jill should have died i don,1
don t forget trust in jill,1
chase scenes and lots of jill running away from nemesis this,1
as you jork it to jill,1
most important aspect of all jill is carrying the whole bakery,1
we all came here for jill valentine but the game was,1
when i have to guard jill s door in hospital with,1
grabbing on sale to follow jill s story,1
annoying to deal with him jill s playthrough is was indeed,1
good enough for a sale jill laloves,1
"tldr  ✅ pros  jill is hot good story nemesis",1
been better i liked it jill valentine is an enjoyable character,1
long as it s with jill and her crusade against the,1
on the open market both jill and carlos play differently but,1
to see my baby mama jill and my baby daddy carlos,1
but the character assasination of jill being a loud mouth ♥♥♥♥♥,1
just drops you in as jill the gunplay feels smooth and,1
is crucial to know who jill is and what her jobs,1
never hear me complain abt jill content but man i wish,1
don t mind them tackling jill as a more traumatized joker,1
and counter mechanics introduced with jill carlos,1
this game is amazing and jill valentine is a very good,1
is all fine by me jill is a great character funny,1
i love jill valentine screw all the haters,1
re4 remake btw how could jill is not dead 😂,1
this game makes me hate jill valentine,1
" the graphics are amazing jill looks like a real person",1
this newer jill can be a bit hard,1
in a fragile alliance with jill before ultimately betraying her carlos,1
chaves no clássico gameplay da jill sendo muita ação e do,1
"my short review  jill is pretty carlos could do",1
a more action focused vibe jill feels great to play and,1
and blast some zombies with jill will you be my valentine,1
jill i swear to god if,1
t really vibe with remake jill loved her in 1 carlos,1
jill leon,1
jill and carlos my goats,1
jill valentine is a tank,1
very good jill,1
re10 will have jill valentine as the protagonist mark,1
10 10 jill,1
stay engaging classic characters like jill valentine and carlos oliveira are,1
and easy to control both jill and carlos the addition of,1
jill valentine is so hot,1
and complement each other well jill valentine is composed decisive and,1
it was to not let jill go into the rpd or,1
cinematic style you play as jill valentine a s t a,1
jill s one beautiful woman ദ്ദി,1
enter the rpd itself as jill only a small segment as,1
thicc jill only,1
graphics details and action sequences jill is hot very important lol,1
jills in it so yeah pretty,1
enjoyed the story along with jill carlos,1
to get a facefull of jills rump everytime she crawls under,1
also pretty dumb at times jill can basically go ultra instinct,1
least we got to see jill on re engine,1
"a hollowed out carcass wearing jill valentine s face  where",1
loveeeeeeeeeee it i love jill valetine she is my crush,1
this game love my girl jill love my man carlos and,1
playthrough there are some intresting jill skins,1
a proper survival horror experience jill valentine didn t really click,1
gua suka bangeta aseli btw jill valentine cantik banget fixs jadi,1
is intense and memorable and jill s campaign is consistently exciting,1
characterization is great too especially jill but the rest is just,1
sale short game 6 10 jill skipped the rpd like it,1
carnage can use haki and jill can use proton canon i,1
has a cool story and jill and carlos are awesome main,1
underwhelming after requieming through re9 jill and her corny one liners,1
shift every time you want jill to run but she walks,1
section with trying to protect jill from zombies and it was,1
jill valentine d my waifu,1
is no way in hell jill valentine survives getting hit by,1
as a character assassination of jill valentine with her constantly swearing,1
exciting game great graphics beautiful jill,1
i like that connective tissue jill s a good protag to,1
jill valentine my goat,1
jill is soooooo fineeeeeee,1
story is honestly carried by jill nemesis got a downgrade too,1
and for all i b jill valentine b hr nemesis doesn,1
too many lethal doses of jill valentine face card,1
peak is just looking at jill and getting rage baited by,1
polished action horror the highlights jill valentine is a total powerhouse,1
jill slaying zombie mutants like a,1
b jill valentine b,1
m honestly disappointed i love jill valentine s design carlos as,1
peak game fr i love jill my woman,1
make me want to see jill in a mainline game soon,1
great game great story love jill,1
is that i am biased jill valentine is an icon of,1
resident evil game to play jill a badass and carlos just,1
but it s fine cause jill is here p,1
nemesis attacks bad story and jill with her annoying attude easily,1
meant for carlos more than jill carlos s sessions are more,1
ashley ashcrofts but not to jill she s something else,1
m always happy to see jill in re games,1
"designed those stages  plus jill has basically negative space in",1
more the visuals are stunning jills character in particular is detailed,1
game was cut the clocktower jill going to the rpd instead,1
not my jill,1
great gameplay and story building jill is a compelling character who,1
times its more survival horror jill is so ♥♥♥♥♥♥♥ hot,1
jill is such a bad ass,1
bad thing final thing is jill looks stunning as usual and,1
this remake this version of jill has a terrible personality and,1
10 10 game and w jill valentine,1
and raccoon city looks fantastic jill is a great protagonist nemesis,1
"few corridors repeat   jill is an annoying girl boss",1
me jill,1
you can shoot some zombies jill recommended bc it cost me,1
out tons of content changed jill s look personality wayy too,1
jill my beloved game was fun,1
its final hours playing as jill valentine you aren t just,1
jill and ashley and rebecca and,1
a fun layer of skill jill valentine is also portrayed as,1
jill ve carlos uğruna oynanır,1
jill valentine is bad as hell,1
they made jill an annoying ♥♥♥♥,1
story and i lwk cracked jill most the time then on,1
worth it for jill,1
jill so goated and pretty 3,1
back also always trust in jill,1
jill valentine should me and then,1
the other modern re games jill and carlos are certainly not,1
tf would not fold on jill man,1
jill is such a badass love,1
un femboy como jill te pido barba porfavor,1
i just out from jill s apartment and the game,1
with pulse aura action and jill is cool,1
to go to rpd as jill also dont like jill now,1
m just here staring at jill s sexy ass,1
which is a shame because jill is such a good character,1
do you insist to ruin jill s personality jill was one,1
on edge the return of jill valentine as a strong determined,1
re game and playing as jill is cool,1
"i love you so much jill ♥   good game",1
game is incomplete i love jill and her sandwhiches but nemesis,1
was so high for me jill is also my favorite re,1
was able to do so jill s personality and design are,1
i liked jill s character her movement and,1
this series should be played jill vs carlos jill s evade,1
are a general improvement tho jill is my favourite character in,1
bad just servicable we follow jill valentine a returning character from,1
aiming dodging story moral characters jill puzzles difficulties and challenges replayability,1
capcom bring carlos and jill back pleaseeee argrggrgrgr,1
story 1 10 as enjoyable jill being such a good character,1
they expanded on carlos and jill s characters through their dialogue,1
police department in this game jill and carlos s story evolves,1
is the dodge system with jill and parry with carlos,1
knowing this extra comment for jill when a monster grabs you,1
two distinct campaigns one for jill and one for carlos instead,1
so down bad for a jill sandwich 10 10,1
worth to buy it btw jill is beauty,1
a shame because i love jill would still recommend this game,1
"that seems really underwhelming  jill didn t make it to",1
streets of raccoon city as jill valentine feels thrilling and chaotic,1
"aren t evil enough  jill please be my valentine",1
capcom has been ruthless to jill in this remake trilogy it,1
re2r the new design for jill is amazing and she is,1
worth playing just to see jill with a railgun but it,1
the queen of resident evil jill valentine returns and this time,1
jills a cutie pie def play,1
the ball with this remake jill was horribly reimagined and nemesis,1
2020 has great characters like jill and carlos but nemesis isn,1
jill smokes hella weed,1
"more action based gameplay with jill and carlos  one thing",1
re3 follows the story of jill valentine one of the two,1
that meh they really did jill a dirty move with this,1
fights are actually awesome though jill s dodge roll is a,1
só gosto por causa da jill se não fosse ela ia,1
almost immediately and starts chasing jill without much tension or setup,1
"experience  i like that jill is back from re1 and",1
in the series i like jill and carlos i would love,1
game is alright ish but jill valentine s personality seems like,1
price i liked both protagonists jill had a larger arsenal but,1
decaying ruins of raccoon city jill valentine walks among corpses and,1
short wish it was longer jill 3,1
jill be like i have 15,1
no leon but jill and carlos,1
this game was good but jill got too much plot armor,1
2 remake did except for jill who they absolutely ruined and,1
plays like re2r but now jill has a dodge that dodge,1
jill is best girl plz capcom,1
the best re character – jill valentine so there are positives,1
even on actual potato pc jill and carlos needed more unlockable,1
main focus to be at jill not to be split on,1
sweet can t wait for jill s sequel grenade launcher all,1
but i loved re 3 jill is a solid character and,1
of the character dynamic between jill and nemesis has been stripped,1
time from the perspective of jill and carlos i really liked,1
of it i really like jill and carlos first things first,1
jill hot 10 10,1
more action involved story wise jill and the remaining stars members,1
was exceptionally well and both jill and carlos are bad asses,1
biggest highlights is playing as jill valentine who is portrayed as,1
viral outbreak you play as jill valentine a highly trained s,1
was fire but jill can be annoying,1
designs are pure solid and jill on this outfit feel more,1
constant danger the story follows jill valentine one of the last,1
i also enjoyed switching between jill and carlos during the game,1
"short but good also jill is a baddie",1
new gameplay and graphics with jill and nemesis,1
jill valentine top 5 speedsters,1
used to be playable with jill have been removed like spoiler,1
dodge right before getting hit jill will half the time refuse,1
action a strong performance frm jill valentine the game keeps us,1
we trust in jill,1
cool dodge parry mechanic for jill and carlos respectively too much,1
jill so bad,1
boring i also just found jill to be kinda annoying especially,1
uhhhh uhhhhh its alright jill is badass 6 10,1
cut content dei jill design one dimensional character shame,1
" the different sections with jill and carlos offer a nice",1
another pov for re2 with jill valentine and carlos,1
"did last second  2 jill new look make her feel",1
guy die d i like jill,1
— mainly because i love jill as a character jill is,1
and weapons you play as jill valentine and sometimes you play,1
a jill sandwich,1
jill valentine throated by tentacle beast,1
overall a 7 10 edit jill feels like a budget lara,1
jill you gotta continue the redfield,1
jill valentine what a woman,1
from re3 not only are jill and carlos mighty annoying and,1
w oryginalnej grze z 1999 jill daje radę ma jakiś tam,1
love love love love love jill,1
going to rpd instead of jill factory replaced by nest 2,1
should try it especially for jill 8 10,1
3 residents were evil jill valentine😋,1
have you screaming come on jill do something man,1
"  great to see jill come back",1
run fight run fight save jill fight spoiler,1
for me just finishing re2 jill is so gangster but nemesis,1
"characters are great too and jill smash   i ve",1
jill might be in japan due,1
story side note carlos and jill s dynamic and development throughout,1
jill gets touched by daddy nemesis,1
scripted sequences of action as jill goes full ripley against the,1
ngghhhhh carols and jill 4 life,1
the flow of his gameplay jill was okay that s about,1
re2 also i thought the jill va wasnt good,1
re 3 did i liked jill and carlos characters but the,1
to see something fully realized jill is one of the best,1
not worth unless on sale jill and nemesis are awesome tbh,1
back through the hospital as jill and revisit the locks you,1
through the zombie infested streets jill is still a top notch,1
jill valentine looks like if a,1
this game and i like jill valentine,1
edit2 man i never knew jill is immune to fire as,1
jill is so pretty,1
opposite the whole game and jill just decides to team up,1
as much as i loved jill and nemesis before playing this,1
as a jill valentine fan i like resident,1
survivor veteran conqueror dominator and jill valentine this game is a,1
name is re3 not kill jill 8 10,1
it immediately sets the tone jill s portrayal is excellent —,1
visits the rpd instead of jill in this version is criminal,1
great time playing i hope jill comes back in the future,1
i liked instead i loved jill s nightmare sequences as it,1
entire remake original section where jill gets face ♥♥♥♥♥♥ by multiple,1
like he s playing with jill he has so many opportunities,1
properly explore the map also jill just has the biggest plot,1
and nsfw modders why is jill valentine just not jill valentine,1
like this game because of jill but they cut so much,1
pretty as hell almost like jill herself but i find it,1
jill very pretty you ll be,1
is a good game cus jill hot,1
loved it i found both jill and carlos fun to play,1
a fan honestly i love jill maybe it s cus i,1
and atmosphere are amazing and jill is such a strong badass,1
having the game split between jill and carlos was an interesting,1
same old re3 it follows jill valentine and carlos escaping raccoon,1
so good game jill jerk off so good,1
game s enemies content overall jill doesnt even go the rpd,1
city looks very nice and jill is pretty cool 6th re,1
nemesis stage 1 hand held jill s head but didn t,1
i really hope we get jill in a future game,1
great gameplay is smooth and jill and carlos are really well,1
quite decent especially with carlos jill original outfit was iconic though,1
best remake of all time jill was so hot carlos and,1
focus on the story cuz jill is too fine,1
without any of the fluff jill valentine is a total icon,1
the better written ones imo jill valentine should be in more,1
and characters are also great jill and carlos and of course,1
characters are also extremely loveable jill is great and carlos is,1
the character models look amazing jill and carlos are pretty good,1
remake with the dodge mechanic jill has and the other side,1
at it properly they made jill valentine into an annoying girlboss,1
all the outfits expect for jill s s t a r,1
the game another shot seeing jill and carlos again was just,1
this to the second game jill and carlos are excellent characters,1
it perfect for multiple playthroughs jill feels strong and capable the,1
gunplay everything is absolutely solid jill valentine is awesome and easily,1
them i would say that jill s character is better in,1
best ass i seen on jill,1
mechanic was very fun love jill so so much,1
jill samich,1
when jill tells you to take the,1
i played myself carlos and jill are one kind of a,1
stop thrill ride the reimagined jill valentine is amazing and raccoon,1
evil 2 remake i love jill and carlos,1
game with very likeable characters jill and carlos i felt had,1
even like it i liked jill and thought carlos was badass,1
♥♥♥♥ did they did to jill characterization here why is she,1
the edge of my seat jill and carlos are great and,1
stark difference between claire and jill dialog for some reason they,1
was fun playing as both jill and carlos,1
2 4 7 or 8 jill is always an engaging and,1
dodge boxes and hitbox for jill are just ass the gimmick,1
pros and cons for example jill wasn t as hot as,1
in the neck and somehow jill super cop valentine just lets,1
looks great plays smoothly and jill is portrayed really well combat,1
reusing the sidestep one that jill has i wish they kept,1
jill built different,1
experience back to life as jill valentine you fight your way,1
replay value either due to jill and carlos having one cosmetic,1
i like jill jill is in this game,1
the more i hate it jill seems like written by millennial,1
always trust in jill,1
good very nais i rate jill 9 11 hawt had fun,1
jill fineshyt is a 10 so,1
he goons too much for jill valentine valid,1
players in the boots of jill valentine as she fights to,1
only one in game for jill bruh and carlos not having,1
t really go deep into jill s emotions and her trauma,1
it was great to see jill again from the first game,1
it out to be plus jill is in it,1
jill mommy valentine,1
call me jill the way she on my,1
enjoyed the gameplay of both jill and carlos please bring them,1
locations like the rpd with jill and the clock tower are,1
are enjoyable and i love jill s character,1
jill valentine with a railgun peak,1
game yall ever play but jill is dope and nemesis looks,1
jill is stinky in a good,1
jill is goated,1
added dodge mechanic that gives jill more mobility and encourages aggressive,1
story being removed is tragic jill in this game feels like,1
jill is a certified baddie anyways,1
the setup is simple – jill tries to escape the city,1
my favorite video game player jill valentine i hope i meet,1
the characters designs and visuals jill carlos and nemesis first version,1
feels like a power fantasy jill valentine is an absolute badass,1
damn jill valentine is so hot,1
could fully commit to either jill or carlos instead the game,1
sleep tight my sweet jilly jill sandwich,1
i still enjoyed the game jill and carlos were fun to,1
carlos and jill are so endearing and the,1
and a few boss fights jill is my favourite re character,1
compare to otherts games and jill gets molested so if ur,1
being back as my girlboss jill valentine and nemesis was a,1
liked how you play as jill and the soilder and overall,1
jill servin cake,1
beginning to think that perhaps jill and i are related in,1
jill is such a baddie gah,1
"with leon rebecca of course jill   great game on",1
the length is just right jill and carlos are both enjoyable,1
julia voth could absolutely be jill valentine s long lost sister,1
nice to see such as jill s apartment and the underground,1
on where nemesis stalks you jill valentine as you find materials,1
short game but jill valitin is cool tuff and,1
a rather grating version of jill for most of it no,1
nemesis almost made me a jill sandwich,1
mid entry jill valentine jus kept tryna mack,1
re2r good and re5 bad jill has the most insane ridiculous,1
moment feel urgent and immersive jill valentine is an excellent protagonist—confident,1
"from a re game  jill s inventory size was an",1
still it has the best jill model ever made imho,1
very good time i love jill valentine so super happy to,1
"pros jill and her lockpick r p",1
the og game it ruins jill especially near the end and,1
great visuals and good characters jill carlos its sad i love,1
very nice i like jill,1
a slop american film damn jill wiyh yhay big gun,1
dodge mechanic super laggy love jill sm,1
to agree with the criticisms jill is excellent the gunplay is,1
he grows as a threat jill and carlos are great protagonists,1
taking away the focus from jill and the way he constantly,1
was way more fun with jill it was just harassment simulator,1
story is pretty decent and jill and carlos are extremely fun,1
to say story play as jill sandwich lockpick master tanking all,1
"to a storage box  jill valentine in this specific game",1
jill i m on my kness,1
is just 10 times better jill is annoying as hell and,1
jill d,1
the previous one i noticed jill was far stronger than leon,1
characters the core narrative follows jill valentine trying to escape a,1
jill valentine is adorable❤️,1
it out after re2r as jill is one of the best,1
runs they also turn lovable jill valentine into a modern smug,1
1 nemesis 2 zombies 3 jill 4 nikolai 5 mikhail 6,1
first remake we play as jill and carlos but it s,1
gooning simulator when playing as jill v but big w game,1
a a cutscene or b jill,1
0 10 cant kiss jill,1
"resto do jogo xd  jill valentine apenas",1
gotta say was not expecting jill to beat everybody s ass,1
and just overall annoying if jill carlos weren t hot i,1
only about 5 hours long jill is sorta a boring character,1
jill is very hot,1
memorable i liked playing as jill valetine she is just an,1
in the toilet gooning to jill,1
is a fun romp and jill valentine is a queen she,1
when compared to re2r but jill is super hot so i,1
move on in the plot jill and carlos steal the show,1
3 nemesis neither is that jill valentine the amount of cut,1
only took under 3 hours jill s sections are unbareable i,1
intro segment the atmosphere in jill s apartment is out of,1
but inferno mode is playable jill s model and va are,1
ahh yes jill the gameplay is similar to,1
jill dodge dammit,1
kinda short but carlos n jill chemistry worth it got it,1
jill is going through it and,1
really getting exhausted especially when jill killed it so many times,1
absolute jill,1
more than once it has jill who is one of the,1
are fun as always and jill and carlos are great also,1
i felt and experienced games jill especially made me feel the,1
end what matters is that jill stills jill 🤤,1
did they do that to jill genuinely pmo what was the,1
have towards this game as jill is best re girl and,1
assassination of the character of jill valentine is an afront to,1
ofc i like re engine jill and carlos looked very hot,1
an action game it delivered jill s nice to look at,1
step into the shoes of jill valentine a resourceful s t,1
playing in the first person jill valentine walks around her apartment,1
i used mods to make jill a thick pawg,1
not really rewarding to fight jill has only one unlockable outfit,1
from start to finish as jill valentine you re thrown into,1
jill better than all resident evil,1
are good just look at jill s or nicholai s in,1
on were the character redesigns jill s updated look was a,1
events of spencer mansion where jill faced the infected for the,1
or claire you play as jill valentine it delivers a similar,1
him since in og and jill is my first crash and,1
does the job of telling jill s story but man i,1
from the moment it starts jill is fantastic the city looks,1
some degree the nemesis chasing jill making me lough every time,1
i played some dlc for jill re1 story not full game,1
and 5 making the original jill outfit as a dlc and,1
interesting characters i love you jill,1
carlos is so awesome and jill is so awesome peeeeeeeeeeeak guys,1
"  the chemistry between jill and carlos makes me blush",1
always great details lighting b jill carlos b well written protagonists,1
weekend overall game is awesome jill the protagonist is so epic,1
from its rather short runtime jill is well portrayed and nemesis,1
jill jilliamson sqwamps these mugglies,1
there s some replay value jill was cool too,1
"screaming it everywhere   jill is a relatively big sin",1
good i love carlos and jill holy baddies i cant stop,1
it b 8 10 b jill is hot carlos is hot,1
of the modern re remakes jill plays great combat feels sharp,1
nemesis jill hello,1
and i completed it as jill valentine and got the best,1
surprises there i do love jill and especially the last nemi,1
love this game because of jill valentine but i hate that,1
jill ♥♥♥♥♥♥ valentine 20 10,1
makes every encounter feel intense jill valentine is brought to life,1
beating my ♥♥♥♥ and honestly jill also was making me struggle,1
"triple a games and well jill is hot   re2",1
the redesigns are big downgrades jill herself is especially bad especially,1
jill holy facecard,1
"fan will hate this game jill original costume is way more",1
"remake h1   i jill valentine is one of the",1
every five minutes but then jill valentine walks onto the screen,1
island even chris kneels before jill this game is beautifully crafted,1
jill es claveeee,1
and explosions were way louder jill is once again the goat,1
t a r s member jill valentine instead of a rookie,1
be more artificial all while jill gets kicked around every 2,1
that feels great to play jill moves with confidence the dodge,1
emotional trauma just to see jill every time i replay the,1
was fun 6 5 10 jill is goated for surviving this,1
hilarious the combat variance between jill and carlos kept gameplay fresh,1
resident evil games loved seeing jill again missedher finally got introduced,1
played as jill and carlos got lost for,1
would tap the button and jill carlos would not perform the,1
are multiple ass shots of jill so it s a pretty,1
love the setting gameplay and jill has always been on of,1
re 3 nemesis it follows jill valentine during the downfall of,1
different points to switch between jill valentine from re1 and carlos,1
nemesis that s about it jill is my favorite character of,1
it starts to fall apart jill is pretty awesome though,1
— only pain and panic jill valentine — the queen herself,1
of text plot armour of jill and what a ton of,1
good game bad remake jill and carlos being hot doesn,1
too well but i love jill and this game can be,1
spooky scary and slow running jill make for quite the adventure,1
and smooth movement the cons jill doesn t feel like jill,1
like re7 and re2 seeing jill in another re title even,1
just like claire in re2 jill is cute too,1
ultimately a disappointing remake as jill says at the end of,1
the gameplay is super smooth jill s story is packed with,1
game play experience bracketed by jill being physically brutalized or sexually,1
considering it went from curing jill to entering the bunker to,1
always love to see jill on my screen couldn t,1
romp through raccoon city through jill s eyes it is a,1
why does capcom hate jill valentine,1
all things considered gameplays tight jill looks fine af and it,1
to the direction they took jill with in this game but,1
it innovation then there s jill valentine once a paragon of,1
nailed the visuals and gameplay jill is awesome and nemesis has,1
i mean you can play jill valentine like in the first,1
jill “♥♥♥♥♥♥♥♥♥♥♥♥♥ super cop” valentine,1
is way better with better jill character more costumes and not,1
superior version of this story jill valentine is my favorite re,1
weapons and one outfit for jill it provides no new content,1
"and i like the characters jill and carlos   wish",1
setup was beep the fans jill valentine iconic badass → discount,1
something and to fap on jill ass,1
make me hate u remake jill,1
re offering you play as jill valentine and after getting attacked,1
to kill all the tension jill in almost every cut scene,1
alright i guess i love jill and carlos and thats about,1
gooned to jill,1
up perfecting down the line jill valentine is probably the most,1
i appreciate the assisted mode jill and carlos are highly trained,1
who is deeply infatuated with jill valentine in the game we,1
jill is slower than molasses on,1
jill is kinda mischaracterized in this,1
just in cutscenes i liked jill and carlos i just wish,1
the cast is enjoyable and jill has some fun banter to,1
evil 1 they also made jill s personality completely different to,1
perfect re game amazing story jill and carlos on top 3,1
i saw the cutscene of jill shooting him as a zombie,1
jill is so ♥♥♥♥♥♥♥ hot,1
they made jill insufferable,1
jill fart on me,1
and a great duo in jill and carlos the perfect dodge,1
packed and less drawn out jill valentine is back this time,1
its ok i like jill and carlos,1
jill had a massive glow down,1
jill too fine,1
i wish jill would be my valentine,1
you get to play as jill valentine woo as she suffers,1
jill is in the game,1
"prequel following the adventures of jill carlos and nemesis  if",1
re3 is a solid ride jill s a badass the city,1
awful remake jill is the only good part,1
keeps you constantly on edge jill valentine s desperate escape from,1
already begun and after that jill hospital arc onwards is where,1
a badass woman like miss jill valentine and happily we weren,1
last point refers particularly to jill valentine she s a core,1
like a crazy night for jill in an all out sprint,1
just do it for jill bro,1
playing as jill for the nostalgia is cool,1
of fun all the same jill might be one of the,1
and when i saw that jill was back after re1 i,1
jills ass like a ballll,1
then the game would say jill valentine or nemesis would appear,1
best games ive ever played jill is such a badass protagonist,1
enjoyed my play through and jill was a good goon aswell,1
animalistic form also ♥♥♥♥♥♥ love jill and carlos,1
you don t shoot him jill is badass cons gameplay is,1
dumb and the main character jill has enough plot armor to,1
buy it no full price jill valentine is in the game,1
i m talking about how jill stabbing nemesis tentacle that s,1
and it s really disappointing jill classic outfit available as additional,1
game feeling confident i m jill valentine i survived a mansion,1
when instead of pushing buttons jill is running and dodging on,1
down to 10 during sales jill is a snack,1
"☐ existential crisis incoming  jill s escape story works but",1
we need more jill i really like the game,1
if you stick to it jill is clearly the msot powerful,1
use mods for jill,1
i really enjoyed it—mainly because jill valentine is such a great,1
game went on tbh but jill is cool,1
really nice to play as jill valentine again,1
or some i had a jill sanwwihc and made it out,1
short game but jill valentine,1
pickup when its on sale jill is still a fantastic protagonist,1
want a new game with jill don t leave us in,1
s an unskippable cutscene of jill running and something real ♥♥♥♥♥♥♥,1
game out of this also jill s tier goat carlos a,1
jill can be my valentine,1
save me jill valentine save me jill valentine,1
there were so many cutscenes jill valentine is of course a,1
than an actual stalker hunting jill down his design is literally,1
hollywood movie with explosions throwing jill around like a ragdoll cutscenes,1
be way more mid while jill and carlos are absolute eye,1
" i didn t like jill as a character i enjoyed",1
get it on sale jill is the best final boss,1
i want jill to groom me,1
experience i enjoyed the story jill is a cool and badass,1
to do the final blow jill says next time take the,1
jill can we honestly e date,1
"picking them up  5 jill and carlos are great ",1
to clutch up was amazing jill is a fantastic protagonist and,1
jill valentine is so cool,1
and i love carlos and jill so much i would definitely,1
when you have control over jill it becomes a great game,1
nemesis is really cool and jill s comments on him coming,1
lying if i didnt say jill was one of the baddest,1
and lacking in fun also jill got way to much plot,1
new score for sure and jill and carlos are great but,1
strained suspension of disbelief as jill would literally survive point blank,1
and you can play as jill valentine other than that it,1
like resident evil 3 and jill valentine is beautiful but the,1
very short game but jill is very pretty so yes,1
fun from start to finish jill s a legend carlos hair,1
stars ill give you aaaughh jill valentine,1
i would let jill take advantage of me,1
like the swapping character between jill and carlos along the plot,1
jill valentine is h o t,1
good character animations 7 nice jill s butt camera shots 8,1
jill can shoot me with a,1
will give thumbs up because jill valentine both va and design,1
i also generally like that jill can actually dodge attacks and,1
re3 4 re7 p s jill is so hot carlos is,1
jill is smthing different ngl,1
a good action packed story jill is a badass,1
bought this game because jill is wife material realised the,1
listen jill a baddie and everything but,1
experience the characters such as jill carlos and also the main,1
say that this version of jill feels too different or comes,1
on the optional survivor rescues jill s split choices and events,1
its jill why not,1
im smashing carlos and jill in the same damn time,1
but i will say nemesis jill and carlos carry this game,1
we had more time with jill and carlos and got to,1
version better than the original jill is a bad ass,1
intense from start to finish jill is awesome nemesis is terrifying,1
with no enhanced rounds and jill and carlos each have only,1
during cutscenes or sequences where jill has to traverse a corridor,1
such a good game man jill is so so so so,1
the fan service shots of jill,1
replacing segments originally played with jill while his improved presence could,1
picks up the story of jill valentine after the events of,1
evil 3 this is not jill not nemesis it is not,1
themed around re3 at least jill and carlos are kinda cool,1
it s cool to see jill and nemesis in hd but,1
if this game had naked jill wihout mod i would recommend,1
cutscenes including the banter between jill and carlos more so than,1
it s a shame that jill s personality was altered to,1
in 1 hour more action jill unlike leon and claire does,1
short but 10 10 because jill is a beautiful big sister,1
finish its wonderful but dissapointing jill s personality change was not,1
t seem effective now though jill s dodge is actually usable,1
great jill is one of my favs,1
the voice work is amazing jill is of course the best,1
in every corner playing as jill and carlos through the chaos,1
a terrible first impression to jill valentine its a misogynistic disrespectful,1
to explore raccoon city as jill and the rpd building as,1
released was amazing it placed jill in a small area of,1
jill just wanted to leave town—nemesis,1
pretty underwhelming for me but jill is a strong enough protagonist,1
t a r s officer jill valentine and the u b,1
where carlose has to save jill in a loving wait in,1
you over the shoulder of jill valentine and occasionally carlos idk,1
the original plot and changed jill a lot game play wise,1
story instead you alternate between jill and carlos in the same,1
extremely disappointing many cut locations jill completely different and weird story,1
fast fun and looks amazing jill is badass and the action,1
carlos character is arguably improved jill s is laughably butchered spouting,1
isnt most people favorite despite jill s interesting characterization i think,1
enjoying myself the whole game jill is an a hole now,1
epic nemesis is scary and jill is beautiful but compared to,1
original game s map if jill wasn t reduced to a,1
jill be my valentine 3,1
like for playing jill with a shoulder camera,1
make up for this both jill and carlos have a new,1
would wrap my legs around jill so she couldnt pull out,1
b writing replayability 84 b jill s story fits well into,1
i love jill and i love what this,1
it s a good remake jill is a badass,1
"even tho its kinda short jill valentine is a badass",1
resident evil 2 that said jill is so cool and i,1
jill didn t turn into a,1
boss fights ♥♥♥♥♥♥♥ suck and jill is so slow its horribly,1
"way   playing as jill valentine and teaming up with",1
nice game love jill and carlos new design,1
acting is great and both jill and carlos are well reimagined,1
jill valentine and carlos are so,1
threatening as the original and jill has never looked any better,1
"puzzles in loops   jill feels great to control especially",1
jill droolingface,1
resident evil game so far jill and carlos are such a,1
failed to deliever massively and jill dont even get me started,1
you play as two characters jill and carlos through different sections,1
"fight nemesis are   jill doesn t feel like jill",1
i love you modded jill,1
and gameplay are great and jill is a strong lead but,1
evil 7 this reimagining of jill valentine s desperate escape from,1
but you play as super jill and can dodge roll which,1
is tight and responsive and jill valentine remains one of the,1
than a true menace and jill valentine feels like an action,1
i enjoyed playing as both jill and carlos much better than,1
game is good there are jill carlos mikhail nicholai and of,1
"all   they made jill act like super girl boss",1
amazing jill doesn t have to be,1
pretty cool you play as jill trying to escape raccoon city,1
hopeful we see more of jill and carlos,1
nice game lezgo re9 jill,1
short af but i love jill,1
good becuz of jill,1
t particularly like the characters jill and carlos are okay but,1
you take turns playing as jill and carlos each of them,1
enjoy a re game with jill valentine compared to the og,1
malisimo tuve el poto de jill y no el de ada,1
jill the goat,1
fit in a 2020 remake jill is really annoying at times,1
if i was sleeping with jill,1
got the platinum because jill was kinda hot,1
is really fun love how jill and carlos were made into,1
including the new characterization of jill valentine being inconsistent with previous,1
rpd and raccoon city landscape jill and carlos are a great,1
s due the chemistry between jill and carlos is genuinely enjoyable,1
tho idk if im bi jill and carlos no i dont,1
jill epic,1
jills badass game was the shortest,1
jill is a hottie,1
jill is mommy,1
this game and playing as jill valentine the mechanics are very,1
14 of them alright but jill and carlos i want them,1
"survival horror game  🟢 jill and carlos feels like re2r",1
b the game looks incredible jill is badass the city s,1
jill valentine can just,1
chambers billy coen chris redfield jill valentine ✅ leon s kennedy,1
me over and over again jill fine ash tho,1
we need more of jill,1
i love jill valentine live love laugh jill,1
jill valentine achievement,1
nemesis in the og version jill had to navigate a huge,1
jill valentine my lord and savior,1
obviously evil corporation ever and jill is a solid protagonist even,1
jill loml 33,1
husband carlos and wife jill i love them with my,1
i expected zombies explosions and jill valentine s iconic skort what,1
jill valentine ♥,1
"carlos is sexy and goated jill is a girlboss",1
probably my highlight oh and jill being back the carlos bits,1
pulling you into the action jill valentine one of the series,1
pretty good pros carlos jill it s a kind of,1
jill is an absolute badass determined,1
it s a good game jill and her dodge is a,1
visuals updated gameplay and seeing jill and carlos reimagined the dodge,1
cause it has the perfect jill valentine d and a fun,1
it not been on sale jill is always lovely carlos is,1
shooting feels responsive and satisfying jill is more nimble and dodging,1
the games on sale carlos jill,1
"experience  from the moment jill valentine steps into the ravaged",1
jill valentine more like my valentine,1
fans know how iconic is jill valentine in the series however,1
jill is bad,1
actually starting to push off jill from the start of the,1
explosions fight rinse and repeat jill survives so many falls from,1
it does more damage and jill actually flips it after each,1
returned to raccoon city as jill valentine facing off against nemesis,1
you count bullets while reloading jill is especially annoying with her,1
a cool nemesis a wonderful jill valentine but don t you,1
made carlos dante and jill ahri best game xd tottaly,1
is my favorite rendition of jill from the whole series giving,1
to resident evil 2 remake jill and carlos are very likable,1
jill is so hot make her,1
jill my goat re3r honestly feels,1
jill valentine s cardio routine sprint,1
it s a fun time jill is great and carlos is,1
5 10 half poit for jills ass hahaha,1
i love resident evil games jill valentine is a hottie look,1
why is jill so fine,1
because the mods can make jill look attractive unlike in the,1
either dodging their attacks as jill or countering them with a,1
jill awakened my love for brunettes,1
i really don t like jill s characterization here she feels,1
"need to be to punish jill some more   after",1
depth whatsoever they completely misrepresent jill and make her something she,1
serve no story background why jill is being chased may be,1
to it either carlos and jill are wonderful i really enjoy,1
jill s booty shots every 10,1
" • great performance by jill valentine jill is portrayed as",1
of zombies and other creatures jill valentine shines as the protagonist,1
to blast through zombies but jill s personality is a bit,1
"you through a wall yeah jill valentine does too  ",1
what jill is doing is very smart,1
same time but only as jill and carlos unfortunately you won,1
ain t it shoutout to jill valentine though that btch can,1
"visuals reignited my love for jill s campaign   if",1
complete joke in this game jill is insufferable and half of,1
game is still great and jill is an iconic character we,1
game is still good and jill is an iconic character the,1
you little b marvin and jill are the only nice characters,1
the way i loved how jill valentine carried this game she,1
make more games with jill and carlos together,1
time because i kept admiring jill s glamorous assets seeing her,1
stir no time for sleep jill fights on through blood and,1
good guy these are good jill does not feel like the,1
the sweet spot swapping between jill and carlos kept the gameplay,1
jill is so butch lesbian and,1
the whole game looking at jill s slit,1
you get to play as jill it s short cinematic and,1
evil 3 you play as jill valentine one of the s,1
i enjoyed playing both as jill and as carlos all in,1
"ammo and a lot of jill fanservice   the last",1
jill gimmie ur ♥♥♥♥♥♥♥♥♥♥♥♥♥♥♥♥♥♥♥,1
resident evil 3 remake 💃 jill valentine runs faster than my,1
on god we gooning to jill valentine,1
except for our boss babe jill valentine who can eat falls,1
i love jill but game is like 3,1
achievements also honorable mentions for jill valentine and carlos oliveira hopefully,1
of the resident evil series jill valentine absolutely killed it in,1
how good of a character jill is in this remake same,1
we all cracking jill,1
action oriented but i think jill is a compelling antagonist and,1
as carlos in parallel to jill s parts where he is,1
i need more of themmmmmmmmmmmmmmmmm jill and carlos 3,1
"for each characters dodge for jill and punch for carlos ",1
the best resident evil character jill valentine,1
a good character just like jill though i already knew her,1
zombie infested raccoon city where jill valentine is having the worst,1
visuals and smooth gameplay while jill s new dodge mechanic adds,1
game is really good and jill is one of my favorite,1
enjoyed exploring raccoon city as jill and carlos,1
and lost behind the action jill s motivations are laid out,1
jill valentine and carlos alr carry,1
relentless for a bit of jill valentine which adds a layer,1
and the playerbase is awful jill get behind me,1
jill n carlos,1
jill sucking my balls,1
game it was fun both jill and carlos are freaking badass,1
fav characters now carlos and jill i literally love this game,1
experiencing raccoon city incident from jills perspective many aspects that i,1
much better in the remake jill hasn t worsened or improved,1
take more of a beating jill valentine or lara croft,1
lots of people also criticize jill valentine in this game but,1
jill is the coolest,1
meal deal 90 for a jill sandwich,1
feature a close up of jill s ass gameplay wise i,1
campaign from start to finish jill is an awesome protagonist and,1
jill is my fav re girl,1
so much better h2 new jill 10 10 h2 h2 overall,1
game are well developed and jill is an incredibly strong and,1
and horror hope to see jill and carlos again,1
video game history they ruined jill the greatest heroine in video,1
people say it butchered both jill and the nemisis character wise,1
in general but in turn jill takes a big blow in,1
this game for the plott jill,1
"and sound weak   jill is very unlikable here she",1
jill sandwich part 2,1
right away playing as both jill and carlos is a nice,1
jill valentine hand in marriage nowwwww,1
" the characters whether carlos jill and other characters are very",1
getting worse but still with jill s dodge and carlos s,1
no gore many cut areas jill is beautiful and the rifle,1
jill valentine supermercy,1
compared to the original spoiler jill ada 10000000 spoiler,1
model they chose to play jill with a julia voth mod,1
super fun and characters well jill is the best protagonist we,1
the same level as sharknado jill and carlos talk as if,1
" on the good side jill is awesome the graphics and",1
where nemesis is literally holding jill the main character and instead,1
short and way too much jill porn on community artwork but,1
and think man if only jill was a girlboss and the,1
gameplay is decent fun spoiler jill is super gorgeous she no,1
cast of characters besides nemesis jill and carlos are unfortunately forgettable,1
reason to play this game jill valentine the hottie in my,1
dodge use knife counters yep jill has a faint knife strike,1
it was very disrespectful to jill and nemesis and it wasn,1
i don t even mind jill in this game however despite,1
jill thinks she is james sunderland,1
jill sandwihc,1
on my olivera till i jill,1
on the levels themselves above jill s model is easily the,1
in this one is legendary jill and carlos are amazing characters,1
this game a ton more jill is always neat ps so,1
cuma perlu sekali kasian neng jill selalu di kejer dan siksa,1
tighter in this game with jill being a great character in,1
jill sweaty gyatt mod made the,1
dodging wasn t so clunky jill is awesome as always my,1
h1 jill has a breast animation it,1
where he straight up had jill in his hands and chose,1
jill valentine is such a smoking,1
you can have closeups of jill s butt when she goes,1
because of my admiration for jill valentine and the nostalgia of,1
with nemesis are just perfect jill is the most badass woman,1
that completely pulled me into jill valentine s harrowing escape from,1
pause or use inventory if jill carlos staggered by hit putting,1
jill game is a little short,1
played only for the jill stayed only for the jill,1
offensive mind blowingly so is jill unbelievably hot in this like,1
"series  i will like jill valentine to make a return",1
anything except making me hate jill,1
even the iconic clothes of jill you need to pay for,1
does shine in certain areas jill valentine is given a fantastic,1
"control de jill una mierda control de carlos",1
dodge mechanic here and personally jill s gameplay felt a bit,1
game looks great plays great jill and carlos are great the,1
survival horror experience that follows jill valentine as she tries to,1
is because of nemesis and jill also most chase scenes with,1
game looks great plays great jill and carlos are awesome characters,1
not invested in the narrative jill valentine was great and carlos,1
given the emphasis on combat jill and carlos are great together,1
mid remake dodging and battlesuit jill valentine must return,1
me huffing jill s girlsmell snngnnsnnnfgnnnn wssnnsnnsn snnnnnfnnfff,1
really great game jill is hottie 💕,1
game looks absolutely amazing and jill is such a badass her,1
to have some backstory about jill without having to play the,1
sex perkosa jill,1
the perspectives of our protagonists jill valentine 3 and this dude,1
many enemies on top of jill s tendency to be chased,1
"of 10  at least jill is hot so there s",1
better in the second edition jill valentine is of course a,1
lighting that enhance the horror jill valentine s updated character design,1
hope next re game brings jill back,1
imo would love to see jill and leon in re9,1
and boss fights no stalking jill through the game like in,1
jill must drink whole milk to,1
need jill,1
two new segions sewers as jill rpd as carlos but takes,1
perfect game has jill 10 10,1
motivates for another round and jill is so cool and sassy,1
jill carlos,1
jill is my second mother,1
is terrible that being said jill is an excellent main character,1
the acting in this game jill and carlos in this remake,1
i didn t become a jill sandwich,1
though they are happening concurrently jill has her own path that,1
easy mode good adventure shooter jill is likeable beautiful strong woman,1
s more fun to play jill valentine s character is completely,1
clear some misunderstandings i love jill valentine carlos is improved immensely,1
so far you play as jill sandwich trying to make your,1
pretty short but hallelujah is jill hot af nemesis made my,1
jill gotta stop looking so good,1
i enjoyed were carlos scenes jill seemed so ♥♥♥♥♥♥♥ stupid it,1
the remake version of this jill valentine she felt more powerful,1
the best jill in the series period keep,1
imo i loved playing as jill and carlos and i also,1
jill still jilling her jill pill,1
i enjoyed so much playing jill and carlos even more re2,1
on action than horror and jill is a fantastic protagonist the,1
car crashes and explosions work jill would have been dead a,1
they had included more personal jill lore about the city and,1
the dodge mechanic which lets jill avoid being grabbed if you,1
tig bits jill valentine,1
incredibly underwhelming it is another jill valentine game which is great,1
jill is harassed by a where,1
i m so gay for jill fr fr,1
step into the shoes of jill valentine the intense atmosphere grips,1
pros carlos hair jill no longer has to run,1
it for like 5 dollars jill is cool and i wish,1
and your practically teased with jill just about to enter the,1
re2 happened which is great jill isn t that brilliant of,1
mbak jill unchhh ❤❤❤❤❤❤,1
make quips at everything and jill should ve been killed by,1
pretty fun and it has jill valentine your favorite,1
jill goes pew pew and nemesis,1
t forced to choose between jill and carlos the way i,1
jill can get it,1
you into a safe room jill s new design is great,1
jill is the best resident evil,1
"i got at least  jill is cool and i couldn",1
a more action oriented approach jill s movements are fluid and,1
this game is short but jill is cool,1
is good and they make jill s character design perfect you,1
or not your love of jill valentine is worth the excursion,1
i would also chase jill valentine for the rest of,1
jill is so bad in her,1
all the games playing with jill was super cool great one,1
jill goes hard,1
story but always good love jill 3,1
very little tension ever built jill is strapped for most of,1
take on the role of jill valentine who must save the,1
a good game i love jill 3,1
jill is literally mommy pls buy,1
and here are the pros jill valentine fun gameplay the game,1
na pele o desespero de jill valentine ao tentar escapar de,1
and on the street for jill valentine carlos oliveira 100 10,1
lines in the whole franchise jill you want stars i ll,1
designs are definitely a highlight jill looks amazing fierce hotter and,1
"be pretty freaky   jill is also an amazing protogonist",1
fun game jill and carlos are the goats,1
grade the game is fine jill on the other hand not,1
just because of how hot jill is still a nice game,1
i love u jill valentine,1
though full of actions and jill valentine 3 8 10,1
"an afterthought   pros jill and the characters look great",1
u know on carlos and jill dw u all my hands,1
me fall in love with jill,1
a carnival ride but with jill so two thumbs up at,1
of two capable soldiers in jill and carlos as such there,1
of the 1999 classic revisiting jill valentine s harrowing escape from,1
and i loved playing as jill and carlos legit had goosebumps,1
jill is love nemi is scary,1
i beat it to jill,1
okay hear me out jill okay but she is the,1
jill is beautiful her face looks,1
good born hub mods for jill great gayme for male gaze,1
definitely a videogame i think jill is in it so this,1
about to die hurry up jill kill the nemesis move your,1
zombies as carlos was epic jill is epic everything was epic,1
jill s fight for survival has,1
"people  nicole tompkins specifically jill has a youtube channel where",1
i want to yuri with jill valentine,1
how capcom dared to make jill so indescribably sexy carlos is,1
beat him it and finally jill is a badass there s,1
duration of re2r to finish jill here in the remake is,1
is starring in this game jill valentine please notice me,1
reasons to play this game jill carlos and s t a,1
"grab on sale   jill is peak eye candy and",1
ooouuuughhhh jill valen tine,1
"  enough of that jill become badass she felt a",1
linear and cinematic rollercoaster experience jill has a dodge roll and,1
while i love nu jill and the exploitation movie style,1
jill did it,1
veri gut jill cool,1
and a great protagonist in jill valentine the action packed sequences,1
mechanic that changed what route jill takes and the situations they,1
"cutscenes great voice acting and jill valentine  cons  not",1
tube goo nemesis looks cool jill is sassy worth the sale,1
jill valentine carlos oliveira,1
how i feel about the jill re design i don t,1
holy peak and jill,1
pain in the ass chasing jill everywhere and not letting me,1
i want jill to touch me inappropriately,1
"environments and atmospheric tension  jill valentine she s badass the",1
my life i loved that jill didn t appear on my,1
the umbrella corporation players follow jill valentine a former member of,1
scene in the beginning where jill runs a car into the,1
"weapon  almost no costumes jill has 3 her normal re1",1
jill is hot that s one,1
♥♥♥ jill ♥♥♥,1
tighter now in the original jill was sort of running around,1
love what they did with jill her new look is great,1
install nude mods for both jill and carlos to finish the,1
game tai aaaa jill acuuuu,1
you strike also why are jill and carlos both so hooooooot,1
we need jill back asap,1
jill valentine re9 manifestation circle,1
jill gacor nemesis ez bat mwahahahaahahahahahaha,1
was my first game but jill and claire might be some,1
bad things the writing behind jill was really underwhelming the team,1
certain locations •	the two characters jill and carlos are also interesting,1
jill is goat,1
did because i missed seeing jill in a starring role i,1
looks incredible and plays smoothly jill is a fantastic lead and,1
good but not the best jill looks good here,1
does • some scattered observations jill and carlos don t even,1
jill is awesome and hot and,1
"remake 2   cons jill has some cringe dialogue some",1
i like the part where jill is in a tank top,1
my favourite resident evil game jill is a baddy toooo,1
re2 remake counterpart i think jill is probably one of the,1
a really fun game love jill valentine she is amazing i,1
love the resident evil industry jill 🩶,1
its cool and carlos and jill are like pretty hot so,1
in the series fantastic remake jill is bad ass way way,1
the characters are worse especially jill who when she s in,1
are jill and carlos the evil residents,1
the game is playing as jill i thought we would have,1
are incredibly lifelike and both jill valentine and carlos oliveira are,1
don t really like new jill at all her new personality,1
in general especially carlos and jill are really well written also,1
i love jill valentine more than most things,1
real shame because our protagonists jill and carlos are compelling characters,1
the hell jill has good voice acting now,1
action drama zombies and awesome jill that felt way more fleshed,1
"needs to be   jill valentine i love how her",1
easier which i also appreciate jill is just incredibly beautiful in,1
and costume shop to change jill s appearance i loved that,1
but i fw that goth jill skin so 10 10,1
jill no,1
i goon for jill valentine in a lesbian shes,1
jill mf valentine is the best,1
soooo good love jill sm,1
tem partes legais e a jill é excelente assim como no,1
play through the situations both jill and carlos went through in,1
jill it looks like there is,1
game makes me glad that jill didn t become a sandwich,1
"it throughout   also jill d",1
stop making jill modes,1
people who hate 3make s jill queen,1
figure out nice to play jill and carlos,1
the story is very simple jill valentine a survivor and playable,1
elements you primarily play as jill valentine fighting to escape raccoon,1
resident evil and claire and jill fun game just very difficult,1
to choose either leon or jill i have a lot of,1
i was hype to play jill valentine again and was pleasantly,1
as he behaves he has jill dead to rights at several,1
looking for anyways i love jill valentine 3 if getting chased,1
you is a pain but jill is and carlos are skilled,1
must be a jill sandwich the way nemesis keeps,1
good game i love you jill,1
careful jill the residents are turning evil,1
change back and forth between jill and carlos instead of basically,1
carlos jill lovestory nice,1
i love jill she is my gf 3,1
okay enough story gotta love jill valentine,1
is the intro cutscene with jill which was cool carlos got,1
felt immersed especially when playing jill the gameplay is a bit,1
oh man i love jill,1
terrifying beast he was and jill she came off all cold,1
everything game is good asf jill is my good sis and,1
i actually enjoyed it jill is looking good but too,1
spreading throughout raccoon city and jill is being hunted by what,1
similarly it is sad that jill s and carlos original outfits,1
blast p s carlos and jill s one liners were a,1
watching jill and carlos run around beat,1
the character designs especially for jill and nemesis are top notch,1
finding codes for safes puzzles jill and carlos are cuties fr,1
played it because i like jill valentine,1
its story but it has jill and carlos in it so,1
how the terrifying journey of jill valentine would be reimagined for,1
could someone please fix jill s neck and torso normals,1
of myself because just like jill is constantly chased by nemesis,1
zombie apocalypse the main character jill valentine tries to survive and,1
i loved this jill valentine i m leaving a,1
jill so fine,1
3 is to play as jill valentine in 4k the only,1
the original also they changed jill s personality completely easiest game,1
make sense and really tarnishes jill s image in my mind,1
i need more jill,1
well the banter especially between jill and carlos being a huge,1
jill valentine carries the game and,1
jill s so beautiful i could,1
the protags are amazing spoiler jill valentine is the first video,1
carlos 3 and jill,1
ang sarap mo jill valentine,1
alguma pitada de tensão da jill fugindo da primeira forma do,1
to 2 not to mention jill i don t usually pick,1
thing you might ask because jill didn t save his life,1
"a speedrunning challenge  but jill valentine s beauty makes up",1
bırakmadın aq bu arada ada jill,1
love this game i love jill and carlos it s short,1
writing and absurd action moments jill should have died like 10,1
jill 🤤🤤,1
julia voth face mod for jill and the classic carlos skin,1
your shotgun channel your inner jill valentine and dance through the,1
damage less porn stars member jill holiday and her hot as,1
whenever the camera angel shows jill ass i just want it,1
of the city with carlos jill nothing too special it was,1
simp that is his character jill is a smug and arrogant,1
10 10 jill sandwich,1
and strong female character like jill valentine 💙 loved every second,1
wants his rent money from jill,1
setting so re3 begins with jill valentine in her apartment in,1
evil what it is plus jill s character design in this,1
i ll make a jill sandwich,1
pulse pounding action playing as jill valentine you must escape the,1
why does jill have to be so ♥♥♥♥♥♥♥,1
this version of carlos and jill their banter is always fun,1
jill valentine is a baddie 100,1
somehow jill s mental health is still,1
and a lot of fun jill is a total badass and,1
find out what happens to jill after re1 and aren t,1
re2 just my opinion tho jill can get it x3,1
ehhhhh jill valentine how hard it is,1
friends though the section where jill gets deepthroated by a bug,1
as how it effects it jill s s t a r,1
up im going to take jills weapon from the last boss,1
the price the relationship between jill and carlos was amazing to,1
why does jill have jigglephysics,1
game with amazing graphics and jill valentine so not much else,1
carlos 3 jill 3 nemisis 3,1
a mommy it would be jill if i have a stalker,1
haven t played original but jill and carlos were such a,1
mention that they ve turned jill into cringe queen with absurd,1
best remake but it has jill valentine in it so its,1
hospital the gameplay switch from jill to carlos is refreshing and,1
jill valentine is a baddie,1
short everything else was good jill is a really cool character,1
fun variety of weapons between jill and carlos and the item,1
resident evil 2 and follows jill valentine as she tries to,1
game brings back our beloved jill valentine but this time she,1
as much as mr x jill is cute carlos is gangsta,1
"parts are good   jill parts are good  ",1
jill valentine my beautiful wife,1
jill is my wife,1
good as re2make but with jill the mods have limitlesssssss potential,1
4 have all been awesome jill and carlos are great characters,1
"entire game absolutely awful  jill obviously has stock strong independent",1
speed run it and love jill ofc,1
draw you into the experience jill and carlos are particular highlights,1
i wan mor jill valentine pls ❁ ◡ ❁,1
jill pretty,1
i just need to see jill with this beautiful and better,1
so good i love mommy jill valentine yes yes yes yes,1
jill vs nemesis jill vs the,1
mmm jill,1
encouraged me to obtain a jill duckintine figure,1
thats it already play with jill through the story once for,1
really new dodging mechanic for jill is ♥♥♥♥♥♥♥ ass and clunky,1
all the critics crying about jill valentine is the most beautiful,1
haha jill running in the 90 s,1
i love jill valentine but the game is,1
the last game i like jill and carlos and for harder,1
jill valentine best girl,1
is the characters carlos and jill make an amazing re duo,1
the only thing is how jill doesn t break any bones,1
instead of its own game jill was okay as a protagonist,1
part is my favourite over jills and although nemesis isn t,1
jill is so adorbs i luv,1
is a separate way of jill valentine in raccoon city i,1
take on the role of jill valentine whom we remember playing,1
jucătorii preiau controlul asupra lui jill valentine o membră a echipei,1
to see what happened to jill after res 1 i also,1
cindy aurum from ffxv over jill and had a great time,1
game is bad jill is bad in a different,1
mommy jill with her creepy stalker who,1
escape from raccoon city with jill valentine a former s t,1
aside from jill being bad as ♥♥♥♥ the,1
when jill said these residents are getting,1
the other hand carlos and jill are both fantastically acted the,1
experience a mediocre game altogether jill carlos lack the charisma to,1
great love the remake of jill and carlos too jill is,1
ifyou have played re2 remake jill is more capable than my,1
was behind the writing of jill in this game i wanna,1
main characters including the fearless jill valentine are well crafted and,1
tyrell getting more screen time jill s ass cons nemesis isn,1
jill mamasita valentine is hot,1
i am that gay for jill valentine definitely recommend the non,1
jills ass shots,1
and had wider scenes 👍👍 jill can use leon s and,1
tried to romance jill but nemesis wouldn t let,1
nemesis turned me into a jill sandwich 10 10 would recommend,1
but on a brighter note jill s character design is really,1
devs as the re2 remake jill valentine is in it so,1
"last game   story jill is bad ass the story",1
love jill new design the game is,1
has a tentical fetish and jill somehow gets smacked around without,1
while you get multiple protagonist jill valentine and carlos oliveira this,1
had fun playing and uh jill valentine is super sexy oh,1
easy to deal with using jill s dodging mechanics they should,1
but it works i guess jill valentine was great to play,1
jill is a certified baddie,1
hot jill mods make everything ten times,1
enjoyed it in any case jill is an absolute queen,1
t a r s agent jill valentine and carlo h2 b,1
ll get over how beautiful jill looks in this game to,1
scare reliant fests but whatever jill has this ptsd like nightmare,1
for 15 probably worth for jill alone but woulda been pissed,1
jogue de novo só pela jill com roupinha diferente,1
nice jill valentine,1
a lot from the original jill has the personality of an,1
completely lone wolfing it even jill herself is a different person,1
what the clap cannedcoom kill jill valentine i get grr angery,1
role from the 1999 classic jill valentine a former s t,1
scary but i goon to jill,1
the fact it s just jill doing an awkward little side,1
jill valentine is truly my ideal,1
is very nice i liked jill and carlos very much the,1
jank mechanics of both character jill and carlos but they somehow,1
as its own thing and jill and carlos r hot as,1
"of a full story for jill and carlos comparing it to",1
the game h1 h2 meet jill and carlos h2 jill and,1
jill to carlos personal space i,1
the ♥♥♥♥ whre is the jill sandwich people talked about,1
off putting attitude adjustment to jill the game was still fun,1
i didn t know about jill and the other characters i,1
s members instead of just jill from the get go alittle,1
te amo jill,1
carlos oliveira jill valentine,1
said i still liked both jill and carlos the whole game,1
jill is so fine,1
enjoyed every second of it jill is actually likeable and relatable,1
lots of hentai baiting with jill and tentacles capcom knew what,1
so lovely beautiful jill,1
stepped into the shoes of jill valentine navigating the treacherous streets,1
"the entire game   jill as the mc is also",1
i love my wife jill valentine you could never do,1
wish jill was naked,1
it blew me away also jill s freaking gorgeous pick this,1
jill smash,1
is amazing and so is jill s nemesis may be a,1
jill and carlos yep,1
would ve been great also jill s reactions dampen the scariness,1
the game for carlos and jill,1
ll soon get to see jill valentine again in an upcoming,1
can switch between carlos and jill for the areas and gameplay,1
jill is me,1
more brave and me and jill ended up going to the,1
i want jill to sit on my face,1
really good its too bad jill was sandwiched between the 2,1
jill sandwich ♥‿♥,1
was kinda a backseater but jill go crazy i guess,1
love the way they made jill look which is amazing she,1
jill why so hot,1
to be released i put jill in a bikini and my,1
areas like a toy store jill no longer explores the rpd,1
h1 jill sandwich h1 resident evil 3,1
fleshed out in the original jill was an empathetic voice of,1
jill s a badass re3r is,1
a compelling story following protagonist jill valentine as she navigates a,1
t complain tho cause more jill valentine content yes yes would,1
it personally any game with jill valentine her personality changes as,1
s start with the protagonist jill valentine she s like the,1
jill got that eddie hall strength,1
jill valentine she s like really,1
no 1 jill and carlos fan,1
in a resi remake 333 jill valentine is 1 mother and,1
im in love with jill,1
jill good nemesis bad,1
but i ll take a jill story 8 10,1
playing as both carlos and jill carlos is the real star,1
carlos sections i also wish jill went into the rpd instead,1
good addition to re2 from jill s carlos s pov,1
out a roar which stuns jill i could write a 600,1
a lot of puzzle from jill playthrough the police station the,1
jill valentine is just the most,1
only had the story with jill comparing to re2 where we,1
jill is very hot 10 10,1
and some odd plot revisions jill s character has been changed,1
i loveeee jill valentineee she should be my,1
that good at defending himself jill and carlos however they are,1
micro bikini jill costume with american flags,1
dodge system is a joke jill suffers with a bizarre badass,1
as i was of 2 jill is just too unlikable this,1
the original as a comparison jills dodge is fun once you,1
recommended it anyway just for jill s big assets,1
longer stage one nemesis stalking jill more carlos sections other than,1
still a good reimagining of jill s nightmarish venture thru the,1
tomu ver gg jill je hrozne fine,1
carlos big ass jill big upper ass me not,1
that i m obsessed with jill d,1
in hopes of dreaming about jill valentine but got the nemesis,1
plot i just wanna sex jill,1
olursak oyunun ikinci dakikasından sonra jill valentine ye aşık oldum bu,1
better off playing the original jill s character is really misunderstood,1
jill please kiss me,1
katanya jill suka gua tengs all,1
fights are a drag and jill s character was destroyed at,1
understand the beginning segment with jill you may want to play,1
rushed but atleast there s jill,1
download the fat jill mod so you can watch,1
you get one outfit for jill for beating the game the,1
jill is pretty 3 would recomend,1
jill enough said but in reality,1
i m gae but jill is so ♥♥♥♥♥♥♥ hot,1
if it s on sale jill is dope at least,1
short but still good because jill was my wife,1
prefer it simply because of jill points for it being terrifying,1
been simpin on jill valentine since 96 if you,1
jill valentine wakes up from nightmares,1
a classic waste of money jill was and always will be,1
jill valentine jill valentine jill valentine,1
game good graphics but ruined jill s character and original design,1
thanks to the asymmetry between jill and carlos as well as,1
are weird as feck but jill and carlos are hot,1
the overall immersive experience as jill i found the ability to,1
is so they can dress jill up no mods and you,1
is fine i really like jill d,1
could add back the real jill valentine julia voth and now,1
would have you search for jill s card or skip that,1
was a skill component with jill s quick step dodge and,1
jill valentine is a badass i,1
you re not playing as jill valentine you re playing as,1
another epik game 10 10 jill so hottt,1
good most peak game ever jill gets absolutely pelted and bullied,1
i loved it jill is so cutie patootie,1
jill is waifu but game is,1
its jill,1
carlos didn t even ask jill about him lol,1
the new engine and having jill face them again everything from,1
least exposition apart from ethan jill and carlos are probably the,1
cons poorly executed remake both jill and carlos are completely recharacterized,1
10 10 became a jill sandwich,1
jill is hot intriguing story lots,1
play is smooth and fun jill and carlos are a lot,1
jill and carlos my beloveds 3,1
the air was awesome and jill s a lot more boring,1
the class tutor sounds like jill works with carols in real,1
jill and carlos are cutie patooties,1
jill backshots,1
jill takes 10 inches of idk,1
wish that my name was jill so he would call me,1
the game in 13 hours jill is hot and oliveira is,1
factory various nemesis boss fights jill going into the rpd and,1
jill is so bad om mhy,1
please jill be mineee,1
game where you play as jill valentine and carlos oliveira players,1
jill really steal my heart,1
game was so good and jill is so hot oh my,1
jills gyaat is crazy,1
more streamlined the game follows jill valentine during the zombie outbreak,1
weapons inventory management main characters jill and carlos hooked me in,1
did they need to make jill so fine,1
jill and tentacles the game,1
either version of re4 pros jill lots of tentacle and vomiting,1
short af but jill is bad,1
of a shop window or jill shoving a god forsaken gun,1
in resident evil 3 as jill you ll escape an entire,1
jill the throat goat,1
set in the re universe jill is a bad ass in,1
jill got me brickd,1
h2 good h2 list b jill s apartment b finally seeing,1
cutscenes poor level design and jill s hair is so greasy,1
around the whole city for jill s ass but no he,1
this game with the default jill design that looks so generic,1
encounters the throwbacks to re2 jill s fluid movement and the,1
badass jill valentine,1
i love you jill valentine i love you so,1
story is short but jill is damn so pretty so,1
me and jill are just very good platonic,1
s still a good game jill why ur so gorgeous,1
the characters i really loved jill and carlos wish carlos wasn,1
and re4 it s amazing jill is so fine in the,1
short asf but jill s hot,1
amazing jill kinda fine 9 10,1
resident evil 3 or not jill will be able to lead,1
nemesis keeps punching me because jill refuses to dodge and carlos,1
game but you play as jill so its obviously a 10,1
you with the same bs jill s dodging is fun to,1
i lovr jill valemtime,1
all the falls crashes explosions jill has gone through i m,1
remake again with this new jill,1
love my girl jill and carlos,1
the game is too short jill is a badass as per,1
upgrade in the character department jill and carlos are superb satisfying,1
models particularly of the protagonist jill valentine are impressively realistic adding,1
remake to completion i think jill looks a bit generic but,1
bought for jill,1
couple rooms thats about it jill isn t really as likeable,1
jill makes me so gay,1
jill valentine and carlos oliveira,1
jill valentine lesbian agenda,1
atack option when he grab jill after that he just stay,1
jill is such a badass,1
take u away from me jill,1
the variety of play between jill and carlos the running feels,1
gameplay the narrative centers around jill valentine s desperate attempts to,1
upgrade to parkour pros and jill s hair defies the apocalypse,1
the money the characterization of jill valentine might be off from,1
things i didn t like jill s character and the nemesis,1
accidentally called my gf jill,1
buy on sale they made jill a ♥♥♥♥♥ which was annoying,1
i loved getting to experience jill s story jill is genuinely,1
jill valentine 333333,1
jill is ma girl thats all,1
when it comes to protagonist jill and carlos are so fun,1
scary me yay when see jill and carlos,1
after the 2nd boss fight jill would would grab a sledgehammer,1
got the game because jill valentine,1
“ yeah let s implement jill s insect poisoning like deepthroating,1
game made me feel like jill and jill is hot resident,1
it s more impressive that jill won t die than it,1
second scripted event and make jill the most boring character ever,1
i want more jill ass,1
10 10 jill carried the game because i,1
hi i am jill sandwitch,1
started the game for jill and stayed for sexy carlos,1
into this game they did jill dirty the entire experience is,1
nice game from re franchise jill always hot saddly its pretty,1
this game same goes with jill and carlos the two main,1
the characters are well developed jill valentine s journey is both,1
the dynamic between carlos and jill some of the set pieces,1
for those that drop for jill when you resume control of,1
want to be sandwiched between jill and carlos ♥,1
coming at this without bias jill and carlos are such great,1
i love jill valentine im insane,1
mechanic triggering slow mo for jill and carlos having his falcon,1
resident evil 3 remake follows jill valentine a former s t,1
jill and carlos,1
jill is so sexy,1
game ever they should remove jill entirely and it would be,1
and nice experience plus uhh jill valentine man how can i,1
of the original capcom treat jill valentine like the bad ass,1
this game makes is moving jill s “stars” line into a,1
jill and carlos are hot graphics,1
i loved this game jill is a badass and easily,1
of the first resident evil jill is badass,1
play this game mostly cause jill but the story and gameplay,1
jill pickle,1
still worth a playthrough though jill a cutie so that s,1
was awful i didnt like jill obnoxious strong female attitude or,1
not like the changes to jill and nikolai s characters in,1
too short but jill is hot,1
jill sandwich ⠀⠀⠀⠀⠀⠀⠀⠀⠀⠀⠀⠀⠀⢀⡖⠉⠉⠙⠒⠦⢤⣀⡀⠀⠀⠀⠀⠀⠀⠀ ⠀⠀⠀⠀⠀⠀⠀⠀⠀⠀⠀⢀⣀⣸⠦⡀⠀⠀⠀⠀⠀⠀⠉⠙⠲⢄⡀⠀⠀⠀ ⠀⠀⠀⠀⠀⣀⡠⠤⠒⠊⠉⠁⠀⠀⠀⠀⠀⠀⠀⠀⠀⠀⠀⠀⠀⠀⠉⠲⣄⠀ ⣤⠤⠒⠊⠉⠀⠀⠀⠀⠀⠀⠀⠀⠀⠀⠀⠀⠀⠀⠀⠀⠀⠀⠀⠀⠀⠀⠀⠈⢳,1
jill valentine 🤤 just dogshi gameplay,1
a 20 game at best jill valentine best girl 3,1
in cutscenes he also has jill dead to rights multiple times,1
i have a crush on jill voice actor,1
i like it i like jill so i like her game,1
still very good chemistry between jill and carlos works well other,1
nuts 10 10 i need jill on a fundamental level,1
apart from graphical fidelity also jill s dialogue here is the,1
bought for jill stayed for carlos,1
production values and intense encounters jill valentine is a strong engaging,1
great remake jill has more personality and overall,1
jill gives me gender envy,1
i have to pay for jill s classic costumes it s,1
campaign is a great one jill is a cool character and,1
hot gyal jill,1
amazing gameplay amazing characters jill is such a badass wish,1
bias on my part because jill is my absolute favorite character,1
is fun to play with jill and also to use the,1
i love that every time jill sees him it plays a,1
the small details i love jill valentine and legit don t,1
solid game vr is superb jill mods to short,1
stop at nothing to see jills big boobies,1
incredibly detailed textures even protagonist jill valentine looks almost real at,1
remake but my god is jill hot,1
in the re remake series jill valentine deserves so much more,1
you ve got the iconic jill valentine and carlos very memorable,1
it was a real challenge jill feels invincible nemesis during the,1
graphics and very enjoyable gameplay jill is as badass as ever,1
though i don t like jill s new design nemesis new,1
remake the full game and jill in this game is just,1
by my parents i like jill is also hot ig,1
a and b scenario with jill and carlos because i genuinely,1
great starting point chris and jill have such a fun dynamic,1
i love jill i love jill i love,1
mainly play through this as jill valentine but switch over to,1
station which should have been jill s first stop is never,1
ridiculously overpriced the story follows jill valentine from re1 and happens,1
love the game and aunt jill thou,1
10 out 10 jill sandwiches,1
can play as our beloved jill and carlos the game is,1
entire reboot main entry but jill sandwich,1
the charm from the original jill s personality has a series,1
🖤 b jill b 🖤,1
jill thicc,1
awesome jill sandwich and carlos but kinda,1
🖤🖤🖤 jill my beloved 🖤🖤🖤,1
the action s intense and jill s a total badass the,1
like every resident evil game jill is the goat and carlos,1
disappointing since i really enjoyed jill s character and her story,1
enjoyable and short lacks jill s boob s tho,1
from horror in my book jill and carlos are lovable and,1
you can play as jill,1
t let me gaze at jill s melons cam automatically moves,1
i wish i could use jill s perfect dodge to avoid,1
jill scenario isnt scary but more,1
s somewhat short but portrays jill s escape well,1
game also good angles on jills ass 3,1
be a zombie to eat jill,1
sure what was more disappointing jill valentine being an absolute b,1
only played this game for jill the fearless mommy,1
transpired in re2 you are jill valentine a member of raccoon,1
carlos and jill are hot good game,1
attitude of the main character jill i think this game had,1
all the critics also this jill valentine is one of the,1
fast and furious fum with jill,1
the person who made jill s character model needs a,1
jill rocks,1
we get to play as jill and carlos trying to save,1
my eyes off of strike jill strike this game,1
t like the player character jill strongly resembles the “mary sue”,1
addition to these new remakes jill valentines character model looks great,1
bad guy muh russian collusion jill is super hot i do,1
worry about that i love jill and carlos character development also,1
what a fun exciting game jill was cool and carlos was,1
is not a challenge for jill although it can still startle,1
and storywise you play as jill getting chased by a mutant,1
of the greate game and jill now competes with ada wong,1
played this one because of jill i like her as a,1
jill nice nemesis mean bully i,1
jill valentine heart heart,1
jill sandwich game was good it,1
what s given to us jill feels immensely different to me,1
but it s still great jill and carlos are great characters,1
jill “tall drink of water” valentine,1
jill is hawtt gurlll,1
didn t stick to how jill looked entirely but it was,1
jfc jill is such a babe,1
good nemesis jill run racoon city is gonna,1
play experience as you play jill valentine in escaping the infested,1
and a f ing juggernaut jill and carlos are awesom and,1
re created pretty faithfully though jill wasn t nearly as mature,1
h3 jill valentine deserved better h3 where,1
pulled in by the “new” jill valentine td td villains are,1
i d like i like jill as a protagonist but the,1
everything for you carlos and jill s constant radio conversation interruptions,1
resident evil 3 remake ♥ jill valentine ♥ ⠄⠄⠄⠄⠄⠄⣠⢼⣿⣷⣶⣾⡷⢸⣗⣯⣿⣶⣿⣶⡄⠄ ⠄⠄⣀⣤⣴⣾⣿⣷⣭⣭⣭⣾⣿⣿⣿⣿⣿⣿⣿⣿⣿⡀ ⠄⣾⣿⣿⣿⣿⣿⣿⣿⣿⣿⣿⣿⣿⣿⣿⣿⣿⣸⣿⣿⣧,1
jill sandwich adventure b,1
i like jill s butt,1
remake take the role of jill valentine a member of the,1
and i love the way jill slowly warmed up to carlos,1
i like jill ༼ つ ◕ ◕ ༽つ,1
play this game i want jill valentine to come through the,1
jill is so cute😻,1
jill best protagonist,1
it to play alternating as jill carlos enjoyed me the mechanics,1
jill is hot gud game,1
jill is now an annoying girlboss,1
only play the game for jill 33,1
intro alone i like the jill turning into a zombie due,1
but amazing love to see jill back in the franchise after,1
all the characters aside from jill and carlos are very one,1
crack me up yes to jill classic costume no to carlos,1
jill valentine má popiči nožky presne,1
train i was chilling until jill told nemesis to come after,1
jill was my main inspiration for,1
gameplaywise i just wished that jill would run a tiny bit,1
just so i could mod jill nemesis was dope as ultraman,1
jill is a 8 10 and,1
re2 a nice conclusion to jill s raccoon city storyline it,1
jill valentine is like basically my,1
hate nemesis as much as jill by the time you beat,1
mid but jill is hotter ig,1
and resource management as protagonist jill valentine players must navigate through,1
next time take a hint jill valentine,1
lesbians are real jill valentine,1
good game jill 10,1
integrity of institutions carlos and jill are both fun characters and,1
play as my favourite character jill so that lets me give,1
acting up the whole time jill and carlos were so awesome,1
now wow still luv u jill my favorite char,1
is beautifull and so is jill and nemesis love it,1
i want a mommy jill plz,1
is a great antagonist and jill carlos are great too 8,1
jill is hot unfortunately mods that,1
jill valentine s super fun time,1
saya hanya menyukai jill,1
it basically re2 continued with jill from re1 funny s t,1
i am but a regular jill crawling enjoyer,1
is hot and i ship jill and carlos,1
monsta go after jill jil try kil montssa fail,1
jill valentine is a standard,1
jill is hot asf,1
jill valentino,1
jill was not oiled up and,1
hero when carlos is covering jill in the hospital the effect,1
story is linear and repetitive jill gets thrown around like a,1
jill and carlos are equally attractive,1
jill and carlos my beloveds i,1
amazing and jill valentine is sexy,1
mommy jill 10 10 i love big,1
good game would let mommy jill step on me,1
evil 3 w game because jill is kick ass anyway love,1
was short i still want jill and carlos to adopt me,1
is the best version of jill to date,1
jill and carlos are soulmates cant,1
would i like to lick jills armpits,1
jill 💖💖,1
jill valentine got hit by some,1
s a pretty decent game jill is a good protagonist the,1
i loved how badass jill was she made sure he,1
jill for my valeninte,1
surprised i ended up liking jill and carlos as much as,1
but a kinda soulless game jill is the best part tho,1
ohh jill your armpits are so good,1
definitely shouldn t screw up jill a shame because i immediately,1
i see why people enjoy jill and carlos now,1
jill valentine is so fine oh,1
game good to speed run jill is amazing carlos is dope,1
expecting separate playthroughs for both jill and carlos as a new,1
ve taken the hint by jill,1
remake jill,1
grace of this game is jill carlos are cool genuinely feels,1
lovable characters like carlos and jill it is short but so,1
that people complain about v jill s ass never dissappoints dem,1
i believe in jill supremacy,1
i love jill valentine one of my favorite,1
and my first introduction to jill as a character was awesome,1
well detailed settings loved seeing jill s classic uniform as an,1
the game the fight between jill valentine and the aptly named,1
i understand the general consensus jill s personality does seem like,1
not like this take on jill jill is supposed to be,1
to see raccoon city from jill and carlos perspectives overall a,1
i don t know jill these residents seem rather evil,1
a quick and short one jill s derp face was idiotic,1
where you can play as jill otherwise huge downgrade from re2r,1
positive rating because nemesis and jill are my favourites but there,1
uninspired and frustrating are understatements jill seems like a different character,1
joke and got rid of jill s fashion sens the game,1
game anjing taiiiiiiiiiiiiiiiiiiiii kalo gada jill ga gua mainin bgsd,1
unbeatable lol how strong is jill to be thrown by nemesis,1
jill is slaying but the antagonist,1
carlos 10 10 jill 10 10 yes,1
jill is a baddie bro not,1
3 hours 30 minutes pros jill valentine and carlos are a,1
the time crashes after fleeing jill s apartment no support available,1
few lessons from this one jill rules and the notion that,1
jill ate,1
a hater bruh they did jill really dirty here she went,1
mmmmm jill,1
jill hot nemesis scary carlos cringe,1
right in that game was jill s design,1
story having to switch between jill and carlos for the different,1
to be an equal to jill not a pushover capcom you,1
a threatening entity that hunted jill wherever she went never posed,1
every community hub post has jill mods with booba,1
start off a section as jill where you get glimpses of,1
lovely story jill is hot carlos is daddy,1
got stuck in jill train escape cutscene in nightmare,1
drowns you in ammo and jill gets a handy dodge button,1
this game and i love jill carlos is my papi,1
carlos n jill,1
great remake but still the jill in the original version was,1
why does jill look like she just had,1
jill 🤌🏻🤌🏻💘💘,1
i bet jill s back hurts so bad,1
step into the shoes of jill valentine they are thrust into,1
such a famous character like jill valentine and make her a,1
attack coin assist mode happy jill go zoom time downsides come,1
i was right there alongside jill valentine speaking of jill she,1
bark ashdajksgdhsajkdhaajdkasdj woof woof woof jill valentine woof woof bark bark,1
that capcom did right was jill and carlos so i ll,1
much perfect imo even if jills character is kind of inferior,1
seeing jill play all the time is,1
so than re4 is the jill rebuild is just fantastic sure,1
jill valentine is very good，but the,1
jill and carlos are the best,1
jill gets put through it baddieoftheyear,1
good game jill sandwich,1
pretty ♥♥♥♥ game jill is cool tho ez 100,1
bonuses models and then to jill you get to see jiggle,1
but it is still fun jill and carlos are cool protagonists,1
writing is cringe worthy with jill sounding like they were going,1
jill is the real nemesis,1
great pionir love you jill,1
jill valentine so sexy i love,1
they ruined my beloved jill after 100 they have still,1
in that pile of garbage jill in the original resident evil,1
at the spencer mansion spoiler jill is a bit too potty,1
reason to play this game jill s amazing graphics story a,1
jill mamasita valentine carlos pechos parados,1
were doing when they made jill crawl so many times,1
worst remake capcom ever made jill is now a raging feminist,1
jills bahonkers,1
reviewing below the game follows jill valentine a member of the,1
and damn do i want jill to come back for re9,1
buck that re2r had still jill is cool and carlos is,1
como o anterior pros nemesis jill valentine gráficos jogabilidade replay ver,1
re3 it s disappointing because jill constantly experiences emergency incidents the,1
cool stuff from the og jill needs justice cause capcom keeps,1
jill is the badass est waifu,1
buy it for cute jill,1
jill valentine is blue,1
i played this with the jill futuristic outfit mod and fapped,1
all 10 10 hands down jill isn t fighting in a,1
list explains a lot bout jill s past good price worth,1
completely fabricated human being named jill valentine then you ve come,1
jill valentine for one seriously the,1
jill has beret after beating the,1
and boiled in acid no jill s really going to work,1
holy moly jill is smoking hot i need,1
at 36 40 url b jill is mary sue incarnate b,1
will smith the ♥♥♥♥ outta jill 8 times in a row,1
jill is better than claire good,1
the achievements is no slog jill is one of the best,1
jill valentine save me,1
i like jill a lot and carlos is,1
story we have our characters jill and carlos which synergize both,1
jill miss characterization will never recover,1
jill valentine is my waifu,1
played from the role of jill valentine the stars officer who,1
and the best part is jill is so badass i encourage,1
just make more costumes for jill if you want money dont,1
tentacles and jill valentine say less,1
short but anyway i love jill sm my queen ♡,1
defeating him like 5 times jill valentine is much more likable,1
carlos and jill yum yum,1
very fun gameplay carlos and jill sexy,1
jill fan,1
i had a crush on jill,1
get the credit is should jill and carlos the main characters,1
where you need to protect jill and the black man in,1
jill cakep banget asli,1
8gb of limited vram 2 jill and carlos are very likable,1
a defensive move dodge roll jill punch carlos but unfortunately it,1
within there with the coins jill and carlos characters are generally,1
mm jill,1
a story of stars officer jill valentine who has been in,1
i could take carlos and jill at the same time not,1
3 10 nemesis 1 10 jill valentine and carlos 10 10,1
came for jill valentine stayed for the hentai,1
falls short that being said jill s characterisation in this game,1
lot of fun challenging and jill valentine is smoking hot definitely,1
but its enjoyable nonetheless and jill,1
s alright and so is jill but i can t forgive,1
to its prequel i liked jill and carlos the game gives,1
very fun to continue jill s journey i love a,1
imagine capcom making leon x jill actually canon in the next,1
jill ❤ carlos ❤ nemesis 😨,1
more thing it was not jill s turn,1
jill less world is the worst,1
jill has a breast animation,1
also focuses on different characters jill valentine from the first game,1
of story why doesn t jill go to rpd why does,1
re2 remake 8 5 10 jill goat,1
to play this game starring jill carlos and of course the,1
is still very good imo jill best girl,1
as for what i like jill is a way more interesting,1
jill based,1
gameplay is kinda annoying but jill is hot so yeah it,1
if it s on sale jill and carlos are both cool,1
jill is my senpai,1
up minutes later play as jill and carlos military experienced characters,1
jill sandwich with extra mayo please,1
jill valentine that s it that,1
omg jill valentine,1
wonderful game and jill xd,1
but at least you play jill most of the time carlos,1
very nice jill valentine 10 10,1
idiot when the game wants jill to escape or fend him,1
of their seats playing as jill valentine a member of the,1
t play the game for jill my imaginary wife overall a,1
really wish it was longer jill got robbed,1
jill hawt nemesis thicc,1
multiple times nemesis will have jill dead to rights and will,1
jill is a bad ass and,1
i mean it jill valentine so,1
jill valentine is love show your,1
story is more interesting pros jill she s is now my,1
amazing game amazing jill i want more,1
a connection to what made jill special the map design the,1
bro jill valentine like she got negative,1
there s a dodge button jill valentine is the main character,1
more of a threat for jill to conquer my only complaint,1
jill metintine carlos yurtlugileira,1
re game i ve played jill and carlos are a good,1
haters form your own opinion jill is the best re main,1
h1 b jill is bae cause can t,1
is smeared with dog poo jill is such a boring main,1
a more abbreviated version of jill s adventure more akin to,1
is awesome and i love jill for two very big reason,1
overlapping like it did previously jill carlos are partners whereas leon,1
the parts we played with jill felt like a speedrun but,1
jill is hot girlboss ig carlos,1
re in the shoes of jill valentine through this journey you,1
and more action then re2 jill valentine nemesis raccoon city police,1
single story line along with jill not even a bonus mode,1
dodge in this game using jill or carlos though i think,1
this remake is shorter than jill skort classic outfit would i,1
jill is too cute to play,1
lookin jill a simulator,1
age 16 he was watching jill s every movements like a,1
remakes or should i say jill sandwiched,1
graphics improved gameplay over re2r jill h1 cons h1 way too,1
fully recommend this game the jill valentine and carlos are amazing,1
capcom his persistent chase of jill valentine is awesome and iconic,1
10 you too can have jill valentine s ass in your,1
emotionless and lifeless but here jill and carlos actor and character,1
or an expanded city section jill is the highlight carlos is,1
boom game jill,1
they made another game with jill but nope another rando and,1
jill won t be my valentine,1
you get to play as jill valentine cons 1 the game,1
what could have been also jill is best girl of resident,1
ask from a game also jill gives me a bo,1
a short one but masterpiece jill is mommy 10 10,1
be a 3 10 but jill s ass boosts it up,1
god i wish jill was real,1
love what they did with jill s character this is far,1
short not a fan of jills redesign and sucks they cut,1
into you recovery animation also jill is a d to carlos,1
amazing game jill and carlos are both such,1
pros 1 jill valentine 2 graphics are slightly,1
like to say it was jill was a cutie patootie,1
game is the chemistry between jill and carlos which i found,1
jill step on me,1
jill valentine ahhhhhhyhhh uwu 3,1
able to dodge roll as jill and punch as carlos feels,1
bought this game for jill and honestly i m not,1
i like carlos i love jill i hate nemesis,1
a very short game but jill is the g o a,1
evil 3 the humiliation of jill valentine nemesis,1
jill is so hot i need,1
très beaux et je trouve jill très très belle je m,1
jill valentine is the most lovely,1
and create a story about jill in the same manner as,1
it s own two feet jill s character and subsequent character,1
you didn t want a jill sandwich back in the 90,1
what they ve done to jill as well as just the,1
very short game og re3 jill outfit was censored because the,1
out and it was rushed jill s dialogue is a bit,1
remake but it still slaps jill is hot,1
jill valentine thats what i like,1
re2 meaning carlo s and jill s stories are running parallel,1
too focused on jill all the time,1
the absolute beatings he gave jill though were more than enough,1
from the original game like jill s character and nemesis as,1
clock tower is why is jill not familiar of raccoon city,1
jill mods gyattt,1
opinion it was really fun jill feels more like a badass,1
evil 6 they also turned jill into the generic badass female,1
return to raccoon city as jill valentine you get to explore,1
was from messing with nude jill mods lol,1
story nice graphics nice butt jill damn,1
upgrade though and i like jill s new outfit,1
jill is pretty 3,1
re3 re2 nemesis mr x jill claire carlos leon,1
jill valentineeee 😍😍😍,1
his name from the title jill is jill in name only,1
events is all mixed up jill doesn t even really act,1
the player is introduced to jill valentine one of the few,1
jill gyatt,1
minus his sprinting weapons but jill carlos are the best interpretations,1
after playing re 1 remake jill became my favourite character and,1
join the re community plus jill is a badass,1
lets just hope the continue jills story overall i know it,1
but its okay 7 10 jill and carlos hot af tho,1
here like the original game jill is armed to the teeth,1
at may 12 24 yeah jill sandwich no thanks at 9,1
should have been shot by jill after just one or two,1
it when carlos said to jill maybe the real resident evil,1
jill is ugly,1
the small game time and jill herself honestly jill was fine,1
tho cause u play as jill valentine ＼　　ヽ　　　　i　　 　　　　 　　　 　,1
b you will play as jill valentine attempting to escape from,1
still ♥♥♥♥♥♥♥ stupidity i enjoy jill being tortured by the spencer,1
and nemesis is horribly underused jill valentine though was amazing,1
of the original game atleast jill looks cute,1
characters are also just fine jill is decent enough to play,1
enemy who pursues the protagonist jill valentine throughout the game while,1
my beloved jill 3,1
love this game jill is iconic and my favorite,1
of the time carlos and jill are both really good protagonists,1
非常好玩，吉尔很漂亮。游戏画面非常出色。但是游戏有点贵，游玩时间仅仅6小时左右。 very fun jill is beautiful the game graphics,1
i fell in love with jill valentine after playing this game,1
i may be biased with jill but i love jill and,1
are also 2 costumes for jill which is insane because the,1
only received this game for jill jill is really beautiful and,1
voice acting is superb specially jill i love seeing a new,1
jill can rail gun me too,1
this game very cheap and jill is best gurl,1
oiled up jill valentine with ray tracing in,1
jill and carlos are pretty attractive,1
up the story line between jill and carlos as they did,1
jill toge,1
just falls flat cut content jill being deduced to some generic,1
parry en el caso de jill y carlos respectivamente gráficamente una,1
10 10 i love jill ass,1
jill my valentine,1
story was small but jill is hot,1
jill s cake look fine tho,1
rather the second game though jill is much better than claire,1
hard one to get wrong jill s primary goals are to,1
before the story starts with jill getting attacked and chased by,1
i love the relationship between jill and carlos especially the in,1
jill valentine p or should i,1
it s so bad jill acts like a big strong,1
too short soundtrack is good jill is hot carlos is hot,1
but at least the protagonists jill and carlos were well scripted,1
i don t worry for jill either cause she easily shrugs,1
as challenging especially with controller jill is hot,1
good game very rushy though jill is my favorite character from,1
of the first act with jill before switching to carlos is,1
how tremendously eyegasmic re2r is jill is also my favorite re,1
my favorite resident evil game jill valentine nemesis and carlos are,1
doubt the worst version of jill both in terms of personality,1
like for a review so jill is hot and has some,1
i ♥♥♥♥♥♥♥ love jill valentine i need to give,1
lmfao she was almost a jill sandwich but fr go play,1
jill ❤,1
also capcom pls bring back jill after over 20 years she,1
op with carlos no original jill miniskirt and tank top custume,1
to deal with them while jill kills them in 2 shotgun,1
big titty jill,1
not cool capcom not cool jill on the other hand it,1
better outfits for the default jill for a cheap game it,1
jill valentine s terrible horrible no,1
like the roll dodge with jill valentine was a really cool,1
alcohol en el cuerpo sale jill,1
that was released earlier while jill is the main character she,1
mbak jill cantik bet gw suka tomboi,1
10 cool carlos 90 play jill with mods,1
what the original title did jill has access to more ammo,1
with all his remarks towards jill when og actually makes an,1
top bullet time dodges with jill and carlos shoulder ram falcon,1
fun schut jill sandwich 3,1
jill is a vibe,1
hot jill valentine,1
big disappointment in jill s classic costume though preferred,1
remake only saving grace is jill s face,1
plus of this game playing jill with mod is such a,1
a sock but we stan jill d,1
enormous the recreated personality of jill is awful and for many,1
s just how it is jill valentine not as memorable as,1
i can play with ⠀⠀⠀⠀⠈⠢⢄⠀ jill ⠀⠀⠀⠀⠀⠀⠀⢸⠀⠀⠀⢀⣀⣀⣀⣀⡀⠤⠄⠒⠈⠀⠀⠀⠀⠀⠀⠀⠀ ⠀⠀⠀⠀⠀⠀⠀⠘⣀⠄⠊⠁⠀⠀⠀⠀⠀⠀⠀⠀⠀⠀⠀⠀⠀⠀⠀⠀⠀⠀ ⠀ ⣿⣿⣿⣿⣿⣿⣿⣿⡿⠿⠛⠛⠛⠋⠉⠈⠉⠉⠉⠉⠛⠻⢿⣿⣿⣿⣿⣿⣿⣿ ⣿⣿⣿⣿⣿⡿⠋⠁⠀⠀⠀⠀⠀⠀⠀⠀⠀⠀⠀⠀⠀⠀⠀⠉⠛⢿⣿⣿⣿⣿,1
here is also really good jill who was a bit of,1
jill x nemisis rule34,1
chill with jill,1
jill valentine best re girl 100,1
re watching a cutscene of jill being bitten it s garbage,1
♥♥♥♥♥ can t even swim jill valentine,1
dissapointing i love the characters jill and carlos especially i would,1
this game stop after jill crash the train please fix,1
fun playing anyways thanks to jill being badass and best girl,1
and only one default character jill instead of re2r s 2,1
game especially the moments with jill fighting nemesis,1
the part where i saw jill s ass every time i,1
in it s writing an jill now drops a f bombs,1
100 worth playing carlos and jill w,1
lighting in the opening chapters jill best protagonist,1
i got to look at jill s butt most of the,1
play for jill play for the story,1
worked overtime for that and jill incredible showstopping i am in,1
was gonna get the same jill as ps1 but she s,1
purchased only for jill christian mods,1
the mods lemme give jill some phat ass 10 10,1
in this remake we find jill during the spread of the,1
we finally get to see jill back in action in modern,1
when it comes to graphism jill s and carlos looks are,1
die hard fans like myself jill s dodge mechanics feels random,1
to be manly and save jill all the time and the,1
it s cool to see jill in a modern engine but,1
jill has a nice ass,1
examples include sarcastically referring to jill as a supercop and lines,1
no puzzles game looks amazing jill is for sure a super,1
stiff and puffy cheeked claire jill is exceptionally agile thus able,1
sure not a remaster also jill has the ♥♥♥♥♥♥♥ strongest spine,1
interested get it on sale jill 3,1
characters are ok i liked jill and i hated carlos design,1
jill waifu d,1
no jill sandwich,1
and wholeheartedly worth the purchase jill is a great protagonist love,1
on sale of course also jill is a total babe,1
nice to appreciate raccoon city jill in full graphics as they,1
more from the likes of jill carlos and claire would be,1
two words jill valentine if that doesn t,1
to stick their tentacles inside jill and the other half want,1
only give her ten for jill valentine 10 10,1
the story you switch between jill valentine and carlos olivera a,1
protagonists in the form of jill valentine the fun supporting cast,1
jill valentine wangy wangy,1
game to be really catching jill constantly being pursued by nemesis,1
is i wish carlos and jill had a separate story similar,1
m such a simp for jill now,1
between locations every five minutes jill with mods is so freaking,1
include chris h1 spoiler free jill carlos have an abundance of,1
jill is hot as hell,1
a lot of nostalgia seeing jill again i m enjoying the,1
did like the chemistry between jill and carlos so i hope,1
but still okay but omg jill so cool omg,1
i love jill valentine stooonksss,1
is so good to controlling jill compare to leon and claire,1
when you save it says jill like any other character is,1
tend to go back to jill is probably my favorite re,1
jill carlos r my bbgs,1
a spin off game about jills escape from raccoon city and,1
jill forever be the waifu,1
huge fan of the new jill model though idk maybe it,1
didn t like so much jill valentine s new face i,1
próbálnak kihívást tenni hogy szegény jill t parkinson beteggé teszik célzáskor,1
jill valentine amk,1
the nemesis shows up before jill has even left her apartment,1
jill is cute,1
just a little sad that jill s you want stars i,1
with a compelling story while jill campaign had too small of,1
an added roll move for jill which is a really fun,1
design of the jeans of jill corresponds to newer models between,1
trash bag with warning tape jill s personality is slaughtered cut,1
jill valentine nude mod,1
more than a set piece jill as a character is absolutely,1
game was more enjoyable than jill s characters jill valentine her,1
and village has due to jill and carlos feeling as powerful,1
jill so hot bro,1
you d only explore with jill as a completionist there is,1
in expected but enjoyable ways jill valentine s comeback is very,1
jill is hot need more of,1
a good game i enjoyed jill and carlos throughout the story,1
changed or nemesis not killing jill when he has the chance,1
carlos and jill should ♥♥♥♥ also ♥♥♥♥ me,1
people make it out of jills apartment,1
boss still cool looking though jill in the original seemed to,1
amazing in their own ways jill and carlos the ultimate bisexual,1
whereas in re3 you see jill s side of the story,1
experience graphics well optimized story jill valentine as i said before,1
into the rpd instead of jill and the connected consequence it,1
i simp for jill valentine,1
nemesis boss fight is great jill is so damn hot however,1
jill valentine nothing more,1
re2 i liked playing as jill the game is really gorgeous,1
more action you play as jill and carlos and shoot zombies,1
and its nice to see jill valentine return as a playable,1
the tall glass of water jill,1
a lot of fun and jill and carlos are great characters,1
real short thumbs up for jill,1
i prefer julia voth s jill also so the actress change,1
the game its so slow jill char model often feels as,1
jill is one tall drink of,1
value on sale i love jill she is a real strong,1
are just too cringy and jill looks so dumb and helpless,1
jill is having a rough night,1
remake on a brighter note jill s sections felt like quintessential,1
but this games was egregious jill came across as just straight,1
1 2 you can tell jill has learned how to take,1
fan oh and they made jill really hot 8 10,1
has jill 11 10,1
i love you jill 3,1
optionally leave health pickups for jill when playing as carlos in,1
types which technically could describe jill to re4 was much much,1
bad things this story follows jill valentine one of the playable,1
jill hot but too short story,1
and time to shine meanwhile jill has been made into a,1
t a r s veteran jill v,1
jill is not mine,1
towards action compared to re2 jill feels like a superhuman in,1
mercenaries mode gameplay sections like jill in the rpd nemesis chase,1
hate this new version of jill,1
series re4 the only dialogue jill has is cussing at everyone,1
resident evil biohazard game reason jill valentine 🥵🥵🥵🥵,1
jill hawt,1
jill is built different,1
jill has physics 10 10,1
start of the game you jill valentine are on the run,1
jill sandwiched by nemesis and carlos,1
yummy jill,1
content worse design for nemmy jill s personality is unrecognizable compared,1
engine mechanics we need more jill,1
advantage is have a beautiful jill,1
horror game also i want jill to sandwich me with her,1
players control former elite agent jill valentine and mercenary carlos oliveira,1
feels more action based and jill is a bad ♥♥♥♥♥,1
old locations and playing as jill felt refreshing after playing as,1
generic outdated resident evil style jill valentine is hot though,1
they cut out some stuff jill s cute carlos is my,1
content from the original however jill is here which makes the,1
play it basically is just jill or carlos running back and,1
this game is how hot jill looks graphics and models are,1
bought the game just for jill s ass,1
the zombies he encountered while jill projected strength and confidence throughout,1
love jill so i buy this game,1
god jill is hot but anyway quite,1
fattest crush on carlos and jill ngl,1
believe there s more to jill s adventure level design re3,1
lots of missed opportunities like jill appearing at rpd this might,1
brilliantly from the start with jill running from the city and,1
"city feels very small 5 jill is just straight up annoying",1
jill hot af,1
added some i only disliked jill s personality since it s,1
better than its predecessor also jill and carlos are two awesome,1
jill has no g g reflex,1
wet crop top claire or jill i vote jill lpt don,1
almost became a jill sandwich,1
jill you gotta chill out,1
thanks to jill s dodge roll this literally,1
as a new trait that jill has the gameplay is about,1
design s is amazing and jill s is even better props,1
zombie jill is hot,1
pros visually it s stunning jill parasite monsters 😏 cons the,1
this one they re amazing jill s hot but i personally,1
its me jill i m the resident evil,1
get to play re as jill again i was looking forward,1
conducive to trying to use jill s dodge mechanic when he,1
jill has such a annoying voice,1
was fun so this is jill valentine from dbd i love,1
and it s infuriating hearing jill say felt that did you,1
so fun jill is smart and carlos 55,1
even then i died because jill was still standing up in,1
game but where is my jill sandwich,1
go inside rpd instead of jill going inside carlos is the,1
just look at the protagonist jill she s hot,1
is good jill is hot,1
t a r s member jill valentine as she tries to,1
any semblance of personality with jill mods,1
the bio weapon that hunts jill from beginning to end and,1
absolutely in love with jill x carlos duo and the,1
jill bottom,1
want but the love for jill and the other characters is,1
punch knife shoot and nemi jill go electric bang bang,1
the only campaign focus on jill dealing with nemezis and carlos,1
was a lot of fun jill is an awesome lead i,1
jill carlos brainrot,1
and as a fan of jill it was pretty disappointing fingers,1
jill and carlos is a love,1
jill sandwich 10,1
jill thats all that matters,1
jill best re character,1
jill is so ♥♥♥♥♥♥ bad😹😹😹😹😹,1
lot more action packed and jill lacks the personality dread that,1
jill makes me horny 10 10,1
only here for jills ass,1
value they make little sense jill was good but could have,1
the resident evil 2 remake jill is also an absolute badass,1
quite a few things worse jill looks better than claire raccoon,1
jill is just built different,1
design choices in this remake jill was made to look less,1
feel though came back at jill one time too many played,1
value lots of strong sexy jill valentine doing strong sexy jill,1
give jill s juicy ass to leon,1
i like more that is jill is thick af,1
el culo de jill en 4k,1
action nemesis who often chases jill here in re3 remake reminds,1
completely mind blowing 3 jill valemtine is litreally dope badass,1
designs etc i really loved jill and carlo s dynamic and,1
and intense conflict between protagonist jill valentine and the unrelenting force,1
there was no carlos and jill sex scene at the end,1
jill attractive but carlos tho steaming,1
b jill 😩 b,1
the game you play as jill valentine and admire her strike,1
means you are dead coz jill needs a century to recover,1
jill aghhhhhh,1
of things ok to play jill valentine cupcake,1
prob gonna bang jill,1
11 10 would bang jill,1
alot had to do with jill vs nemesis coming into the,1
halfway it goes absolutely nowhere jill makes the vaccine to save,1
this time around with lovely jill valentine not as complex as,1
mmmmmmmm jill,1
compared to resident evil 2 jill can execute evasive rolls to,1
is more fun to play jill controls better whereas leon and,1
jill valentine is hot 3,1
loved it jill is badass,1
jill mods so many jill mods,1
doing i loved switching between jill and carlos whats even better,1
that the original outfits for jill and carlos are not ingame,1
favorite protagonist of the franchise jill i is i your favorite,1
original but still very enjoyable jill is so freaking cute 3,1
character writing • they changed jill s outfit to cover up,1
jill valentine nuff said,1
1 completely pointless cutscene the jill parasite infection in the power,1
about 5 hours worth of jill in a bikini or whatever,1
is a horn ball for jill is quite a sexy creature,1
likes jill and carlos dislikes nemesis,1
iconic the protagonist antagonist with jill being a no nonsense military,1
it erects when i see jill naked and strangely erect harder,1
jill is kinda hot so is,1
around you meanwhile the immortal jill valentine is being beaten and,1
jill hot c,1
3 lets you play as jill valentine where you are immediately,1
with the helicopter no puzzles jill gets constantly saved first once,1
to the original completely changed jill s personality for the worst,1
jill is a queen in all,1
short but jill and carlos,1
jill valentine supremacy 3,1
t a r s officer jill valentine as she attempts to,1
jill is hot and its fun,1
love jill thats all dont care if,1
there is a portion where jill is out of commission for,1
original but still very enjoyable jill is so freaking cute ♡,1
good as resident evil 2 jill and carlos you know the,1
would still recommend playing cuz jill valentine booba,1
jill is damn hot man,1
big bombastic set pieces and jill is a great character to,1
spent watching a cutscene of jill battling the monster there s,1
coming after my ass also jill looked really cute 3 resident,1
of the game as supercop jill valentine as she desperately tries,1
clearly rushed and it shows jill is missing facial animations during,1
the tentacle clearly went over jill s head but she still,1
ready for another round with jill,1
remade 1999 levels something waifu jill pretty solid remake nice visuals,1
a lot of zombies and jill,1
jill ada claire my girlfriend i,1
i ♥♥♥♥♥♥♥ love jill oh my god i uh,1
with some added mods 3 jill valentine,1
but sweet lot of fun jill is a great character,1
carlos and jill are cute together and i,1
carlos and jill are very very sexy,1
few memorable standout moments involving jill the escape from the beginning,1
he was getting at losing jill constantly like i said though,1
to be squished into a jill sandwich,1
add carlos in dbd jill is lonely c c c,1
new jill model is a w so,1
a controller but i managed jill rocks,1
different characters the endearingly practical jill valentine – last seen in,1
jill carlos are really hot,1
this game is brilliant jill as the main character is,1
linear mediocre combat they turned jill into a generic unlikable mary,1
et borborygmes le doublage de jill en jeu les armes… impliquent,1
a lot of good time jill is super,1
why i bought this game jill,1
gore was better tho also jill is ugly in this one,1
og have been cut out jill looks amazing beautiful and hot,1
scares me alot xd and jill is so badass too xd,1
pee out white stuff when jill carlos and nemesis came on,1
short that by the time jill finishes her first internal monologue,1
beautiful jill great story too fricking powerful,1
nemesis is humongous jill s awesome carlos s like,1
more also i really liked jill as a character re always,1
i like it because jill is hot sorry 8 10,1
price is worth it for jill valentine s sexy ass gahdayum,1
alien vs jill valentine 11 10,1
kind of mods especially for jill but not exclusively funnily enough,1
jill are you single,1
urge to play it again jill is bae,1
ineraction points beyond next door jill s apartament aside from 3,1
gr8 controlling tanga mods love jill vs nemesis occcult classic,1
re getting into it makes jill and especially carlos quite likable,1
jill valentine is the best,1
it has jill valentine in it,1
a simple needs i see jill valentine i buy,1
no jill sandwiches but the game is,1
a good way to tell jill s story escaping raccoon city,1
kill some time i liked jill valentine as a protag mostly,1
as hell i really like jill in this game and the,1
jill got thrown round more then,1
of the events the best jill s gorgeous new 3d model,1
im a jill sandwich,1
shoulder view you play as jill valentine and carlos olivera as,1
jill is beautiful,1
content from original re3nemesis but jill is hot especially if u,1
to resident evil 2 remake jill is waifu carlos is hubby,1
was pretty good the new jill was cool and the graphics,1
gay for jill straight for carlos 10 10,1
jill is a complete badass,1
jill is kinda cute to be,1
if you simp for jill like me then it s,1
nexus mods fluffy manager 5000 jill bikini or a ton of,1
you will love this game jill is such a baddie bro,1
scary enough not strong enough jill didn t make to police,1
jill and carlos are super hot,1
of events this time from jill s pov a lot of,1
story short you play as jill valentine and she is being,1
load mods for the dominatrix jill lol,1
want to continue playing as jill and carlos during the events,1
some new areas such as jill s apartment building area nemesis,1
write of the source material jill and carlos are both vastly,1
leon s route a and jill s standard run in about,1
jill is so yaass and slay,1
switching from the perspective of jill valentine over to carlos an,1
to an evasive roll for jill and a counter for carlos,1
remake ps this design of jill is by far my favorite,1
not scary but jill is erm ahem kinda,1
9 10 mommy jill game is too short for,1
before the small chapel with jill at the altar ballerina puzzle,1
just like in original have jill go to police station not,1
t a r s member jill valentine attempts to escape from,1
great story the representation of jill valentine is probably my favorite,1
neon lit city aesthetic and jill valentine who looks absolutely amazing,1
that is still amazing also jill and carlos are hot,1
who is hotter nemesis or jill don t know don t,1
from the original game also jill is hot,1
perfect fit timeline and and jill is a waifu material,1
very well optimised imo 6 jill will steal your heart within,1
i f ped to jill a lot,1
not here no clocktower no jill at the rpd no spiders,1
goes to rpd instead of jill so i understand when some,1
escaping the city streets as jill and playing as carlos for,1
re series i just love jill valentine and hot dagger the,1
you will mainly play as jill valentine and sometimes as carlos,1
horrible he is faster than jill can run so you are,1
i simp for jill,1
a resident evil game also jill and carlos are the best,1
jill is pretty hot game is,1
i was less scared because jill feels capable i know a,1
came here to simp for jill now i m simping for,1
fit through the gap that jill wouldnt be able to either,1
weapons yes you switch beetween jill and carlos but the campaign,1
jill is so hot got little,1
oh you read that right jill gets attacked by tentacles many,1
i want jill to step on me,1
re2 or a bit more jill is amazing and inferno mode,1
jill 😍😍😍 nemesis 😫😫😫 the game,1
jill s new face model in,1
bringing the main threat after jill so many times made it,1
a shop to get 1 jill costume and other utilities weapons,1
s ultimately a bit disappointing jill is cool carlos is often,1
jill and keanu run from alien,1
as vulnerable while playing as jill in re3 while that vulnerability,1
s my favorite one although jill is way too apologetic in,1
the atmosphere the story and jill as the protagonist when it,1
s very nice to see jill up so close,1
personally found this version of jill to be annoying ❌ feels,1
but sweet like eating a jill sandwich,1
making really good looking characters jill has never looked more stunning,1
game but i gotta admit jill is ♥♥♥♥♥♥♥ gorgeous h1 please,1
presence in this adventure starring jill valentine as she tries to,1
chased by the nemesis as jill or being a wholesome character,1
gotta ship jill and carlos 3,1
me it looks gorgeous and jill is just wow loved carlos,1
in raccoon city and your jill valentine you load your samurai,1
the story even more 5 jill valentine fans this game mechanics,1
hehe jill valentine,1
id 2646710077 you play as jill valentine she is one of,1
for 2 separate stories between jill and carlos similar to re2,1
pro jill hawt nemesis wants that jill,1
shooting is like real life jill is mommy and nemesis boss,1
a video game ofc and jill jill jill oh my 3,1
more engaging game worthy of jill valentine as its lead if,1
jill is hot carlos is hot,1
original game is basically gone jill went from being a skeptical,1
besides carlos aggressively flirting with jill right to start which is,1
character is still leon bit jill was a good character too,1
i love jill but the game itself was,1
a whopping one costume for jill and none for carlos unless,1
great game jill valentine is a great character,1
obvious upgrades over the original jill controls wonderfully making combat fluid,1
little unusual in remake2 but jill looks incredible carlos is also,1
downgrade but i do prefer jill et nemesis than claire and,1
s a cool re game jill is just perfect and i,1
model change to my girl jill is not to my liking,1
it has to perfectly the jill valentine model in this game,1
got a rifle on watching jill fight a big ass boss,1
i want jill to crush my balls,1
the story is pros characters jill oh god i love jill,1
amazing in the role of jill valentine i actually played re,1
someone who doesn t like jill valentine i have to give,1
because jill valentine is in the game,1
fix both nemesis face and jill s face worth if you,1
awesome and last of all jill is so cool remind me,1
jill is annoying,1
life classic resident evil characters jill and carlos as well as,1
s pretty good how both jill and claire leon s adventures,1
small role in this game jill still awesome hands down the,1
this is the first time jill had to carry a game,1
dark atmosphere and really liked jill nemesis and other updated characters,1
seconds after you meet him jill never goes to the police,1
its a jill sandwich,1
jill valentine 3 game is also,1
when it is required having jill and carlos be more seasoned,1
half assed game also ♥♥♥♥ jill one of the worst characters,1
7 times and every time jill has a completely different skin,1
a welcome change i prefer jill and carlos over claire and,1
the graphics are very good jill valentine looks hot and the,1
broken up between carlos and jill again great remake money grubbing,1
the series you play as jill valentine a police officer from,1
the game keep focusing on jill s ass with its camera,1
playing this as nude angel jill 10 10,1
yes jill is a babe 10 10,1
where the fights felt underwhelming jill and carlos are great but,1
the f cking hint с jill valentine https steamcommunity com sharedfiles,1
one costume to unlock for jill none for carlos which surprised,1
jill mmmm yum,1
seeing jill s ass was only worth,1
on a sale to see jill get deepthroated also looks good,1
characters weren t exactly terrible jill s role was decent and,1
unlike the first jill valentine does not have jiggle,1
the original already did right jill s character design personality and,1
playable character this time is jill valentine who is already known,1
i love jill valentime,1
lot of n mods for jill a lot of n mods,1
to nexusmods and download the jill definitive classic costume capcom made,1
lazy animations eg nemesis grabs jill and she attempts to stab,1
voice acting is spot on jill s attitude is amusing most,1
jill jil l jill it s,1
easier and shorter re2 also jill is cute af in this,1
is one and only one jill and carlos in one setting,1
do have full control on jill otherwise you may miss nemesis,1
this game has jill valentine in it 5 stars,1
in my reviews i loved jill and carlos more than most,1
should have setup carlos and jill as separate campaigns similar to,1
confrontation with nemesis about how jill always survives with no issue,1
jill enough said,1
jill best waifu,1
is still a good game jill is hot as ♥♥♥♥ continues,1
jill thicc 10 10,1
has a teen nemesis and jill s dynamic through out the,1
separate full campaigns for both jill and carlos they could have,1
good game jill 10 10 jiggle physics carlos,1
a game terrifying as anything jill valentine is one hardcore woman,1
short game but jill pwetty,1
the super hot remodel of jill valentine go find a nice,1
story has you playing in jill and carlos perspective in the,1
fantastic awesome environments carlos cons jill s personality most of the,1
also some woke moments where jill is capable and carlos is,1
play through several campaigns as jill to take down umbrella as,1
feel the story and what jill and carlos were dealing with,1
omg jill,1
i found as carlos for jill but it was gone when,1
when in the beginning where jill is running away from nemesis,1
new carlos mikhail and nikolai jill is alright i don t,1
after defending jill in the hospital the game,1
jill mods ⠄⠄⣿⣿⣿⣿⠘⡿⢛⣿⣿⣿⣿⣿⣧⢻⣿⣿⠃⠸⣿⣿⣿⠄⠄⠄⠄⠄ ⠄⠄⣿⣿⣿⣿⢀⠼⣛⣛⣭⢭⣟⣛⣛⣛⠿⠿⢆⡠⢿⣿⣿⠄⠄⠄⠄⠄ ⠄⠄⠸⣿⣿⢣⢶⣟⣿⣖⣿⣷⣻⣮⡿⣽⣿⣻⣖⣶⣤⣭⡉⠄⠄⠄⠄⠄ ⠄⠄⠄⢹⠣⣛⣣⣭⣭⣭⣁⡛⠻⢽⣿⣿⣿⣿⢻⣿⣿⣿⣽⡧⡄⠄⠄⠄,1
better and i personally loooooove jill and carlos they re almost,1
get some mods for jill s tiddies and have some,1
3 you jill 10 10,1
s worth 25 or so jill,1
character is even remotely likable jill valentine most of all had,1
for they re rools as jill and carlos however i have,1
leads this particular depiction of jill valentine might be one of,1
only 3 outfits total for jill default s t a r,1
jill is all that matters,1
carlos with his punch than jill lining up a shot nemesis,1
action packed tense sequence of jill navigating her way through the,1
jill is a girlboss and carlos,1
10 jill valentine of 10,1
amazing game jill is my hero,1
of a dodge roll with jill and a bash stun with,1
really liked the game especially jill,1
you just need naked jill skin mod and you will,1
10 10 would get jill sandwiched again,1
a lack of sustenance having jill battle nemesis four times is,1
a single extra costume for jill if you want to get,1
if i could suck jill s toes i would 8,1
a much needed dodge mechanic jill being a battle hardened s,1
this version of jill is hot and you can,1
loved the way carlos and jill character arcs are mixed together,1
play as jill cosplaying harley quinn having a,1
this game follows up on jill valentine the heroine of the,1
i don t agree with jill being cringy too much grenade,1
the short side i want jill to sit on my face,1
mmmm jill sandwich,1
i put jill in a micro bikini and,1
a new dodge mechanic for jill valentine and a counter mechanic,1
evil 3 sees series heroine jill valentine attempting to escape the,1
the original when they gave jill her dodge mechanic better cut,1
thinks that the appearance of jill valentine alone is enough to,1
splitted the remaining ones between jill and carlos almost a 50,1
and interesting regarding carlos and jill co op expand on certain,1
6 10 for me the jill fights and cutscenes actually make,1
♥♥♥♥♥ can t even swim jill valentine 03 04 2020,1
to corridor chases and cutscenes jill feels like the protagonist of,1
is scripted and preditable and jill and carols is vastly improved,1
good jill s body physics must be,1
at least jill still hot buy it on,1
t get a mod for jill you re playing the game,1
jill is my fave this is,1
jill valentine 4eva 3 good graphics,1
was fun playing as jill again an interesting story a,1
times the two leads of jill and carlos genuinely surprised me,1
t say all characters including jill are pretty bland and generic,1
original in my opinion protagonists jill carlos nemesis jill valentine jill,1
deviated from original biohazard 3 jill now has a new face,1
and maybe im just a jill simp but this game gave,1
jill got a dumpy,1
looks much more imposing and jill and carlos look a lot,1
one action based and linear jill was not some super heroin,1
will have 2 other protagonist jill valentine and carlos unlike resident,1
beats the graphics are great jill is a badass and nemesis,1
avoiding infection is pointless saving jill when get bit constantly throughout,1
jill is very pretty and i,1
of the nemesis from 1999 jill carlos the general plot and,1
jill is great,1
i m simping hard for jill great game felt a little,1
jill valentine i mean she s,1
of these characters other than jill herself are paper thin and,1
bright in the remake b jill being a total badass carlos,1
it s jill,1
10 ps also bring back jill valentine it s been like,1
scripted chase sequences cutscenes of jill narrowly escaping death once again,1
formula without losing the tension jill s increased mobility and a,1
but it was so cringeworthy jill is such an arrogant lady,1
evil 2 10 10 for jill as a character and for,1
hoping to heard this from jill on the last nemesis fight,1
we get to play as jill this time around the graphics,1
chance to go from a jill sandwich to a tall drink,1
jill bill hank hill this game,1
enjoyed its story and appreciated jill s design as well i,1
anyone who would speak on jill s purity lol fine maybe,1
do that here man and jill says hey carlos that isnt,1
resident evil a bit better jill looks like mila jovavich watch,1
jill is fine as hell,1
jill carlos vs nemesis action packed,1
jill valentine and the terrible horrible,1
console versions for 2 reasons jill mods,1
to be much more memorable jill and carlos were really great,1
loved it so much jill is my fav character,1
a really cool discovery finally jill s hot,1
fun for me personally also jill is a badass,1
nemesis jill still a better love story,1
to finish loved the characters jill and carlos are both great,1
wish capcom had better imaginations jill and nemesis deserved better than,1
like super long games plus jill valentine is a cutie,1
jill is so hot i want,1
characters are more memorable besides jill lol also the extra content,1
i like how they made jill feminine but realistic i ve,1
1 you play as both jill valentine and carlos oliveira making,1
jill valentine is bad asf in,1
as carlos in mid of jill valentine storyline play the same,1
the game to be just jill as i hated having two,1
and claire go through hell jill valentine is a fantastic protagonist,1
door or tag along with jill to make sure she stays,1
evil i ever played and jill valentine❤💘❤,1
♥♥♥♥ i want to bang jill valentine so ♥♥♥♥♥♥♥ bad i,1
hand achievement while playing with jill s mod,1
is pretty well optimized too jill is hot,1
ve played in the series jill is kind of unlikable in,1
attractive her physical appearance fits jill even better than previous face,1
garbage of this franchise ruined jill ruined the game ruined everything,1
r s member action heroine jill valentine the start of re3,1
thing i can give is jills and carlos design and raccoon,1
appreciate the character designs mainly jill valentine carlos and nemesis and,1
how little you explore as jill i couldn t feel for,1
to see more adventures of jill valentine,1
short and sweet like a jill sandwich,1
do really like the way jill was handled here in design,1
and music are incredible with jill carlos and nemesis looking especially,1
tells about a girl named jill valentine one of the heroines,1
still a great game nonetheless jill is awesome in this one,1
raccoon city are zombies now jill valentine a former member of,1
jill luckily was in no danger,1
character portrayals good chemistry between jill and carlos and excellent voice,1
11 10 would simp for jill valentine,1
time to develop chemistry between jill and nemesis encounters are mostly,1
in this case its only jill with a lil bit of,1
fun new enemies were cool jill valentine and carlos are awesome,1
they completely set it up jill has trouble sleeping because of,1
hair he would hotter than jill but unfortunately we live in,1
jill valentine seksy,1
but it s still fun jill alone is worth playing this,1
can help with that although jill s playthrough has some moments,1
with an escape sequence from jill s apartment and not in,1
short gameplay use mods with jill make replay value goes up,1
4 10 story 3 10 jill valentine 1000 10 the only,1
so much more refined and jill still doesn t have a,1
story of the game follows jill valentine one of the protagonists,1
nemesis is wasted carlos and jill are waay better than before,1
and just gets to it jill absolutely deserves another game in,1
feminist jill 3 with cut content rip,1
you can play as jill valentine and you have 3rd,1
still re3 remake play as jill again like you did when,1
very satisfying combat mechanics with jill s dodges being the highlight,1
like ubcs s story before jill let us play as carlos,1
two reasons 1 for the jill sandwich 2 and the master,1
jill carlos and nemesis were way,1
and exists solely to make jill look badass when she easily,1
never accept a kiss from jill if you do like spiders,1
since its short i love jill valentine and i love carols,1
claire s stories carlos and jill are amazing characters and they,1
two games play hardcore while jill s ability to dodge and,1
and does racoon city justice jill and carlos s modern redesigns,1
nice jill,1
may just be because of jill but i like this game,1
carlos campaign as well but jill had an amazing campaign now,1
but way less scary if jill wasn t hot af i,1
they merged the carlos and jill parts into one the only,1
jill is just chef s kiss,1
s an action hero p jill still be lookin like a,1
3 retells the story of jill s desperate escape from the,1
me realize i want a jill sandwhich,1
nothing to compare it to jill is a freaking bad super,1
is short but very sweet jill is sexy and cute,1
that s worth a play jill and carlos are cool characters,1
than an actual complaint carlos jill and especially nemesis are beautifully,1
nice visual hardcore game mode jill cons nemesis not roaming freely,1
down characters are still great jill is still one of my,1
here s all that matters jill is a badass who is,1
of resident evil 3 nemesis jill valentine attempts to escape the,1
listen jill chris thinks you and him,1
are amazing gameplay is good jill and nemesis look great if,1
segments where he will chase jill before disappearing completely wow the,1
fun especially when nemesis gives jill the icky slicky for the,1
h1 jill valentine is love 3 h1,1
i get recommended one more jill valentine jiggle suit video on,1
focused on elite police officer jill valentine as she tries to,1
get to walk around in jill s apartment for the start,1
and above all we have jill valentine,1
resolution and stuff it had jill valentine cons repetitive ai nemesis,1
i enjoyed playing as both jill and carlos,1
jill ͡° ͜ʖ ͡°,1
and favorite re title and jill is my fav re character,1
the characters such as to jill s appereance and her personality,1
a cutscene 	 carlos placing jill on the altar in the,1
jill has invaded my dreams and,1
creature you play as agent jill valentine and a second character,1
sexy jill booba,1
the game it looks gorgeous jill is waifu and carlos has,1
just like its original incarnation jill feels more badass than ever,1
beefcake who essentially acts as jill s romantic interest and partner,1
a shift of style on jill s appearance – from a,1
a modern mindset many times jill doesnt act as she used,1
easier than remake2 maybe because jill has more combat experience and,1
full price wait for sale jill carlos leon claire,1
really genuine and well designed jill never believe in carlos in,1
paul w s anderson treated jill with disrespect but between zero,1
and money and tell you jill wins big surprise dont waste,1
character you play as beside jill how i love a lot,1
jill uwu 3,1
the game is nice and jill is really nice,1
brad vickers before he reached jill would have added more depth,1
resident evil franchise you are jill valentine a quite famous heroine,1
get me started how bad jill looks,1
very pleasing and most importantly jill valentine is a bada s,1
voice talents of nicole tompkins jill and jeff schine carlos felt,1
outbreak not brad they slapped jill s iconic you want s,1
this games i actually do jill valentine is beautifully portrayed carlos,1
i like jill valentine naked,1
packed with fun action sequences jill s character was amazing with,1
dig this new version of jill i remember playing the original,1
that happens in racoon city jill and carlos looks awesome and,1
story and the characterization of jill and carlos are better than,1
stupid so other than nemesis jill carlos and his hair everything,1
dlc s is effed up jill s classic look should not,1
because it really feels like jill valentine and carlos your two,1
10 10 if jill wasn t ugly,1
play through the stories of jill and carlos during the raccoon,1
i start with this one jill looking like a snack or,1
a different perspective that of jill valentine and carlos olivera jill,1
almost minimal the redesign of jill and carlos are very controversial,1
understand why nemesis was after jill other than some photos and,1
but i found it enjoyable jill is a fun character as,1
character development and so does jill i just can t believe,1
just a great child hood jill baby take me higher and,1
i don t like is jill s new face no offence,1
3 nemesis the game follows jill valentine and carlos oliveira as,1
many opportunities to actually kill jill valentine in the cut scenes,1
too short not fun and jill in lara croft s costume,1
don t play with the jill mods when your girlfriend is,1
better in the new one jill just breaks the inmersion with,1
own i like the story jill s awesome i like carlos,1
it it also confirms the jill supremacy in the series,1
feels good to play as jill and see what happened to,1
also continues the story of jill valentine one of the key,1
the original version it makes jill look not too sexy,1
up no suspense nemesis attacks jill in her appartment right at,1
oil cables and mix oil jill go to rpd office see,1
3 is the tighter experience jill carlos are great together really,1
of him in this game jill constantly makes fun of him,1
whole game the nemesis or jill overall im fan of the,1
i still enjoy the game jill and carlos are cool protagonist,1
the genre to appreciate it jill and carlos are back exploring,1
sidekick i wish you played jill the whole time but other,1
like how they have portrayed jill s character in this sure,1
involving items and costumes including jill and carlos old outfights and,1
i love how jill hasn t missed a single,1
jill peng ✅ game peng ✅,1
for the original also a jill sandwich is the tastiest sandwich,1
makes you feel like a jill sandwich 10 10 ign overall,1
jill valentine may be hot but,1
remake well this remake sucks jill is a not an angry,1
this game ♥♥♥♥♥ jill is bae carlos is a,1
7 10 jill and carlos banter was a,1
s a ♥♥♥♥♥♥♥ chump who jill mocks and he turns into,1
blast from beginning to end jill and carlos are an absolute,1
to play an animation of jill struggling to get up and,1
fun playing resident evil 3 jill is such a badass and,1
is one beautiful sexy babe jill s great too but damn,1
game for you i like jill and i think this character,1
since you only play as jill and switch to carlos occasionally,1
some reason decided to make jill shoot one liners every single,1
and it s worth it jill is way too attractive for,1
game immersive environments compelling story jill and carlos dynamic is ok,1
landing a perfect dodge with jill is very satisfying but for,1
re2 remake but this time jill can dodge zombies and i,1
say this the game when jill and carlos asked really good,1
and forth from carlos and jill it was interesting fighting in,1
the first place i liked jill and carlos a ton as,1
defense over earlier games with jill s evasive slip move and,1
3 remake is good fantastic jill valentine seems inspired by milla,1
awesome jill is so bad ass,1
with the addition of dodging jill superman punch carlos mechanic story,1
he cuts into some of jill s story especially with him,1
the main voice actress for jill wanted to play the social,1
i got to know about jill and carlos and the monster,1
helped yeah good fun and jill and carlos bants are good,1
how did jill not get evaporated by nemesis,1
nemesis rules raccoon city rules jill valentine rules launching three acid,1
you are given control of jill you are instantly put in,1
nemesis jill that s a mirror combat,1
out story mode i dug jill as a protagonist and the,1
bad then why there s jill in it,1
in to the other installments jill still makes me rock hard,1
rcpd from 2 it tells jill valentines story and what she,1
there s only 1 story jill as opposed to claire and,1
in play between carlos and jill is even more enjoyable in,1
even more because i like jill bought it on sale very,1
better than the 2nd re jill was good in the game,1
is a interaction leon and jill both have in the story,1
jill makes me go boing,1
jill valentine will always get a,1
how all it takes is jill and boom ♥♥♥ all over,1
jill gets thrown against the wall,1
characters i wouldn t call jill and carlos as fleshed out,1
me love this game though jill is a strong and badass,1
personally really enjoyed this one jill is one of the best,1
beginning area where nemesis pursues jill is the best part of,1
involving a giant bug and jill s face that i feel,1
has many opportunities to kill jill but he just toss jill,1
beautiful jill,1
jill is cute but carlos is,1
a great cinematic struggle between jill and the villain i d,1
love you jill ❤,1
game lots of puzzels also jill is hot welp time to,1
to watch a cutscene of jill escaping the nemesis and occasionally,1
jill hot asf,1
great here it is again jill makes little sense as a,1
s short but good also jill is the best,1
i loved my time with jill in raccoon city yes the,1
but not least must say jill valentine is hot carlos is,1
did was kool but when jill passing out is when you,1
only get 1 skin for jill you get 1 extra skin,1
is not there we know jill gets infected at the clock,1
jill っ˘ω˘ς,1
10 10 would jill agen,1
with zombies aswell 7 10 jill has a nice ass,1
just for jill,1
worth it to see how jill s story pans out or,1
have spent the time with jill,1
is better feel is better jill is hotter,1
an awkward mix of objectifying jill valentine boring boss fights zero,1
cold burning alleys and streets jill s torch creates a tunnel,1
jill is so hot i wish,1
relationship exchanges between carlos and jill were a bit cheesy but,1
wasnt for the scene where jill takes a plant ♥♥♥♥ in,1
person action game with a jill valentine skin bought it on,1
actress that the modeled after jill is gorgeous and i really,1
to get to play as jill again and find out what,1
before you can even control jill so one of the most,1
boatloads of ammo and both jill and carlos are nimble and,1
capcom destroyed the essence of jill and made her into some,1
taking place after jill and chris take on the,1
a shoulder charge instead of jill s roll carlos can knock,1
character fates files such as jill s diary and boss out,1
killed him over and over jill also looks very nice especially,1
like what they did to jill here at all starting with,1
a thumbs up for jill,1
there s a sequence where jill gets into a car while,1
what to do with it jill is a walking armory and,1
the new story is average jill and carlos are the best,1
t a r s member jill valentine we first appear in,1
game though and i love jill,1
appreciated the game the new jill valentin is cool and nemesis,1
dont like this version of jill shes way to try hard,1
did enjoy the zombies graphics jills ass could have been more,1
missing parts from original game jill s rpd visit park and,1
trapped which is hilarious considering jill is out in the streets,1
still love it of course jill has to do it with,1
and facial animations are stunning jill is the goddess absolutely in,1
who bite into you despite jill having a knife now i,1
s fun but very short jill still a undeniable badass tho,1
is great especially carlos and jill for some strange reason nikolai,1
definitely as well its charms jill actually feels like someone with,1
are almost as sexy as jill almost,1
on a deep sale good jill this game looks good really,1
a proper reimagination of jill s escape from raccoon city,1
well done is the flashbacks jill has and i wish they,1
jill valentine is and will always,1
like a next gen game jill is great and i ended,1
fights other wise excellent remake jill is awesome,1
disappointed let s start with jill she is nowhere prettier than,1
me i love this new jill and even more the new,1
pros jill s ass cons controls are,1
while dodging or confronting nemmy jill still doesn t have a,1
the police station and locating jill instead of text literally saying,1
negatives out of the way jill already feels like she s,1
good but its not perfect jill valentine is become much more,1
they turned jill into a man,1
going back to play as jill valentine was extremly fun in,1
amazing game jill so beauty,1
full of lame lines from jill and she is of course,1
they are almost the same jill and carlos are both awesome,1
times he had to kill jill was just obvious plot armour,1
like the new model of jill but they cut to much,1
that first hour you find jill valentine surveying and exploring a,1
face offs between him and jill valentine are terrifying in one,1
side is that they made jill kind of obnoxious in this,1
will just say one thing jill hot 3,1
the clocktower was removed and jill going to the rpd for,1
halves but can t crank jill s neck a rocket explode,1
the part where you administer jill with the antivirus in the,1
the tone of the game jill is for the most part,1
games with re engine ps jill valentine is bae,1
in the world to terminate jill another missed opportunity is including,1
you take the place of jill valentine and find yourself trapped,1
compare to re2 because with jill you can dodge which make,1
of making him responsive does jill have a tracking chip in,1
an absolute resident evil and jill valentine fan i loved it,1
og3 had and they changed jills personality she seems like a,1
first introduction to nemisis and jill sandwiches i have thus far,1
put here and i liked jill 100 more than leon or,1
original from 1999 why does jill only have 3 costumes and,1
of questionable mods which dress jill up in highly highly questionable,1
pros jill sandwich cons no wesker,1
horror movie you can play jill and carlos through the story,1
jill is mmmmmmmm,1
city s story arc from jill s pov we won t,1
a r s s member jill valentine while the biomutant superweapon,1
game is too short but jill is a cutie,1
different from their classic counterparts jill and carlos are still charming,1
complete letdown a lackluster experience jill doesn t deserve this treatment,1
an these nasty spider things jill valentine is a complete bad,1
good retelling of the hell jill went through to get out,1
bad ass you play as jill valentine it s not re5,1
i have to pay for jill s classic re3 costume,1
altered from the original like jill being the one who investigates,1
i love the character of jill carlos and even nicholai they,1
to experience different approach of jill nemesis rivalry and it does,1
else all you get is jill s original campaign to play,1
fun game i enjoyed playing jill i remember the last time,1
hour long walkthrough cause our jill valentine deserves better also great,1
better than the original and jill and carlos activate my bisexual,1
of video games who haunts jill valentine throughout all the game,1
i will do anything for jill,1
as hell fulfills his role jill is a weird character resident,1
rich story 3 3 3 jill valentine vs nemessis again,1
this for one simple reason jill is hot,1
shame it was too short jill was quite different than the,1
predecessor and are as rewarding jill and carlos are the highlight,1
shake hands with whoever redesigned jill thank you for your ♥♥♥♥♥♥♥,1
short but i enjoyed it jill is waifu 3,1
good game but i like jill from the old evil 3,1
jill valentine pog,1
soundtrack is good as well jill is badass nemesis reminds me,1
soundtrack amazing model design especially jill good gameplay good game performance,1
brewing in raccoon city wow jill valentine it s not jill,1
pretty scary and thick and jill valentine is even thicker,1
somewhat interesting this game has jill nemesis tyrone nicholai victor and,1
the caveat always was that jill just needed an escape story,1
jill decides that in 2020 is,1
second half kinda sucks i jill s sandwiches i are intact,1
is excellent this version of jill is one of the best,1
released in 1999 it follows jill valentine one of the last,1
evil 3 nemesis and follows jill valentine and carlos oliveira as,1
jill is looking better than ever,1
bad still the character designs jill looks great and carlos is,1
to retract a point because jill doesn t peg nicholai,1
jill 10 10,1
about the remaster was perfect jill is my boo and carlos,1
h1 resident evil 3 follows jill valentine as she attempts to,1
packed resident evil playing as jill valentine a s t a,1
performances are also great especially jill valentine,1
is still a good game jill s perfect dogde forever,1
tentacle form is missing 4 jill s outfit from the original,1
the zombies stayed for the jill,1
way have you ♥♥♥♥♥♥♥ seen jill 9 10 would buy again,1
i helped jill escape nemesis tentacles but for,1
of the game is about jill trying to escape the city,1
up for the price also jill gets french kissed by a,1
disappointed with this game pros jill and carlos are genuinely enjoyable,1
confusion i came to like jill and carlos and i hope,1
not more beautiful than 2 jill and carlos are badass and,1
fun swapping between carlos and jill was fun since carlos is,1
of banter that exist between jill and carlos are pretty good,1
chasing you towards the end jill crouches behind a garage door,1
slashy bois big tiddy sexy jill mods dodging my oh my,1
u list 	likeable characters like jill and carlos you get to,1
city police station instead of jill which means no nemesis encounters,1
love this game got jill some fat ass titties for,1
than the original is graphics jill as blunt boring trash talking,1
packaged experience love the new jill design nothing better than a,1
and thought that went into jills character model you can really,1
fatter than your mom 3 jill looks more like lara croft,1
predecessor it is visually stunning jill valentine is just straight up,1
great jump scare moments great jill too this is it just,1
of making up for abandoning jill chris and wester at the,1
awesome experience to play through jill and carlos are great likable,1
that beautiful re2make gameplay and jill is a good protagonist but,1
i could go places hell jill wasn t such a ♥♥♥♥♥♥♥♥,1
i put jill in a bikini and my,1
depth it chooses to have jill and anti corporate edgy brad,1
re imagined characters are awesome jill is still a badass as,1
intense story jill the beauty but too short,1
more damaging what a joke jill valentine it s been a,1
least we got high quality jill sfm animations before the game,1
5 minutes i spent in jill s apartment i read all,1
in resident evil 2 remake jill is the master of the,1
forgiving dodge in comparison to jill as i was able to,1
action segments feel great and jill is by far my favorite,1
i like this game and jill s bewb jiggle,1
game i m so happy jill mamacita valentine is a badass,1
only broken up by a jill nemesis boss fight in between,1
•	the main playable character is jill valentine but you ll also,1
action horror title from capcom jill claire any day of the,1
of 3 i thoroughly enjoyed jill and carlos s journey throughout,1
they turned jill into a unlovable character most,1
mow down standard mobs and jills boss killing potential they make,1
campain where you swap between jill and carlos i would say,1
jill is hotter than lara croft,1
into an animation thus killing jill before you can even recover,1
resident evil 2 kisah perjalanan jill valentine di racoon city melawan,1
bad re imagined story humiliating jill and the new version of,1
and so much action since jill is a super cop and,1
hospital section especially with defending jill from enemies things like that,1
shorter than og re2 anyway jill is given better characterisation in,1
it a more serious tone jill gets more time to know,1
zombie killing songs during defend jill i wish the would expand,1
to short only positive is jill booty,1
to me for example if jill is knocked down his attack,1
a bad game at all jill and carlos are incredible and,1
jill and carlos are dope characters,1
gameplay resident evil 3 had jill valentine roaming around with a,1
in raccoon city and having jill escape close calls with nemesis,1
prepared and delivered beautifully from jill carlos and the rest i,1
jill can step on me too,1
jill have boob physics 10 10,1
start download sexy outfit for jill enjoy eye candy of her,1
game the dodge mechanic that jill has adds another tactic for,1
this one one last thing jill is hotter than claire but,1
s also speed up with jills evade ability you can basically,1
demonstrate his determination to eliminate jill nemesis killing nikolai should ve,1
and character why capcom shows jill as unimportant character i love,1
nicholai and tyrell are standouts jill is a more endearing hero,1
combat more variety switching between jill and carlos also helps keep,1
game albeit too short also jill is bae and carlos is,1
game and lets be honest jill beats claire every time,1
is not exactly unheard of jill s awesome though very well,1
to refund this is not jill and this will never be,1
the plus side the new jill model is fantastic devs please,1
jill valentine is the only reason,1
i feel like i m jill in the ♥♥♥♥♥♥ game myself,1
characters being cartoon super heroes jill can drive off the roof,1
excellent music the characterisation of jill and carlos i found them,1
♥♥♥♥ game cool nemesis and jill designs tho,1
great game jill is hot as hell 3,1
possible redemption you play as jill valentine s t a r,1
meaning mostly depicting how traumatized jill is the re engine pure,1
cooperate with others b no jill sandwich b just kidding lol,1
who just flips and pushes jill around constantly which by the,1
game really is amazing also jill is best character,1
crappy dialogue and they made jill an unlikable lead character with,1
step into the shoes of jill valentine once again one of,1
would be easy to take jill s outfits in re r,1
game again and again with jill the ultimate goal is to,1
serious huge dramatic improvement on jill she looks hot or what,1
but graphics are amazing and jill in 1080p i dont even,1
a perfect dodge roll for jill and a perfect counter for,1
seeing view points of both jill and carlos 9 10,1
game is way too short jill isn t the bad ass,1
to re2 remake especially because jill and carlos can dodge enemy,1
sex with jill,1
a whole looks really good jill valentine now here is where,1
jill is thic,1
a game in comparison to jill in re1 the new jill,1
protagonists of the game – jill valentine who is part of,1
character design is beautiful especially jill valentine i m happy every,1
i absolutely love it ps jill is by far the best,1
jill valentine is da best make,1
don t love the new jill design you still have the,1
and development time cuts new jill is no where near as,1
plot b the game features jill valentine as the protagonist a,1
3 had more outfits for jill,1
playing the ps1 version edit jill still looks tomboy thumbs up,1
go of the trigger yourself jill also does a goofy knife,1
fan of how they redesigned jill s model i feel the,1
changes in character designs like jill valentine and specially nemesis an,1
enjoyed this re2 reskin is jill valentine,1
is the best reincarnation of jill valentine ever,1
again right from the start jill valentine rocks and she had,1
act as an obstacle for jill but seriously he s basically,1
became shorter encounters and pursuits jill s and carlo s habilty,1
jill 3 10 10,1
nemesis classic mercs and classic jill as this restores the original,1
has never been more satisfying jill and carlos feel good to,1
series nice cinematics and overall jill vibe but the balancing is,1
not only did they change jills attire but the also changed,1
this game love the new jill re design and also liked,1
b h3 the game follows jill valentine the iconic heroine of,1
for another go around with jill valentine the remake of the,1
collect add to the atmosphere jill s dodge mechanic is great,1
as a way to pay jill back for his betrayal woulda,1
other than story elements and jill s smug ass on screen,1
he works it becomes easier jill s character lines can be,1
good stuff jill needs more outfits though,1
vai ser interessante em resumo jill waifu,1
re speedrunning this game as jill or carlos now you can,1
of similar quality playing as jill my fave character of the,1
jill waifu good replay value story,1
fight from my opinion also jill come with story before leon,1
decision prompts affecting the path jill takes to the ending it,1
charge you and murder poor jill valentine i never felt that,1
10 10 would smash jill,1
the game are cinematics of jill get chased by nemesis it,1
to see the interior to jill s apartment for the first,1
the previous boss phases spoiler jill is dangerously under equipped unless,1
ever stop regenerating i know jill is a delicious sandwich but,1
jill valentine is pog bruv,1
are good characters very trashy jill is not the same in,1
take control of the iconic jill valentine and carlos as they,1
i love the beauty jill,1
for people with heart disease jill red camouflage bikini is rly,1
can t say no to jill valentine in hd 3 b,1
extra scenarios also they butchered jill s character they made her,1
resident evil 3 5 with jill and carlos challenge but also,1
3 and cause i love jill and carlos characterization because it,1
game needs more backstory on jill post arklay mansion and more,1
helps set the mood of jill s final escape since some,1
remake is an insolence besides jill is not the lovely special,1
jill is a hot grill fu,1
is a gorgeous looking game jill and carlos s character models,1
resident evil 3 nemesis and jill valentine s story of how,1
the combat feels satisfying and jill valentine remains an excellent protagonist,1
short game with good music jill does not even all costumes,1
jill deserved a better game,1
can get it on sale jill valentine has to get out,1
trash also i 100 expected jill to say you want s,1
5 dollars you get censored jill and carlos haircut the list,1
90 bullets for it for jill it s like re wants,1
jill valentine be my valentine nemesis,1
games fun only improvements are jill and carlos as characters,1
so now im struggling as jill at least and then the,1
is really on point 5 jill s outfit makes much more,1
it in the hospital after jill wakes up but it fires,1
2 and follows series regular jill valentine who is one of,1
to play as carlos and jill im still going to have,1
i saw the video of jill drain deimos first meeting yes,1
rocket launcher other unlocks are jill s samurai edge from the,1
resident evil 1 you are jill valentine a member of s,1
carlos revisits rpd instead of jill which is probably my biggest,1
from tekken 7 to help jill on this game visuals on,1
price tho justice for disco jill and police officer jill,1
whether you re playing as jill or carlos respectively,1
buy it its good its jill fkin valentine bro,1
staaaaaaars jill valentine returns to the blood,1
on them hit them with jill s knife or shoot them,1
you ve got to love jill a great game overall and,1
acting and the character of jill and carlos are the only,1
hardly any location content and jill is missing her classic persona,1
was released in the 90s jill is my favorite character in,1
inferno is a good challenge jill classic costume only available for,1
each character re3 goes from jill a few minutes with carlos,1
well done carlos is awesome jill is in great form and,1
total of 5 outfits between jill and carlos 2 of them,1
still great to play as jill once again and take on,1
agressive him constantly chasing after jill could ve killed the fun,1
items but the character of jill gets a dodge button to,1
more mobility but so does jill nemesis just never made me,1
have just got done giving jill the antidote and i am,1
and his dogged pursuit of jill among the things this game,1
it will ever be worth jill s personality is utter garbage,1
2 manly and unattractive looking jill with bad attitude which was,1
rpd section is ok but jill should have been the one,1
capcom confuse horror with stressful jill looks like raymond from revelations,1
and self doubt relating to jill s virus exposure which allows,1
some nice mods out there jill looks perfect cheers,1
very well done refresh to jill valentine and here she shows,1
of negative review is because jill did not said you want,1
s a literal stalker and jill s short temper with him,1
to the satisfied face of jill after defeating final nemesis during,1
didn t notice while playing jill had a fantastic char,1
and no rpd exploration with jill gone are the branching paths,1
visuals plenty of memba berries jill be looking good too but,1
came out that being only jill s campaign the story might,1
big bad nemmy pounds jill valentines tight hole,1
horror of racoon city with jill,1
random points of the game jill experiencing being ragdolled around like,1
gunshots like in re2 classic jill outfit only for pre orders,1
the lack of outfits for jill and carlos in 2 we,1
the characters are done here jill carlos all the ubcs are,1
out of game resistance mode jill potty rude mouth valentine,1
adds to the disappointment also jill valentine is poorly portrayed as,1
feels a bit different from jill more action heavy that s,1
down to his knees and jill can take a rocket or,1
take on the role of jill valentine a notorious tax collector,1
the development of this game jill s redesign the game supposedly,1
i also highly recommend the jill classic mod by k g,1
the horde mode part defending jill in the hospital really put,1
you just have to experience jill valentine escaping from raccoon city,1
be a zombie to attack jill,1
the player who plays as jill valentine except that he is,1
tag b pros b list jill carlos mikhail and tyrell are,1
s really good and enjoyable jill carlos make a great duo,1
i found his interactions with jill to be meddling at best,1
nice to see the new jill ok for old school nostalgia,1
evil 3 you play as jill valentine trying to escape the,1
better resdient evil 3 remake jill and carlos is great characters,1
game is incredibly short yes jill gets hit so many times,1
part in the original where jill goes through rpd for some,1
character to play as whereas jill follows up a perfect dodge,1
jill do shoot good,1
its very good jill is the best,1
a real character development but jill valentine is a badass in,1
at this price tag also jill valentine is my ♥♥♥♥♥♥♥ hero,1
when i first played it jill got stuck in the bathroom,1
of the game introducing you jill valentine and a big reason,1
best version we had of jill sense re1r i absolutely love,1
or paying for them is jill s stars outfit from re1,1
any fans of evil zombies jill the re series or having,1
no clockwork no rpd as jill no roaming through the city,1
second decisions cut puzzles cut jill rpd segment cut and replaced,1
since it was used when jill ran away from nemesis that,1
cut content and disservice to jill and nemesis is a kick,1
game feels underused nemesis carlos jill the streets the enemies and,1
replayability other than you modding jill and carlos costume i m,1
some players are whining about jill s skirt and the clock,1
and entertaining i definitely enjoyed jill and carlos as characters and,1
features an awesome take on jill s character but it s,1
a speedrun graphics are beautiful jill is bada in this one,1
brad right in front of jill those cutscenes are like the,1
station because if it was jill then nemesis would be attacking,1
her a hulking creature stalks jill as the destruction of raccoon,1
original you are playing as jill valentine who must escape raccoon,1
the floor would give under jill and just stuff nope you,1
game i was also disappointed jill didn t have access to,1
and weapons additionally the character jill sasha is simply stunning,1
but and big huge butt jill s butt sandwich pun fully,1
and 18 mins i think jill and carlos were portrayed very,1
the fantastic re engine graphics jill and carlos va gave life,1
1999 version re3 plus swapped jills part of the game with,1
seat literally the dynamic between jill and carlos is beautiful while,1
carlos is cute him and jill would make a great couple,1
compliments the re2 remake nicely jill valentine is hands down the,1
re imagining of a classic jill vo is amazing the emotions,1
path through the city that jill follows in the original is,1
aweeeesome jill is the most badass game,1
triggering cutscene introductions to enemies jill is a slightly more badass,1
it with better graphics seeing jill on her not pixelated form,1
looking artistic choices of redressing jill for instance instead of her,1
jill sandwich but the sandwich is,1
up aspects of the continuity jill never visits the police station,1
download some cultured mods seeing jill in noot and or bikini,1
of 100 99 is for jill,1
extremely frustrating the fact that jill and carlos ran slower then,1
i like it jill looking goood,1
jill valentine is really cool,1
this issue is absent here jill and carlos feel like much,1
you can dodge roll with jill and block and punch with,1
spiders have been cut barry jill sandwich burton is cut mercenaries,1
scripted segments then there s jill i don t remember her,1
scenes but meh it s jill s story,1
really just wanted to see jill and play as jill with,1
only have one scenario with jill but get to play as,1
the flirt between carlos and jill,1
during this pandemic p s jill is fit,1
remake instead we begin in jill s apartment in 1st person,1
looking at 5 hours positive jill and carols are playable characters,1
a fan of the new jill look she looks far too,1
evil 3 remake and make jill and carlos look sexy if,1
is the overall characterization of jill her personality is well rather,1
faster game with more action jill can dodge enemies ammo is,1
don t justify sacrificing having jill at least visit the police,1
characters are very likable especially jill and carlos controls are the,1
city hall no rpd for jill no stagla subway oil quest,1
in the game 1 with jill and 1 with carlos jill,1
graphics great atmosphere great acting jill and carlos are awesomesauce i,1
for me i love re3r jill and nemesis and i think,1
a single route centered around jill the campaign itself is also,1
and he s like hey jill it s been a while,1
being terrified by nemesis chasing jill through raccoon city streets when,1
well designed awesome boss fights jill valentine nemesis cons fast paced,1
death being reimagined for worse imo jill witnessing his death by nemesis,1
handsome nemesis and an awesome jill they just misunderstood each other,1
makes this game feel like jill s last escape both games,1
not go through it as jill and nemesis does not chase,1
gameplay as good as re2 jill carlos has a different feel,1
when past the first area jill s new dodge mechanics are,1
resident evil 4 this is jill s game as combat veteran,1
has been improved carlos and jill now have likable chemistry going,1
not the multiplayer game playing jill was fun and interesting there,1
try to think this as jill going trough her expierience again,1
success… you start out as jill valentine a member of rpd,1
hooked back on this franchise jill valentine is waifu material highly,1
like the new interactions with jill and carlos i got a,1
at right about the time jill did in game the story,1
action oriented than its predecessor jill is a remarkably beautiful character,1
help myself greatest portrail of jill 90 s most badass woman,1
where the game really disappoints jill is no longer the character,1
only 1 unlockable costume for jill and none for carlos not,1
so high and also because jill valentine is a fantastic main,1
of recreating racoon city and jill valentine here s hoping they,1
i fall in love with jill cuz she looks so real,1
is smooth and fun and jill as always is such a,1
switch on area cover between jill and carlos compare to the,1
of mobility that can make jill like greased lightning at 20,1
graphics immersive level layouts and jill is an absolute bad ass,1
the way male characters treat jill in this game just seems,1
this game is the chemistry jill and carlos share as you,1
camera gets obnoxiously close to jill causing total bullsh1t when i,1
the cut scene then shows jill with the grenade launcher when,1
they thought if they made jill hot and made her swear,1
being some creepy dude stalking jill as if he was human,1
the best redesign must be jill she finally has a personality,1
the identity of the series jill valentine a much loved character,1
ai l impression en dirigeant jill de conduire un poids lourd,1
t understand why they made jill curse so much in the,1
nice the physical aspect of jill was remaked to suit combat,1
during the last scene when jill picks up a huge ♥♥♥♥♥♥,1
i like the part when jill said these 3 residents are,1
as mr x but man jill sure can take a hit,1
one more you play as jill valentine a stars officer who,1
i hate how they rebranded jill as some sailor mouthed teen,1
grab attack that results in jill having parasites implanted down her,1
the pacing the characters especially jill were garbage i hated literally,1
2nd characters are fun and jill is packin some shmeat maybe,1
don t kill some enemies jill might have to deal with,1
original face of nemesis and jill based on actress julia voth,1
re4 where the main cast jill chris leon claire and carlos,1
the new doge move for jill and the superman punch for,1
sale unless you are a jill valentine stan like me,1
help but laugh every time jill opened her mouth this is,1
jills the real nemisis,1
graphics are cream worthy and jill valentine is so ridiculously attractive,1
like what they did with jill in this one considering how,1
you are a massive re3 jill fan or you for some,1
us the best interpretation of jill and carlos is a surprisingly,1
and really good game and jill is babe nothing else to,1
city collapsing on itself both jill and carlos actress actor both,1
jill is back good continuing remake,1
trusted re engine main characters jill and carlos are amazing in,1
every character from the original jill was a pleasure to see,1
can very quickly stun lock jill to death as the player,1
it was in the original jill is now longer outfitted like,1
movement than mr x but jill can just dodge also re3r,1
felt like a rushed story jill never makes it to rcpd,1
jill s looking hot 10 10,1
the updated character designs for jill carlos and nemesis although original,1
nevertheless the graphics are beautiful jill s appearance matches her character,1
hard time beating nemesis as jill without getting good with the,1
being introduced almost immediately and jill meeting the umbrella team less,1
of outfits in the original jill had more available and i,1
gamer nowadays the two characters jill and carlos you play are,1
just makes you wonder why jill didn t put a bullet,1
dodge system makes sense for jill as she s shown to,1
play both as carlos and jill without two seperate playthroughs,1
tch can t even swim jill valentine supercop would s rank,1
game good game too fast jill hot carlos hotter,1
locations are wonderful to explore jill is an absolute badass and,1
protagonist is not the true jill but a supercop but at,1
also i can t stand jill s look her face is,1
an amazing scene maybe after jill is outside her apt in,1
remake for the place also jill and carlos i love them,1
a truly rotten version of jill valentine a cliched carlos and,1
awesome game jill valentine 4ever,1
are fun and the new jill is witty and hilarious if,1
badass s w magnum was jill not in the mood to,1
interweave gameplay with carlos and jill into the main story instead,1
mode in under 2 hours jill is too androgynous carlos hair,1
value they also changed up jills character to the point she,1
just cut corners and censored jill jill wore a skirt in,1
longer sections and more badass jill anyway i recommend it to,1
start and the whole carlos jill chemistry is still very forced,1
it s really just what jill was up to during the,1
looking creature that was behind jill and upon entering the gated,1
obstacles it has caused for jill carlos and provided an intricate,1
kind of distance away from jill on screen they are suddenly,1
when at the level when jill tries to escape the bioweapons,1
him the character moments with jill and the ubcs soldiers were,1
” you essentially play as jill and carlos they each have,1
is heart breaking and insulting jill doesn t look nor sound,1
cutscenes re2 remake gameplay mostly jill is awesome cons game is,1
dialog i personally think that jill and carlos had somewhat better,1
good game jill valentine is the best the,1
missed opportunities in re3r how jill overcome her ptsd after the,1
overview resident evil 3 is jill valentines story and she has,1
that non interactive sequence of jill witnessing the creation of the,1
jill and carlos are great pacing,1
to finish graphics are amazing jill is the most lifelike character,1
jill is ♥♥♥♥♥♥♥ beautiful other than,1
than i would have with jill raccoon is destroyed and with,1
but yeah when i realized jill was able to take an,1
brad but fails to kill jill who ends up exceeding the,1
also thank god they fixed jill from the weird man face,1
not enough inventory space for jill in this game from what,1
like the character design of jill valentine in this remake version,1
the wall like nothing happen jill is a globalist feminist in,1
t really notice much different jill s new persona doesn t,1
where i was really scared jill is a delight though and,1
great characters in it like jill and carlos plus mikhail being,1
how the story plays out jill and the side characters have,1
no good reason to cut jill s trip to the rpd,1
of that both carlos and jill were combined in one story,1
still recommend playing this though jill is so sexy ahhh lmao,1
and his voice isnt annoying jill is too modern too ♥♥♥♥♥♥,1
hours it is quite cool jill and carlos who are the,1
joga é uma cena 3 jill na delegacia rpd o carlos,1
i enjoyed running around a jill in the city having to,1
is incredibly good mikhail tyrell jill carlos and specially nikolai are,1
they they nuke the city jill never visits rpd this time,1
with leon and claire both jill and carlos are both truly,1
such an annoying character and jill is just a total train,1
isnt it enough you made jill ugly af you also had,1
original re3 nemesis began with jill jumping out of an explosion,1
that the new interpretation of jill is great but i cannot,1
like this new design of jill she is not feminine and,1
£10 the story is about jill getting deep throated and slapped,1
it mostly feels gimmicky while jill is pretty badass in this,1
jill valentine is a qt,1
of place this is the jill i now prefer they go,1
better presented than in re2r jill and carlos have actual chemistry,1
to happen with carlos and jill not all re games get,1
haha jill shoot and gun go boom,1
is a great closure on jill s story,1
to have so much cut jill doesn t even go to,1
something that was ruined for jill in re5 i would rather,1
s t a r s jill valentine you want s t,1
a fan of that re3 jill carlos both charters are fun,1
character not scary they made jill look and sound more latino,1
of the game they are jill and carlos are fantastic as,1
like most people because new jill is ugly man she is,1
places from the original example jill s iconic finishing off a,1
where you run around with jill to racoon city r p,1
it s great to see jill back in the saddle again,1
were a superb addition to jill s character i enjoyed how,1
i wanted jill to sandwich me with her,1
can find the original re3 jill photo i wish it had,1
carlos sewer hospital carlos hospital jill hive 2 0 not many,1
just the dumb pause after jill s dodge and the lack,1
he does more damage and jill flinches on any hit you,1
the whole game is different jill is not entering the cop,1
bio3 the disposal area where jill kinda melted nemesis head off,1
jill velentine is the bestt,1
zombies in carlos segments than jill s with the grenade launcher,1
the best resident evil games jill is back a must play,1
for re fans i found jill to be my favorite re,1
as re1 s returning character jill valentine the game starts and,1
buy it for jill nexusmods,1
great soundtrack amazing looking city jill looking hot on first playthrough,1
lack luster for me and jill as a protagonist was just,1
2 remake you play as jill valentine one of the last,1
playthrough or carlos s story jill valentine looks completely different than,1
jill s hot 10 10 would,1
keep you on your toes jill s dodge mechanic really adds,1
melded a bit better and jill curses a little bit too,1
since it just switched between jill and carlos but overall i,1
ways more frustrating during gameplay jill takes way too long to,1
not totally sold on new jill but that s probably because,1
has lock picks i know jill is the master of unlocking,1
less puzzles character movement improved jill and carlos have a nifty,1
way better this time around jill was less cringy not by,1
one more fun to play jill is a babe and a,1
difficulties only one costume for jill if you didn t preorder,1
you get to look inside jill s fridge spoiler there aren,1
carlos s scenario before meet jill and the last boss is,1
i really enjoyed playing as jill and carlos cool enemy designs,1
be prepared to be a jill cheesed sandwich,1
like what they did to jill tho making her very rude,1
remake 3 10 game with jill nude mod 10 10 wait,1
from completing the game is jill s costume which is pre,1
give the thumb up because jill valentine s beautiful in this,1
i started to notice that jill is really just doing boss,1
whole feminist crap really ruined jill jill in other games was,1
characters actually feel like people jill herself is shown as strong,1
running away from nemesis as jill or the bossfight with nemesis,1
to an old classic also jill val is the greatest character,1
great although inventory management as jill can get rather tedious at,1
carlos was cool but then jill didn t get to go,1
to rpd station instead of jill etc barry s cameo apperance,1
t want to be a jill sandwich,1
nemesis being to fast and jill behaving to slow all the,1
d̶e̶a̶d̶ ̶f̶a̶c̶t̶o̶r̶y̶ restaurant is where jill met carlos for the first,1
fella was in cutscenes watching jill do something cool instead of,1
nemesis but that s it jill never go to the police,1
design change to the classic jill attire is a bit of,1
m personally a fan of jill s redesign as well as,1
being able to dodge as jill and elbow punch enemies as,1
living dead roaming the streets jill valentine has been investigating the,1
the same amount that average jill fan beat his meat to,1
tower and the worm and jill visiting the rpd should be,1
currently i got to where jill is taken out and you,1
game s shorter than jill s skirt 10 10 never,1
re3 thematically is to show jill valentine is overcoming her trauma,1
if you like jill and you like resident evil,1
much like re5 or re6 jill holding the rail gun in,1
can say they also did jill dirty jill is my favourite,1
post credit scene no barry jill doesn t go to the,1
fun mostly well put together jill and carlos are very very,1
the achievements i enjoyed playing jill and i recommend it to,1
won t work anymore think jill carlos had a lot of,1
get to see more of jill s personality and we actually,1
can even recover control of jill he will land a fatal,1
my opinion the characterization of jill carlos is very grounded and,1
experience featuring everybody s favorite jill sandwich against everybody s favorite,1
a full fiscal year for jill to get the memo from,1
and enviroment surroundings are beautiful jill and nemesis stole the show,1
story is pretty decent both jill and carlos are enjoyable to,1
i love jill valentine great game i d,1
this delivers the story of jill,1
other capcom games i love jill s modern look and her,1
story and both him and jill are very likeable strong and,1
remake the dodge ability of jill and the punch of carlos,1
designs look absolutely fantastic and jill s not running through raccoon,1
paced action rich featuring beauty jill and it s hard to,1
lovers this is the best jill yet,1
t a r s member jill valentine and umbrella corporation s,1
♥♥♥♥♥♥♥♥ time and the new jill did i talk about the,1
with the best very of jill valentine but it s way,1
is very action heavy and jill s character is reminiscent of,1
it the overarching premise – jill desperately trying to escape raccoon,1
to update the game with jill as a survivor but any,1
3 retells the story of jill s desperate escape from doomed,1
than play this segment while jill is occupied but drags on,1
from the challenges like the jill mansion outfit infinite ammo guns,1
i look at this game jill just looks absolutly beautiful carlos,1
and environment are top notch jill valentine looks cute and badass,1
none for carlos 2 for jill and only if you pre,1
through it i also liked jill way more than leon and,1
jill and carlos are a bisexuals,1
up so as long as jill and nemesis is in it,1
frame drops or glitches ✪ jill and carlos maintain the campy,1
not have an issue with jill speaking during combat sequences but,1
immediately making sweetheart comments to jill and even though i liked,1
re3 with puzzles items and jill valantine back in action i,1
jill she s got some kinda,1
am a big fan of jill on re3 original,1
i finished the story as jill i was ready for the,1
jill is fap material,1
s t a r s jill costume 3,1
you get to see jill s boobs at the end,1
dislike too short likes 1 jill looks good and mods make,1
the body s gone hey jill see that nemesis in front,1
this game is damn fun jill is awesome carlos is awesome,1
basically no alternate costumes for jill and carlos boss fights go,1
2 i m glad that jill is back and she s,1
should have the character of jill is so strong woman i,1
to begin with and installing jill nude mod makes the game,1
again and pretend clair is jill should have been dlc 10,1
animation are still superb and jill and carlos got much appreciated,1
your dodge window longer enabling jill to perform a perfect dodge,1
this is a personal point jill is extremely ugly i don,1
a badass when playing as jill you get to see all,1
did like about the game jill and carlos are well acted,1
the game is so amazing jill is always a fantastic girl,1
perfect but still very enjoyable jill is simply as awesome as,1
it did get pretty tense jill also has a new dodge,1
the city you play as jill valentine a strong personality filled,1
the original and the original jill costume is missing the skirt,1
i liked this version of jill carlos im glad they had,1
joe exotic s zoo unlike jill valentine my last escape expired,1
s only 3 costumes for jill one is only included with,1
imagine jill s smell in the end,1
remake by the 3rd time jill falls from a building gets,1
park visiting the rpd as jill no clocktower interior or the,1
ass and that s it jill ♥♥♥♥♥♥♥ valentine the only reason,1
designs and voice actors for jill and carlos and the other,1
tldr looks gud not fun jill bae carlos simp nemesis thicc,1
rounds sigh ok now onto jill jill for the most part,1
i would of liked if jill dodge was a little better,1
evil 3 remake review pros jill s character development carlos sections,1
voice acting is decent especially jill but the script makes little,1
especially if you need your jill fix sated just don t,1
no clocktower no lickers on jill s side no brad death,1
storytelling is actually quite phenomenal jill and carlos represent as some,1
sometimes you enter in the jill s memories you hear her,1
during the gameplay like when jill says rocket launcher really i,1
go to rpd instead of jill no more nemesis in rpd,1
of this game next to jill valentine nemesis he s hyped,1
3 has you playing as jill valentine a surviving member of,1
with neat movement skills for jill and carlos,1
and well staged but when jill effortessly picked up the railgun,1
i played my first time jill was a fun character to,1
harder modes he wants that jill sandwich look bottom line if,1
herb heals poison now after jill tentacle hent with spiders i,1
on action i always felt jill in past games resi 1,1
originally meant to be standalone jill suffers from bad sass on,1
the series the scene where jill uses a magnum to shoot,1
the original game p s jill valentine is gorgeous beyond belief,1
100 playable love the new jill look i feel resistance had,1
in og version to upstaging jill in terms of personality and,1
it do right well cool jill her remake looks hot and,1
bad i like the new jill i like the new carlos,1
não tinha o apartamento da jill com ela suspensa dos stars,1
disappointed in the portrayal of jill valentine in this you are,1
it more than re2 and jill is far more likeable than,1
back the playable areas with jill as well as the missing,1
a success the new dodge jill s ability and parry carlo,1
far one of them is jill valentine who is part of,1
remake tells the story of jill valentine escaping other than that,1
remake the graphics are gorgeous jill is gorgeous carlos hair is,1
as the story i felt jill was a bit too predictable,1
esperaban ver un traje de jill original,1
as i remember carlos and jill design and characters are great,1
besides the pre order bonus jill basically walks by the iconic,1
cool items and an og jill skin but it does not,1
the original game no barry jill s personality feels different a,1
as is if carlos and jill have their own campaigns it,1
journey through raccoon city as jill valentine and that s exactly,1
are you going to help jill accomplish her last escape,1
all i liked this game jill now has a very tough,1
as re2 but just shorter jill looks hot as ever very,1
huge step up from re2r jill feels significantly more believable than,1
like nemisis is just on jill s ass all the time,1
makes you want to strangle jill and bi ch slap carlos,1
to qtes and stuff like jill spoiler firing a massive superweapon,1
order cause you only get jill s original costume that way,1
the story is still great jill looks sounds amazing and has,1
this game was mainly about jill being hunted by nemesis they,1
t a r s ♥️ jill s booty is love jill,1
however i like this game jill is 너무 이쁘다 เนื้อเรื่องสั้นไปมากถ้าเทียบกับเวอร์ชั่นต้นฉบับ พี่เน,1
also think the dynamic between jill and carlos is vastly superior,1
carlos need i say more jill looks amazing the action boss,1
t a huge fan of jill valentine re3 or resident evil,1
enjoyed carlos s gameplay than jill though it have several cons,1
all the remakes that said jill and carlos are phenomenal the,1
anyways its great to see jill as a powerful cop and,1
solid entry to the series jill has never been better and,1
on playstation love playing as jill and seeing nemesis again a,1
just creating pictures of modded jill,1
the game are really great jill carries the game on her,1
but it damn should as jill is an experienced cop whereas,1
clock tower or raccoon park jill doesnt go to the police,1
what was that anime weapon jill used at the end spoiler,1
lets talk characters the new jill and carlos are good thats,1
character than something to fear jill never goes to the r,1
good job in that department jill is dynamic clever throwing one,1
in which he is chasing jill and after changing his shape,1
as the police station with jill in it and the clock,1
there was more of it jill is fantastically well performed animated,1
monster difficulty and zombie movement jill s butt awards and challenges,1
more than i did enjoy jill s at least her second,1
gave him his own campaign jill valentine i know there s,1
it should have focused on jill alot more all and all,1
and the practical update to jill s outfit carlos is now,1
beautiful and very realistic nemesis jill carlos the characters as a,1
original finally the character changes jill has had changes to her,1
follow after two main characters jill valentine and carlos oliveira that,1
takes hold is great new jill is an absolute bae new,1
he is supposed to kill jill but seems to go out,1
the side character more than jill since alot of jills gameplay,1
it s too short more jill please,1
dialogue that comes out of jill s mouth however it s,1
paced gameplay than re2 and jill sandwich is back,1
how they get rid of jill s samurai edge to replace,1
typical bells and whistles of jill s samurai edge handgun i,1
such as the clocktower and jill s run of the rpd,1
goes to rpd instead of jill only scripted nemesis encounters nemesis,1
look different they even changed jill s original outfit because capcom,1
about how many costume that jill has in og re3 but,1
jill ♥♥♥♥♥♥♥ sandwich,1
you one additional costume for jill carlos once you beat the,1
but enhanced his dynamic with jill gameplay is fluid a continuation,1
is still a blast and jill really makes the experience fell,1
first person perspective of exploring jill s apartment the buildup really,1
are at using quickstep with jill the story sticks to its,1
a very faithful remake censoring jill s classic tubetop and skirt,1
length is perfect oh and jill valentine,1
a chance at killing me jill runs into the ubcs much,1
and i m just watching jill slowly do said task and,1
time the character model for jill looks far better and closer,1
could get back up because jill s animations take ridiculously long,1
nearly go into how absurd jill s fortitude is if you,1
the characters look good including jill valentine combat battle with zombies,1
line gameplay is smoother with jill s dodge mechanic and rewards,1
side it looks really good jill s been inexplicably redesigned in,1
forward to many more playthroughs jill and carlos are both fantastic,1
you couldn t dodge like jill s character can so i,1
suddenly insert a parasite in jill s body more seemed like,1
game i immediately picked up jill s s t ar s,1
its way nemesis looked insane jill had a fresher look and,1
i liked the scene with jill and kendo i liked the,1
squee like a little fanboy jill is still a badass nemesis,1
has a great final boss jill is a babe carlos is,1
hunter i think the redesigned jill valentine is great and they,1
strike i don t like jill s face though strike h1,1
just to get the classic jill skin lol but the gameplay,1
substances in your inventory yes jill valentine suddenly became an expert,1
dodge counter attack with both jill and carlos however again it,1
spend them on equipment for jill and carlos you can get,1
playthrough or brad before meeting jill nice design first area details,1
mostly a nitpicky thing but jill s personalty in this game,1
get rekt by nemmy again jill is bae ayoo phuck hunters,1
more modern resident evil and jill s return but it s,1
with the new voices especially jill s it suits her character,1
tower is no longer explorable jill doesn t go to the,1
there is no rpd for jill no multiple endings the game,1
of inertia to the aiming jill actually bounced off the gate,1
its very good new jill is hot okay new carlos,1
sienna guillory should be better jill valentine s face actress re,1
freaking awesome graphics sound design jill carlos s hair movement etc,1
packed game and we played jill valentine a freaking badass shorthair,1
just stays in front of jill when he knocks her down,1
♥♥♥♥♥ can t even swim jill valentine 2020 or 1998 i,1
favorite aspect of this game jill and carlos look fantastic and,1
nemesis and the boss fights jill is very hot and gorgeous,1
game changes the character from jill valentine to carlos oliveira carlos,1
carlos returns there instead of jill lickers make a re appearance,1
little frustrating the controls with jill means that you either hold,1
the games measuring stick for jill s overall power level and,1
atmosphere is tense and both jill and carlos are great protagonists,1
re2 is present in re3 jill herself is a far more,1
i ship carlos jill d chris be like am,1
would like to add that jill s personality and looks are,1
5 styled cutscenes and sequences jill and carlos s dynamic has,1
no question the pros 1 jill other s character development she,1
make me ship carlos and jill so hard in this if,1
is no longer explored by jill and is instead given to,1
jill valentine is so beautiful,1
feel connected involved and agile jill valentine is a much more,1
good old re3 with iconic jill and her nemesis thankfully the,1
practically hear psstt nothing personel jill in the background especially if,1
mostly look the same but jill looks more practical now she,1
little bit more story of jill before the incident etc cons,1
a nice touch but gives jill way too much of an,1
best part of the game jill doesn t even go to,1
this game is a delicious jill sandwich,1
3 jill d,1
chance to dodge due to jill recovering from the hit like,1
everything escalates from the beginning jill doesn t go to rpd,1
have the censorship they censored jill s outfit and personality the,1
the nemesis battles are amazing jill and carlos are very fun,1
now the story is reshuffled jill no longer goes to the,1
your speeding you switch between jill and carlos although obviously you,1
graveyard cemetery gravedigger boss fight jill going to rpd brad getting,1
the original dodge mechanic for jill is good it requires skill,1
the nemesis the interactions between jill and carlos so i m,1
weapon are pretty bad when jill attempts to point her shotgun,1
too spongy this time around jill valentine is awesome fantastic mo,1
this regard immersion 4 10 jill and carlos voice actors were,1
up to the point where jill meets carlos at the gas,1
eagle and grenade launcher for jill where carlos just has a,1
an actual pandemic and 2 jill s a smoking hot chick,1
2 remake cons personally speaking jill s face looked bit artificial,1
like it 5 the new jill and carlos look is perfect,1
one area to the next jill s original outfit sold as,1
telling that s happening with jill she s a total bad,1
good i like the new jill carlos and nicholai because they,1
paid all the time for jill and didn t have enough,1
speed feels 5 faster for jill only dodge system design of,1
3 no music box 4 jill is not a stars member,1
enjoyed the new look for jill and the supporting characters it,1
reminds me of keanu reeves jill reminds me of gina carano,1
enter or explore rpd as jill only as carlos which does,1
in i really like how jill and carlos carries unequipped weapons,1
as nemesis being right on jill s tail as soon as,1
of the original game and jill not being jill at all,1
city can play as both jill and carlos carlos can punch,1
expected everyone looks great particularly jill and nemesis the areas that,1
and one additional costume for jill when you beat the game,1
avoid contact with any enemy jill is a wonderful character foiling,1
gorgeous enviroments and bringing iconic jill and carlos to life in,1
nice addition great soundtrack and jill looks like a complete badass,1
tale about a woman named jill valentine and her stalker nemesis,1
ending vibe as re2 spoiler jill gets a really badass moment,1
2 that gives us a jill nemesis scenario to go alongside,1
a shame because i like jill valentine carlos nemsis so much,1
like that the carlos and jill s scenario are intertwined and,1
increased damage infinite ammo weapons jill s s t a r,1
of choosing to play as jill or carlos like leon or,1
story you would alternate between jill and carlos would ve been,1
ones also return to help jill and carlos to find a,1
in this game but sometimes jill and rarely carlos would take,1
skipped the police station with jill they skipped that jump scare,1
make it interesting in re1 jill and the stars team where,1
player only positives the characters jill and carlos are really well,1
the cut scene stuff in jill s story line took me,1
og re3 nemesis is terrifying jill looks amazing and all of,1
clock tower graveyard city hall jill never goes to the rpd,1
naff when you play as jill carlos it ain t that,1
way better knife control with jill some new enemies some okay,1
because it doesn t have jill a carlos b carlos a,1
environment you can start with jill s classic outfit or new,1
1 it s fun 2 jill is hot 3 jill gets,1
is the opening cutscene of jill running from nemesis it doesn,1
game is cut out too jill doesn t even go to,1
place in the time between jill leaving her apartment and her,1
as a veteran officer in jill valentine rather than a rookie,1
game pros this game portrays jill the best she has been,1
21 years ago this is jill dlc for re2 real re3,1
i love jill valentine costume 2020,1
make any sense really since jill is also in re2 and,1
the chance to play as jill valentine she was oozing personality,1
items and the inclusion of jill s dodge and carlos stun,1
the characters more fleshed out jill and carlos make a great,1
i thought it would be jill s ass and sass is,1
for the game the new jill is in the right place,1
everything else story and characters jill and carlos are both very,1
it rocks brilliant portrayal of jill valentine goes unnoticed by the,1
button to open the door jill kinda just bumps into it,1
it s an absolute blast jill s dodging mechanic is super,1
amazing return to rc with jill capcom knocks it out of,1
pursue you felt the struggle jill goes through you felt that,1
make it longer making also jill travel in police station too,1
of fluid zombie action and jill sandwiches,1
s remake last year seeing jill valentine again was amazing and,1
they left out the whole jill rpd cemetery clock tower etc,1
of dread you play as jill valentine trying to escape the,1
just watch a movie of jill barely getting away this repeats,1
defeat him because you are jill ♥♥♥♥♥♥♥ valentine i love re2,1
able to play as both jill and carlos like back in,1
weird random people instead of jill and carlos no idea where,1
city hall cortado graveyard cortado jill não vai para a rpd,1
relentless terror and pursuit of jill valentine the length of the,1
him more opportunities to hunt jill and more places where he,1
notch the first part involves jill running around the city being,1
removed some real good stuff jill has her whole bad ass,1
section is really well made jill and carlos are good characters,1
really really nice touch classic jill stars outfit and infinite rocket,1
how much of a badass jill valentine is,1
change it now this new jill does look good as a,1
make it even better like jill went to the police station,1
limited to no replay value jill s unlikable pompous arrogant attitude,1
gorgeous way more action packed jill and carlos actually feel like,1
stuff is sharper fitting because jill and carlos are a lot,1
good a lot of action jill is badass and nemesis is,1
terrible graphics are ok poor jill deserved much better story is,1
games re rev2 and re6 jill does a dodge away carlos,1
characters look amazing nemesis carlos jill 5 difficulties assisted standard hardcore,1
honest story was more captivating jill was as cool if not,1
section is way smaller 2 jill handles very sluggishly her dodge,1
acting expansion on carlos and jill relationship too but you see,1
brief hints at a haunted jill nicole tompkins ♥♥♥♥♥♥♥ nailed it,1
evil 3 is all about jill valentine and the research behind,1
didn t like the way jill was portrayed as this insecure,1
people say i really like jill i like that the devs,1
redesigns are spot on both jill and carlos look and sound,1
you get a cool dodge jill or punch carlos which is,1
the ending is so satisfiying jill is so badass nemesis is,1
the game looks visually stunning jill and carlos look sweet it,1
is head over heels for jill when their interactions had little,1
is the best representation of jill yet who displays some more,1
sigh with relief they got jill right probably my favorite character,1
on sale u pros u jill is finally back in a,1
tactics and rescue service operative jill valentine after the incident in,1
way the nemesis interacts with jill feels very forced at times,1
a very few remain list jill doesn t go to the,1
story graphics gameplay 1 jill valentine 99,1
pretty obvious is unfinished during jill middle area you can also,1
opinião deveria ter sido a jill a entrar lá como no,1
for me at least the jill and carlos personality did really,1
raccoon p d stars member jill valentine and her escape from,1
well what can i say jill is way hotter than claire,1
work yet love this game jill valentine hype,1
animation accordingly same with claire jill and carlos will just have,1
is true he is chasing jill through out the entire game,1
split gameplay between carlos and jill was entertaining i also thought,1
for them in game costumes jill is still a bad ass,1
was b greed b was jill referring to the raccoon city,1
human than ever some of jill s dialog near the end,1
and of course we have jill amazing gameplaywise it is very,1
stick the original and get jill in the rpd but it,1
narrative flows much better and jill and carlos have way more,1
is really nice 3 fantastic jill and carlos design i really,1
get only two costumes for jill and default only for carlos,1
mind and wants to experience jill s escape in the same,1
ahhhhhh jill valentine i love it 3,1
it plays differently for both jill and carlos don t expect,1
players in the role of jill valentine former special tactics and,1
a cheesy b movie especially jill s idiotic quips this is,1
too expensive but i love jill and her ass,1
game so its bias pro jill cons to short but at,1
limited to 3 dodges before jill starts stumbling so even when,1
introduction a in the original jill talks about her last escape,1
hope spot it is and jill s you want stars i,1
although the main character is jill valentine carlos oliveira i m,1
game ps sasha zotova as jill valentine she is amazing our,1
from the 2nd original game jill would be put in situations,1
s distorted facial features or jill rolling around in an action,1
certain battles scenes and characters jill s emergency dodge perfect dodge,1
this game in an hour jill valentine is like lara croft,1
raccoon cemetery raccoon park spoiler jill s going to r p,1
have a separate campaign for jill carlos like in re2 unless,1
really good game loved how jill and carlos look now and,1
“suggestion” than an “imperative” for jill but this time round it,1
slightly by playing as both jill and carlos overall i m,1
runs buttery smooth great characters jill carlos dodge mechanic and unbreakable,1
mouse game between nemesis and jill he is just used for,1
jill sandwich and carlos mencia back,1
for more info both leads jill and carlos are likeable characters,1
8 10 pros high graphics jill valentine carlos story is solid,1
fluid fun you play as jill the best character in the,1
been the best representation of jill valentine since her appearance in,1
fun playing it and seeing jill again is pretty awesome i,1
like a crazy ex boyfriend jill is still a bad ass,1
and he comes bursting into jill s apartment through the wall,1
negative since on this title jill is a far more capable,1
or if you just love jill go for it,1
headshots the classic outfit has jill in some ridiculous looking shorts,1
characters screen time main characters jill carlos nicholai get a good,1
get horny by the way jill holds the grenade launcher,1
machine continuously trying to wipe jill off the face of the,1
is anything short of fantastic jill valentine is one of my,1
it were more intricate this jill valentine is probably the best,1
♥♥♥♥♥♥♥ jill needs to run and dodge,1
no mercanary mode lol wat jill never visits pd no character,1
still haven t gotten our jill sandwhich yet again,1
character models all look awesome jill and carlos both got a,1
a place in my heart jill valentine back then stole my,1
scenario where you switch between jill and carlos if your looking,1
really like this version of jill,1
i enjoyed it yes b jill b i was worried when,1
was in the og game jill is a great character she,1
intro where you go through jill s apartment and look through,1
watching the game play itself jill is now very unlikeable she,1
territory i was almost expecting jill to start punching boulders the,1
i can still remember being jill sprinting through rpd to run,1
well as a skin for jill from the first resident evil,1
take sections originally meant for jill and give them to carlos,1
game better in many ways jill at her best other than,1
them is a pre order jill doesn t even visit the,1
story is extremely well presented jill and carlos are great characters,1
the best way to experience jills last escape i hope going,1
offer it just becomes a jill simp simulator when you re,1
mostly appears in scripted events jill is fantastic and the best,1
the clocktower and rpd for jill alongside the boss fights of,1
he s only toying with jill wait for a sale before,1
about the two main characters jill and carlos i gotta say,1
through the hordes and nemesis jill is still the asskicker she,1
they divided the game between jill segments and carlos segments this,1
very cool jill but it is short,1
t played last part spoiler jill starts wielding huge gun ten,1
enemies are more aggressive and jill s expanded mobility encourages constant,1
you should just download a jill and a nemesis character mod,1
over the top but positive jill valentine carlos oliveira and nicholai,1
anymore even in hard mode jill is cringy and toxic 8,1
especially in the chemistry between jill and carlos loads of fun,1
content is missing rpd with jill worm clocktower park all of,1
through raccoon police department as jill in the game no giant,1
and people who claim that jill is uglified and menlified are,1
it a day pros beautiful jill valentine our sole heroine lovely,1
actually really good carlos and jill s dynamic is especially handled,1
to no character development both jill and carlos start as fairly,1
amazing and his chemisty with jill is on point it s,1
and developing characters as well jill is just goofing around most,1
was hardly no introduction to jill or the setting before the,1
dead i mean i loved jill and carlos by the end,1
there is a part where jill is grabbed by a tentacle,1
carlos has better hair than jill,1
changes and development and building jill is at her absolute best,1
on a really great sale jill just looks so pretty on,1
hair is awe inspiring and jill is just bae all the,1
t bother me too much jill is a badass carlos is,1
as carlos until you found jill instead you re left with,1
him didn t like how jill never went to rpd that,1
your character when you see jill take blows that would crush,1
same with the characters poor jill went from being the nicest,1
more action you play as jill valentine and at some points,1
we always have plot armor jill is much cooler than leon,1
a problem for me but jill s alternate costumes have graphical,1
enjoyed the story and love jill s character in this game,1
love seeing the return of jill valentine,1
at re6 cringe level where jill is completely undying can fall,1
warning unlike the original re3 jill does not visit the rcpd,1
worst offender in my opinion jill never goes to the rpd,1
positive reviews cut content butchering jill nemesis shoter length insanely stupid,1
jill is baebae з y ☆,1
definitely makes me hyped of jill for a couple of days,1
so prepare thy ass accordingly jill and carlos make a great,1
as the re imagined cast jill is feisty vengeful and as,1
fights i didnt like that jill never went back into the,1
doesn t kill brad 3 jill doesn t go to rpd,1
they re made carlos and jill are both genuinely likable characters,1
the original from entire maps jill doesn t see the police,1
gameplay is good con new jill is a brat she used,1
amazing i was sceptical with jill s new face model before,1
absolutely amazing game jill is fantastic and carlos actually,1
spoiler review pros jill and carlos have more emotion,1
gets shot down lands on jill who shrugs it off and,1
game with the side character jill i have no powers and,1
top notch great dialogue between jill and carlos they did a,1
left me hungry for more jill afterwards even if that probably,1
gunplay is the same but jill now has her trademark dodge,1
of all characters is marvelous jill and carlos specially the clothes,1
capcom loved every moment of jill s story and carols was,1
are really well made new jill is better than the old,1
fleshes out the story of jill and raccoon city i actually,1
annoying is for most of jill s encounters are mostly only,1
girlfriend told me to marry jill if i like her so,1
as carlos and even as jill with certain weapons but the,1
using it for 4 games jill and carlos are more fully,1
why is jill such a ♥♥♥♥♥ lmfao,1
jill is one bad ass gator,1
zombies like that ll impress jill little does he know that,1
feels really nice to play jill is still an absolute badass,1
a fast past adventure of jill s last escape from t,1
this because i m a jill fan mostly this is an,1
in the demo is fun jill and the other characters look,1
cant really say much for jill other than the start of,1
they were going to turn jill into an unlikable and cold,1
enjoy this game it did jill and carlos justice their personalities,1
eggs and best of all jill is back with nemesis,1
storyline no puzzle at all jill won t go to the,1
jill hot af boi,1
now give me a zombie jill costume and remember to vaccinate,1
do on the plus side jill is smoking hot,1
jill has a fine ass and,1
jill is hot and so is,1
entertaining i had fun hearing jill s and carlos s interactions,1
same as the original re3 jill stays in raccoon and tries,1
my items with caution the jill dodge mechanic as fun and,1
scares could easily be placed jill is almost always out in,1
spoiler alert too bad that jill isn t going in to,1
take into play the character jill is a stars operative which,1
then it goes back to jill you never use anything you,1
you meet him point about jill not going to rpd is,1
its own unique moments and jill is very hot however i,1
jill bouta make me act up,1
i like the graphic jill is pretty badass the puzzles,1
go with a unique dodge jill or counter carlos mechanic for,1
with re series this bring jill as a freaking awesome badass,1
warm greeting and god save jill valentine,1
it entirely quality voice acting jill carlos mikhail nicolai brad tyrell,1
is impressive but he has jill by the neck and head,1
i am disappointed about is jill s classic costume when pre,1
nisso além da modelo da jill e do carlos quem sabe,1
have to say i love jill s tough as nails personality,1
questionable qte s i e jill crawling away with tentacle attached,1
the characters are lovely best jill since re1 remake and 3dimensional,1
so that the transitions between jill and carlos parts are fragmented,1
of skirts for some reason jill s classic costume has been,1
i really missed jill slapping carlos in the clock,1
room walking slowly so that jill can talk on a radio,1
my first re game and jill valentine was my first crush,1
and then nemesis busts into jill s flat and you brace,1
and re engine deserves praise jill is a badass protagonist who,1
rearrangement of replacing carlos with jill when the rpd section comes,1
out clock tower cemetery park jill s rpd part etc the,1
gore was heavily reduced aiming jill a stars member heavily trained,1
again playing hardcore difficulty also jill valentine is one serious bad,1
in this game already saves jill at the clock tower then,1
is very boring wetgirly trannysufferer jill ♥♥♥♥♥♥ poor ending p s,1
locations and characters the new jill is fantastic and not some,1
easy to kill them with jill almost no puzzles somewhere the,1
the originals chris carlos and jill especially while the models look,1
in re3 you play as jill valentine for certain sectors then,1
firehose to extinguish a fire jill getting infected mixing the vaccine,1
the boss is dead 3 jill s looks while i personally,1
3 you take control of jill valentine who awakens to a,1
sh characters are nice escpecially jill graphics sound music damn it,1
game is too short but jill makes up for it,1
like the look of this jill or not my jill currently,1
ending no barry burton no jill sandwich references over all its,1
just standing there waiting for jill to talk to him to,1
first the two main characters jill and carlos crossover much more,1
staggering alone the changes to jill valentines personality is an insult,1
is very good also liked jill and carlos interaction and their,1
significantly less dogs tyrell existing jill is cuter than ever carlos,1
the beginning nemesis crashes through jill s apartment and you run,1
characters style there is not jill as we know her same,1
re3 remake comes along with jill s pretty face and her,1
not sure why they replaced jill valentine with lara croft but,1
amazing game with jill valentine but so short game,1
visuals voice acting character models jill looks amazing in this and,1
by the way the new jill is so beautiful,1
hell yeah jill is back,1
resident evil 3 game and jill this game is a really,1
in the flying youknowwhat is jill literally picking up the cannon,1
the city and more about jill i mean it would have,1
time hemming and hawing over jill s design and more time,1
office gravedigger worm boss fights jill s visit in rpd other,1
love what they did with jill she s a lot better,1
game like clock tower spiders jill going through rpd building city,1
can t even swim b jill valentine b i,1
battle no rpd section for jill i completed the game in,1
looooved the redesign of both jill and carlos good story although,1
atmospheric more linear but damn jill valentine is so good p,1
edition for ps4 too re3 jill are my fav of all,1
be a separate campaign from jill s so we could focus,1
re2 remake more action and jill valentine,1
everything no clock tower no jill in the rpd you know,1
why buy re3 because that jill booty is worth the price,1
versions of the characters specially jill are better than the original,1
cheated or anything like that jill is just as badass as,1
the devs like to put jill thru all sorts of tentacle,1
a little reworking of how jill escapes racoon city compared to,1
no clocktower no rpd for jill they also cut a whole,1
characters no issue for me jill is awesome and beautiful carlos,1
jill niceeeeeeeeeeeeeee,1
8 10 re engine jill 10 10 2 for being,1
not enough jill,1
voice acting and changes to jill s character were obnoxious she,1
these in the game since jill only meets the other living,1
but this time you play jill instead of milla at least,1
one is this game worthwhile jill is overly ♥♥♥♥♥♥ carlos is,1
in the fight and with jill and how she just man,1
character development in the original jill was only interested in escaping,1
great visuals optimization satisfying gunplay jill redesign looks great good choice,1
to re experience examples gravedigger jill not going into the r,1
the right time to it jill wasn t sassy or uptight,1
ending was meh at best jill picking up the cannon at,1
the victory cutscene to have jill fire several shots from the,1
here and new ones also jill and carlos along with a,1
over from re2 remake both jill and carlos are really good,1
love the re design on jill carlos and nemisis playing as,1
something i personally care about jill s appearance has been less,1
only 2 extra costumes for jill 1 for carlos cant even,1
gary stews or mary sues jill falling from the top of,1
the game follows stars member jill as she tries to escape,1
pros game looks absolutely wonderful jill is a doll as always,1
which you play as both jill and carlos the raccoon city,1
make a sandwich and have jill sit on my lap,1
buy like the remodel of jill and carlos a lot they,1
good as the 2nd one jill was from what i remember,1
well and the details in jill s apartment and the next,1
till he meets up with jill and also what happened when,1
action scenes and camera work jill looks absolutely great imo and,1
remake has faded away spoiler jill basically survives getting blasted outright,1
from resident evil 3 ps1 jill can do a dodge of,1
great seeing the perspective of jill while leon is going through,1
the characters have been redone jill looks okay i guess the,1
short but still really fun jill is great she needs to,1
is a scam they made jill an unlikable ♥♥♥♥♥ the game,1
what you could call the jill run that s it don,1
ending lots of areas cut jill at rpd cut gravedigger cut,1
carlos visits rcpd instead of jill but it doesn t make,1
side note the chemistry with jill and carlos is truly something,1
jill okhand,1
such as the gas station jill in the pd the park,1
aucune des refontes des charadesign jill carlos némésis etc aussi par,1
feels rushed this is not jill valentine she s been made,1
game nemesis is well done jill is ugly tho,1
it fits the story of jill and carlos esacaping raccoon city,1
me into a chase sequence jill moves slower when hurt so,1
remake aswell the chemistry between jill and any other character felt,1
great game jill is a great protagonist nemesis,1
b satisfying gameplay b b jill looking good b h1 cons,1
and i mean shorter than jill s skorts not a skirt,1
just low quality and terrible jill s acting is bad and,1
to have my dinner while jill was sitting in one room,1
seems to explore some of jill s trauma cons the game,1
you switch between carlos and jill on occasion it s nowhere,1
in harder modes shop system jill valentine looks a different person,1
it lacks more jill skins 7 10 lmao,1
badass once you ve kitted jill out with a hefty amount,1
also feeling really different like jill s you want stars i,1
and the game is over jill never goes to the r,1
shameful fact that they replaced jill s classical skirt to a,1
than the ps1 take and jill valentine is fantastic and much,1
briefcase the nemesis drop after jill defeat him what we need,1
whatever new carlos is cool jill is whatever nemesis is whatever,1
great graphics and sound jill is a sexy badass and,1
and then kill you before jill can get up and heal,1
too action oriented i get jill is experienced but i m,1
rpd amazing details in game jill apartament is playable kendo is,1
it s nothing like it jill doesn t go to rpd,1
would be the other way jill was played nicely and carlos,1
that line originally spoken by jill after blasting nemesis apart with,1
a lot of places where jill the main character needs to,1
far better summary the good jill is portrayed as angry stressed,1
moment they went prude with jill s skirt changing it for,1
of those you play as jill she fights nemesis in a,1
reload or take some shots jill s dodge doesn t have,1
fun challenge and nostalgia seeing jill and carlos come back one,1
they absolutely nailed it with jill s personality and her relationship,1
spoilers this game is great jill is perfect nemesis is almost,1
marry me jill please,1
the samurai edge which is jill s classic weapon behind a,1
decently smooth controls play between jill and carlos multiple times new,1
torre do relógio e a jill dando tapa na cara do,1
t believe how many times jill is chased in a cutscene,1
were underused for sure and jill misses out on a lot,1
the first zombie become a jill sandwich restart on easy and,1
restaurant and some small places jill doesnt show up on the,1
scripted events forced relationship between jill and carlos where as in,1
remake which i still liked jill s dodge mechanic is quite,1
split between two playable characters jill and carlos you don t,1
i did like the relationship jill and carlos had i just,1
good to be back as jill in raccoon city after all,1
𝑆 𝑇 𝐴 𝑅 𝑆 jill valentine well it s time,1
and leon at the end jill however has seen all this,1
of the original re3 had jill hiding with some dood who,1
more depth and charm than jill very short game lots of,1
characters are way too lucky jill always have a spot to,1
bland and unmemorable just as jill s new design re3 was,1
game is rather enjoyable with jill s nightmares and nemesis chasing,1
pretty based but jill is an ugly goblina and,1
slooty jill mods already available never underestimate,1
looks drop dead gorgeous esp jill shes so hot 3 cons,1
evil 3 the humiliation of jill valentine nemesis on youtube in,1
brat and get slapped by jill,1
person mod we was in jill s room i was suprised,1
hardcore resident evil fan pros jill valentine is stunning the graphics,1
to have the more classic jill face instead of a new,1
the game is well balanced jill is amazing as a character,1
thing this game saves is jill herself who is arrogant and,1
replaced when in the end jill says next time take the,1
mode all in all though jill is a badass protagonist and,1
to fit the colt python jill had in re1 and re3,1
all players impersonate stars agent jill valentine and also umbrella agent,1
single campaign is shared between jill and carlos after the first,1
can reunited with my beloved jill,1
seires then you will enjoy jill s last escape if you,1
there with the gravedigger removed jill doesn t escape to the,1
quite impressed by carlos and jill both thought out and really,1
covered either by carlos or jill after area 1 felt kind,1
to dodge and conserve ammo jill can easily dodge past a,1
my 1st play through with jill 3 i absolutely loved it,1
story on the part where jill and nemesis fought on the,1
also didn t know that jill is some sort of cyborg,1
jill is hot and gives me,1
to a separate pistol from jill s and an ar this,1
anxiety turning the camera behind jill only to see nemesis running,1
jill noooo you can t just,1
did like seeing the struggle jill coped with after mansion and,1
jill was right greed is the,1
so re3 is no longer jill s game but she actually,1
e g nicole tompkins as jill valentine for re3 2020 cons,1
jill is so badass but this,1
jill is waifu jill is life,1
with no extra story however jill is badass as always and,1
saving problems it feels like jill had no idea about anything,1
the gravedigger what happened with jill getting in the rpd what,1
and no longer a subweapon jill and carlos look like they,1
10 10 would jill again could have been longer,1
jill nemesis its all good,1
better than the original where jill just explodes out of a,1
the park rpd station with jill and the iconic moment such,1
pros jill is back hospital section is,1
pre ordered and played with jill s classic outfit bad points,1
as good as re2 remake jill s dodge ability works a,1
s death is so bad jill doesnt go to rpd come,1
nemesis cant swim nice trigger jill,1
t tarnish the game both jill and carlos new default skins,1
nemesis is as intrusive to jill s escape than ever before,1
brilliant jill is playing in normal casual,1
short so far i love jill valentine,1
the graphics are pretty and jill is really f kable nemesis,1
decent well made beautiful art jill is amazing etc etc what,1
jill s sex appeal is still,1
got left out this whole jill being an absolute snarky ♥♥♥♥♥♥,1
start in 1st person in jill s apartment in a really,1
the third fight encounter 5 jill doesn t go to the,1
hard game unless you master jill carlos dodge counter mechanics in,1
control of both carlos and jill both have different aspects of,1
delivers on its concept and jill valentine s famous last escape,1
to make like the original jill is kinda frumpy and reminds,1
back so glad to see jill again you can say what,1
picking your own i love jill valentine s portrayal in this,1
frustrated by tentacles and nemisis jill blocking my way paid full,1
disconnected from re 1 and jill just feels like some lady,1
ay jill all i m gonna say,1
why so many cuts though jill from the og game cut,1
i will marry jill,1
time where nemesis was chasing jill through the world trade center,1
as enjoyable as re2 r jill and carlos are cool i,1
all around it carlos and jill are given a fresh breath,1
in the train to wait jill do the job lol carlos,1
game in under 2 hours jill is just arrogant they try,1
if you love re3 and jill you would love this too,1
is a great reimagination of jill s escape from raccoon city,1
it has jill valentine in it and i,1
story at the very beginning jill is immediately pursued by nemesis,1
jill is looking like a sandwich,1
on inferno in 1 hour jill valentine character is so amazing,1
this you play as both jill and carlos in one campaign,1
i loved this version of jill she s a badass and,1
i m loving jill s journey and survival so,1
terrific carlos was amazing and jill was a star i can,1
did that with carlos and jill but i understand why it,1
like about 5 minutes yes jill was asleep but still up,1
weapons like samurai edge for jill instead of a regular g19,1
was waay to easy since jill turns into the doom slayer,1
9 10 pros jill valentine as good as you,1
my time they changed cut jill s portion of rpd out,1
how can i use jill classic plz help me,1
he feels differently compared to jill not like we got in,1
end of the game when jill s at nest and there,1
jill is ♥♥♥♥♥♥♥ bad ass great,1
i wish jill would be my valentine 11,1
that there is too less jill in the game at least,1
jill got into sandwich with nemesis,1
handling of the core characters jill and carlos most notably is,1
and a few other things jill seems like one of my,1
than re2 s so often jill just chooses to not go,1
from remake 2 now that jill and carlos can do specific,1
hours play so fastttt but jill still cute d,1
the re imagined story of jill valentines final escape from nemesis,1
and then everything stops working jill is just runing straight forward,1
as good as re2 remake jill deserves better get it dirt,1
rehash of last years success jill feels more competent than claire,1
i came here for jill but i stayed for carlos,1
blanks between the story of jill and carlos in re 2,1
5 people moaning about how jill does not even go to,1
nemisis are exciting and make jill look like a total badass,1
welp even though the original jill and her classic costume we,1
so great to finally be jill again but just damn it,1
atmosphere cons slightly dumbed down jill s character only one ending,1
the beginning for re 3 jill and carlos s story are,1
but with nemesis constantly stalking jill it s much harder mr,1
really existed between both originals jill and carlos interactions are good,1
found it exciting playing as jill once again and experience the,1
visual graphic great performance for jill and carlos nice good story,1
biohazard 3 now with more jill sandwiches,1
the main characters i enjoyed jill i loved in this game,1
to escape raccoon city with jill and carlos is it a,1
me it was worth it jill is sooo cute n badass,1
or solving puzzles that only jill could solve or better yet,1
our beloved characters such as jill leon ada and claire with,1
the amazing story of jill valentine s last escape from,1
too short too bad for jill c,1
still gorgeous and i love jill less puzzles this time around,1
no newspaper no rpd with jill just an overall less polished,1
i need to play jill more go ahead remake resident,1
7 10 jills boobs are too small,1
more zombies and challenge environment jill s story is even more,1
some random item play using jill classic costume is the best,1
story follows chris redfield and jill valentine two members of the,1
starring another iconic re character jill valentine you must outrun the,1
instead of staaarrrs 16 no jill s cheesy one liner it,1
but fun puzzles upgraded nemesis jill is damn hot cons nemesis,1
jill s original costume isnt even,1
and unstopping and badass and jill most beautifull and bad ass,1
jill is badass,1
unless you have plot armor jills bones are made out of,1
from how re2r played as jill you re dodging nonstop and,1
designed characters rc areas enemies jill s new design is hot,1
whole assassin s creed series jill is perfect protagonist but the,1
any content anything no just jill joining resistance that s all,1
i feel so badass as jill and mastering the dodge mechanic,1
paying full price over all jill is a badass carlos is,1
jill is stunning carlos has epic,1
they were presented just makes jill feel awesome and a true,1
use his hentai whip on jill,1
but still worth getting pros jill carlos nemesis dodge button knife,1
6 s and 7 s jill s classic outfit is mandatory,1
game good jill looks great nemesis made me,1
is a very good game jill classic costume is the best,1
nobody can dodgeable that nemesis jill valentine i can,1
jill sandwich valentine trying to speedrun,1
sweet jesus jill is good,1
i need my costumes for jill it s important,1
thicc jill valentine is back 3,1
sound design is great and jill is sexy af but for,1
some things right i like jill s new look and carlos,1
it 30 euro standard √ jill in classic sk0rt worth it,1
skirt attire really feels nostalgic jill looks great carlos too the,1
