context,count
nemesis,25
♥♥♥♥ nemesis,6
i hate nemesis,5
nemesis down,4
nemesis scary,4
nemesis is scary,3
♥♥♥♥ you nemesis,3
absolutely terrible remake of re3 nemesis in short the game lacks,3
are cut from the game nemesis don t kill brad and,3
nemesis has aura,2
the original resident evil 3 nemesis i had a good time,2
nemesis my beloved,2
app 4249120 resident evil 3 nemesis 1999,2
fight against umbrella s bioweapon nemesis all while trying to escape,2
set for survival horror remakes nemesis encounters are almost fully scripted,2
maybe add a few more nemesis encounters on top of it,2
nemesis is a ♥♥♥♥♥,2
f ck you nemesis,2
spooky scary nemesis,2
resident evil 3 nemesis is a survival horror game,2
nemesis made me ♥♥♥♥ my pants,2
a downgrade from re2 remake nemesis barely puts in any appearances,2
lot shorter our main antagonist nemesis was a constant threat in,2
nemesis good,2
nemesis is a pain in the,2
nemesis is annoying,2
little more of racoon city nemesis unlike the tyrant from 2,2
the original resident evil 3 nemesis,2
a cool shrek mod for nemesis,2
brad hearing him warn about nemesis coming for us as he,2
s tyrant this game s nemesis is not dynamic he shows,2
nemesis op,2
nemesis go brrrr,2
but the sheer terror of nemesis and the return to form,2
nemesis is gay,2
nemesis do be kinda spooky doe,2
again i hate stage 3 nemesis worst re ever,1
nemesis coño de madre chavista jill,1
resident evil 3 nemesis was the first resident evil,1
part was amazing and the nemesis rooftop fight 10 10 nemesis,1
one tbh five hours of nemesis chasing jill nonstop,1
outbreak from mr x to nemesis the pressure is on this,1
missing content from the original nemesis but honestly might be a,1
having a hug session with nemesis i d recommend this as,1
nemesis can shove it and the,1
operation raccoon city re 3 nemesis outbreak files so the timeline,1
becomes a linear hall the nemesis escape sequences do too so,1
nemesis makes me scared,1
it s a good time nemesis is a fun antagonist and,1
did so naturally they send nemesis after her and nemesis ohhh,1
bad bio weapon here is nemesis an absolute diabolical looking monster,1
control while running away from nemesis will have your heart racing,1
decent game i think the nemesis boss fights are very fun,1
of the encounters while the nemesis portions feel super jank both,1
it jill s words for nemesis pretty much describe what playing,1
but with a dodge mechanic nemesis was not scary at all,1
like then game but the nemesis just get so annoying after,1
more unscripted encounters with the nemesis,1
nemesis is so chill,1
♥♥♥♥ u nemesis,1
due to the existence of nemesis but being able to highlight,1
nemesis can t even swim,1
still action and of course nemesis this guy really does not,1
first playthrough was honestly awesome nemesis was genuinely scary and his,1
"me wanting more   nemesis was a great addition but",1
i finally get it nemesis clearly has an anger management,1
and strength carry the game nemesis keeps the pressure high while,1
stale characters and they turned nemesis from being actually threatening into,1
has a great atmosphere and nemesis is simply nemesis the only,1
so well first of all nemesis was underutelised like my favourite,1
a big black guy named nemesis buy this game,1
nemesis the goat,1
short and especially all the nemesis fights but i defenetily hated,1
of the game is just nemesis aura farming,1
better the game is short nemesis is shonen animu protag as,1
game is so short that nemesis spends more time introducing himself,1
i definitely recommend buying it nemesis was done really well in,1
soul and energy while dodging nemesis 8 times in a row,1
most of all they made nemesis very scripted on 60 70,1
on stuff from re2 and nemesis is a great villain even,1
factory — are just gone nemesis the game s supposedly terrifying,1
the time to do it nemesis the map and the story,1
of parts that feels repetitive nemesis feels like the only major,1
faltan un monton de cosas nemesis deberia ser mas molesto y,1
had was the bullet sponge nemesis who can hit you from,1
it is however stage 4 nemesis on nightmare or inferno difficulty,1
game gets attacked by the nemesis of this game called nemesis,1
i d prefer nemesis over mr x any day,1
packed storyline is decent and nemesis is a great antagonist which,1
game because zombies is faster nemesis to stronger than resident evil,1
trivalise some parts and made nemesis less threatining than the game,1
of the encounters with the nemesis are scripted and feel more,1
as in the original game nemesis is very much neutered and,1
a fun game unfortunately the nemesis is much worse than the,1
i like the fact that nemesis has only one voice line,1
disappointment to see that all nemesis segments are scripted having such,1
doesn t do justice to nemesis like how scary he was,1
i legit melted nemesis and he still came back,1
evil 2 i deeply enjoyed nemesis and how comitted it is,1
firstly the sheer number of nemesis fights that we had to,1
looks good did they ruin nemesis and jill yes is the,1
"gameplay 2 10 nemesis 10 10",1
not having that fear of nemesis showing up at any time,1
to take a hint pros nemesis has incredible cardio dodging feels,1
content many things changed around nemesis is a joke i could,1
always hunting star s killer nemesis,1
capable than them the negatives nemesis has been skinned and is,1
is literally no reason for nemesis to be acting like spiderman,1
difficulty be extra careful during nemesis s three hit combo in,1
overly linear design furthermore while nemesis looks awesome he adds very,1
for example gravedigger boss and nemesis only appears when its scripted,1
i like playing re3 nemesis and carlos made it super,1
i am enjoing very much nemesis is very stress full 9,1
nemesis my goat,1
nemesis the only boss in my,1
and story was decent but nemesis was more a set piece,1
t played the original re3 nemesis so coming into this fresh,1
even though nemesis feels very linear compared to,1
of content from the original nemesis only stalks you in the,1
for the zombies stayed because nemesis wouldn t let me leave,1
"new fear unlocked  nemesis",1
gave me stockholm syndrome for nemesis from end fight screw that,1
old players was the old nemesis as he was more active,1
"and saves ♥♥♥♥  spoiler nemesis spoiler jill is the ♥♥♥♥♥♥♥",1
"for a while   nemesis is an absolute monster the",1
i was excited to battle nemesis and see how it would,1
a re game should provide nemesis who should be the core,1
"and less survival oriented  nemesis feels underutilized due to heavily",1
intense combat and nonstop tension nemesis creates unforgettable moments and jill,1
so good and the was nemesis chase us gives me chill,1
enemy that is unrelenting this nemesis of yours is well executed,1
too scared to finish it nemesis was a nightmare i then,1
still had fun 8 10 nemesis is scary of scary,1
am old but dear god nemesis is so annoying and i,1
digger not to mention that nemesis has only scripted events and,1
hellish it was to fight nemesis he would not ♥♥♥♥♥♥♥ die,1
nothing much nemesis is more annoying than scary,1
bad linear corridors with scripted nemesis encounters rpd is still good,1
stunning and jill was awesome nemesis was terrifying especially when that,1
this game is the goat nemesis that being said despite him,1
gimmicks they go on with nemesis towards the end,1
boss battles are missing and nemesis is no longer a nemesis,1
a span of 3 hours nemesis was treated like an entire,1
great atmosphere and character building nemesis is such a well designed,1
feels way shorter than re2 nemesis is barely a threat and,1
com a perseguição constante do nemesis cada combate se torna uma,1
hours really fast pace and nemesis was terrifying very much scripted,1
is great and jill and nemesis make the experience memorable it,1
it is disappointing to see nemesis i mentioned before that there,1
to head encounters with the nemesis about a half dozen times,1
best addition to the game nemesis is a much better pursuer,1
the redesigned creatures look fantastic nemesis is still a great antagonist,1
i had with it the nemesis scared me many times through,1
entretenida de principio a fin nemesis aunque no tiene el mismo,1
game original resident evil 3 nemesis is a masterpiece so even,1
looked very alive and ohh nemesis looked scary i ll surely,1
entire time back tracking yeah nemesis was annoying but he wasn,1
masterpeice the graphics are incredible nemesis s new design is way,1
is terrible getting chased by nemesis is not fun and not,1
i cant really compare but nemesis while having a very fearful,1
one hell of a ride nemesis literally became my actual nemesis,1
nice mechanic i wish the nemesis sections were less scripted in,1
or lol being chased by nemesis was terrifying because of how,1
the chase sequences between nemesis and jill became repetitive but,1
fsr implementation does look good nemesis is just annoying sometimes but,1
evil games this so called nemesis is a joke and jill,1
thing about this remake was nemesis many fans of the og,1
good re fun but scripted nemesis moments and missing content make,1
was so ♥♥♥♥♥♥♥♥ scared from nemesis but the is fun is,1
i found that the spoiler nemesis was not an enjoyable enemy,1
managed to get all the nemesis drop and gun upgrade in,1
♥♥♥♥ that nemesis guy why he so fast,1
nemesis will return in avengers doomsday,1
evil 2 remake so memorable nemesis — nemesis looks intimidating and,1
also traumatized by the window nemesis crash i hate you capcom,1
very grotesque and very detailed nemesis was originally my least favorite,1
original 0 horror pretty easy nemesis is a meme in remake,1
♥♥♥♥♥♥♥♥♥♥♥♥ of the so called nemesis was impossible to kill i,1
t played the original re3 nemesis this will do just fine,1
review it s 40 euros nemesis doesn t feel like a,1
great and i especially liked nemesis as the main antagonist while,1
its way shorter than nemesis og but jill looks hot,1
rather than a remake of nemesis yes it has cut content,1
of the same from remake2 nemesis remains the highlight,1
from re2make is still amazing nemesis is still very cool even,1
epic cut scenes and scripted nemesis anyway this game deserved money,1
"better  but damn the nemesis won t let you breath",1
i couldn t sleep till nemesis is dead i hope also,1
nemesis aint the problem its the,1
opportunities to dome the ♥♥♥♥♥♥♥ nemesis while it was down but,1
"replay function besides 100 ing nemesis is ass softblocking the game",1
the game feeling like a nemesis boss gauntlet towards the end,1
"point  capcom knew that nemesis is going to be a",1
out a bit more and nemesis needed more time to feel,1
with backtracking and the constant nemesis bossfights were annoying the hospital,1
la peur provoquer par le nemesis et sur pour daddy carlos,1
entirely difficult but still challenging nemesis gave me a migraine also,1
underutilized compared to the original nemesis presence is barely there only,1
being hunted down by the nemesis is not fun but still,1
the original resident evil 3 nemesis i was really disappointed by,1
its not that scary but nemesis is the goat after i,1
ve been more spoiler the nemesis fight at the end was,1
nemesis is easy to kill make,1
ll never have a solid nemesis remake although i hugely disagree,1
the original resident evil 3 nemesis isn t as scary and,1
"as re2 remake   nemesis was cool but i do",1
favor of explosive hollywood action nemesis who by all accounts should,1
play something else edit1 that nemesis boss lol what a freakin,1
better ones in the franchise nemesis is a presence that is,1
true of the scenes with nemesis whereas in resident evil 2,1
as compared to original where nemesis will chase u more frequently,1
i ve never played re3 nemesis i hear that this remake,1
pretty fun i beat the nemesis fight in the acid tub,1
nemesis is a cutie he just,1
but i lowk liked it nemesis was better than mr x,1
mid game ♥♥♥♥ nemesis,1
survive never gets old and nemesis brings some great moments whenever,1
least it was fun the nemesis fights besides the first one,1
" that said the og nemesis lived rent free in my",1
a decision like the og nemesis is not a stalker type,1
this so linear and every nemesis encounter being scripted what are,1
really good game even though nemesis is really annoying and stressful,1
umbrella and her interactions with nemesis kudos to capcom for keeping,1
incomplete game really poor experience nemesis fights are very generic the,1
start when that thing called nemesis shows up it s ridiculous,1
but i just dont like nemesis,1
from the og are gone nemesis is still intense at times,1
you want to die i nemesis is not chasing you he,1
8 10 i survived nemesis,1
a very angry guy named nemesis after finishing the game around,1
a perfect dodge and shoot nemesis in the face and speaking,1
any justice to resident evil nemesis or the resident evil universe,1
i do miss when the nemesis would say stars more easily,1
almost torn to pieces by nemesis consumes a herb walks out,1
all the new characters however nemesis is by far even more,1
i hate you nemesis leave me alone,1
nemesis looks like my dad,1
to the point of annoying nemesis are faster then mr x,1
got stuck on the first nemesis bossfight on hardcore because i,1
game scary at all even nemesis wasn t scary to me,1
is an excellent protagonist and nemesis is an unforgettable enemy every,1
while i do definitely prefer nemesis this is still a good,1
quite enjoyable being chased by nemesis getting the guts eaten alive,1
of surviving the terror of nemesis here nemesis is just another,1
nemesis is a very nice person,1
either cut or heavily changed nemesis is intimidating early on but,1
"what he was doing 3 nemesis you re not a sigma",1
who prefer adrenaline over comfort nemesis becomes remarkably affectionate on inferno,1
system a chance to shine nemesis is also a great antagonist,1
game is quite enjoyable and nemesis is very cool,1
i loved how nemesis was aura farming and i,1
can confirm nemesis is a nemesis,1
that said certain encounters with nemesis still manage to keep you,1
like the clock tower and nemesis interactions i feel like all,1
i love it also the nemesis design is incredible great game,1
to use the main antagonist nemesis is much scarier than tyrant,1
"using the railgun to obliterate nemesis was awesome  does feel",1
graphics look great 👍 9 nemesis out of 10,1
"chance to shine   nemesis is also a great antagonist",1
the nemesis stage 3 was too difficult,1
i hate fckng nemesis,1
complaint i do have is nemesis is completely scripted in this,1
"about five minutes   nemesis is supposed to be intimidating",1
near ridiculous if you want nemesis to feel completely unfair and,1
h2 ★ interaction with the nemesis ★ h2 ✦ original re3,1
more here then there s nemesis as a stalker he s,1
ammo to protect yourself also nemesis just feels more like a,1
that nemesis guy was a real nuisance,1
"in fact accelerate   nemesis sees mr x s entire",1
h1 pretty dope but the nemesis boss fight in the disposal,1
full price it also butchered nemesis and jill this is my,1
explained to you anyway fighting nemesis is like 60 of the,1
"n a horror game  nemesis is the new tyrant literally",1
s sections running away from nemesis and fighting for her life,1
but it annoyed me that nemesis always came back overall 9,1
an advantage like in 2 nemesis is cool and feels more,1
"from a pursuer   nemesis deserves a special mention —",1
guys are just so cool nemesis is way more scarier than,1
could feel the shockwaves when nemesis punched the floor,1
carlos keeps things fresh and nemesis remains a relentless threat throughout,1
peak just be careful of nemesis x you cannot catch a,1
can t anybody shoot straight nemesis jumps out of everywhere and,1
fun the og resident evil nemesis is one of my favourite,1
hunted down by the oppressive nemesis it was the s t,1
nemesis is intimidating af masterpiece,1
very fast paced nemesis is a good villain good,1
useless ammo is terribly spars nemesis is unrelentless and zombies aside,1
both jill and carlos but nemesis just feels more scripted and,1
but damn is it finicky nemesis stage 2 boss fight was,1
and interaction with the environment nemesis was a badass of a,1
amazing game but nemesis is really annoying,1
and environments from it too nemesis could have been done a,1
just a few hours scripted nemesis unlike the terrifying stalker mechanics,1
i hate nemesis hes so freaking annoying however,1
"civilian collateral damage   nemesis the boss fights against nemesis",1
some gameplay combat improvements and nemesis is extremely cool definitely worth,1
playing a resident evil game nemesis was terrifying during his encounters,1
stars nemesis,1
euros for this game and nemesis annoys me that he is,1
tambien senti repetitivo lo del nemesis se parece al señor x,1
pretty overhated a little short nemesis was a downgrade compared to,1
near the end the final nemesis fight was so difficult that,1
and breathe the lack of nemesis post raccoon city streets segment,1
honestly not a bad game nemesis has it out for me,1
and scripted which spoiler prevents nemesis from feeling truely terrifying spoiler,1
evil fan from the way nemesis was sensationalised and turned into,1
me alone already jeez that nemesis guy another fun resident evil,1
great game really enjoyed it nemesis is such a cool and,1
less stalker like more choreographed nemesis definitely made things easier after,1
remake of resident evil 3 nemesis the original was the first,1
to re2make super linear and nemesis feels more annoying than scary,1
nemesis one of the most annoying,1
like every boss fight with nemesis is just a resource drain,1
fighting nemesis took years off my life,1
"every corner in every shroud nemesis was hunting and i was",1
the city a bit before nemesis showed up the remake however,1
to all the bosses being nemesis beyond that there wasn t,1
compared to resident evil 2 nemesis is also intimidating and creates,1
guy i have to admit nemesis is clunkier than mr x,1
nemesis makes his outfit from trashbags,1
jill valentine was worth it nemesis was a menace asf the,1
this game is kinda cheeks nemesis is an utter joke his,1
more damage on normal difficulty nemesis will constantly come after you,1
being much more linear and nemesis being more scripted than his,1
attacks it s just frustrating nemesis is more annoying than mr,1
boss encounters against the relentless nemesis creature further cement the game,1
engaged from start to finish nemesis is a terrifying enemy that,1
the vibe of this one nemesis stalking me all over the,1
jill and carols goated duo nemesis is annoying as ♥♥♥♥ predictable,1
and the boss fights against nemesis were great although the gameplay,1
a horror game at all nemesis encounters were more annoying than,1
to watch play out the nemesis is a joke he spends,1
good time with this one nemesis is a real pain in,1
nemesis just won t go away,1
"final form super god sayian nemesis stun locking and other shenanigans",1
but keeps getting pounded by nemesis and getting saved by carlos,1
price for this trash the nemesis system they have isn t,1
the character and enemy models nemesis particularly looks awesome unfortunately for,1
because of how they designed nemesis as he d be impossible,1
in the original re 3 nemesis i played so long ago,1
nemesis can hunt me down and,1
nemesis made me ♥♥♥♥ myself,1
enjoyed it and damn was nemesis crazy,1
content from the original and nemesis just being scripted every now,1
never having met the original nemesis — was a genuinely cool,1
have more areas and more nemesis encounters but still not bad,1
biggest problem by far is nemesis himself in the original game,1
"off each other   nemesis is a big highlight though",1
buying the og resident evil nemesis or just playing resident evil,1
re3 it scrapped the roaming nemesis for scripted epic scenes don,1
kinda short game nemesis is kinda boring but apart,1
things from the original and nemesis encounters are too scripted and,1
the first most of the nemesis encounters are more or less,1
original and reuse assets also nemesis 4 in inferno mode doing,1
in combat style but with nemesis showing up everytime although not,1
was the last time facing nemesis,1
so short that i thought nemesis tentacles were my penisland ahhhhhh,1
even a bit attached to nemesis by the end of it,1
tons of sense and the nemesis is annoying at best health,1
i enjoyed it all and nemesis always chasing me was very,1
wrong missing content the real nemesis around half of the original,1
a good duo the third nemesis fight was a little frustrating,1
whole lotta plot armor and nemesis has the potential to be,1
nemesis get the hint brah she,1
i think nemesis is overeacting a little bit,1
nightmare final nemesis is already hell,1
rpg with no fear of nemesis sneaking up to you it,1
ngl i like the way nemesis works here later on if,1
accurate remake of the old nemesis game this isn t it,1
♥♥♥♥ is supposed to be nemesis capcom could ve done so,1
carlos do here jill s nemesis nemesis is less creepy than,1
had the only highlight was nemesis chasing you in earlier levels,1
nemesis and racoon city,1
limited because in the original nemesis would show up at random,1
as good a job with nemesis as in the original while,1
mechanic and the phase 2 nemesis boss fights are just so,1
the gameplay is fun and nemesis keeps the pressure on throughout,1
wasn t so agonizingly slow nemesis is the most impossing only,1
exploration is lost and although nemesis is intimidating you are not,1
get itself over with asap nemesis is a scary looking dude,1
vezes bem fácil de platinar nemesis em 4k fullhd jogaço,1
keeps a light hearted mood nemesis is really intimidating and difficult,1
with better intention it made nemesis an actual terrifying villain rather,1
me see nemesis me scared me run nemesis,1
with jill was fun with nemesis and the zombies i can,1
to the constant threat of nemesis one of the series most,1
a lot more out of nemesis himself who isn t even,1
nemesis is ass,1
carlos oliveira are fighting against nemesis usual infected people are slow,1
stands out is how well nemesis was designed with modern day,1
just play resident evil 3 nemesis it s on steam,1
nemesis best stalker 10 10,1
the atmosphere is great and nemesis is constantly on your back,1
during more action heavy moments nemesis is one of the standout,1
also whoever designed the final nemesis fight on inferno difficulty genuinely,1
in a few key areas nemesis instead of being a terrifying,1
with a clicking empty gun nemesis is an absolute force of,1
know when you take down nemesis it drops an item🤣🤣🤣 the,1
they took nemesis out of the title and,1
"a good challenge especially against nemesis in later fights jill and",1
and sewers entirely in 3make nemesis also is a joke of,1
desperation that defines survival horror nemesis who should have been the,1
w game i m nemesis daddy,1
game so much especially the nemesis chases and fights i hope,1
way to short its insane nemesis is fun though,1
horror is good i like nemesis ♥♥♥♥ the story of this,1
re2 remake all of the nemesis boss fights are scripted which,1
jocul il ai pe nesimtitul nemesis care sufera mutatii de fiecare,1
at all your just fighting nemesis at every checkpoint another problem,1
dan its own game and nemesis final fight are disappointing,1
out of all re games nemesis was tuff especially int he,1
with the constant tension from nemesis and the more action focused,1
it are the playtime and nemesis nemesis felt like a scripted,1
of raccoon city is incredible nemesis is terrifying and the visuals,1
to the relentless pursuit of nemesis he genuinely had me on,1
the entire game running from nemesis just to shove a railgun,1
frustation is for many fans nemesis is not engaging at all,1
a fresh vibe i think nemesis is so iconic and revisiting,1
the clocktower are missing and nemesis goes from being a relentless,1
not called resident evil 3 nemesis remake since the nemesis shows,1
going up in flames as nemesis rampages after you is incredibly,1
a tone deaf introduction to nemesis no tension no buildup constant,1
nemesis chases you like a landlord,1
been so much better the nemesis segments were way better in,1
game is great i love nemesis he made me feel fear,1
also a bit disappointed with nemesis he looked intimidating and had,1
"jill cool   nemesis get off my d",1
very very linear and the nemesis boss fights are the major,1
at a fast pace and nemesis creates some intense moments the,1
rails sequences particularly those involving nemesis during which you have no,1
also very cool i loved nemesis and the different forms he,1
it does a lot but nemesis is just a far less,1
the start i recommend modding nemesis and jill with classic faces,1
6 5 10 ♥♥♥♥ inferno nemesis tho,1
i want nemesis to sscream stars at me,1
its overhated tbh the repetitive nemesis boss fights were kind of,1
nemesis freaking everywhere jill randomly wearing,1
title my second problem is nemesis the guy that s supposed,1
nemesis makes me wanna kms makes,1
i loooooooove carlos i haaaaaaaaate nemesis,1
nemesis you one tough ♥♥♥♥♥♥ carlos,1
the jill and carlos story nemesis is amazing literally the best,1
having played the original re3 nemesis i agree on the hate,1
nemesis afton vs best re protagonist,1
mid ngl gameplays aight and nemesis gets boring after the first,1
"wait for it to end nemesis all scripted yaaaay  jill",1
nicholai is abysmal abysmal looking nemesis does not last long story,1
jill carlos nemesis all have a special place,1
just not any better and nemesis is sometimes so much ♥♥♥♥♥♥♥♥,1
as any other resident evil nemesis is very intimidating there are,1
nemesis suck,1
slurs for mr x but nemesis chase felt boriing even though,1
any way the scenes with nemesis have that hollywood sensationalism but,1
everytime i see nemesis i quote oh dear we,1
short but dodging is good nemesis staged so scary 6 10,1
reasons including the portrayal of nemesis in this game compared to,1
"evil game   every nemesis encounter is literally just w",1
the nemesis is coming,1
nemesis stage 3,1
as i was chased by nemesis fought hunter betas and gammas,1
why is nemesis so damn fast,1
best game the nemesis freaked the way out of,1
texture with nexus mods pro nemesis aura farming get into save,1
bad but man the constant nemesis spam is so annoying lol,1
than 2 minutes before shoving nemesis again at your face and,1
story is basically jill vs nemesis all the time and it,1
very short and not enough nemesis,1
more exploration and a reworked nemesis that stalks you instead of,1
fun game but that nemesis was a pain in the,1
cool though insanely short and nemesis was a really disappointing villain,1
examples include the scripting of nemesis character assassination of jill omission,1
really good game you ve nemesis chasing you from the beginning,1
who you were playing as nemesis is pretty terrifying and hard,1
misses a lot of content nemesis is less of a constant,1
jump scare and encounter with nemesis is really and i mean,1
now that they heavily nerfed nemesis primarily he has very little,1
and i absolutely love fighting nemesis,1
it out of frustration the nemesis mechanic is rubbish and the,1
and made the story enjoyable nemesis was annoying as hell though,1
but slightly faster but the nemesis encounters being heavily scripted instead,1
time getting up than fighting nemesis that makes me want to,1
tension the atmosphere the unknown nemesis reminds me of the berserker,1
raccoon city dodging zombies and nemesis really felt like they were,1
i got touched brutally by nemesis might have enjoyed it blud,1
that scared feeling of seeing nemesis the first time around and,1
difficulty is only the final nemesis boss fight overall i still,1
mmmmgh carlos also nemesis is so fun to beat,1
good it s pretty much nemesis zombies nemesis zombies over and,1
rid of everything that made nemesis the 10 10 villain he,1
feels alive despite the chaos nemesis is a constant threat that,1
insult to resident evil 3 nemesis and one of the single,1
"and player agency   nemesis despite being the face of",1
just go play re3 nemesis 😭 they really took out,1
nemesis simulator,1
in the best way and nemesis still brings that “move now,1
inferno difficulty is my nemesis,1
the game literally starts with nemesis breaking down your wall and,1
and smooth gameplay the relentless nemesis adds constant tension while the,1
"this game difficult is joking nemesis is so very scripted unlike",1
good game cool story l nemesis,1
and you do nothing check nemesis being a joke thats barely,1
want to test how good nemesis is spoiler delay everything you,1
you could say that nemesis is the nemesis of stars,1
such a good job with nemesis it s constant non stop,1
it as a full game nemesis deserved so much better than,1
"s pros   also nemesis pops like a terrorist so",1
4 hours long they introduced nemesis way too early by putting,1
you beat nemesis youre happy for half the,1
original resident evil 3 nemesis is still better but i,1
it to resident evil 3 nemesis you never explore most of,1
the apartments and burned down nemesis met some guy brad that,1
scary at all fights with nemesis are good except the last,1
its shorter playtime at first nemesis was exciting and made the,1
after the boss fight with nemesis where carlos smacks him with,1
when trying to dodge from nemesis 99 of the time the,1
short and some of the nemesis encounters feeling really staged i,1
random ♥♥♥♥ but ♥♥♥♥ the nemesis,1
jill is badass and the nemesis is definitely not the og,1
action game and less of nemesis,1
doesn t focus enough on nemesis and has a tad bit,1
compared to the re2 remake nemesis is a terrifying presence but,1
two but stage 3 final nemesis is such a pain in,1
nemesis peler,1
is cool carlos is hot nemesis can ♥♥♥♥ off i played,1
nemesis daddy,1
recommend and good luck againts nemesis,1
just wish the nemesis was more like the original,1
very bom nemesis muito foda,1
final stage becomes nearly unplayable nemesis chain attacks you while your,1
survival horror and action with nemesis serving as a relentless and,1
on the same engine the nemesis was boring and annoying and,1
that has to do with nemesis he is more annoying than,1
huge fans of original re3 nemesis you f ng idiots on,1
original you run away from nemesis and all of a sudden,1
brad carlos and hell even nemesis were completely chopped up as,1
"  compared to re2 nemesis felt more like an occasional",1
rushed in a way the nemesis apearing only in scripted scene,1
remake of resident evil 3 nemesis no but is it a,1
"jill less badass literally made nemesis more stupid changed you want",1
idk why but all the nemesis encounters r just quick time,1
lot at certain moments with nemesis even though this game is,1
"throws at you   nemesis is also a bit of",1
what is a problem is nemesis from my understanding is supposed,1
fight 1v1 bare hands with nemesis,1
the bad assery monster soldier nemesis to be frank my expat,1
"in a zombie outbreak  nemesis on the other hand was",1
enjoy the boss fights against nemesis they are intense fast paced,1
good to see that the nemesis can respect the artistry of,1
very short and mostly only nemesis gives any interest the locations,1
fast pacing cinematic sequences and nemesis constantly pressuring you make it,1
remake sin ningún aditivo y nemesis da más miedo en las,1
it s miles below re2r nemesis is a glorified cutscene and,1
lets go over the flaws nemesis is a lame duck and,1
how the ♥♥♥♥ does the nemesis kill everyone but the person,1
the original resident evil 3 nemesis and most of the criticism,1
nemesis is my 13th reason why,1
new look for jill and nemesis both look better this time,1
the same animation 20 times nemesis got turned into a complete,1
lingering in the form of nemesis that thing comes out anytime,1
popped in the room and nemesis was chasing me i was,1
game could be at times nemesis is a tough annoying bastard,1
a fan of the og nemesis i still very much enjoyed,1
problem with finding it did nemesis hella dirty in this even,1
and the constant threat of nemesis keeps the tension high however,1
"the characters of jill and nemesis just unbelievably bad  ",1
fun getting jump scared by nemesis,1
is meant to be like nemesis was a total pain in,1
an entertaining experience and the nemesis boss is fun,1
actual remake of biohazard 3 nemesis although quite well designed and,1
years ago the original re3 nemesis on the best console ever,1
thing that was annoying was nemesis it felt like there was,1
original and just how amazing nemesis probably was as an antagonist,1
and now his jacked cousin nemesis completely destroys everything in its,1
decent bit scary and when nemesis was actually chasing you it,1
"for me   the nemesis is the most annoying thing",1
that nemesis is not dying,1
me just start with the nemesis he lost so much of,1
or just running away from nemesis from point a to point,1
i was playing happily until nemesis made me his ♥♥♥♥♥ and,1
the clock tower were removed nemesis also seems like just another,1
game constantly throws you onto nemesis and rarely lets up the,1
nemesis is coming for me,1
jó megéri az árát csapkodnám nemesis picsáját,1
wasn t as good but nemesis is scarier than mr x,1
go buy resident evil 3 nemesis 1999 its much better,1
bored throughout this whole thing nemesis returning half a dozen times,1
s in the stage 2 nemesis rematch i ran out of,1
"could ve used more nemesis 6 5 10  really",1
s and after the 3rd nemesis fight it gets repetitive like,1
the controls are pretty mediocre nemesis is a brick wall brute,1
also one small complaint is nemesis imo it felt too scripted,1
when compared to the original nemesis its a wet fart,1
but also in the original nemesis was stronger it had fixed,1
the original resident evil 3 nemesis when i was younger so,1
is just explosions running and nemesis showing up like he pays,1
incomplete but still decent nonetheless nemesis is annoyingly persistent,1
is on the run from nemesis who wants to destroy all,1
x is much scarier than nemesis 8 10,1
with yellow paint everywhere abysmal nemesis logic especially in higher difficulties,1
the original resident evil 3 nemesis and while i could complain,1
bad remake and final nemesis on inferno had me calling,1
and market a game about nemesis then make every aspect of,1
innovation of the original re3 nemesis in favor of cutscenes and,1
through her escape from the nemesis is an intense and deeply,1
game and added in the nemesis from temu if you are,1
trashy remake ruined jill and nemesis the main stalker of the,1
roughly by 60 70 and nemesis was turned into a hunting,1
getting tired from all the nemesis gunplay and immersion still incredible,1
throw out some attitude meanwhile nemesis exists purely to ruin your,1
way more ammo and zombies nemesis who is a real big,1
wait to get slapped by nemesis again,1
as short as my ♥♥♥♥ nemesis reading the prompt like ♥♥♥♥♥♥♥♥,1
game fighting or running from nemesis and the actual zombie killing,1
nemesis scared the living daylights out,1
10 for speedrunning last stage nemesis is a good fight on,1
this game is basically nemesis hunting your ass the boss,1
play hide n seek with nemesis he will be just behind,1
never got into the og nemesis for one reason or another,1
nemesis like the apex gun,1
it it s likely both nemesis also just spawned in front,1
a free roaming pursuer style nemesis is sorely felt especially when,1
game this was amazing the nemesis fights were all really cool,1
don t like the way nemesis is implemented in the game,1
horrible remake level design and nemesis are a huge downgrade recommend,1
"could ve been   nemesis is cool but not as",1
re2r and all encounters with nemesis are scripted the last boss,1
up the game either the nemesis is of a far worse,1
that nemesis is not dying fr,1
and offer a richer experience nemesis is the game s greatest,1
nemesis arguably a bigger hater than,1
map is pretty boring and nemesis is subpar when compared to,1
and tense at times especially nemesis who doesnt even let u,1
this point the aptly named nemesis is probably at his scariest,1
t played resident evil 3 nemesis so it won t feel,1
never played the original re3 nemesis so i don t really,1
caricature or just uninterestingly flat nemesis the main antagonist is a,1
was i wrong never expected nemesis to jump out of the,1
not necessarily a bad thing nemesis is a ridiculous antagonist that,1
falling apart zombies everywhere and nemesis just constantly shows up to,1
nemesis is scary and the game,1
enjoying the story at all nemesis is just annoying rather than,1
the only issue is the nemesis his first few moments are,1
pretty cool to see seeing nemesis reappear every now and again,1
a certain place or not nemesis for example does not jump,1
because of some scenes oh nemesis you will always be the,1
nemesis lwky fast but he chill,1
nemesis jumpscared the ♥♥♥♥ outta me,1
the action packed cutscenes and nemesis really fun and exciting and,1
is really only there because nemesis charges at you with insane,1
9 10 great game but nemesis was a pain in my,1
her size lol also ♥♥♥♥ nemesis,1
comedic degree not only does nemesis mr box art himself is,1
just feels messy and unfinished nemesis who should be the main,1
nemesis never die,1
would rather fight stage 3 nemesis five more times before you,1
nemesis leave me alone,1
nemesis hem iyi hem kötü olmuş,1
fight when jill shouts at nemesis “next time take the ♥♥♥♥♥♥♥,1
carlos le dan mas protagonismo nemesis puede ser bastante intimidante no,1
of it was great and nemesis but only the cutscenes cause,1
nemesis wont die jill a baddie,1
what i like about it nemesis is pretty cool carlos and,1
badass when jill absolutely demolished nemesis with a railgun so this,1
fair not great but solid nemesis is scary,1
"items  mr x aka nemesis isn t just an annoyance",1
nemesis is like my drinking habit,1
is not a good remake nemesis is a joke but is,1
the endless cycle of fighting nemesis over and over bro acting,1
version of resident evil 3 nemesis is still usually cool but,1
i have a crush on nemesis ₍₍⚞ ⸝⸝ ⸝⸝ ⸝⸝ ⚟⁾⁾,1
hurts more than any attack nemesis does in this game he,1
has a lovely butt and nemesis is the perfect stalker,1
first impression of jill and nemesis forever the game is fun,1
good story i liked the nemesis parts cool early model design,1
was cut instead of expanded nemesis who is arguably one of,1
sure but resident evil 3 nemesis did it better this remake,1
adds excitement to every encounter nemesis is an intimidating presence constantly,1
liked was nest 2 carlos nemesis s aura and the very,1
"point   first the nemesis part is good there is",1
with great tense moments whenever nemesis appears solid story with great,1
about this game is when nemesis appears to stalk you i,1
i was really excited about nemesis he s faster he s,1
and the iconic jill vs nemesis dynamic has been reduced to,1
short but fun nemesis is annoying version of mr,1
are expected to stab the nemesis guy for several minutes while,1
a lil bit frustrating also nemesis coming back over and over,1
"i ve only died to nemesis a handful of times ",1
the story expected more from nemesis seeing as in re2 mr,1
"dissapointed with the final boss nemesis stage 3  6 5",1
though maybe more intense as nemesis is constantly on your ass,1
bit too much and final nemesis on nightmare inferno is just,1
the original resident evil 3 nemesis was better in terms of,1
my complaints with this game nemesis was a massive flop in,1
t it for me the nemesis just isn t scary there,1
playing it the correct way nemesis kept me on edge throughout,1
anymore after the first two nemesis encounters wtf i found the,1
entire sections cut out entirely nemesis is reduced to nothing more,1
nemesis sahneleri iyi fakat belirli yerlerde,1
no space to move around nemesis is so broken 2 hits,1
nemesis was the real tragic hero,1
change they did with the nemesis stalker monster it s less,1
by a unkillable all powerful nemesis jill barely walks as she,1
exploration is linear but enjoyable nemesis sections are great although very,1
a button for dodging attacks nemesis is scary as hell 10,1
a beautiful protagonist an unkillable nemesis a mediocre plot and technically,1
it does start differently with nemesis being shown to be a,1
recreates the tight feeling of nemesis chasing you not 100 accurate,1
with it by far is nemesis i m assuming since this,1
about it jill is cool nemesis before the dogification is rad,1
nemesis is so annoying god ♥♥♥♥♥♥♥,1
wow this nemesis guy looks really cool what,1
very fun very scary nemesis down,1
feels very polished and intense nemesis keeps you on edge most,1
p100 nemesis tunneled me,1
trust me nemesis dies very early,1
on the toilet its the nemesis oh ive just had dinner,1
great remake nemesis is insane,1
launcher type a more dynamic nemesis that gave the illusion of,1
just ♥♥♥♥♥♥♥ die already nemesis,1
the og resident evil 3 nemesis damn man what a waste,1
a badass i love our nemesis killer re3 however was kinda,1
evil monster in this game nemesis is not very scary especially,1
it sounds the other villain nemesis follows you around and is,1
after completing the main game nemesis is no longer a stalker,1
this remake i love dodging nemesis,1
♥♥♥♥ game bad game mechanics nemesis is annoying can t switch,1
la fase final de nemesis me duro 2 minutos para,1
only play this because of nemesis lol this one is not,1
scripted and cutsceney encounters with nemesis the hospital is only something,1
his brutal iconic death to nemesis outside of rpd in the,1
just bad while i appreciate nemesis chase scenes the constant nemesis,1
money had fun even thouth nemesis was a massive pain in,1
it s always the same nemesis gets defeat comes back stronger,1
t a r s obsessed nemesis 10,1
remake of resident evil 3 nemesis,1
nemesis is there just to be,1
jill the game was aight nemesis was boring as a boss,1
mechanics are so marvelous the nemesis mechanic is so thrilling along,1
nemesis told me to recommend this,1
and i d absolutely crack nemesis however the game is still,1
why i need to kill nemesis like a hundered times,1
nowhere near as bad as nemesis some guy,1
very evil especially that bastard nemesis who infact can swim,1
ve ever played yes is nemesis done dirty in this one,1
of the raccoon city games nemesis feels way more threatening than,1
mechanic and relentless tension from nemesis the sound design is award,1
another disappointment to me was nemesis was nowhere near as a,1
because its not that long nemesis is terrifying 10 10,1
to be honest i hated nemesis some of the cheapest feeling,1
great game nemesis is a menace but a,1
was already at the end nemesis is a huge let down,1
but still definitely worth playing nemesis would rather aura farm than,1
is not like the original nemesis it s its own thing,1
we have to talk about nemesis back in the original he,1
own its okay at showing nemesis but i recomend playing the,1
get as scared really and nemesis stage 1 feels kind of,1
game mr x s cousin nemesis stalks you probably cuz he,1
not really the segments where nemesis chases you in my opinion,1
"s like   my nemesis",1
after the boss fight with nemesis in the nest 2 can,1
"at least imho  3 nemesis looked more like a cross",1
marry kill game id ♥♥♥♥ nemesis marry nemesis and ♥♥♥♥ nemesis,1
intensity situation every moment when nemesis comes out with all his,1
have not played the original nemesis which is most likely why,1
that stalky little bum of nemesis randomly decides to lock in,1
elements like the choice mechanics nemesis ability to pursue the player,1
nemesis tempek,1
feel scared at all even nemesis makes me laugh because its,1
felt like resident evil 3 nemesis on original playstation although it,1
good packed with action and nemesis chasing sequences,1
them were that interesting third nemesis was a letdown he only,1
looking at the original re3 nemesis alot of content is very,1
less than 4 hours and nemesis is nowhere near as terrifying,1
"an additional dlc  the nemesis fights are mostly cutscenes sometimes",1
no rewards for fighting back nemesis no mercenary mode only like,1
biggest complaint would be the nemesis for starters he can be,1
sale i give this a nemesis 10 lemme see jill again,1
bad as how the murdered nemesis,1
for example in the start nemesis broke jill s concrete wall,1
content and its too short nemesis is rough,1
game i also like the nemesis in this re3 the story,1
selection and how watered down nemesis is and yeah it s,1
favorite version of jill valentine nemesis on the other hand has,1
the challenging nemesis a great game well done,1
nemesis was literally in my ass,1
i play resident evil 3 nemesis 1999 for nemesis i play,1
of the original areas from nemesis as it would have helped,1
game except that stupid second nemesis fight,1
the dodge mechanic makes fighting nemesis unique compared to the other,1
and the encounters especially with nemesis keep you constantly on edge,1
atmosphere and the jill vs nemesis dynamic my advice don t,1
it just sucks encounters with nemesis are tedious and not really,1
over in 5 6 hours nemesis not act like original re,1
made the biggest problem is nemesis on inferno being wildly unfun,1
"is awesome here and also nemesis with his bossfights  exploration",1
gear 9 luffy tier 3 nemesis from dbd,1
much and other stuff this nemesis guy was just plain annoying,1
was literally making fun of nemesis,1
a bunch of content neutering nemesis ect,1
s kennedy is john k nemesis,1
because of gorgeous jill and nemesis,1
version of re2 goofy ahh nemesis could ve killed jill 10,1
became my favorite i hated nemesis chasing me around the whole,1
re2 who stalked you dynamically nemesis is largely scripted his appearances,1
nemesis tried to take a run,1
still pretty fun running fighting nemesis i give it a 7,1
now would have loved more nemesis chase but with the way,1
beware of inferno they have nemesis running at us like he,1
"nice gameplay hated the ♥♥♥♥♥♥♥ nemesis 2 stage  game pretty",1
from re2r villain was bad nemesis was annoying and a let,1
re3r blind only knowing who nemesis jill and carlos are so,1
com a tua vida do nemesis recomendo,1
nemesis is truly the resident evil,1
still fun and intense with nemesis running after you like a,1
argument on this one also nemesis is mysoginist by targeting only,1
was cut from re 3 nemesis so it feels too fast,1
that the original re 3 nemesis 1999 game had has been,1
f ck you stage 3 nemesis inferno mode,1
i enjoyed it a lot nemesis was a really cool concept,1
i ♥♥♥♥♥♥♥ hate nemesis,1
are annoying as hell and nemesis was neutered however it looks,1
nemesis whooped my 12 times in,1
combat the boss fights with nemesis are definitely where the game,1
once goes through the rpd nemesis is heavily scripted never giving,1
s ai in re2r but nemesis here is just either broken,1
with atmosphere somewhat instead of nemesis being an actual stalker he,1
challenging and rewarding taking down nemesis after countless retries is incredibly,1
content and very linear progression nemesis is extremely scripted instead of,1
very good duo and dinamic nemesis is the best stalker in,1
why is nemesis still after me,1
the gameplay feels smooth and nemesis adds constant pressure making it,1
nemesis likes jumpscaring you,1
combat feels smooth and satisfying nemesis is intense and creates pressure,1
compared to the original and nemesis feels like an add on,1
are cut from the remake nemesis is built into like 7,1
and gun nothing memorable here nemesis isn t that scary he,1
probably like it even that nemesis or mister x mr x,1
of the resident evil 3 nemesis 1999 video game which is,1
flaw id say is that nemesis is there slap bang from,1
app 4249120 resident evil 3 nemesis 1999 h3 b final grade,1
my favorite part was definitely nemesis 💀 i liked how you,1
my favorite of them cause nemesis 3,1
of all every segment involving nemesis was disappointing he s less,1
absolute badasses and i thought nemesis was super cool every time,1
inferior to the original re3 nemesis yet pretty fun to play,1
the original resident evil 3 nemesis you will definitely notice some,1
especially when you juke the nemesis and it adds a bit,1
where it stops being exciting nemesis was a big disappointment for,1
good reached 100 and inferno nemesis final form was a monster,1
"plays game normally   nemesis suddenly appears   never",1
discount and just play re3 nemesis available on gog drm free,1
remake the original re 3 nemesis was and still is a,1
from the original and the nemesis enemy was underwhelming in comparison,1
bit less like survival horror nemesis is cool but he doesn,1
nemesis might actually be michael afton,1
bu versiyonu zaten tamamen rezalet nemesis direkt çöp mr x reskin,1
got here a big guy nemesis that follows you only when,1
the original resident evil 3 nemesis back when it first came,1
the destroyed city areas and nemesis absolutely terrifying he keeps you,1
very rushed the stage 3 nemesis fight is right after the,1
if you want lore accurate nemesis crank the difficulty to nightmare,1
" no real bosses only nemesis and after every fight he",1
" b verdict b the nemesis fights are the absolute highlight",1
nemesis should have been a stalker,1
easter eggs from re2 but nemesis lost that scary feeling by,1
and very easy to understand nemesis stands out as a strong,1
great game nemesis was the only boss here,1
compared to re2 mr x nemesis is a little underwhelming he,1
inferno nemesis is a cheating ♥♥♥♥♥,1
hate how they handled the nemesis making him mutate into a,1
they also could ve done nemesis a lot better,1
the fact that they made nemesis one of gaming s most,1
sa mi trag pulan nemesis si n hunter beta,1
than re2 and the mtfking nemesis will not die and keeps,1
than a survival horror experience nemesis is always close — not,1
and the boss fights against nemesis are truly epic it s,1
i kilka miejscowek z reiii nemesis nie ma mega slabe,1
goon material nemesis,1
cut content and linear progression nemesis encounters were good but too,1
of it i do remember nemesis and how he was just,1
spam enemies everywhere they can nemesis is predictable and super scripted,1
nemesis revealed at the start uptown,1
jill and the chases with nemesis is quite fun and exciting,1
is mr x scarier than nemesis yeah somewhat but everything else,1
nemesis pant k,1
breeze through the game the nemesis is cool but a downgrade,1
the last boss nemesis on nightmares stage is really,1
mechanic is a nice addition nemesis is tough to go against,1
coup de grace which well nemesis is more cutscene than game,1
difficulty etc extremely linear scenarios nemesis is a whole other story,1
has more action and the nemesis is a lot bigger not,1
it s not scary because nemesis barely exists outside of scripted,1
to mind now is that nemesis was too exaggerated he reappeared,1
are hard and rewarding the nemesis is scary quite short though,1
getting choked by nemesis great game d,1
x in the form of nemesis make each area tiny and,1
the lowest points in re2 nemesis doesn t come close to,1
nemesis the sprinting nightmare with anger,1
game just feels so scripted nemesis had quadrillion chances to kill,1
so evil he was my nemesis,1
fun lov nemesis,1
game feels a little rushed nemesis is a great villain and,1
but what a terrible gameplay nemesis with many interruption scripts such,1
gameplay mechanics of the game nemesis is terrifying and i absolutely,1
content the final fight sucked nemesis got turned into a bunch,1
news cutscene although showing off nemesis early ruins it a bit,1
i ♥♥♥♥ myself every time nemesis chases me,1
i m glad nemesis is a scripted boss otherwise,1
of the biggest issues is nemesis his ai has been completely,1
ammunition said delivery man steve nemesis has no buildup or pacing,1
than that amazing game loved nemesis i ll play the other,1
the biggest plot armor ever nemesis literally walks through a concrete,1
really easy game although nemesis is always watching but its,1
combat and fights with the nemesis i had no technical issues,1
my type nemesis obsession carlos protection,1
the way you should stagger nemesis during boss fights as it,1
nemesis ronaldinho s dribble cristiano s,1
near sub way station when nemesis chased me other than that,1
good game but nemesis literally graping u every 5,1
alone dodge anything also dodging nemesis attack moves were hard not,1
stupid nemesis battles,1
long still i liked the nemesis chase sequences in the first,1
from the original like characterization nemesis aura the hospital the rpd,1
you absolutely cannot kill featuring nemesis a seven foot bioweapon with,1
peguei glitch num resident evil nemesis no bossfigth final não para,1
fact u got chased by nemesis but not all the time,1
gameplay especially the encounters with nemesis kept things tense and engaging,1
of the show though is nemesis a towering unpredictable force of,1
re2r same for lickers the nemesis encounters feel more like qtes,1
game are comparatively boring unengaging nemesis unfortunately really just feels like,1
low replay value and the nemesis is pretty abusive at the,1
nemesis touched me 10 10,1
eh not bad but nemesis was kinda lame also game,1
run from nemesis the big bad boy and,1
city and dare i say nemesis himself mr x is a,1
play all the interactions with nemesis are scripted so you don,1
"layer of skill  👁️ nemesis presence nemesis remains a constant",1
i only like the first nemesis boss fight the second and,1
of soul when that monster nemesis started running towards me,1
love jill and carlos also nemesis scary and intense then mr,1
its kinda scary when the nemesis kept targeting me i really,1
i was really disappointed with nemesis in this remake he feels,1
the nemesis killed me 28 times in,1
" and then there s nemesis in the original this dude",1
loh ya bermain main bersama nemesis,1
nemesis is the coolest tyrant of,1
content from the og and nemesis was disappointing after the mr,1
died i don t believe nemesis really wanted to kill her,1
of jill running away from nemesis this wasn t my favorite,1
hours i just disliked the nemesis t type constant appearance in,1
s overly scripted linear and nemesis while terrifying is barely in,1
game again i get that nemesis is supposed to be like,1
fun not until you fight nemesis for the 3rd time oh,1
kinda fun last nemesis boss fight on inferno mode,1
fast paced and exciting and nemesis makes it really intense and,1
was way better then expected nemesis was brilliantly presented and i,1
i m all into it nemesis can respectfully kiss my bottom,1
"jill is hot good story nemesis scary af playing both jill",1
who s never played re3 nemesis i think it was a,1
i fricking hate nemesis,1
good game nemesis was good and very engaging,1
tough one to judge shifting nemesis to being fully scripted while,1
original is just outright removed nemesis encounters are either completely scripted,1
the og resident evil 3 nemesis from the city alone is,1
choices almost every encounter with nemesis is scripted and it ends,1
was taking place during the nemesis fight since he gets introduced,1
hell to run away from nemesis yeah carlos helll yeah still,1
nemesis badassness,1
game when it comes to nemesis fck that shi bro it,1
tweak such ai work into nemesis so it could dynamically chase,1
it s pretty fun when nemesis isn t on screen,1
media discussions resident evil 3 nemesis was always my resident evil,1
the characters and their interactions nemesis was challenging to avoid and,1
sustinhos aqui e ali o nemesis sendo scriptado quebra muito a,1
"pretty carlos could do more nemesis still scary the worm is",1
be my valentine then kick nemesis s ass and call it,1
game really scary and fun nemesis running scared the hell outta,1
didnt like that one nemesis boss hopefully he dont come,1
prefer this over remake2 mainly nemesis mr x personally fun boss,1
the original resident evil 3 nemesis was just an expansion of,1
nemesis is aura farming worth it,1
counter attack the classic zombies nemesis encounters are also thrilling however,1
content from the original re3 nemesis and reduced with cut scenes,1
not much reason to replay nemesis who should be the highlight,1
felt like dlc for 2 nemesis is cool,1
nemesis stop evolving bruh idk did,1
waste the moment you start nemesis is already breathing down your,1
counterpart at it s best nemesis being entirely scripted for the,1
can you go wrong having nemesis fire a rocket launcher at,1
since its pretty short dodging nemesis makes you feel very cool,1
i don t know but nemesis is easier than mr x,1
a problem with the new nemesis i honestly think that hes,1
relentlessly pursued by the terrifying nemesis gameplay is more action oriented,1
♥♥♥♥ my pants cuz of nemesis,1
being chased by nemesis in infero difficulty is terriyfing,1
great game although nemesis lowk needs to take a,1
pretty fun even though the nemesis is a crazier mr x,1
many scripted sequences—especially the early nemesis encounters—and a noticeable lack of,1
güzel nemesis genelde boss savaşı ve ara,1
some content has been cut nemesis please die already,1
pants when running away from nemesis,1
re2 was tied into that nemesis is a much less effective,1
nemesis stage 2 fite is pure,1
games good and fun but nemesis is not really that guy,1
make it count in terms nemesis i enjoyed him he adds,1
"nemesis   kind of short",1
introduction instead of building up nemesis slowly culminating with him executing,1
have to fight the spoiler nemesis spoiler one more damn time,1
another not even that but nemesis also has an attack that,1
nemesis is so hot,1
"game feel super abridged oh nemesis in the first minute already",1
"is really well done  nemesis is easily the best part",1
"to win cinematic experience  nemesis from stalker to scripted joke",1
play the og re3 nemesis much better than this remake,1
this platinum except last form nemesis on inferno that is ♥♥♥♥♥♥♥♥,1
isn t as pronounced here nemesis only appears in the script,1
nemesis is a right ♥♥♥♥,1
" 1 being chased by nemesis",1
got tired of that stalker nemesis dude doesn t give up,1
rushed and unpolished nightmare in nemesis last stage is like playing,1
great graphics and smooth controls nemesis is intense and memorable and,1
in my opinion and the nemesis redesign is incredibly well done,1
kind of average at best nemesis is great when he s,1
gravediggers and stage 2 3 nemesis although nemesis is still interesting,1
smooth and then there s nemesis he doesn t just show,1
only real criticism is nemesis is way too underutilized from,1
deathly afraid of being chased nemesis is still the least threatening,1
difficulty someday though surviving the nemesis chase sequences in those extremely,1
and know how to avoid nemesis even a casual playthrough feels,1
and the explosion even tho nemesis had cooler boss fights and,1
from the beginning and the nemesis is so terrifying however after,1
original but i enjoyed this nemesis is terrifying the boss fights,1
while i prefer mr x nemesis as a this game s,1
a game with how many nemesis boss battles there are but,1
zombies than i am about nemesis,1
is honestly carried by jill nemesis got a downgrade too it,1
lacks horror part ngl the nemesis chase parts were good but,1
b jill valentine b hr nemesis doesn t give a ♥♥♥♥,1
and getting rage baited by nemesis,1
"who s back back again nemesis back  tell a friend",1
nemesis is a bad resident so,1
be better that way when nemesis ran for the first time,1
found the constant stalking by nemesis to make the rest of,1
is very short and the nemesis boss is pretty annoying overall,1
as a character and obviously nemesis however i m not fond,1
way it should be original nemesis original everything just modern,1
i hate nemesis this annoying ♥♥♥♥ but i,1
"♥♥♥♥ you nemesis you piece of ♥♥♥♥ ",1
mad mostly about cut content nemesis being too scripted “feels like,1
criticism is that the titular nemesis appears almost exclusively in scripted,1
i got what i could nemesis is honestly a worse mr,1
gameplay engaging characters and terrifying nemesis with my pc s specs,1
a shell of what re3 nemesis stood for i can t,1
that will affect your playthrough nemesis has way less appearance during,1
4 hours and they turned nemesis into some stupid looking dog,1
nemesis aura,1
to the horrible dodge mechanic nemesis attacks bad story and jill,1
nemesis is a cute puppy,1
filthy in the best way nemesis rules and the whole thing,1
rpd instead of carlos and nemesis was changed as he no,1
fight for racoon city and nemesis were great can t wait,1
♥♥♥♥ nemesis slightly less than mr x,1
that was the original re3 nemesis a lot of cut contents,1
on the final stage of nemesis stay close to him and,1
a story it s just nemesis hunting you and that s,1
not exactly the parts with nemesis are very narrow where you,1
are either cut or shortened nemesis barely shows up when he,1
life every 5 minutes because nemesis has serious anger issues amazing,1
original and even changed how nemesis behaves—he s very scripted in,1
visually this game was amazing nemesis is one of the most,1
lived the biggest letdown is nemesis instead of being a constant,1
good game extremely short now nemesis is not scary is just,1
stars in nemesis voice,1
jill is a great protagonist nemesis is intimidating at least early,1
exactly what to expect scripted nemesis appearance then a little break,1
no realism braindead antagonist boring nemesis around endless difficulties js exist,1
exploration or proper buildup even nemesis who should be a constant,1
look awesome incredible optimization and nemesis chase was satisfying,1
by a weaponized stalker the nemesis whose presence turns the game,1
why the ♥♥♥♥ did nemesis keep coming back also always,1
too much nemesis but easy,1
they cut content and made nemesis this is a dlc tier,1
where i had to dodge nemesis with the clunky ass dodge,1
in re 4 and also nemesis is so annoying but this,1
have about it is that nemesis isn t as scary as,1
h1 a endless trip with nemesis h1 not the best thought,1
resident evil 3 brings back nemesis and the nostalgia—but ends too,1
the game is for example nemesis doesn t hunt you around,1
good nemesis,1
some contents are removed the nemesis choices are complete gone and,1
nemesis es peor que una novia,1
remake and its really short nemesis was disappointing considering he was,1
protagonist adds real depth while nemesis is one of the most,1
areas from the original re3 nemesis that might be true but,1
jill and her sandwhiches but nemesis is too busy reading his,1
about resistance they also ♥♥♥♥♥♥ nemesis up pretty bad from og,1
bad compared to re2 remake nemesis is not even scary jill,1
nemesis required that i change my,1
the other final fights against nemesis it was a very disappointing,1
places from the original and nemesis encouters were overall much more,1
really good game i loved nemesis,1
the nemesis is boring and no matter,1
almost total linearity is sad nemesis being mostly scripted is sad,1
i liked was that of nemesis nemesis is the main antagonist,1
what if nemesis was gay and shouted boooooooooooooooooooooooooooyssss,1
"resident evil 2 remake  nemesis weakness nemesis designed to be",1
nemesis is chopped,1
the story although why was nemesis always after her and am,1
"a disaster movie   nemesis is the real highlight in",1
at all also i think nemesis worked really well as a,1
nemesis looks cool,1
why wont nemesis just die,1
sections on the higher difficulties nemesis becomes a speed demon in,1
and her research by sending nemesis this is one of the,1
game in like 5 hours nemesis only appears 2 times except,1
not attempt inferno final stage nemesis without the rocket launcher,1
from what ive seen but nemesis design is cool af at,1
reimagining of resident evil 3 nemesis while this game differs greatly,1
will get hit once by nemesis it doesn t matter if,1
the final boss fight with nemesis who simply refuses to die,1
good game short but good nemesis fraud can recomend very good,1
everything in it and made nemesis a cutscene chase segment,1
one genuine frustration was the nemesis encounters the more aggressive relentless,1
of the game cut content nemesis sections etc have all been,1
an empty soulless game the nemesis encounters all suck specially the,1
100 the game can confirm nemesis blew up 70 of the,1
le hubiese venido bien y nemesis me gusto pero le falta,1
nemesis aura farming simulator game was,1
complaint is that all the nemesis events were scripted which was,1
people are evil trope and nemesis is a major step down,1
endlessly satisfying to master dodging nemesis moves back to back,1
stacks up compared to re3 nemesis since i ve never played,1
variety and a boring plot nemesis was cool until he became,1
♥♥♥♥ nemesis but i really loved the,1
thrilling and action packed remake nemesis encounters are exciting and the,1
"of the clock tower  nemesis stops being scary after the",1
chaotic especially with the terrifying nemesis constantly hunting you down the,1
worst nightmare inferno stage 3 nemesis boss fight im talking about,1
the nemesis is really well designed to,1
t get me started on nemesis that isn t the nemesis,1
talk about the main antagonist nemesis a pretty nasty boss nemeis,1
nevertheless characters had depth especially nemesis got a huge glow up,1
jill was horribly reimagined and nemesis was neutered the graphics are,1
to the original re3 and nemesis if you like any modern,1
like jill and carlos but nemesis isn t as scary as,1
crazy game nemesis needs to calm down i,1
say for sure is that nemesis is one tough motherfu really,1
still a better stalker than nemesis nemesis is more scripted but,1
great game mostly because nemesis was really cool but towards,1
witness to their corruption the nemesis jill must team up with,1
of such a mechanic as nemesis has surely impressed me kept,1
re3 butchered the og re3 nemesis blasphemy capcom fumbled this,1
the new interesting enemies especially nemesis a fast and menacing looking,1
up for the short playthroughs nemesis is annoying but by the,1
younger self was every time nemesis appeared bursting through a door,1
evil no puzzles extremely linear nemesis boss fights are actually awesome,1
for what it was also nemesis with the zoomies was peak,1
shorter than the re3 nemesis original but very good in,1
the original resident evil 3 nemesis is one of my favorite,1
get this your not alone nemesis was pretty cool overall it,1
of the original resident evil nemesis as some may say but,1
the original game they nerfed nemesis hard made an already short,1
very short and feels rushed nemesis was cool but no where,1
control version resident evil 3 nemesis then get this game on,1
great game nemesis running after you mmmmmmm yes,1
will insta kill you the nemesis always know where your character,1
gameplay was fun especially when nemesis just appears out of nowhere,1
got too much plot armor nemesis segments were kinda eh in,1
felt like the main stalker nemesis was a side character worth,1
who they absolutely ruined and nemesis nemesis wasn t even a,1
even on inferno the final nemesis fight is incredible dull and,1
and story wise and damm nemesis is great the fights against,1
tense with the ever looming nemesis hunting you down but because,1
unique no rougelike mechanics no nemesis choices no multiple endings the,1
and the antagonist is dumb nemesis is trash,1
its fine nemesis is cool i wish we,1
looped nemesis completed 0 gens and escaped,1
explosions a qte scripted chase nemesis smashing through jills apartment then,1
and disappear with no impact nemesis is underwhelming mostly just walking,1
story felt cut short and nemesis wasn t as scary as,1
that its pretty nice also nemesis is pretty cool and scary,1
and carlos i really liked nemesis and how he was more,1
frame drop when autosave the nemesis design and soundtrack is very,1
"on a therapist for the nemesis induced trauma",1
"still very tense especially when nemesis shows up   the",1
story and its linear gameplay nemesis is the biggest let down,1
kurang kurangilah nemesis pelis kesehatanmu loh,1
incident are being targeted by nemesis a tyrant with a g,1
making me feel wanted by nemesis but in all seriousness this,1
a acton packed game and nemesis is great too,1
don t get me wrong nemesis was terrifying and his character,1
star of the game is nemesis his relentless pursuit creates constant,1
terrifying bio weapon known as nemesis has been unleashed with one,1
to fix this because re3 nemesis was a very special game,1
relentlessly hunted by the terrifying nemesis a bio weapon created by,1
and graphics with jill and nemesis,1
if you never played re3 nemesis but if you have played,1
nemesis is peak,1
lacks almost completely puzzles the nemesis is only scripted and spoiler,1
played the original resident evil nemesis they left alot out of,1
i enjoyed the flame thrower nemesis boss fight and i would,1
re games i found the nemesis moments to be extremely tense,1
story seems too short and nemesis just gets annoying sometimes,1
hp no healing items and nemesis blocking the way to where,1
combat the constant threat of nemesis making it a thrilling memorable,1
nemesis is a ♥♥♥♥♥♥♥ wanker,1
great game although nemesis is more of a nuisance,1
nemesis is worse than mr x,1
rpd and many of the nemesis mechanics segments and the cut,1
i did while i think nemesis is a bit underutilised the,1
hour or so of gameplay nemesis scares the ♥♥♥♥ out of,1
fun for an re game nemesis is more annoying than scary,1
while still having horror moments nemesis sprinting full speed at you,1
nemesis is still one badass ♥♥♥♥♥♥♥♥♥♥♥♥,1
a stressful time of beating nemesis ass and running away from,1
t much to explore also nemesis wasn t as nerve wracking,1
the visuals are great and nemesis creates some really intense moments,1
nemesis scared the absolute living ♥♥♥♥,1
boss fights the fights against nemesis are epic he is a,1
♥♥♥♥♥♥♥ ass who programmed that nemesis 4 fight,1
i love the nemesis stages its terrifiying,1
the boss fights are ok nemesis is very healthy and the,1
my only real complaint is nemesis doesn t have the scary,1
bo np graliśmy w re2r nemesis praktycznie nie straszy przez to,1
has been cut as well nemesis carries this game so hard,1
that the games kinda eh nemesis when he was first introduced,1
doesn t feel bad and nemesis is very well made but,1
only pros are carlos and nemesis are cool asf,1
due to strict linear progression nemesis is more like a feature,1
except maybe the early game nemesis sequence,1
i like nemesis,1
finishing it but damn is nemesis anoying,1
game was peak for me nemesis is a utter badass and,1
easier than re2 s 2 nemesis in the early game is,1
jill gets touched by daddy nemesis for like 5 hours 8,1
every time regardless fighting the nemesis over and over and over,1
remake of resident evil 3 nemesis but also it fails at,1
"less substantial overall   nemesis is intimidating and visually impressive",1
i had fun with the nemesis rooftop fight and th clock,1
has an interesting story and nemesis is a really cool enemy,1
unless on sale jill and nemesis are awesome tbh wish he,1
not played the original 3 nemesis however from what i can,1
some scenarios and the way nemesis behaved i feel they did,1
dodge dash mechanic and loved nemesis s design this is my,1
feels different yet familiar the nemesis is a mixed bag for,1
corny ass plot dumbass characters nemesis is the only half good,1
the time spoiler you encounter nemesis for the 3rd time after,1
good idea with a cheating nemesis thats just a worse version,1
too much stupidity of teleporting nemesis but it s not too,1
there is a stalker enemy nemesis however the vibe is so,1
the original resident evil 3 nemesis on a presentation level this,1
by the terrifying bio weapon nemesis his presence adds tension and,1
to play i d say nemesis is my favorite in re3,1
t be fun while the nemesis nonsense is a little dialed,1
as i loved jill and nemesis before playing this i couldn,1
by extremely scripted encounters with nemesis that you can t win,1
much content from the original nemesis my absolute favorite monster hunter,1
re 3 btw ♥♥♥♥ you nemesis,1
through it and man og nemesis is the single greatest tyrant,1
game is replayable as hell nemesis adds so much to this,1
give you trauma with the nemesis increasing speed,1
"in this remake   nemesis is the standout element on",1
challenge of a truly persistent nemesis in this game he feels,1
nemesis tentacle hentai rule34,1
tall michael jordan looking ahh nemesis really just refuses to stay,1
remake carlos my beloved 3 nemesis stalker section although short was,1
it seem like they would nemesis really suffers in this remake,1
my first real encounter with nemesis no matter where i ran,1
reached the train encounter with nemesis and the game is much,1
testing brad not dying to nemesis the scaled down streets that,1
neredeyse zerrree alakası yok ulan nemesis in kovalaması gerekiyor ama bazı,1
pros gameplay voice acting graphics nemesis base design is really sick,1
to change my underwear when nemesis slid right next to me,1
anjem keren bat ada nemesis,1
the set piece heavy design nemesis still feels capable and relentless,1
reach the ending edit okay nemesis got a bit old but,1
down it feels really satisfying nemesis is relentless and keeps the,1
"play as carlos   nemesis was a big let down",1
especially when it comes to nemesis granted nemesis is only in,1
metroidvania style of remake 2 nemesis basically only shows up in,1
relatively a short game and nemesis is now easily my favorite,1
honestly hot garbage they made nemesis all cool but you see,1
short but also very good nemesis ate my ass again,1
and the villan kinda sucked nemesis was so lame ive seen,1
5 10 might fight nemesis again,1
acting bad writing bad animation nemesis stage 1 hand held jill,1
system a smart and scary nemesis the clock tower the factory,1
nemesis is so ♥♥♥♥♥♥♥ goated,1
the original resident evil 3 nemesis a lot is missing one,1
"of all time ps the nemesis finna anoy you alot",1
jill and carlos gameplay cons nemesis is super bad this includes,1
a little scare to it nemesis just wasn t scary enough,1
after re1 and re2 remake nemesis is definitely not as looming,1
spaces of the second game nemesis vs mr x sure nemesis,1
the only good thing is nemesis,1
inferno nemesis made my ass hurt,1
as well loved the inferno nemesis fight feels borderline dark souls,1
city looks incredible and the nemesis hunts you down the entire,1
las que ya faltaban además nemesis me parece más molesto que,1
and carlos and of course nemesis unlike re2 it feels more,1
are awesome and how much nemesis was a menace i hated,1
time events and especially with nemesis randomly teleporting wherever you go,1
the original resident evil 3 nemesis so i can t really,1
carlos is great though and nemesis lul mr x in re2,1
mechanics in this game and nemesis still has tense moments a,1
fine worth the play for nemesis aura farming,1
"thats just me though  nemesis is really cool but by",1
one was just tedious and nemesis just made me annoyed at,1
this game originally called project nemesis became re3 even though it,1
somehow nemesis has returned,1
out of this game is nemesis which is far worse than,1
nemesis has tried to slap my,1
after finishing re3 nemesis a couple of days ago,1
your choices i loved the nemesis being an ever present threat,1
game has some cheese the nemesis fights do feel underwhelming the,1
the dodge system they turned nemesis into a chump limiting him,1
"cutscenes and scripted content with nemesis feels engaging and interesting great",1
slows down for too long nemesis brings just enough pressure to,1
the game they also did nemesis dirty in this remake still,1
game i still feel that nemesis should be more of a,1
3 though i dislike that nemesis design was changed as it,1
finished the original re 3 nemesis it s available on gog,1
kind of a duo sybau nemesis and let me play in,1
in vr the scale of nemesis is absolutely terrifying when he,1
ve düşmanlar yeterli gayet burdan nemesis abiye bol selamlar,1
was trying to give players nemesis was also on demon time,1
memorable about the game even nemesis himself was pretty underwhelming along,1
review i hate the scripted nemesis chase sequence and most of,1
environment and the tension with nemesis buy it on sale,1
aura daddy nemesis brrrr,1
nemesis no longer sounds like a,1
sale short game and fighting nemesis is a ♥♥♥♥♥♥♥ chore,1
this to those who say nemesis isn t scary in this,1
times my heart spiked cause nemesis suddenly hooked me from behind,1
5 10 i was expecting nemesis to be a little bit,1
than the last game because nemesis is more dangerous than every,1
"gutsy protagonist   the nemesis is good fun but occasionally",1
can t sex nemesis,1
of more action heavy and nemesis is nowhere near as annoying,1
♥♥♥♥ for free so easily nemesis is a lot scarier and,1
was a survival horror the nemesis main persistent boss is one,1
making the game noticeably short nemesis starts off terrifying but quickly,1
the original resident evil 3 nemesis which is still available on,1
"these things exist   nemesis as the main antagonist monster",1
other than being chased by nemesis and the ending it s,1
solid 8 10 nemesis is annoying asf the whole,1
a good job remaking re3 nemesis very fun game on its,1
blasing and kill zombies meanwhile nemesis will be on your ass,1
this is a great game nemesis is kind of a pain,1
here in this remake was nemesis the constant on edge feeling,1
sections hr hr b now nemesis b the short build up,1
and the overall story and nemesis is a cool enemy however,1
good game i like nemesis,1
a bit too short and nemesis should ve been a stalker,1
more of raccoon city and nemesis feels super scripted theres not,1
your drunk friend simulator where nemesis keeps stumbling back into the,1
fun soulslike roguelike and nemesis is cool,1
occurred absolute nightmare besides that nemesis in his first stages is,1
nemesis has been to turkey to,1
my problem is the vile nemesis fight at the end on,1
cutscenes setpieces and a lumbering nemesis revealed from the get go,1
nemesis has so much aura and,1
valentine at its core and nemesis looming at every turn it,1
the original resident evil 3 nemesis so i m judging this,1
from the first 2 games nemesis is very scary looking but,1
played the original 1999 re3 nemesis since then i view this,1
nice especially when dealing with nemesis that guy was annoying af,1
lot of content and made nemesis just kind of a joke,1
nemesis when he meets ally this,1
→ got humbled 💀 final nemesis is built different but winning,1
you re in front of nemesis then you re just dodging,1
dad play resident evil 3 nemesis alot and really enjoyed the,1
who has never played re3 nemesis,1
"original game did   nemesis while visually impressive was a",1
but jill is dope and nemesis looks incredible in the reengine,1
the style of it and nemesis it was a little bit,1
"sections   nemesis  nemesis is intimidating at first with",1
with the survival horror feel nemesis is absolutely terrifying with how,1
og fan since 96 and nemesis being one of my favorites,1
nemesis last fight is pure devil,1
my long rod inside of nemesis mouth and exploded him,1
of puzzles being chased by nemesis creates constant pressure and keeps,1
and played resident evil 3 nemesis 1999 back when i was,1
s like he s our nemesis or something h1 b it,1
the biggest disappointment is how nemesis was handled in the og,1
s rank inferno final stage nemesis never again,1
the original resident evil 3 nemesis its alright for a survival,1
never played resident evil 3 nemesis it s a pretty solid,1
djabo quase não passo do nemesis no modo inferno,1
what if nemesis but is dog how the,1
10 b h2 hr hr nemesis is a professional aura farmer,1
the ever present threat of nemesis but that works in favor,1
a resident evil fan the nemesis final boss fight on nightmare,1
gripe my real gripe is nemesis himself there is 1 section,1
it does good is make nemesis unenjoyable and make it too,1
in this game is that nemesis although he was a menace,1
for the whole 5 minutes nemesis was on screen,1
the gameplay is really fun nemesis actually feels like a threat,1
game additional points for getting nemesis voice right take note operation,1
use objects in the menus nemesis is really cool shame how,1
much cut content and the nemesis encounters could ve been more,1
des truc je prefère le nemesis de l originale avec tout,1
my girlboss jill valentine and nemesis was a lot scarier than,1
my favourite part was when nemesis said it s nemin time,1
the other remakes re3 sucks nemesis is totally scripted and doesn,1
played it for the nude nemesis and tyrell mods,1
and easy to use and nemesis is fun to go against,1
re2 and had to pivot nemesis in this game relegating him,1
what a treat that was nemesis was much more imposing than,1
him go no contact block nemesis on all platforms 🖖🏻 brom,1
characters loving the redesign for nemesis feels like a frankenstein s,1
ohh carlos oh and nemesis can put that tentacle up,1
quick the segment on where nemesis stalks you jill valentine as,1
nemesis made me clench my brown,1
"to recover   h1 nemesis design h1  nemesis is",1
space constantly getting ragdolled by nemesis in these annoying scripted sequences,1
nemesis almost made me a jill,1
scary as 2 imo spoiler nemesis dodging a rocket launcher though,1
of angels watching over her nemesis is a far cry from,1
to play and even tho nemesis was butchered in this remake,1
protagonist—confident capable and well written—and nemesis is genuinely terrifying keeping the,1
thing like the dodging and nemesis but it is cut wayyyyy,1
good as the original but nemesis trapped and scared me so,1
i m blushing that nemesis wanted me that badly overall,1
runs of re7 and re8 nemesis really sucks here all of,1
"grotesque biological nightmares   nemesis is supposed to be the",1
to its predecessor re3 og nemesis continues to be a big,1
one of the boss fights nemesis clock tower because i didn,1
near the end and made nemesis a joke the game is,1
the original resident evil 3 nemesis from 1999 for the original,1
in resident evil 3 remake nemesis is turned into a dog,1
the final battle between the nemesis maybe a tad too easy,1
screw the nemesis screw the t virus i,1
to no side content scripted nemesis ass remake,1
s t a r s nemesis,1
oi nemesis 😅👍 a vu fapa sa,1
especially when it comes to nemesis after re2 remake nailed the,1
dlc even protagonist is ok nemesis adn the rest of the,1
"too short   nemesis should khs btw",1
the best areas are gone nemesis scripts and triggers are laughable,1
and this game is helpless nemesis is a joke and the,1
the main villain here is nemesis and he s a mixed,1
3 5 4 hours long nemesis is just as cool as,1
on her gets boring fast nemesis is more of a inconvenience,1
was just harassment simulator from nemesis file for harassment,1
weaving on nemesis felt like prince naseem,1
people keep complaining that nemesis isn t as strong scary,1
effort they have gone to nemesis appears in front of you,1
"mapa os encontros com o nemesis ficaram previsiveis  enfim bom",1
with a lot of action nemesis still plays a big part,1
remake of the original re3 nemesis absolutely not the remake cut,1
focus of the game the nemesis he is surely an upgrade,1
mr x this one has nemesis and he is used far,1
while hunted by the relentless nemesis the remake expands characterization with,1
most exciting part is the nemesis — which to top it,1
the remakes but i love nemesis so ♥♥♥♥♥♥♥ much,1
is much more than this nemesis such a good boss fight,1
re 3 amazing was 1 nemesis 2 zombies 3 jill 4,1
downgrade in environmental storytelling the nemesis is a complete shadow of,1
added a tracking mechanic to nemesis throughout the game but he,1
were in the original re3 nemesis i love the gameplay and,1
otherwise also mediocre gameplay the nemesis is not an exception but,1
games story is incredible too nemesis is one of the best,1
and the game looked stunning nemesis was underwhelming as was the,1
barely get to know him nemesis was a bit annoying to,1
my nemesis just never dies,1
had genuinely terrifying moments with nemesis upon its debut in 1999,1
section at the start ♥♥♥♥♥♥♥ nemesis sadly wish there was an,1
remake of resident evil 3 nemesis it is horrific so much,1
highly recommend purchasing this game nemesis is waiting for you xd,1
7 7 10 peak game nemesis is so much more annoying,1
sucky too because i love nemesis as a character but jeez,1
nemesis is annoying sometimes but overall,1
each and every one of nemesis attacks on inferno was really,1
forgotten all about them the nemesis is a joke compared to,1
is not resident evil 3 nemesis neither is that jill valentine,1
i lowkey goon to nemesis but no one will ever,1
he got that kickass ar nemesis is so ♥♥♥♥♥♥♥ annoying in,1
aspect is for sure the nemesis while overall cool asf fighting,1
things about this game though nemesis and carlos designs look great,1
repeated gameplay and boss although nemesis could rank up as one,1
nemesis but not nemesis system short,1
dark corridors jump scares and nemesis chase isnt as good as,1
being a bit longer and nemesis could have been more of,1
by a walking rocket launcher nemesis exe cannot be terminated,1
from the original and made nemesis less scripted and more like,1
the nemesis is more annoying than scary,1
hold up like the original nemesis og mogs,1
so you d either fight nemesis or run away either hide,1
original missing the butchering of nemesis is an insult and the,1
good gameplay is great and nemesis is an aura farming terminator,1
every encounter with the monstrous nemesis unforgettable while it preserves the,1
in order resident evil 3 nemesis released in 1999 and was,1
fast paced being chased by nemesis is stressful and takes getting,1
disrespectful remake nemesis is super scripted not really,1
design and concept of b nemesis b h3 the negatives h3,1
nemesis kinda ez even on nightmare,1
battle which is a shame nemesis is a genuine threat for,1
from the original especially since nemesis isn t as aggressive as,1
the original resident evil 3 nemesis countless times as a kid,1
the supposedly much more powerful nemesis one thing i found especially,1
pretty good until the 2nd nemesis fight tho,1
enemy for this game is nemesis but despite being the major,1
diverse compared to re2 h2 nemesis h2 nemesis as a good,1
to bed and realized that nemesis would never come into my,1
game but the redesign of nemesis does not make it feel,1
sour this experience absent that nemesis was still fun for me,1
as it should the last nemesis fight is especially annoying and,1
nightmare as we did before nemesis doesn t even have his,1
the city looks amazing and nemesis keeps you on edge the,1
parody at some degree the nemesis chasing jill making me lough,1
"wonky controls idiotic plot weird nemesis attacks  at least it",1
takes saving jill and making nemesis even more of a clown,1
the original re3 made the nemesis looks ridiculous with that displaced,1
toddler level puzzles disappointing b nemesis b he stalks you the,1
jill is well portrayed and nemesis keeps the pressure on even,1
"the game s main baddie nemesis   speaking of nemesis",1
steam as resident evil 3 nemesis it has drm but its,1
leans way too hard on nemesis fighting him every 20 minutes,1
nemesis jill hello,1
yeah its time to defeat nemesis and escape raccoon city yeah,1
still good in my opinion nemesis feels very scary when he,1
it better and the last nemesis fight is underwhelming but i,1
to the terrifying presence of nemesis the gameplay feels fluid and,1
the best parts were objectively nemesis but they were also some,1
change is for the worse nemesis isn t really scary anymore,1
one boring boss fight against nemesis there were too many moments,1
unleashes their ultimate secret weapon nemesis also includes resident evil resistance,1
that big trench coat disaster nemesis yelling “stars ” every five,1
all over the place and nemesis chases you from start to,1
is very linear in comparison nemesis is mostly scripted events no,1
game not that scary though nemesis is really not scary at,1
in downtown raccoon city and nemesis periodically shows up to chase,1
the set pieces hit hard nemesis is a true standout villain,1
s one heck of a nemesis,1
way way too short and nemesis is a joke too only,1
just can t stand the nemesis parts of this game it,1
it does have its moments nemesis s design is better than,1
for how terrifying and fast nemesis is it sucks a lot,1
i thought the evolution of nemesis looked great throughout the game,1
very good game love nemesis tho,1
tense environment especially with the nemesis but more on that later,1
feature was the cool hulking nemesis the quest progression was terrible,1
"designed to bully me  nemesis kept showing up like an",1
phenomenal opening and really sets nemesis up for some greatness greatness,1
is much longer than this nemesis doesn t feel like a,1
and we probably never will nemesis felt like a reskinned tyrant,1
smarter more dangerous version in nemesis was an obvious next step,1
nemesis is bad as ♥♥♥♥ tho,1
nemesis i hope your toilet paper,1
no build up to the nemesis i get this is a,1
of the original re 3 nemesis it follows jill valentine during,1
the first chase sequence with nemesis that s about it jill,1
to i am about to nemesis i am nemesisiiiiiiiiiiiiiiiiing,1
also introduced to a annoying nemesis that create a negative impact,1
opening chase to the explosions nemesis is just there and you,1
super awesome but nemesis is so annoying rahhhhhhhhhh,1
3 minutes into the game nemesis busts my wall down and,1
"human villain is kinda bland nemesis is cool as a stalker",1
nemesis gave me an actual nightmare,1
of the game i enjoyed nemesis and all the boss encounters,1
in boss fights or generally nemesis he is so cool the,1
compared to the og re3 nemesis despite this i still think,1
why did they make nemesis a bad dark souls boss,1
not at all feel convincing nemesis is a joke he is,1
lastly the main man himself nemesis good god almighty was he,1
remake of resident evil 3 nemesis 1999 aiming to modernize the,1
with action and suspense and nemesis keeps you on edge the,1
not enough nemesis but i still like it,1
are missings and formerly titular nemesis doesn t really get the,1
way too easy and the nemesis segments feel way too scripted,1
of what makes things scary nemesis stage one is significantly scarier,1
rating at the end likes nemesis original design is burned into,1
which is a shame really nemesis doesn t appear randomly either,1
more to do and better nemesis other than that pretty fun,1
you also get to fight nemesis at the end of the,1
"1 original resident evil 3 nemesis   plus there s",1
a great resident evil game nemesis is terrifying and you never,1
short i also wish the nemesis encounters were more impactful,1
ao re2r mas achei o nemesis incrível sei que o jogo,1
"even be called a remake nemesis sucks  a lot of",1
short painfully short the original nemesis incident was a sprawling chaotic,1
gameplay jill is awesome and nemesis has his moments but compared,1
objectives acting as desperate padding nemesis himself was relegated to the,1
quality graphics and gameplay freaking nemesis 5 difficulty modes offering crazy,1
they took nemesis one of the first and,1
game is that phase 3 nemesis turns into an elden ring,1
the original resident evil 3 nemesis is missing which makes the,1
some fans being disappointed that nemesis mostly pursues you in scripted,1
modes like in re2 remake nemesis barely chases you very linear,1
full of intense battles with nemesis,1
creasing nemesis js 10,1
get me started on how nemesis only truly chases you for,1
the original resident evil 3 nemesis with that said i do,1
say i preferred the times nemesis was stalking me freely around,1
full price for the corpse nemesis looks pissed nah we re,1
and after getting attacked by nemesis at her apartment she flees,1
"  they 100 ruined nemesis and it is so tragic",1
it s still very interesting nemesis especially on inferno is absolutely,1
re2 then you ll love nemesis boss fight in re3 mr,1
an experimental prototype railgun into nemesis mouth and drop crazy lines,1
community has taken to calling nemesis and how i ll be,1
it crashed after the jill nemesis boss fight where she gets,1
fk u nemesis,1
who ever designed the third nemesis boss fight should be fired,1
bro the stage 2 nemesis boss pmo,1
"re2 to this   nemesis was cool the whole 10",1
was a pretty fun experience nemesis was such an immediate threat,1
sucks and so does the nemesis in this game,1
because it is re pros nemesis was the only saving grace,1
awesome moments such as the nemesis boss fight which make it,1
beat nemesis on the roof while blasting,1
every run that being said nemesis was a bit underwhelming he,1
locations and boss fights and nemesis is more scripted losing his,1
re2make dlc nemesis looks menacing but is stuck,1
to survive against the relentless nemesis a hulking monstrosity with a,1
inaccurate as resident evil 3 nemesis was a relatively linear game,1
"as a remake no  nemesis should have had a more",1
valentine being supercop with angry nemesis,1
stretch and seeing a revamped nemesis is fun but after how,1
"adventures of jill carlos and nemesis  if you re playing",1
the city looks great and nemesis keeps the pressure on though,1
"flaws are insurmountable   nemesis has been entirely ruined from",1
valentine s desperate escape from nemesis is cinematic adrenaline filled and,1
"pros  good graphics  nemesis visual design look is pretty",1
the second boss fight with nemesis onward the game jumps from,1
nemesis is cut scene sim lots,1
preparing me for the inferno nemesis boss fight lmao,1
like the changes made to nemesis initial appearance but the way,1
good game i thought the nemesis was over powered and didnt,1
throw one 1 grenade at nemesis and he s done just,1
here 90 of the time nemesis is just aura farming and,1
that weren t from specifically nemesis would half the time force,1
would ve liked to see nemesis keep their intelligence as their,1
is a shallow experience thought nemesis was annoying in the original,1
really disappointing then there s nemesis in the original nemesis was,1
horribly butchered the main antagonist nemesis is nemmy is what made,1
original first of all the nemesis this guy was just 100,1
not the resident evil 3 nemesis remake or as i know,1
was cut from original game nemesis script mechanic is very boring,1
in my opinion i wish nemesis were more unpredictable and that,1
good action is awesome the nemesis chase sequences are amazing the,1
nemesis is basically my toxic ex,1
i enjoyed the story and nemesis was scary versus kind of,1
lot of cut content and nemesis is a joke compared to,1
nothing that really stood out nemesis was only threatening in the,1
"pure eye candy — explosions nemesis and atmosphere are gorgeous ",1
the cinematics are still great nemesis is a menace his theme,1
deadass ♥♥♥♥ inferno nemesis,1
and harm whoever approved inferno nemesis final boss fight there s,1
the brain dead puzzle nerfed nemesis and that s the biggest,1
she really carries the game nemesis starts off terrifying way scarier,1
nemesis got less scary as the,1
nemesis made me yearn for mr,1
the nemesis fights are all really fun,1
escape from nemesis simulator,1
unbelievably they managed to make nemesis an horror icon into a,1
the horror elements hit but nemesis is definitely wasted just a,1
course a great character and nemesis is a pretty cool and,1
the majority of the game nemesis appears in cutscenes rather than,1
just play re3 nemesis on gog or find the,1
boss fights are again just nemesis,1
i think this nemesis fella doesn t like s,1
done looking now fight this nemesis your creepy personal stalker again,1
"games   pros  nemesis system dodge mechanic city setting",1
armor so she is fine nemesis is an absolute joke he,1
"t get me started on nemesis  because of the games",1
didn t like was that nemesis was scripted in re2make mr,1
"game is chase scenes with nemesis or boss fights 2 doesn",1
felt very satisfying to beat nemesis the fight near the bridge,1
they do to my boy nemesis,1
feels way to short and nemesis is not as scary compared,1
as usual no bugs whatsoever nemesis aint as creepy as mr,1
the chaos the encounters with nemesis are some of the most,1
be extremelly annoying at times nemesis is somewhat reduced to a,1
is still a great game nemesis is really cool and jill,1
how can you ruin nemesis like this,1
it but f ck inferno nemesis stun lock,1
i will say that the nemesis boss fights were not very,1
boring you just hold w nemesis is ruined he goes down,1
the design of enemies especially nemesis adds a constant sense of,1
my biggest complaint is that nemesis is hardly even in the,1
cutscenes almost every encounter with nemesis was either a cutscene or,1
hospital it feels off and nemesis is a joke—how is mr,1
and weapons were great especially nemesis whom you must escape from,1
its fun but the nemesis is a ♥♥♥♥♥ and the,1
to the original source material nemesis is not scary he is,1
t scary it s scripted nemesis once the unstoppable nightmare of,1
nemesis is basically my angry landlord,1
carlos hair is flawless and nemesis just can t take a,1
are gonna enjoy this remake nemesis s fights were much more,1
shat myself when i heard nemesis chasing me the second and,1
playthroughs which is very dissapointing nemesis was also kinda dissapointing i,1
feels dark dangerous and immersive nemesis – your terrifying pursuer –,1
"getting attached to   nemesis is a joke  after",1
"just play the original  nemesis is a scripted cutscene farmer",1
how he was then but nemesis is pretty lame here theres,1
is nemesis down,1
nemesis 3,1
subway surfers but with nemesis,1
nemesis is so evil while still,1
and also the main attraction nemesis he gave me loads of,1
hear me out nemesis 3,1
remake it d be that nemesis could have been implemented in,1
choices and events and the nemesis encounters it was actually just,1
game considering the negative reception nemesis is an s tier villain,1
section but i will say nemesis jill and carlos carry this,1
s atmosphere was darker too nemesis annoyed me to no end,1
yeah the og version of nemesis was the more terrifying big,1
the remake does better are nemesis b visual b design and,1
nemesis defo top 3 boss in,1
to finish jill is awesome nemesis is terrifying it s a,1
urban area fans remember and nemesis only appears in scripted scenes—he,1
puzzles are non existent and nemesis himself does not stalk you,1
change has to be to nemesis himself compared to the menacing,1
felt really short and nemesis just didn t hit as,1
the original resident evil 3 nemesis did within the classic trilogy,1
clock while being stalked by nemesis a juggernaut bioweapon created by,1
this is not jill not nemesis it is not a remake,1
nemesis kept aura farming instead of,1
got clapped by nemesis,1
cool to see jill and nemesis in hd but compared to,1
which is great cuz the nemesis pursuers that are immortal or,1
nemesis destroyed me in inferno,1
s pretty much repeated twice nemesis was great at first but,1
they needed to get right nemesis the original s namesake is,1
fight tho no buildup to nemesis arrival after watching a playtrough,1
cut is abridged beyond recognition nemesis perhaps got it the worst,1
i enjoyed this a lot nemesis is terrifying,1
i absolutely love how nemesis is a couple of meters,1
intense and memorable and while nemesis isn t as persistent as,1
that just brushes off the nemesis threat while jill is acting,1
very rushed and watered down nemesis is cool but more of,1
the action the encounters with nemesis are exciting and being able,1
as well the central antagonist nemesis is very powerful and moves,1
improvement or not but yee nemesis gave off pesky vibes tbh,1
"played in normal difficulty  nemesis is scary enough  ",1
to mention the lack of nemesis in this title and not,1
little short and i wish nemesis didnt get out of his,1
preferred this to the og nemesis was really weird tho more,1
inferno was pain that mf nemesis kept on charging from everywhere,1
the original resident evil 3 nemesis gunplay is snappy and responsive,1
it to the original re3 nemesis remake3 is fine the combat,1
bad game cutscenes are epic nemesis is scary and jill is,1
ve been so good if nemesis worked like mr x in,1
this nemesis lacks nutz,1
too short and not enough nemesis,1
don t fear you anymore nemesis go shoot rockets at someone,1
but after half way mark nemesis is no longer chaser threat,1
more hate than it deserves nemesis is awesome,1
"from the game   nemesis was the og super villain",1
like this game as well nemesis is stronger faster more persistent,1
the tension gunfire footsteps and nemesis s snarls all hit hard,1
cutscenes than there is gameplay nemesis is barely a villain or,1
right in front of them nemesis while iconic is way less,1
nemesis loves to suck me off,1
down from the original the nemesis is the best thing about,1
insult to the real re3 nemesis what a waste of potential,1
it the chase from the nemesis are really tense and the,1
nemesis is a creep,1
and the intense moments against nemesis kept my adrenaline pumping the,1
" on the downside the nemesis encounters are mostly scripted and",1
place around the same time nemesis is terrifying to deal with,1
nemesis is my arch nemesis,1
people overhate it so much nemesis is just as threatening as,1
combat way more satisfying and nemesis he s a beast unlike,1
3 sucks resident evil 3 nemesis needs a remaster remake,1
such a good duo and nemesis is actually such an annoying,1
dont even get me started nemesis was the only reason i,1
known as inferno as the nemesis will actually sprint towards you,1
"in frustration   the nemesis boss battles is game design",1
enjoy what they did with nemesis and how on the title,1
t get enough ammo for nemesis has one section early in,1
original its lacking a lot nemesis is barely a threat and,1
hunted relentlessly by the bioweapon nemesis an even more advanced and,1
weird stuff about a dog nemesis blob thingy,1
the raccoon city incident and nemesis is awesome nemesis has a,1
longer called resident evil 3 nemesis remake nemesis is not that,1
game—in the city streets dodging nemesis in dark alleys—is the highlight,1
linear segments and quicktime events nemesis here is more of a,1
re2 remake are here and nemesis is frightening,1
mikhail nicholai and of course nemesis it s the familiar story,1
this game is overhated nemesis is still cool and amazing,1
is still pretty fun and nemesis is great and scary as,1
a great opportunity to make nemesis a memorable threat,1
written by some edgy teen nemesis is no longer scary and,1
stunlocks are my nemesis,1
city while this giant monster nemesis keeps crashing the party it,1
pacing and constant tension—especially because nemesis the nearly unstoppable bioweapon stalks,1
good gameplay good remake intense nemesis chase but its way too,1
slow stupid lumbering interpretation of nemesis to this game s fast,1
short but sweet nemesis was pretty disapointing tho,1
absolute cinema ♥♥♥♥ nemesis on hardcore but still like,1
cut locations cut enemies scripted nemesis encounters and for a 40,1
having spent years with re3 nemesis ps1 i expected something on,1
it was a decent remake nemesis made me ♥♥♥♥ my pants,1
and carlos luscious full hair nemesis got so lucky evertime he,1
tedious backtracking more consistent action nemesis encounters are tense and well,1
"nemesis is like ingrown hair taken",1
beyond recognition they also ruined nemesis by regulating him to boring,1
" now the bad  nemesis is genuinely insufferable i understand",1
bro i had no clue nemesis did all that i was,1
"for some reason   nemesis compared to og is underwhelming",1
"unpredictable and threatening than nemesis nemesis is almost fully scripted except",1
really scary kinda b and nemesis b he s not a,1
sense of urgency from re2r nemesis the tyrant that chases you,1
"must defeat me 5 times nemesis from re3 hold my beer",1
f nemesis 10 10,1
its disappointing rework of the nemesis villain that feels forgettable and,1
og version resident evil 3 nemesis in the og version jill,1
short game being hunted by nemesis nemesis is pretty great in,1
but they really really ruined nemesis in the remake and cut,1
hunters they were harder than nemesis speaking of sooo cool wish,1
review title nemesis made me realize i m,1
feels rushed and too short nemesis starts strong but loses impact,1
"great replay value   nemesis here is not the same",1
wish they did more with nemesis,1
re2 remake and i think nemesis is pretty boring to deal,1
2spooky4me nemesis should try out for the,1
thrust into survival mode as nemesis crashes through her apartment like,1
the shorter side spoiler last nemesis boss fight is way too,1
that keeps you on edge nemesis is a beast never gives,1
hidden to me for now nemesis is far more annoying than,1
the pace is tight and nemesis still keeps the pressure on,1
nemesis got buffed in this game,1
nemesis obsessed w this diva on,1
puzzle solving take a backseat nemesis while intimidating early on he,1
the distant guttural roar of nemesis or the sudden crash of,1
boring nothing really to explore nemesis is also very boring he,1
explosive pacing and relentless terror nemesis is a formidable evolution of,1
evil standards it definitely is nemesis showing up over and over,1
main highlight of re 3 nemesis completely upstaged by mr x,1
just a fan service for nemesis fans the whole game revolves,1
is completely missing and the nemesis was made a lot less,1
h1 nemesis chases you faster depending on,1
game you re introduced to nemesis who by the way has,1
weirdly done especially on zombies nemesis is basically nicholai s pet,1
jill valentine facing off against nemesis once more b the good,1
og i actually thought the nemesis segments were well done not,1
is not so good feeling nemesis not even close to mrx,1
time having sex a cool nemesis a wonderful jill valentine but,1
my vison while running from nemesis,1
remake with fun and intense nemesis encounters however the game is,1
was stage 3 nightmare inferno nemesis,1
one of the best game nemesis on infurno is the funnest,1
r e 3 nemesis for the playstation 1 had,1
dodge and unload clips into nemesis fast paced action packed and,1
and the threat that is nemesis can be just delt with,1
"game  heavily recommend  nemesis is hot",1
they kind of did nemesis dirty in this one,1
when it s on sale nemesis you need to chill bro,1
you done to my boi nemesis,1
this one to some degree nemesis is mostly scripted which sucks,1
nemesis is eager to end you,1
resident evil 3 nemesis is my favorite game in,1
was very scary running from nemesis and just being chased non,1
resident evil 3 nemesis sometimes feels like the black,1
y podria llamarse escapar de nemesis el juego que le quedaria,1
to be hunted down by nemesis but it feels like a,1
not a fight against the nemesis it s a fight against,1
"offscreen is magic the game nemesis teleports around nikolai teleports into",1
have ever played starting off nemesis has been completely sidelined in,1
dynamic with each other and nemesis is also fantastically terrifying but,1
classic game resident evil 3 nemesis and like the resident evil,1
stop action and a relentless nemesis the combat controls are responsive,1
"of a downside   nemesis is just annoying not a",1
adds some gym gains to nemesis and throws you into a,1
nemesis dodged my rocket and my,1
meet and you will have nemesis hunting you down thanks umbrella,1
later i can confirm that nemesis is dumber than a box,1
greatest sin of the remake nemesis is no longer intimidating at,1
remake of resident evil 3 nemesis is a complete joke in,1
horror atmosphere only a certain nemesis coming back for ur ass,1
engaging but i just wish nemesis was more prominent of a,1
enjoyable game playing tag with nemesis was fun popping out heads,1
no 2nd run needed making nemesis a scripted encounter instead of,1
nemesis is a whole bag of,1
adds heart to the chaos nemesis terrifying but underutilized the first,1
through blood and flame with nemesis close a deadly game each,1
"♥♥♥♥ story is ♥♥♥♥  nemesis implementation is ♥♥♥♥  gameplay",1
because that s not jill nemesis feels less like an omnipresent,1
watered down every encounter with nemesis instead of feeling stressful but,1
want to like it but nemesis is annoying as hell same,1
you run from the nemesis when you play for the,1
nemesis can get it,1
game at full price lastly nemesis is a complete let down,1
city and their secret weapon nemesis the timeline is the same,1
great game but the nemesis is really a pain,1
"grand time   except nemesis   i was overwhelmingly",1
icon during disaster” valentine 🧟 nemesis 8ft of pure stress with,1
"– limited replay value – nemesis is more scripted than dynamic",1
stalker type enemy of re3r nemesis is better than mr x,1
seem to move faster and nemesis is on you butt all,1
device fighting against a stronger nemesis each time until you re,1
half the content and make nemesis a weak little turd that,1
story is too short nemesis is so freaking strong and,1
had opportunities resident evil 3 nemesis was the 1999 sequel in,1
i hate nemesis i hate nemesis i hate,1
too short for its price nemesis is kinda scripted inferno mode,1
overdid it with the final nemesis fight the electric battle ring,1
original was just cut and nemesis isn t even scary in,1
enjoyed it while playing it nemesis is crazy ass d,1
some tense moments because of nemesis but it wasn t as,1
the hordes of undead is nemesis this guy is like the,1
nemesis wants my cheeks,1
all the run away from nemesis parts but that s how,1
down compared to the original nemesis is just scripted events the,1
game for the most part nemesis the main antagonist of the,1
manages to overstay its welcome nemesis should be cool in theory,1
muy bueno por sí solo nemesis se siente amenazante en la,1
the aggressive movement speed of nemesis and his tentacle abilities the,1
to life in incredible detail nemesis is relentless for a bit,1
i still have nightmares with nemesis and inferno mode,1
many many times mainly by nemesis in each of his fights,1
i run nemesis jumps in front of me,1
my first proper encounter with nemesis this gigantic tape wrapped man,1
to understand how to beat nemesis stage 2 10 10,1
is awesome i liked the nemesis pursue mechanic too altough it,1
so much fun dodging nemesis 9 10,1
algunos casos las peleas con nemesis era fáciles una vez le,1
some incredibly idiotic design choices nemesis vs mister x mister x,1
w game ♥♥♥♥ nemesis btw,1
encounter with the big bad nemesis basically all being scripted sequences,1
love this game but nemesis made me cry 10 10,1
the definitive resident evil 3 nemesis remake you ll start having,1
the gravedigger boss fight leaving nemesis as the only boss in,1
gameplay is more dynamic and nemesis is even more terrifying a,1
the areas are amazing and nemesis is insane the story makes,1
the f hint also the nemesis sucks in clocktower plaza that,1
nemesis chases you with the enthusiasm,1
"that aspect well   nemesis is sadly a bit underutilized",1
a fight for survival with nemesis constantly breathing down my neck,1
is an awesome protagonist and nemesis keeps the pressure on throughout,1
7 10 h2 h2 new nemesis 5 10 h2 just a,1
nemesis sucks dookie and he can,1
hours trying to survive while nemesis relentlessly hunts you down creates,1
the terrifying presence of the nemesis the main antagonist is also,1
nemesis stage 3 is ♥♥♥♥♥♥♥♥,1
s quite enjoyable despite that nemesis doesn t appear that often,1
very good but nemesis is an absolute slag,1
short and the main villain nemesis wasn t given justice to,1
realize that they dropped the nemesis subtitle because he s barely,1
not a remake crapcom ruined nemesis the greatest antagonist in video,1
pass 6 10 play re3 nemesis,1
to be a remake of nemesis you get very little of,1
"that made resident evil 3 nemesis great and threw it out",1
surely nemesis wont come back a fourth,1
is open for some reason nemesis throws jill around too much,1
"regard to resident evil 3 nemesis  survivor mode cut but",1
for additional challenges or content nemesis feels threatening and boss fights,1
to face the zombies and nemesis is worse than mr x,1
nice story nemesis ♥♥♥♥,1
this game is how much nemesis appears but otherwise the game,1
nemesis ser ut som en fleshlight,1
i was on edge with nemesis chasing me but on my,1
adds a cool mechanic and nemesis is terrifying at least the,1
to mr x would be nemesis nemesis is much more aggressive,1
i like my nemesis lab fights annoying bruh,1
♥♥♥♥ myself every three seconds nemesis is so much worse than,1
todo fugindo do desgraçado do nemesis em suas diversas formas mecânica,1
even less 2 of the nemesis stage 2 boss fights are,1
nemesis dgaf about restraining orders luckily,1
"imposing looming threat that is nemesis itself  i really did",1
i think nemesis was just claiming his valentine,1
the cast of characters besides nemesis jill and carlos are unfortunately,1
neither annoying nor a pushover nemesis is just annoying the key,1
delete nemesis,1
that because of this approach nemesis end up being pretty underwhelming,1
"ahhh nemesis   yameteh kudasai",1
"going is good   nemesis the complaints are based off",1
very disrespectful to jill and nemesis and it wasn t all,1
of the resident evil series nemesis was defiently scary as a,1
interrupting cutscenes every 5 seconds nemesis may be a cool enemy,1
nemesis more like nemesissy poo poo,1
lets gooooooooooooo nemesis down very short game btw,1
the original resident evil 3 nemesis from 1999 so do i,1
let down by the disappointing nemesis moments frankly even though it,1
times and still have fun nemesis had me bored after the,1
nemesis tuffens,1
high bar oh and ♥♥♥♥ nemesis,1
first half is actually great nemesis is scary and the dodge,1
sharedfiles filedetails id 3493251441 the nemesis is a badass antagonist in,1
om nemesis serem banget tapi untung aku,1
startle response every time the nemesis busts is that i did,1
the beauty of resident evil nemesis in re engine,1
very good game love from nemesis,1
should be studying her not nemesis because she tanks like 20,1
me fear for my life nemesis is mostly reduced to a,1
the f ker nemesis keeps chasing you,1
annoying same goes for the nemesis on act 1 hes so,1
to throw out final boss nemesis in those two highest difficulties,1
iconic moments from resident evil nemesis take place in this game,1
level the chase sequences with nemesis are just perfect jill is,1
vibe from start to finish nemesis is easily the star of,1
many cut content from original nemesis is relegated to some action,1
about it let me explain nemesis is not a tyrant like,1
forget how he lost to nemesis right in front of the,1
stupid nemesis hate that guy,1
a ♥♥♥♥♥♥ remake ♥♥♥♥ dog nemesis,1
mechanics and intense encounters with nemesis the experience ultimately feels hollow,1
caught in re2 remake and nemesis harrasment who was disappointing by,1
dodge i also felt that nemesis didn t give me anxiety,1
and carlos are great the nemesis is ♥♥♥♥♥♥♥ annoying which it,1
not a good remake nemesis sucked and the game was,1
of the city to explore nemesis is barely a threat and,1
relentlessly pursued by the terrifying nemesis the game excels in its,1
main selling point is the nemesis villain this massive monster that,1
charmingly cheesy moments even though nemesis wasn t as cool as,1
didn t bother replacing them nemesis is an upgrade over mr,1
good i like it alot nemesis was done perfectly imo he,1
game is super short and nemesis can t hold a candle,1
notably the clock tower and nemesis was reduced to scripted encounters,1
like the handling of the nemesis and the last area of,1
personality are spot on and nemesis is scary as hell at,1
too scary recurring villain in nemesis the mr x lookalike honestly,1
got so freaking tired of nemesis i know re is a,1
get lucky enough to beat nemesis phase 3 on the inferno,1
the guy with horse mouth nemesis,1
making her a compelling lead nemesis the iconic pursuer is a,1
i loved re3 nemesis back in the day this,1
especially with its handling of nemesis who was turned from a,1
"aura farmed  nemesis",1
pretty satisfying to pull off nemesis s design is great and,1
nemesis is the worst scripted enemy,1
the original re3 nemesis is one of my personal,1
nemesis on inferno made me cry,1
comparison with the re2 remake nemesis is terrifying the graphics are,1
nice game nemesis was not fun,1
the game when you have nemesis melted in an acid pool,1
up feeling very on rails nemesis is here and i really,1
okiash but why the f nemesis change his form it could,1
lots of fun destroying the nemesis is always a blast highly,1
gameplay they couldn t implement nemesis in a similar way to,1
nemesis hunter,1
nemesis didn t make me wet,1
little to linear and the nemesis doesn t apply the correct,1
whoever designed nemesis did not hold back made,1
also the final fight with nemesis kicked so much ass and,1
and the stalker we got nemesis knows where you are all,1
re game being chased by nemesis is pretty fun definitely a,1
have the fight scenes with nemesis speaking of nemesis he just,1
this cheap bullsh t final nemesis boss fight i have never,1
the star of the game nemesis was completely neutered back then,1
"75 cutscene no replay value nemesis is mostly scripted  ",1
jill will be chased by nemesis a bio mutant created to,1
hallelujah is jill hot af nemesis made my diapers dirty have,1
the action was solid and nemesis was a cool threat definitely,1
comparison to other re games nemesis is an amazing antagonist and,1
s this insane nonstop chaos nemesis showing up like “i m,1
i hate nemesis he is such a horrific,1
the whole series the titular nemesis only appears in predetermined scripted,1
play is run away from nemesis and run away from nemesis,1
became a mindless shooter with nemesis only being the real threat,1
from the og also dog nemesis is horrible as a boss,1
spoiler nemesis dumb spoiler but in all,1
to escape i also think nemesis was done really well even,1
from the original resident evil nemesis game or adding more puzzles,1
too the attacks of the nemesis that becames more fast when,1
that night and ♥♥♥♥♥♥♥♥♥ is nemesis terrifying,1
through a whole segment with nemesis chasing me and die from,1
disappointing change has to be nemesis after re2 s excellent implementation,1
the og re3 over this nemesis my favorite re antagonist was,1
"dialogue were pretty enjoyable  nemesis stage 1 feels very scary",1
t do as much with nemesis as they should have but,1
and items the main enemy nemesis was mostly scripted and not,1
the really short campaign length nemesis feels more like a nuisance,1
yes this game good but nemesis will backshot you,1
re3 remake is complete trash nemesis is just some cheap shot,1
perfectly paced action the iconic nemesis reimagined here is more terrifying,1
make it through this game nemesis is the main villain of,1
collection or go against the nemesis with jill and carlos,1
d take mr x over nemesis anytime of the day since,1
should ve been killed by nemesis like 10 different times and,1
new that improves the experience nemesis only stalks the player in,1
jill goes pew pew and nemesis got hard and persistent,1
the original re3 other than nemesis so i was excited to,1
than make up for it nemesis is way harder then what,1
the orignal as well as nemesis being a lot less terrifying,1
for looking at you quadruped nemesis fails to honor such a,1
too many enemies and nemesis was my arch nemesis nemesis,1
weapons to play around with nemesis is thrilling when he s,1
nemesis fanboy right here,1
carlos the goat and ♥♥♥♥ nemesis,1
w to run away from nemesis decent addition to re collection,1
great game also i 3 nemesis,1
resident evil 3 nemesis is my favorite in the,1
impressive and more enjoyable the nemesis fights are linear but they,1
"resource management   i nemesis i the titular antagonist is",1
other than nemesis being reduced to an average,1
the first time i encountered nemesis was very fun and terrifying,1
is sad to see also nemesis they scripted the majority of,1
simply stunning resident evil 3 nemesis is a game from my,1
sary and so many zombes nemesis was sprintng after me and,1
best nemesis since parappa the rapper,1
a final act for nemesis,1
t had time enough and nemesis is a pain in the,1
more nerve wrecking horror with nemesis so many butt clenching moments,1
of the city to explore nemesis who is more annoying than,1
a remake of re 3 nemesis and a re game in,1
part of the game because nemesis literally just appears everywhere i,1
normal take too many hits nemesis is a pain in the,1
game has a new enemy nemesis who is one of the,1
i am constantly chased by nemesis and can t explore the,1
the series the disappointment of nemesis and the opportunity to make,1
knicknamed nemesis diddy and had a blast,1
to me resident evil 3 nemesis for newcomers to the series,1
the original not just make nemesis the only boss i would,1
"re especially during the final nemesis encounter spoiler   still",1
nemesis stage 3 is literally the,1
nemesis made me tweak out,1
or flight missing sections and nemesis being ruined it just ends,1
saying i never played re3 nemesis i know that a lot,1
is disappointing then there s nemesis at first he s intimidating,1
besides being too short and nemesis not being much of a,1
scary and tense at points nemesis chasing you can be pretty,1
swan diving nemesis made me piss myself,1
"penny   10 10 nemesis",1
nemesis funny guy,1
nemesis—a missed opportunity h3 while nemesis updated design is impressive and,1
super fun and the nemesis was sick,1
game i resident evil 3 nemesis i i ve never played,1
of the game were scripted nemesis should be more threatening than,1
on being an action game nemesis also appears very briefly which,1
nemesis is the number one ♥♥♥♥♥♥,1
hunters and the ever present nemesis this faster paced gameplay while,1
areas have been cut and nemesis isnt even scary or a,1
"she is the sandwich and nemesis   drum roll please",1
hurry up jill kill the nemesis move your buttocks out of,1
is short no live selections nemesis is absurdly broken on higher,1
re 7 negative s the nemesis boss is just bad the,1
game was short and sweet nemesis is a clear upgrade from,1
the graphics are stunning and nemesis is still a terrifying relentless,1
fights are good and mr nemesis is brutal save on ammo,1
set pieces every encounter with nemesis is a blast there s,1
m torn because re 3 nemesis was one of my absolute,1
game has got to be nemesis in the intro segment of,1
"unfair as 3   nemesis was a fun prospect until",1
re not fighting the actual nemesis you re just fighting the,1
final form nemesis in nightmare and hell is,1
quicker the boss fights with nemesis are fun and the campy,1
nemesis really has got that dog,1
villain is good and the nemesis is less terrifying than mr,1
"on point   the nemesis isn t going to be",1
packed sequences are exciting and nemesis is genuinely terrifying but the,1
with the new design of nemesis it wasn t bad enough,1
smooth as test tube goo nemesis looks cool jill is sassy,1
"be nerve wrecking especially with nemesis right on your heels ",1
three sequential medium size maps nemesis is very intimidating and the,1
especially the main big bad nemesis nemesis is always just spawned,1
that in a way because nemesis was such a pain in,1
nemesis scary asf,1
"protagonists in the series  nemesis heart pounding encounters that made",1
cubes instead of showing the nemesis that appeared on the site,1
horror game resident evil 3 nemesis first released in 1999 in,1
every cut scene when the nemesis appears is nothing more than,1
"to buy with money  nemesis was a joke one grenade",1
call of duty roller coaster nemesis is reduced to temu versions,1
bit disappointed with how scripted nemesis is however it was still,1
at a brisk pace with nemesis showing up at times to,1
i enjoyed running away from nemesis love what they did with,1
a really creepy atmosphere with nemesis being a cool antagonist i,1
jill gacor nemesis ez bat mwahahahaahahahahahaha,1
i enjoyed mr x and nemesis in their own ways by,1
i funking love nemesis,1
this are kendo and carlos nemesis is not a threat really,1
and if they never nerfed nemesis this game could be masterpiece,1
can dodge more quickly from nemesis and zombie attacks which can,1
can actually stop your pursuer nemesis even less puzzles which is,1
game the biggest letdown was nemesis in the original he was,1
with lots of cut content nemesis is absolutely relentless and a,1
with other re games • nemesis is underwhelming unlike mister x,1
nemesis dodge roll simulator if you,1
"course but i was the nemesis all along   sorry",1
the missed potential everything with nemesis was horribly handled the whole,1
good as re2 remake and nemesis is right ol pain in,1
yeaa nemesiss,1
useless until the very last nemesis fight spoiler spoiler nemesis drops,1
lifeless the enemy ai on nemesis is very disappointing as he,1
"good characters  decent plot nemesis   cons the zombie",1
evil this one is great nemesis will eat your bootyhole,1
hardest part was fighting inferno nemesis at the last boss fight,1
who looks at you like nemesis looks at s t a,1
nemesis is a goon and he,1
you can call them that nemesis is wasted having a few,1
fights are pretty cool though nemesis fulfills its symbolic role here,1
nemesis had aura pretty good game,1
represent the original re3 with nemesis being a huge ♥♥♥♥♥♥♥ that,1
♥♥♥♥ u chasing me for nemesis,1
that s the real reason nemesis is chasing me,1
the eerie corridors of the nemesis lair the lighting effects create,1
satisfaction when you can make nemesis knee down with super dodge,1
a fan of the original nemesis i was excited to try,1
1 day as far as nemesis goes he lacks the intimidation,1
most of the decisions involving nemesis were unfortunate i would by,1
not faithful to the original nemesis itself looks awful heck even,1
loved the scripted events with nemesis nemesis is just an amazing,1
own fully fleshed out game nemesis is the coolest monster in,1
and eliminate members of stars nemesis puts mr x to shame,1
game for clips and the nemesis sometimes just dont fit well,1
nemesis is a ♥♥♥♥♥ good game,1
nemesis final stage on inferno difficulty,1
inferno last boss fight with nemesis it almost made me cry,1
game only because of the nemesis lol,1
removed nemesis s drip from the og,1
all a shid show after nemesis got that flamethrower and btw,1
i really enjoyed it nemesis is sick but it pales,1
do remake anterior agora o nemesis como stalker é bem fraco,1
characters made re3 great and nemesis was truly terrifying,1
set pieces not to mention nemesis is a ♥♥♥♥♥♥♥ amazing monster,1
nemesis never stopped chasing me,1
in my books although final nemesis on inferno mode is insane,1
be able to take on nemesis stage 1 without a grenade,1
you into the world of nemesis supremacy a 3rd person horror,1
remake them watch out for nemesis though he can give you,1
villians in the whole series nemesis was great at the start,1
tyrants in the whole franchise nemesis who is nemesis nemesis is,1
while being relentlessly hunted by nemesis a massive and unyielding enemy,1
in 3 as well the nemesis is beefy compared to mr,1
notable impressions include how oppressive nemesis felt and the deadliness of,1
the remastered and of the nemesis story line more bombastic and,1
zombies exploding to disappear quicker nemesis not being as much of,1
and they butchered the characters nemesis barely shows up in this,1
again rewarding to defeat the nemesis to unlock different story bits,1
nemesis made me feel physically sick,1
can instant kill you and nemesis can hit you repeatedly even,1
most fun remakes all the nemesis boss fights are challenging but,1
a jill sandwich the way nemesis keeps eating her out,1
understand the timeline as mentioned nemesis doesn t leave us alone,1
the second one also the nemesis doesn t seem as scary,1
is there to unlock either nemesis is the only boss here,1
the umbrella soldiers named him nemesis but to me he was,1
clock tower hospital basically vanished nemesis acting like a wimpy sidekick,1
a foe as relentless as nemesis for the developers to work,1
"is very flawed   nemesis on inferno had me lighting",1
"by what is called the nemesis   as for positives",1
is an absolute bargain the nemesis encounters were breathtaking even those,1
nemesis lives up to his name,1
fun touch most of the nemesis encounters were fun and rewarding,1
i was hella scared of nemesis,1
about the concept of the nemesis before doing this opus as,1
difficulties shop system is great nemesis kinda easy to stall boss,1
fact that now i see nemesis differently in dbd is kinda,1
nemesis down yes he is down,1
designs especially for jill and nemesis are top notch it s,1
alright until inferno mode where nemesis becomes a dark souls boss,1
gameplay and here i thought nemesis will walk slow like mr,1
of my favorite parts was nemesis having this huge creature constantly,1
"launcher   sit down nemesis",1
the determination nemesis has can probably be equated,1
compared to re2 the tyrant nemesis was just not it they,1
zombies and confronting the relentless nemesis it s clear that while,1
jill is constantly chased by nemesis i am always running away,1
zombies and the relentless monster nemesis who constantly hunts her gameplay,1
watched a playthrough and made nemesis a joke mr x is,1
1 more street chase with nemesis but overall it s a,1
nemesis is a stalker,1
live caption to the first nemesis fight,1
the original in the original nemesis acted more like mr x,1
por fim o queridinho do nemesis que consegue ser divertido e,1
fun game however ♥♥♥♥ nemesis and ♥♥♥♥ nicholai,1
cool game but nemesis is a lil cutie patootie,1
deprive the game of depth nemesis the main element of the,1
do you manage to ruin nemesis in the original game he,1
police station was awesome and nemesis is like mr x on,1
puzzles would have been cool nemesis didn t feel as terrifying,1
x was more scarier than nemesis,1
definitely the boss fights the nemesis chase sequences were intense and,1
sapık oe nemesis bi bırakmadın aq bu arada,1
and you ll be dodging nemesis like a pro short and,1
my gosh remastered nemesis is wild love this game,1
nemesis very cool,1
it s no different in nemesis if you ve not played,1
mods make nemesis look better and they get,1
starsssssss nemesis,1
nemesis wants his rent money from,1
the game s primary antagonist nemesis and he hounds you at,1
felt really half baked the nemesis character felt slightly annoying many,1
the nemesis which is the main thing,1
you must escape the relentless nemesis in a tense cinematic journey,1
and imagination of the original nemesis was one of the most,1
nemesis gonna give it to ya,1
"the shortness of the story nemesis face change reducing environmental stress",1
is nemesis and usain bolt brother he,1
but 2nd one was better nemesis is not that scary and,1
nemesis is the stupidest enemy in,1
your toes at least until nemesis lifts you off the ground,1
instead of getting hounded by nemesis everywhere i go but i,1
areas and the pointlessness of nemesis leaves a lot to be,1
the first resident evil 3 nemesis game and that heat is,1
is fun but fighting the nemesis that many times does get,1
nemesis dropping down from every building,1
nemesis on nightmare and inferno took,1
i have is how annoying nemesis was in the beginning and,1
including code veronica i despised nemesis would pop up out of,1
small and worst of all nemesis was done dirty half way,1
great game nemesis on inferno might be the,1
ill find nemesis and show him the hit,1
the game is good the nemesis just a let down but,1
for me it would be nemesis 10 10 game would slay,1
how embarassing it is when nemesis has infinitely better showings in,1
carlos hot nemesis hotter,1
and the horrid design for nemesis oh and the dodge system,1
are a bit weak and nemesis isn t super interesting compared,1
with the fact that the nemesis encounters are scripted again never,1
can hear the clapping of nemesis s ass cheeks behind you,1
" b ★nemesis★ b  nemesis a character shrouded in iconic",1
game ever relased they made nemesis desperatly weak and pathetic bro,1
spoiler 4 the first time nemesis pursues you around the city,1
being pursued by the monstrous nemesis the graphics are stunning with,1
she takes on the relentless nemesis who seems even more annoyed,1
cool gameplay nemesis is scary although not as,1
e when being chased by nemesis can be intense the rest,1
original but running away fighting nemesis was very fun felt more,1
"platinum done so  nemesis was killed here has no",1
nemesis mi silovao motokultivator,1
love this game i like nemesis and carlos on this series,1
re3r in my opinion is nemesis on the positive side he,1
the overuse of ma boi nemesis but yea maybe i would,1
"paced never dull  3 nemesis is tough sob  4",1
nemesis is best girl,1
in hardcore disgustingly annoying that nemesis isn t scary unlike the,1
killed by the creatures and nemesis boy did that piece of,1
yes yes i hate you nemesis sugma none existent ballz get,1
jill vs nemesis jill vs the undead jill,1
nemesis made me scream and cry,1
give a proper opinion on nemesis but this one was just,1
nice story but nemesis supposed be do anything encounters,1
it s fun yes the nemesis chase scenes are fun yes,1
3 remake h1 h2 even nemesis couldn t find any stars,1
and got a chunky time nemesis is truly a nemesis what,1
"me a little bit but nemesis was cool  7 10",1
adapt to but the final nemesis fight on nightmare mode took,1
from the police station because nemesis is chasing you with a,1
which is a disappointment especially nemesis but it is still a,1
difficulty specifically during the final nemesis boss fight on nightmare and,1
2 remake i especially love nemesis and the perfect dodge mechanic,1
exploring the city and dodging nemesis keeps you hooked and if,1
my boy nemesis gets stopped by furniture also,1
favourite over jills and although nemesis isn t as much of,1
the original resident evil 3 nemesis you can beat it in,1
overall experience feeling somewhat lacking nemesis the iconic antagonist of the,1
disappointed with this purchase since nemesis still remains a very spectacular,1
did they manage to make nemesis less scarier than mr x,1
while some might find the nemesis less terrifying than the original,1
having heavily cut content and nemesis having little presence compared to,1
action and constant threat of nemesis keep players on their toes,1
cutscenes small map no puzzles nemesis doesn t stalk you like,1
game was really short but nemesis was a really fun boss,1
as cut content and scripted nemesis fights but i still enjoyed,1
one campaign rather than two nemesis isn t as fun to,1
charisma to be lead protagonists nemesis nikolai are pretty uninteresting as,1
diff its a ♥♥♥♥♥♥ joke nemesis is like the flash on,1
can never escape nemesis,1
really short and nemesis gets kinda boring as a,1
and the dead factory or nemesis actively pursuing you throughout the,1
nemesis in inferno is fked uppp,1
work than exploring and the nemesis combat is just laughably bad,1
carlos redesign his hair 3 nemesis first form design mikhail the,1
enemy i e the tyrant nemesis or whatever they are calling,1
and felt scared by the nemesis just to never play it,1
tried to romance jill but nemesis wouldn t let me also,1
nemesis turned me into a jill,1
nemesis more like nemesus am i,1
in re2 lazy enemy mechanic nemesis is literally a downgrade compared,1
this after playing original re nemesis back in school and re2,1
enemies instead of using it nemesis is definitely scary but its,1
despite some continued issues like nemesis teleporting erratically and that awful,1
the improved movement allows for nemesis to be so much more,1
to short for resident evil nemesis is weak even last fight,1
nemesis has a tentical fetish and,1
indestructible being known as the nemesis this game was originally called,1
nemesis you nine living son of,1
his redesign is fire also nemesis the big bad guy of,1
a new weapon putting down nemesis is always fun though as,1
taken a little longer for nemesis to appear after all he,1
nemesis is poo poo,1
would be 6 10 but nemesis is in it so 8,1
with even its headline monster nemesis only appearing for a couple,1
code veronica resident evil 3 nemesis would be the re game,1
great game too short ♥♥♥♥ nemesis on nightmare and inferno not,1
of content and tension for nemesis was lost buy the game,1
kenneth getting eaten alive when nemesis first appears hes covered in,1
the sense of dread that nemesis inspires by relegating him to,1
"run dmc run  nemesis makes you an olimpic sprint",1
that said they debuffed the nemesis to hell and cut out,1
because they didn t do nemesis right but is still gud,1
o resident evil 3 nemesis é meu jogo favorito de,1
re fan i love how nemesis is hella scary in this,1
too short nemesis is literally obsessed w me,1
the original resident evil 3 nemesis came out 25 years ago,1
wait for a discount ps nemesis feels like wasted potential for,1
undead stalked by the relentless nemesis h2 gameplay a thrilling dance,1
to me and i knew nemesis was rather similar that being,1
good shooter and i like nemesis,1
"are more challenging than the nemesis   no dont waste",1
"almost little to no puzzles nemesis was disappointing   i",1
playthroughs will be very stale nemesis is by far the biggest,1
on the way h2 meet nemesis and company h2 nemesis will,1
fact surprisingly short alongside this nemesis is not like mr x,1
out a way to beat nemesis at the end felt rewarding,1
original brad was killed by nemesis while in re3 r he,1
decision to fight or avoid nemesis makes little difference you can,1
level design enemies fights with nemesis the little puzzles challenges various,1
just the right amount of nemesis to make him threatening but,1
ride being relentlessly pursued by nemesis is both terrifying and admittedly,1
gameplay the relentless pursuit of nemesis the iconic antagonist of the,1
go to hell nemesis after learning to dodge perfectly,1
to william from the re2 nemesis as the main enemy is,1
carlos is soooo hot nemesis too,1
"sequences during a play through nemesis tyrant is much easier to",1
and so is jill s nemesis may be a shell of,1
like they didn t make nemesis as scary as mr x,1
remake as they severely nerfed nemesis and he is now much,1
the whole time cause of nemesis and those frog looking things,1
nemesis is so ♥♥♥♥♥♥♥ cool i,1
on the last phase of nemesis on hardcore and i had,1
melting thing between me and nemesis and wouldnt you know by,1
journey was fun and intense nemesis feels like he cheats when,1
in others they did do nemesis dirty but i had a,1
really enjoyed playing fighting all nemesis mutations was more and more,1
nemesis kicked me in the gooch,1
about the tyrant delete the nemesis instead,1
do we think nemesis comes back from this,1
game play was pretty good nemesis was also a really cool,1
fans of the original that nemesis is far less intimidating in,1
i d let nemesis ♥♥♥♥ my ass,1
reimagining of resident evil 3 nemesis it removes many areas of,1
was such an interesting segment nemesis is an absolute monster and,1
nemesis is violent because of the,1
further hurting the replay value nemesis is an absolute joke honestly,1
all of the random quirkiness nemesis has is completely gone the,1
for any horror fan the nemesis an ever present antagonist adds,1
game with great graphics and nemesis at phase 1 and phase,1
defensive items the treatment of nemesis is disappointing compared to the,1
and the original is the nemesis itself its kinda meh one,1
an incredible masterpiece like re2r nemesis is very underwhelming however which,1
baddies and speaking of baddies nemesis deserves a special shoutout this,1
also so annoying how easily nemesis could kill you but just,1
jill good nemesis bad,1
also good gam nemesis hard i suck,1
me is that they brought nemesis into the first cut scene,1
the action and duels with nemesis are plentiful and more challenging,1
put it into perspective re3 nemesis 1999 is one of my,1
shot kill you almost everything nemesis can do can 1 shot,1
big and strong one called nemesis he s like a baby,1
absolute banger nemesis has no chill and i,1
part of my childhood re3 nemesis it falls completely short due,1
smash nemesis,1
is super trash you make nemesis like a ♥♥♥♥♥,1
you in a horror game nemesis despite being present only stays,1
things that really disappoint me nemesis i have played the re2,1
don t be afraid of nemesis if you got grenades use,1
horror experience intense action and nemesis the relentless pursuit by nemesis,1
game this is a lame nemesis s behaviour is ridiculous encounters,1
w to run away from nemesis sections were disappointing even without,1
the game but things like nemesis chasing you all the time,1
more locations longer stage one nemesis stalking jill more carlos sections,1
lot of new areas here nemesis def sucks compared to the,1
perfect re experience with 3 nemesis kills in 3 stages but,1
parts of the game is nemesis — he is terrifying and,1
jill valentine but got the nemesis instead d,1
bence bulmaca kısımları kolaydı fakat nemesis ile olan kapışmalar inanılmaz adrenalin,1
nemesis was the landlord all along,1
fighting or running away from nemesis the combat is probably my,1
is gutted rushed and short nemesis is a shell of what,1
mean the only boss was nemesis 4 times lmao but still,1
importantly in the original game nemesis is much more deadly overall,1
que más duele es que nemesis en este juego no genera,1
this but seems i did nemesis is a cutie,1
the flow of the re2 nemesis is a ♥♥♥♥♥♥♥ ♥♥♥♥ and,1
the nemesis like from dead by daylight,1
started on how absolutely annoying nemesis is in the few sections,1
the game playtime is short nemesis isnt that manacing but gameplay,1
part of the series and nemesis used to make me throw,1
special place also hardest difficulty nemesis literally made me take a,1
ama aşiri kısa olmuş hikayesi nemesis mr x e kıyasla çok,1
is short and easy but nemesis,1
action packed being chased by nemesis it s crazy i was,1
if i can t make nemesis into shrek then i ll,1
a bit short and sweet nemesis is awesome puzzles not overly,1
much of resident evil 3 nemesis s story and gameplay was,1
long which is extremely disappointing nemesis is not a nemesis he,1
ps1 s resident evil 3 nemesis was always my favorite re,1
character models especially that of nemesis are both terrifying and impressive,1
and story and absolutely butchered nemesis arguably the most notable and,1
nemesis is my spirit animal,1
you take including multi endings nemesis who chased you almost all,1
hook was immediately immersed the nemesis is a good improvement on,1
original did things better example nemesis looked better in the original,1
nemesis was almost as bad as,1
horror experience with a relentless nemesis as the primary antagonist the,1
don t talk about inferno nemesis characters are really well done,1
the horror aspect especially with nemesis being a menace and how,1
i camed when nemesis said stars,1
everything no mercenaries toned down nemesis difficulty weird design choices there,1
nemesis is kinda hot,1
re1 and re2 i liked nemesis he is always there for,1
is rlly fun to master nemesis is a bit disappointing in,1
it fumbles its depiction of nemesis which really sucks when the,1
soon overwhelmed and terrified by nemesis and its lethal fellows who,1
in regards to its predecessor nemesis never instilled the same dread,1
the game holds ur hand nemesis could have killed jill twice,1
nemesis spread my cheeks 200 times,1
the clocktower dead factory various nemesis boss fights jill going into,1
ve given us more scripted nemesis encounters head parasite zombies pale,1
to re series and imo nemesis is cooler than mr x,1
nemesis is so cool,1
and ever evolving bioweapon called nemesis notable feature resident evil resistance,1
and they did dirty on nemesis,1
sexual tension between me and nemesis is real,1
a boss arena and then nemesis he s the worst offender,1
non existent story but the nemesis guy is op,1
love but im scared of nemesis,1
game not gone on the nemesis system it s a bit,1
thing for me was the nemesis which on paper sounds so,1
on what they did to nemesis which i think is the,1
weapons and who could forget nemesis the glamorous 10 foot tall,1
is super cool it has nemesis from dead by daylight in,1
there especially when you have nemesis randomly barreling down on you,1
al contraste del re 3 nemesis de 1999 faltan cosas pero,1
a very good game cool nemesis mechanics nice enemies and so,1
don t talk about inferno nemesis,1
the series most popular villains nemesis,1
the original resident evil 3 nemesis so i will be harsh,1
is the whole game aka nemesis they reused so many assets,1
my only real complaint was nemesis behavior i understand that they,1
nemesis makes me feel things deep,1
engaging than previous one and nemesis is definitely a heck lot,1
nemesis lvl 1 and 2 is,1
nemesis used to be scary now,1
to third person to following nemesis view looking down on you,1
nice for the lore and nemesis is way harder than mr,1
in its first half the nemesis imposes on each of his,1
do or where to go nemesis keeps punching me because jill,1
was cut in the remake nemesis is irritating,1
we can all learn from nemesis when it comes to pursuing,1
improvements are great expect for nemesis not nearly as intimidating as,1
amazing game nemesis had me peeing my pants,1
in front of us the nemesis is less striking than the,1
not a lot of repeatability nemesis feels less random and threatening,1
if not all of the nemesis encounters are scripted and quite,1
and it s play good nemesis needed to be more balanced,1
didnt owe money like leon nemesis is just an opp,1
all is that they got nemesis complete wrong standalone its mediocre,1
still love the transformations that nemesis goes through and carlos is,1
suited although nightmare and inferno nemesis was really a doozy,1
clutches of the relentless bioweapon nemesis while the narrative adheres to,1
a fantastic resident evil game nemesis doesn t get annoying the,1
re in a dance contest nemesis the terminator s undead cousin,1
raccoon city ps 4th stage nemesis tweaked me hard on inferno,1
jill s character and the nemesis being quite boring also the,1
locked into a corner by nemesis multiple times in different areas,1
2 the most iconic boss nemesis i was scared of the,1
nemesis hunts you down the whole,1
first play through nemesis made me want to quit,1
s quite short and its nemesis related difficulty is poorly designed,1
nemesis so annoying xddd,1
game terrible story super short nemesis is a push over i,1
i loved playing as her nemesis was honestly terrifying to deal,1
mr x brisk walks nemesis runs,1
nemesis on hell difficulty doing bdsm,1
t even like the original nemesis but i feel like i,1
a strange fanfic where nemesis is a sexual predator and,1
parasites in this game like nemesis makes parasites right in front,1
nemesis go burr,1
die than it is that nemesis won t 5 10,1
game for no reason make nemesis a 2 second scripted event,1
remake game is too short nemesis is weak and not threatening,1
pretty short one they ruined nemesis though he used to play,1
horrifically rushed worst of all nemesis is an entirely non random,1
the original resident evil 3 nemesis on the ps1 for the,1
didnt like is that fighting nemesis over and over is annoying,1
to see what s under nemesis s jacket,1
by a huge gap also nemesis is a great and iconic,1
is how the big bad nemesis although not appearing as often,1
function as instant deaths anyways nemesis himself if given the right,1
more resident evil action tips nemesis will drop two upgrades to,1
only 2 deaths both to nemesis 2 no leon,1
difficulty but anyway ♥♥♥♥ you nemesis https steamcommunity com sharedfiles filedetails,1
to die for and facing nemesis on hardcore difficulty was absolutely,1
nemesis out of 10,1
its length biggest downsides are nemesis being scripted for the entire,1
horror classic resident evil 3 nemesis this modernized version maintains the,1
the story was not great nemesis fights got repetitive fast puzzles,1
just mess around with those nemesis becomes your ♥♥♥♥♥ once you,1
definitely recommend it p s nemesis is scary af oh and,1
design puzzle quality encounters characterization nemesis as a whole gameplay variety,1
sad it was short tho nemesis made me crying this mf,1
nemesis s final form in inferno,1
and concise but i wish nemesis encounters were more dynamic than,1
good gameplay carlos incredibly linear nemesis is a scripted nuisance barely,1
way too short and the nemesis is barely a threat shame,1
a demo unlike the original nemesis pursuits have been reduced to,1
linear cutting content and reducing nemesis role finally i figured i,1
their time with this remake nemesis s ai compared to the,1
two especially for the later nemesis fights on inferno difficulty,1
characters are really bland and nemesis is a joke and barely,1
nemesis is a thing that chases,1
from original and the scripted nemesis fights he isnt as cool,1
what the franchise has offered nemesis is cool but he s,1
remake to resident evil 3 nemesis which was the original game,1
making the final fight with nemesis outrageously cool there was a,1
particle cannon thing to kill nemesis spoiler but overall i m,1
there zombies in the 3rd nemesis fight spoiler,1
feel about the doge feature nemesis inst that great as most,1
add further insult to injury nemesis is barely present as a,1
of the early in game nemesis chases to name a couple,1
a hilariously inept and nonthreatening nemesis cut important content references to,1
is of a creative nature nemesis is too scripted they should,1
detailed environments and a relentless nemesis that adds constant pressure however,1
¡te odio nemesis,1
didn t like were the nemesis chasing sequences since you are,1
i played re3 nemesis on the classic 90 s,1
bad by any mens and nemesis is scary,1
minute of it sure inferno nemesis keeps pissing me off royally,1
predictable voice actors suck and nemesis as a mr x to,1
like is that they made nemesis take a way more active,1
game plays exactly like 2 nemesis oh my god he is,1
inferno difficulty for the true nemesis experience,1
i hate that bitchass fatty nemesis,1
not disappoint their reimagining of nemesis was done with great care,1
less world than fight final nemesis on nightmare and inferno,1
refreshing the true star is nemesis a bioweapon with an obsession,1
x way more intimidating than nemesis super good game but i,1
nemesis is opium asf,1
movement system dull enemies and nemesis was obnoxious,1
much more than this garbage nemesis been nerf to almost comical,1
though is to be honest nemesis in my opinion he was,1
so much backstory and finally nemesis also an iconic villain from,1
woman bad nemesis bad length bad 3 10,1
and they kinda ruined the nemesis but it still was fun,1
game was changed or removed nemesis isn t a treat it,1
made the original more memorable nemesis is another disappointment he deserved,1
or frustrating looking at you nemesis honestly either play because you,1
game no idea how that nemesis guy kept coming back like,1
like jill s new design nemesis new face and outfit plus,1
nemesis pretty much ruins the game,1
is better the reamke makes nemesis less scary but overall it,1
shown on a headshot now nemesis isn t such a nemesis,1
story with a non scripted nemesis chasing you along the way,1
about the original re 3 nemesis i must be inclined to,1
the original goodbye clock tower nemesis is a joke the thing,1
my friends growing up and nemesis scared the every loving crap,1
you have the main antagonist nemesis arguably one of the most,1
get the ♥♥♥♥ off nemesis,1
the way they programmed nemesis does not give you a,1
while being pursued by the nemesis gameplay wise it s the,1
nemesis is such a little goofball,1
mods recommend the shrek for nemesis mod this game is thrilling,1
the stunlocks in the final nemesis fight on inferno with combat,1
asset swap gore was downgraded nemesis should have behaved like mr,1
dear nemesis i have few lovely words,1
nemesis smash my head good,1
nemesis is annoying af,1
– jill s escape from nemesis is a white knuckle thrill,1
or how they messed up nemesis i agree with all of,1
mr x re 3 has nemesis which in my opinion in,1
it s fun but nemesis fights are like dark souls,1
distract you from getting re3re nemesis is absolute horror the way,1
absolutely love the design of nemesis but he hardly shows up,1
play a little annoying with nemesis following you around through some,1
mr x from re2 than nemesis but it s still a,1
the original resident evil 3 nemesis tho,1
fact that the big bad nemesis never once felt threatening because,1
to tackle resident evil 3 nemesis the story of re3 takes,1
criticism i see is that nemesis hardly exists in this remake,1
with better mechanics imo also nemesis is just a beast,1
of my favorite games having nemesis chase you room to room,1
with too many set pieces nemesis is even less scary than,1
unremarkable even the iconic antagonist nemesis who should have been the,1
very reliable the main villain nemesis honestly feels a lot more,1
shorter than you expect and nemesis encounters are joke you could,1
feels smooth and modern and nemesis remains one of the most,1
all the dumb forms as nemesis just became stupid but i,1
fire this one up also nemesis looks great some stuff is,1
nemesis is a lil cutie,1
my only gripe is with nemesis i found even on the,1
cut down on how much nemesis encounters you he s more,1
actually keeping the scary atmosphere nemesis is much less of a,1
nemesis is too op please nerf,1
t freak out about the nemesis in the beginning get everything,1
previous game is fun and nemesis is truly worthy of his,1
come face to face with nemesis is really of a different,1
the re2 reboot but having nemesis solely be staged events was,1
a worse re2 remake fighting nemesis all the time got kinda,1
characters are also involved here nemesis is absolutley terrifying the first,1
in the city with the nemesis chasing you you do back,1
made an constant run from nemesis there is not enough time,1
jill nice nemesis mean bully i like ginger,1
buying this to relive re3 nemesis in hd glory you will,1
there was a mod with nemesis in a maid outfit,1
on sale gunplay is tight nemesis is great and the set,1
version of the original and nemesis got robbed if you want,1
you literally deepthroat nemesis,1
time to use it the nemesis is nothing like mr x,1
good nemesis jill run racoon city is,1
modern graphics and engine the nemesis is menacing but could be,1
spirit away from the experience nemesis was much less tedious than,1
i developed stockholm syndrome for nemesis towards the end awkward,1
short it felt like also nemesis didn t feel as threatening,1
and here s the kicker nemesis got ruined brutally even he,1
and sweet but ♥♥♥♥♥♥♥ ♥♥♥♥ nemesis and his hentai ♥♥♥♥ carlos,1
it vidoes threads say that nemesis sucked i really liked nemesis,1
drop screw inferno stage 3 nemesis though,1
the pacing was fine though nemesis was hardly ever a threat,1
like what they did to nemesis and the content they changed,1
star of this game is nemesis even if it s very,1
this one i do think nemesis ended up being a bit,1
not so particularly fond of nemesis running on the walls when,1
very good me run from nemesis because he go brrr and,1
creature popularly known as the nemesis whose sole purpose is to,1
the real re 3 but nemesis was still the big badass,1
the first time i encountered nemesis after meeting carlos i just,1
nemesis d,1
is way to short and nemesis is only stage typed and,1
manage to make it cool nemesis is one of the coolest,1
nemesis is a joke in this,1
press w to defeat the nemesis,1
like a shooting game 3 nemesis t type i am not,1
this game worth playing is nemesis and the story despite how,1
isn t nemesis from dead by daylight,1
a solid game would let nemesis impregnate me again,1
the nemesis is like one of the,1
fails as a horror game nemesis is just a nuisance rather,1
now an annoying girlboss and nemesis has been thoroughly cucked to,1
lot of ammo and the nemesis isn t the same as,1
s better than the original nemesis the flagship boss is a,1
hard as well as the nemesis chases and mid game boss,1
repeat re2 s lab the nemesis ceases to be a problem,1
hru hodnotím pozitívne príbeh pohoda nemesis je hajzel prašivý a neviem,1
actually scratch that i thought nemesis would be slow like mr,1
s not a good remake nemesis has to be the worst,1
was a cinematic masterpiece also nemesis is terrifying just as in,1
so i could mod jill nemesis was dope as ultraman and,1
of those 27 hours btw nemesis is underused story falls off,1
aiming is constantly annoying and nemesis fight boss fights feel terrible,1
you will hate nemesis as much as jill by,1
the original resident evil 3 nemesis while adding new elements to,1
if i see nemesis one more time,1
like the game 2nd form nemesis feels extra final form nemesis,1
lack any audible footsteps especially nemesis you would expect something as,1
but do agree that the nemesis isn t as good as,1
step nemesis what are you doing,1
and so is jill and nemesis love it,1
mechanic was hot garbage and nemesis just felt way too scripted,1
after playing the original re3 nemesis and cannot continue this is,1
it this is totally fine nemesis is a great antagonist and,1
coded it better like if nemesis hits you once you have,1
more i thought about them nemesis is a joke if brad,1
original is actually called re3 nemesis this is not a remake,1
a remake to the 99 nemesis og this game is disgraceful,1
nemesis kinda hot,1
still very engaging to play nemesis is a great antagonist,1
replaced by a very scripted nemesis which dials back a bit,1
go back and play re6 nemesis isn t even nemesis everything,1
that place also the annoying nemesis chasing you everywhere too bad,1
why is nemesis so fine though,1
re2r it definitely has flaws nemesis considering i never play this,1
simple story great gameplay only nemesis is a lil pain in,1
with the aiming so fighting nemesis and the lickers is a,1
its welcome even if the nemesis does 3 5,1
first hour after dealing with nemesis s scripted sections along with,1
great on deck that nemesis guy is a ♥♥♥♥♥♥♥♥ short,1
nemesis keeps bending me over and,1
it s scary and tough nemesis is badass and being chased,1
the core of the original nemesis there s only one section,1
hayup ka nemesis,1
immediately after seeing uptown and nemesis arrival as a 5 minute,1
battles are quite bad with nemesis himself being a laughable joke,1
fun like the original nemesis and all zombies are much,1
my time being afraid the nemesis is behind the corner,1
i loved when nemesis went and said its nemin,1
pessoas estranharam o comportamente do nemesis o que pra mim esse,1
the original and lack of nemesis chasing you like mr x,1
loved the constant threat of nemesis stalking the main protagonist in,1
nemesis should ve taken the hint,1
r i p nemesis,1
times the story is mediocre nemesis is a grade a ♥♥♥♥♥♥♥♥♥♥♥,1
felt like he was my nemesis of some kind,1
well the main antagonist b nemesis b turned out incredible his,1
bad game nemesis is 100 scripted cut content,1
tava otimo momentos com o nemesis foram mais marcante do que,1
places the confrontation with the nemesis gives you the pleasant itch,1
i was expecting more from nemesis coming out of re2 with,1
time and man i hate nemesis definitely only get it on,1
no nemesis were harmed and the saving,1
modder saved this game and nemesis boss fight is so good,1
not played the original re3 nemesis nor know nothing about other,1
as a remake really wish nemesis said stars 400 times like,1
valentine and the aptly named nemesis is always at the centre,1
gave you a satisfying conclusion nemesis was more cool than t,1
absolutely crazy is how cheap nemesis is at higher difficulty many,1
jill and carlos that much nemesis was pretty annoying and not,1
it s execution and storytelling nemesis can also leave much to,1
more action packed than horror nemesis cutscenes were disappointing too simplistic,1
play but i do wish nemesis was more present throughout the,1
the original resident evil 3 nemesis 1999 but fell short in,1
my only complaint is the nemesis who just becomes a big,1
because i activated a scripted nemesis cutscene before finding the last,1
get these things in addition nemesis is very stressful to face,1
by making this remake turned nemesis into a joke and got,1
nemesis rule 34,1
nemesis goes crazy when stars,1
running nemesis is scarier than a 9,1
jill to be thrown by nemesis every time they met the,1
nemesis jancok,1
nemesis mf got an rpg like,1
fit well in the game nemesis isnt really nemesis after the,1
nemesis is annoying randomly doesn t,1
nemesis nemesis piss in the wind,1
well as the handling of nemesis a i and how they,1
brings it your enemy the nemesis has one goal in mind,1
move is a great addition nemesis is much harder than mr,1
jill hot nemesis scary carlos cringe,1
almost like watching a movie nemesis is awesome and feels like,1
nemesis scawy,1
man nemesis is way scarier than mr,1
the original resident evil 3 nemesis it s idiotic to know,1
everything as for the famous nemesis i read a comment somewhere,1
bosses or comboed from a nemesis punch into a zombie bite,1
more dread due to the nemesis being able to appear on,1
fun just not the um nemesis mod uh,1
nemesis made me c m 10,1
deal with and while the nemesis boss fights are visually cool,1
ammo is less scarce the nemesis is scary and takes relentless,1
but way too short and nemesis isnt even scary,1
i like the part where nemesis go bang,1
of jumpscares in my opinion nemesis was scary af although it,1
nemesis should step on my testicles,1
i think thats cool and nemesis wants to run it back,1
the original resident evil 3 nemesis which offered a more substantial,1
2 1998 resident evil 3 nemesis 1999 and resident evil code,1
even with mentioning how awful nemesis is specifically comparing him to,1
og version also found the nemesis boss fights fun if not,1
more dodging the zombies instead nemesis is just a sad joke,1
the original missing or underdeveloped nemesis is underused compared to his,1
the elephant in the room nemesis i think he was actually,1
a lot the fact that nemesis a survival horror icon is,1
baddieoftheyear carlos a totalitarian zaddy nemesis a freak fr 8 10,1
small expansion for re2 also nemesis isn t as fun to,1
encounters you ll have with nemesis is significantly reduced so why,1
also fun the relentlessness of nemesis can also create some adrenaline,1
solid game although nemesis can be a bit annoying,1
all environments are rather boring nemesis was at first a scary,1
to be a cop finally nemesis really feels more like a,1
its residents evil they ruined nemesis,1
hay nemesis gibi ben,1
jill is the real nemesis,1
that complain about all the nemesis events being scripted apparently don,1
parts from the original game nemesis isn t nearly as terrifying,1
the original resident evil 3 nemesis on the ps1 in preparation,1
differences between the original re3 nemesis and remake it s pointless,1
without sigma redpilled remake carlos nemesis is only threatening when he,1
feito como o anterior pros nemesis jill valentine gráficos jogabilidade replay,1
orientated than re2 and spoiler nemesis spoiler is frustrating especially in,1
big bad of the game nemesis is a complete pushover one,1
♥♥♥♥ on the og re3 nemesis is super goofy in this,1
somehow nemesis returned,1
but constantly fighting that undead nemesis along the way feels tedious,1
section of the game has nemesis chasing after you while you,1
hit kill and so does nemesis in this game there s,1
badass est waifu also ♥♥♥♥ nemesis 9 10 game,1
nemesis runs faster than an airplane,1
i never played the original nemesis but i ve played the,1
its prequels loved it ps nemesis made me feel completely exhausted,1
re3 in this remake the nemesis enemy isn t scary and,1
"what does nemesis say   staaarsss",1
translation of resident evil 3 nemesis to a new generation and,1
it s slower predecessor also nemesis is even more badass than,1
to the other games also nemesis was pretty underwhelming considering the,1
♥♥♥♥♥♥ nemesis,1
it gud nemesis is easy,1
you the only difference is nemesis moves and hits like a,1
though i do find the nemesis very annoying in this title,1
lab nothing to compensate b nemesis b i m not gonna,1
i hate nemesis this review is not like,1
remake get if you like nemesis but don t expect the,1
love her so much re3 nemesis is too dated to play,1
them also what was with nemesis galloping on the walls that,1
tuff but in this part nemesis is extremely obsessed with jill,1
much reduced to re2 and nemesis as a boss enemy is,1
not like was the final nemesis fight it was pretty epic,1
to find the firehose tho nemesis scared me a lot main,1
fear of being chased by nemesis can be tiresome but it,1
bang bang pew pew nemesis is dead short and decent,1
the quick introduction of the nemesis and the fast pacing but,1
i dodged everything but the nemesis was cool although some of,1
carlos nemesis cuties 8 5 10,1
when first experiencing the remakes nemesis wasn t disappointing for me,1
by firstly the appearance of nemesis this nose is absolutely useless,1
love the nemesis with my whole heart and,1
annoying boss fights i understand nemesis is the big stalker bad,1
nemesis mr x on cocaine,1
explosions and what not and nemesis is always involved nemesis went,1
nemesis ♥♥♥♥ i love me some,1
nitpick is that enemies like nemesis or the hunter betas can,1
and not engaging at all nemesis isnt scary just annoying half,1
no nemesis sex,1
that the main theme is nemesis yet in the remake version,1
original re3 replay value and nemesis is quite boring mr x,1
to complain about cons 1 nemesis fights kinda get old real,1
problems like some of the nemesis fights the levels feeling a,1
a sin how tuned down nemesis is in this remake the,1
having the menacing mr x nemesis who has almost free agency,1
remake was still much better nemesis was not as scary as,1
linear too forgettable 3 10 nemesis 1 10 jill valentine and,1
content from the original game nemesis sucks dodge mechanic sucks boss,1
played by a long shot nemesis is annoying and so one,1
really sets up how badass nemesis is and its easily my,1
however wished the encounters with nemesis weren t so scripted and,1
remake of resident evil 3 nemesis it falls short that being,1
case with our poser boy nemesis so much was lost with,1
the original resident evil 3 nemesis i ve seen many people,1
may have overdid it with nemesis a little bit at some,1
is super fun along with nemesis being a cool antagonist,1
still a very fun game nemesis looks very cool,1
jill ❤ carlos ❤ nemesis 😨,1
dialogue so much cut content nemesis has been cut down to,1
the same and yes the nemesis choices of the original would,1
the same time thanks to nemesis following you around literally everywhere,1
great game nemesis encounters and some zombie encounters,1
overall great game nemesis being reduced to mostly set,1
go to rpd why does nemesis show up immediately where s,1
this game was rushed also nemesis shows up in the first,1
original re3 including completely butchering nemesis that being said i love,1
compared to re2 remake • nemesis is a relentless and terrifying,1
see nemesis shoot nemesis you realize you,1
i wanted to gather everything nemesis may be a very good,1
carlos and of course the nemesis who takes his time off,1
are basically non existent and nemesis just feels like mr x,1
buts its action packed and nemesis is awesome,1
away with a solid kick nemesis fights are fun well re3,1
insane and the fights with nemesis are so unsatisfying i d,1
about this game is that nemesis is too powerfull,1
nemesis literally popping up all the,1
to follow huge upsets with nemesis and the way they implemented,1
clunky but ok for some nemesis encounters and ofc the hospital,1
11 from essentially minute one nemesis is intimidating in his first,1
do bombastic fights with the nemesis peppered in through the game,1
really not a fan of nemesis and the over the top,1
the game and that s nemesis i personally loved every single,1
in the series the iconic nemesis a relentless and powerful bioweapon,1
railgun vs nemesis,1
nemesis 10 10,1
jill hawt nemesis thicc,1
the remake resident evil 3 nemesis was short yes that was,1
and police station of re2 nemesis isn t all that scary,1
resulting in death mainly with nemesis a couple times and definitely,1
where you got chased by nemesis compared to re2 remake you,1
the constant fear of the nemesis and little details of the,1
neck slit move at first nemesis can be hard to avoid,1
i beat it on hardcore nemesis actually made it easier for,1
gets the camera against the nemesis boss fight literally gives me,1
conquer my only complaint is nemesis random encounters stopping after you,1
ones that played original re3 nemesis and new players,1
in my eyes i think nemesis was alot more of a,1
why first and foremost the nemesis in this game takes up,1
courage to stand up to nemesis after not being able to,1
you moment to moment the nemesis makes this game what it,1
lackluster enemies bad design for nemesis look how they massacred my,1
out was the idea that nemesis would function like mr x,1
criminally short campaign i loved nemesis but towards the end the,1
lets you give nemesis the finger 10 10,1
much better pacing and flow nemesis is way more dangerous when,1
is for breaking boxes the nemesis is just a downgraded mr,1
start game enjoy game find nemesis nemesis runs at you get,1
a fine game by itself nemesis was better than mr x,1
not the biggest fan of nemesis s 2nd form subjective opinion,1
of stress until you encounter nemesis,1
good game i wanna kiss nemesis,1
action sequence while the stupid nemesis is pestering you like a,1
the beginning end of re2 nemesis was also a great antagonist,1
of the game is final nemesis overall it was very fun,1
in other games as for nemesis i think mr x was,1
weapon tyrant class foe named nemesis you mainly use jill valentine,1
action then re2 jill valentine nemesis raccoon city police department from,1
you are familiar with it nemesis is overhated stage 1 is,1
super under cooked in particular nemesis sucks meh if its on,1
nemesis as shrek mod wouldn t,1
until the second to last nemesis fight so the base game,1
it on sale for the nemesis fight s the rest of,1
only improved the game the nemesis can still be a pain,1
horror and nightmare difficulty buffs nemesis decently grenades become scarcer and,1
f ck whoever made inferno nemesis,1
he was mr x and nemesis combined age 16 he was,1
love the ability to dodge nemesis is very scary trying to,1
difficult it is to dodge nemesis its not and there is,1
way through to the end nemesis has always been one of,1
nemesis hello y u sprintingggggggggggg huhhhhhhhhhhhhhhhhhhhh,1
say the line nemesis,1
not my nemesis not good remake disappointed cause,1
my favorite part was when nemesis said its nemming time and,1
still enjoyable still the classic nemesis was best mr x in,1
unleashes their ultimate secret weapon nemesis graphics ☐ you forget what,1
mr x was intimidating scary nemesis is on a whole new,1
pacing is decent but the nemesis encounters are a little disappointing,1
bit disappointing compared to re2 nemesis is intimidating but underused and,1
game is so short and nemesis is very bad for mr,1
remake part 2 that walkthru nemesis bother me i gave up,1
in the game battling with nemesis all boss fights are repetitive,1
still recommended why they cut nemesis in rpd police station,1
interruptions 2 majority of the nemesis encounters are scripted 3 the,1
nemesis is only scripted it feels,1
of him pretty easily but nemesis man that sucker never stops,1
broken and straight up unfair nemesis last boss can one hit,1
like the lack of random nemesis encounters and limited costumes there,1
of a kiss chase that nemesis loves you soo much,1
fk nemesis,1
short but it s fun nemesis was more terrifying than mr,1
and boring in every aspect nemesis is a ripoff of tyrant,1
3 peat nemesis cheek clapping,1
chased by a beefed up nemesis is where the game shines,1
mad you finally understand why nemesis is always after dat booty,1
i love jill i hate nemesis,1
the humiliation of jill valentine nemesis,1
have made better use of nemesis but what is in there,1
resident evil 3 nemesis if it was bad,1
nemesis shouldve taken a hint,1
i hope you like fighting nemesis in five different boss fights,1
game kill more zombies see nemesis get scared turn game off,1
af the boss fights with nemesis were fun and when that,1
lot of cut content the nemesis boss fight with the rail,1
was a very decent length nemesis fails completely as everytime he,1
more monsters and more aggressive nemesis voice acting and story are,1
nemesis beat women,1
sense of fear factor including nemesis which is sad because re2,1
the star of the show nemesis himself anyone that played the,1
compared with re 2 remake nemesis is a ♥♥♥♥♥♥♥ joke gets,1
as a kid but the nemesis lived in my nightmares for,1
musuh2nya ini yang tak terduga nemesis nya benar2 edan remake nya,1
the tension given by the nemesis they used a few cheap,1
4 5 hours on hardcore nemesis is more obnoxious than scary,1
like its former title also nemesis is way more nerve racking,1
a little lame i thought nemesis was terrifying personally but it,1
like jill s character and nemesis as a whole this game,1
so hard sometimes would find nemesis randomly throughout the game sometimes,1
in the series h2 remaking nemesis h2 following in the footsteps,1
i don t like how nemesis is god modded to appear,1
nemesis is thicc,1
not enough nemesis 7 4 10,1
its a running game from nemesis since the start of the,1
shorter than its predecessor 6 nemesis is more simplified and doesn,1
me re2 remake and re3 nemesis is better,1
actual remake of re 3 nemesis it s like one of,1
escape from the big bad nemesis after a brutal alarm clock,1
nemesis and his ♥♥♥♥♥ mouth,1
nemesis is a big jerk face,1
great and highly polished sadly nemesis is a step down from,1
its still fun re3 re2 nemesis mr x jill claire carlos,1
on re 7 on re3 nemesis all the effort has moved,1
of game missing choices missing nemesis is a joke no wonder,1
disgrace of a remake also nemesis is a cuck in this,1
absolutely love resident evil 3 nemesis and have probably put more,1
from the original re 3 nemesis in short it is a,1
finish being chased by daddy nemesis all game def gets my,1
nemesis is the dark souls of,1
cut content from the original nemesis isn t as intimidating as,1
a more dangerous persuer than nemesis which says a lot the,1
enjoy the plot or the nemesis battles 4 5 out of,1
tyrant nemesis,1
but incredibly unfair when fighting nemesis doesn t give you a,1
are top notch and the nemesis is terrifying and annoying as,1
used to survive the vicious nemesis and escape the nightmare of,1
while dealing with extremely choreographed nemesis encounters that don t feel,1
with all the cutscenes also nemesis simply teleporting i mean jumping,1
at least matched this with nemesis instead he appears in cutscenes,1
campaign is quite short and nemesis a lot of the time,1
was also very disappointed that nemesis didn t wander around like,1
again but is gud tho nemesis ♥♥♥♥♥♥♥ scares me bruh,1
unlock them all as for nemesis he was the only disappointment,1
everyone to zombies but then nemesis show up a biological weapon,1
nemesis is a ♥♥♥♥♥♥♥♥ beast,1
game the expansion it and nemesis deserves,1
expect much from that and nemesis is horribly underused jill valentine,1
the aspects and of course nemesis as an intimidating villain,1
gameplay graphics characters cons short nemesis verdict staaaaaaaaaaaaaaaaaaars,1
is decent i just wish nemesis is a little bit more,1
the game is of course nemesis which it being this unstoppable,1
issue with the game is nemesis the relentless enemy who pursues,1
had so much potential the nemesis felt like a kitten honestly,1
wish the main antagonist not nemesis was a bit louder and,1
main enemy of this game nemesis with the tyrant from the,1
hate nemesis,1
still feels really nice and nemesis is intimidating as ♥♥♥♥,1
time the good i prefer nemesis over tyrant tyrant was the,1
bits of content and frankly nemesis is just a big dummy,1
is such a short game nemesis design is great too and,1
during the final battle with nemesis i would recommend just be,1
nemesis down down down,1
nemesis just needs a hug,1
key fights most of the nemesis pursuits are linear and uncomplicated,1
was pretty good but nemesis became a pushover after the,1
the game is shorter and nemesis was very scripted,1
being able to dodge and nemesis was fun to fight against,1
game is a variation of nemesis that is often reused at,1
so much jill is wonderful nemesis is my personal nemesis and,1
here in the original re3 nemesis was one scary ass mofo,1
all but short and most nemesis encounters are hold w and,1
to fast paced and the nemesis is not at all frightening,1
mediocre game nemesis is a joke and is,1
really fear the main antagonist nemesis since he just literally barges,1
shooting nemesis with the infinite ammo rocket,1
how the way you kill nemesis in the is a lighting,1
the boss fight with flamethrower nemesis at the end of the,1
corri scappa c è il nemesis 9 10,1
first off resident evil 3 nemesis yas the og is my,1
resident evil game jill valentine nemesis and carlos are just awsome,1
best character in re3 ngl nemesis is more scripted and linear,1
this give me the real nemesis,1
felt like resident evil re nemesis has never been more than,1
removed branching choices when encountering nemesis no replayablily compared to original,1
when you play tag with nemesis you ll always be in,1
daba daba mucho miedo el nemesis,1
you can play this one nemesis is nowhere near scary as,1
and precise this version of nemesis is like the big head,1
just gotta complain about how nemesis has a charge attack in,1
for me disapointed by the nemesis encouter disaperance of zombie dismemberment,1
is the short story and nemesis not being a challenge at,1
gagged nemesis for sure,1
holy cr p its nemesis from dead by daylight,1
weird given the situation while nemesis is the main villain of,1
the 1999 game re 3 nemesis building on the remake of,1
og completely ruined what makes nemesis scary in og his sentience,1
i was super anxious against nemesis but loved every second of,1
rather sparse compared to original nemesis looks way less imposing now,1
with mod u can make nemesis as patrick star,1
an excessive amount of handouts nemesis is much cooler than mr,1
s a reason they took nemesis out of the title in,1
s usage and structure of nemesis,1
a few minutes of progress nemesis only appears in scripted gameplay,1
was fun for me b nemesis b encounters with nemmy are,1
nemesis should go to the olympics,1
quite a bit and the nemesis sequences are very intense way,1
nemesis looks like melted cheese over,1
pace due to a laughable nemesis whose new model can t,1
girl in a jeans also nemesis despite great visual design not,1
not as good as re2 nemesis confrontations are too often leaving,1
much fun every time the nemesis would show up for a,1
scripted encounter while in re3 nemesis stalked you or seemed to,1
and the removal of random nemesis encounters it is also worth,1
the final battle with the nemesis before you re watching a,1
completely when it comes to nemesis who is completely tame and,1
nemesis sometimes hides his feelings in,1
carlos but the antagonist itself nemesis felt like a joke unlike,1
marine gameplay i was thinking nemesis going to annoy me and,1
nemesis was my first resident evil,1
is great so far though nemesis is annoying not scary but,1
iconic puzzles and open environments nemesis is blatantly scripted and a,1
one very short section where nemesis pursues you in a non,1
the moments with jill fighting nemesis,1
fights are different stages of nemesis there almost 10 boss battle,1
evil 3 the main antagonist nemesis while imposing and intimidating feels,1
reboot of resident evil 3 nemesis or biohazard the last escape,1
scares and constant chases by nemesis within downtown area are definitely,1
another experience like re2 remake nemesis as a enemy will exist,1
really great as well for nemesis but nostalgia is definitel not,1
nemesis cutting me off by meteoring,1
you played the original re3 nemesis and inexplicably felt in love,1
remaining modest and respectful b nemesis is also very successful with,1
evil 3 remake are 1 nemesis is fun to fight but,1
to fight or run from nemesis or some giant ground worm,1
have no impact on anything nemesis isnt terrifying and theres no,1
with removed locations and funny nemesis how can i forgive you,1
one was resident evil 3 nemesis the og re 3 back,1
nemesis was more of a nuisance,1
re2 but it was when nemesis showed up was when it,1
original content is lackluster and nemesis is more annoying than he,1
good game the nemesis is everywhere lol,1
i was so scared of nemesis now i don t remember,1
designs look much better especially nemesis,1
from remake 2 encounters with nemesis are much more heavily scripted,1
nemesis lays down the pimp slap,1
of weapons and upgrades awesome nemesis designs and boss battles close,1
tacked on multiplayer and disappointing nemesis implementation alongside the game s,1
i ll always love you nemesis my deflated burnt rubber tire,1
never feels like a city nemesis never feels like a true,1
mechanic poorly implemented and ♥♥♥♥♥♥ nemesis besides that its a fun,1
x i am really annoying nemesis hold my beer,1
surprise here i also hated nemesis design it could look cool,1
nemesis scary 10 10,1
game is bit longer final nemesis was too easy to beat,1
i couldn t stand the nemesis after running around the map,1
nemesis drops supply crates when you,1
the downside your titular rival nemesis is only ever an engaging,1
like the original re 3 nemesis unlike re 2 you do,1
any progress whatsoever because of nemesis which is f broken then,1
and more focus on action nemesis isn t that threatening or,1
even on a first playthrough nemesis is nowhere near as scary,1
if it was short and nemesis was a really cool and,1
remake of the original re3 nemesis there is a lot of,1
the game is so good nemesis is disappointing compared to the,1
and the multiple fight with nemesis are challenging especially on hardcore,1
re s stalker enemies the nemesis had so much not being,1
more sections early on where nemesis is chasing you more like,1
items for your next gameplay nemesis was a terrifying character to,1
still enjoyed it very much nemesis is still a blast and,1
the original resident evil 3 nemesis is annoying as hell the,1
nemesis the giga chad,1
hard the story is boring nemesis isn t scary intimidating or,1
one extended chase scene with nemesis and absolutely no replay value,1
are almost non existent every nemesis encounter are linear and there,1
spoiler the ending boss with nemesis the railgun was ♥♥♥♥♥♥♥ awesome,1
lot of people say that nemesis isn t scary anymore worse,1
nemesis seems a bit too persistent,1
fun to play stage 3 nemesis was a pain in the,1
run rampant with a new nemesis and an evolved virus,1
fighting that big ol mf nemesis again short game yes but,1
game like the first re3 nemesis is horribly implemented his mechanics,1
the gameplay is still superb nemesis is thankfully far less annoying,1
the original psx game the nemesis mutant doesn t chase you,1
game is absolute trash if nemesis hits you once he never,1
stage boss fights vs the nemesis that s what makes this,1
have done away with the nemesis as a stalker enemy almost,1
that i have is the nemesis is pretty dumb like literally,1
game from resident evil 3 nemesis ps1 1998,1
game is originally called re3 nemesis and make no mistake about,1
you first hear about the nemesis from brad s warnings building,1
best game ever nemesis stars,1
t like were the random nemesis encounters and the final bossfight,1
time to enjoy the atmosphere nemesis in theory is a terrifying,1
the original resident evil 3 nemesis but even i was disappointed,1
of weapons and clashes with nemesis and it didn t feel,1
only issue i had is nemesis has scripted events and is,1
the same resident evil 3 nemesis of 1999 so have in,1
evil game shorter than original nemesis is a ♥♥♥♥♥ now nemesis,1
departure from resident evil 3 nemesis in the worst way possible,1
also is he literally calls nemesis a ♥♥♥♥♥♥♥♥ and it s,1
to the ps1 original re3 nemesis this remake falls short quite,1
by removing the choice system nemesis wasn t as threatning as,1
nemesis dies in 1 hand grenade,1
get better i personally thought nemesis chasing you in the beginning,1
final fight larger enemies specifically nemesis are especially horrific to fight,1
10 rounds into every zombie nemesis was scripted for the majority,1
comes to your stalker monster nemesis compared to the tyrant in,1
2 some may wonder if nemesis would be equally annoying in,1
ah yes nemesis greatest ♥♥♥♥♥♥♥ weakness garage doors,1
time with it though and nemesis is a truly great villain,1
were cut or changed or nemesis not killing jill when he,1
original game also had scripted nemesis encounters but thanks to the,1
t like very much was nemesis in general that sounds crazy,1
a remake of resident evil nemesis and as capcom s more,1
the 1999 resident evil 3 nemesis original was supposed to be,1
dodge mechanic was great the nemesis fights were fun overall the,1
to be more afraid of nemesis now in r3 remake considering,1
need ooohhh no here comes nemesis u run u get away,1
fun even on its own nemesis was fumbled hard as was,1
to the point aside from nemesis constantly being up my arse,1
it is pretty good nemesis is pretty ♥♥♥♥♥♥♥ annoying good,1
want to use to turn nemesis into soup and the dodge,1
re3 was really short too nemesis was dumbed down a lot,1
3 hours gameplay no random nemesis fight its not like a,1
from the original game yes nemesis is less creepy than mister,1
jeba aj keď dopiči nemesis nesmrtelný,1
disappointment with it was probably nemesis they honestly kind of did,1
fresh way graphic is beautiful nemesis boss fight is great jill,1
missing from the original and nemesis being an annoyance rather than,1
dlcs is a better option nemesis a i is dumb i,1
and with a quick time nemesis and boring boss fights still,1
zombies while being chased by nemesis at times why i liked,1
the year prior and re3 nemesis 1999 the game on standard,1
fighting nemesis is pretty boring and the,1
in a day without letting nemesis even touch you can t,1
maybe if nemesis used those tentacles for love,1
t take away the fun nemesis is still no slouch during,1
on her first encounter with nemesis i prefer the original re3,1
or the final showdown with nemesis where he can grab and,1
from re2 but still fun nemesis is a menace,1
music sound excellent monsters scary nemesis is ♥♥♥♥♥♥♥ freak of nature,1
short so short that the nemesis encounters don t have time,1
way too many corners cut nemesis deserved more of a buildup,1
panic fleeing from big daddy nemesis spoiler which is often reward,1
had about the tyrant versus nemesis the problem with nemesis is,1
3 stayed for naked erect nemesis mod,1
i loved the part when nemesis said it s nemmy time,1
towards action more than horror nemesis is less scary than mr,1
abit lacking but at least nemesis looks cool and feels cool,1
result compared to mr x nemesis simply doesn t feel threatening,1
nemesis looks like he lives under,1
like jill in the rpd nemesis chase sequences multiple costumes like,1
than what many people expected nemesis encounters were much more scripted,1
you can get chained between nemesis and random zombies it wasn,1
stupid to do on inferno nemesis on harder difficulties is hilarious,1
runs great but my god nemesis can go to hell,1
to re2 story is good nemesis is annoying af kinda short,1
about 4 5 hours long nemesis feels menacing but a little,1
lots of secrets to unlock nemesis used to be an actual,1
well the highlight are the nemesis encounters albeit scripted they are,1
by childhood memories of re3 nemesis purchase this only if it,1
never played the original re3 nemesis before so i love this,1
to the puzzles in place nemesis was just as annoying as,1
from an enemy even though nemesis is a bigger and stronger,1
lack of dynamic encounters with nemesis they also copied one of,1
prefer the new intro with nemesis making me run for my,1
little more forgiving and the nemesis battles are great set pieces,1
section when being chased by nemesis also a lack of nemesis,1
so quite rhythmically and predictably nemesis is much more aggressive and,1
jill sandwiched by nemesis and carlos s arms,1
excellent adventure i just wish nemesis had more random appearances a,1
struggled a bit with the nemesis redesign but have since grown,1
to pull off especially against nemesis but there is a serious,1
1999 game resident evil 3 nemesis players control former elite agent,1
like the pace felt like nemesis was always on my ass,1
remake the main selling point nemesis is a total pos every,1
lot of the original game nemesis is another large part of,1
spaces that are mostly linear nemesis had a lot of potential,1
lot of cut content and nemesis is sadly mostly just a,1
in from the original re3 nemesis as they did re2 s,1
original the decision to restrict nemesis to structured encounters rather than,1
parts of the previous game nemesis is more frustrating than scary,1
and interact with off course nemesis is annoying but that was,1
how to slay zombies and nemesis,1
to take a deliberate pace nemesis is a huge problem in,1
10 10 gameplay 9 10 nemesis could be better 4 10,1
you during the game the nemesis encounters got a little much,1
i find the boss fights nemesis interactions in this game to,1
after playing the original re3 nemesis and experiencing that game i,1
as well as the iconic nemesis nemesis is extremely hostile and,1
resident evil 3 nemesis 1999 version was the first,1
to the face off with nemesis with the rocket launcher and,1
was misled not once did nemesis say it s nemesis ing,1
props for not cutting out nemesis,1
running from the city and nemesis and tying things beautifully in,1
"me explain   1 nemesis s ai is just dumb",1
improvements from the re2 remake nemesis is now an absolute wrecking,1
nemesis is real pain in ass,1
at you with the occasional nemesis fight chase as a result,1
10 10 would bounce off nemesis rocket again,1
original everything in regards to nemesis still feels a little off,1
scared of mr x than nemesis just that alone kills it,1
and you get chased by nemesis for like 1 8 of,1
nemesis nude,1
running away in re3 the nemesis introduction consists of cutscenes with,1
see the story and this nemesis everyone had always talked about,1
that leaves us with the nemesis i have mixed feelings about,1
it s you nemesis you re the resident evil,1
the game too short final nemesis boss fight on nightmare and,1
was immensely better first stage nemesis was awesome but then became,1
this game on ps4 the nemesis enemy in the latest encounter,1
but for an old re3 nemesis player like myself this is,1
deepthroat a tentacle than letting nemesis actually roam the city to,1
the content that was cut nemesis while still terrifying is a,1
nemesis can suck a fat one,1
2 weapon upgrades from knocking nemesis down and most playthroughs after,1
both the original re2 and nemesis on ps1 nemesis just isn,1
version of the og re3 nemesis alas i still think this,1
finding different ways to fight nemesis hardcore and lower because i,1
was responsible for the last nemesis fight on nightmare difficulties that,1
all city is actually smaller nemesis is very very weak compare,1
nemesis felt very on rails and,1
want to briefly touch on nemesis i felt that re2 hit,1
nemesis fights are annoying and tedious,1
through some rooms twice the nemesis puzzles and encounters are run,1
halved with its content and nemesis isnt as threatening as in,1
raccoon city the tyrant himself nemesis has a spectacular design that,1
either run away from the nemesis or fight it on one,1
fun to play through the nemesis has never been more terrifying,1
the original in half basically nemesis is downgraded to gimmicky scripted,1
the first few encounters with nemesis and some of the worst,1
remake silly scenes fked up nemesis forcing player to lower difficulty,1
i wanna be like nemesis when i grow up,1
really true to the genre nemesis is a lot more persistent,1
my eyes to not see nemesis because he was really terrifying,1
dude that nemesis guy s around every ♥♥♥♥♥,1
cut it then there s nemesis the bio weapon that hunts,1
very gud game but that nemesis 1 shot is 3 let,1
her outfit is the same nemesis is still chasing me in,1
than three scripted battles with nemesis which is a wasted opportunity,1
i ve seen the baby nemesis and they re adorable,1
not very long at all nemesis was a bit of a,1
lots of fun now the nemesis battle are a kind of,1
to leave the city then nemesis enter it kill all survivors,1
compared to resident evil 3 nemesis but this is the problem,1
action horror not survival horror nemesis battles are all scripted this,1
both are excellent games though nemesis is not nearly as annoying,1
but i have to say nemesis is nowhere near as terrifying,1
movie the characters are likable nemesis is still terrifiying despite what,1
the whole time and the nemesis made my balls retract up,1
puzzles giant worm s missing nemesis decided he wants to be,1
lot of areas are reused nemesis doesn t feel like an,1
never played the og re3 nemesis nonetheless remake 3 feels lukewarm,1
shouldn t take them seriously nemesis is too easy to stun,1
a tentacle slap from nemesis 10,1
10 map 9 5 10 nemesis 7 10 not like the,1
nemesis scur,1
as they help a lot nemesis battles i feel though came,1
enemies and both ammo action nemesis who often chases jill here,1
nemesis is hot,1
re2 feels more oppressive than nemesis except for spoiler the one,1
the original resident evil 3 nemesis and re2 remake the game,1
unlike the original re 3 nemesis beside it s superb graphic,1
the unrelenting force of nature nemesis front and center giving way,1
the original resident evil 3 nemesis the levels and the story,1
better tbh a free roaming nemesis wouldve pissed me off the,1
re3 sucked and was bad nemesis was the only thing that,1
she pulls it every time nemesis punches throws her https steamcommunity,1
is not worth full price nemesis cut scenes are all pre,1
ruined everything final form of nemesis is just bs getting one,1
of feels longer in re3 nemesis and more complex puzzles to,1
resident evil character and the nemesis as the big bad guy,1
scrapped out from the original nemesis is a joke and was,1
nemesis got the finger,1
puzzles in the game and nemesis doesn t have much presence,1
and areas from the original nemesis was better utilized in the,1
is great but my god nemesis gives me a heart attack,1
were multiple runs to do nemesis is double scary compared to,1
nemesis is kinda hot ngl,1
they made nemesis a dog,1
to do with jill vs nemesis coming into the remake i,1
little nemesis with huge rocket launcher,1
is fantastic and the first nemesis boss fight is probably the,1
for someone who holds re3 nemesis as one of my top,1
been presented is fine although nemesis is a big part of,1
the action in the story nemesis was pretty cool bought on,1
in that sense they succeeded nemesis seems impossible at times until,1
history brad vickers vs the nemesis these missing moments in the,1
evils a would walk through nemesis guts to get to the,1
spin offs including original re3 nemesis from the olden days khe,1
all the mods that make nemesis and carlos hot,1
loved the mechanics and the nemesis fights the characters and dialogues,1
nemesis is a irritating ♥♥♥♥♥,1
and how could i forget nemesis stage 1 nemesis is probably,1
a classic oldschool re game nemesis is a hollow husk of,1
over again the fights with nemesis feel pretty bad ngl he,1
though scripted assaults of the nemesis as well as a nice,1
where you run from the nemesis instead of the boss fight,1
are lazily re used • nemesis is pussified and scripted into,1
is the game for you nemesis who you will later learn,1
likes jill and carlos dislikes nemesis,1
daddy nemesis,1
barely anything to say and nemesis almost feeling like an afterthought,1
erect harder when i see nemesis naked,1
kinda hot so is the nemesis just for those reasons you,1
areas weapons and story elements nemesis is not scary or intimidating,1
guided missile at her because nemesis is capable of taking down,1
heard of this indestructible bow nemesis but first time fought it,1
as a resident evil 3 nemesis remake it is beyond disappointing,1
monster by the name of nemesis while nemesis is hunting you,1
but very unfaithful randomness to nemesis is gone very minimal time,1
think that the original re3 nemesis is the better game this,1
to be qualified as such nemesis gets insulted and clowned on,1
jeez nemesis is annoying 😂,1
i love the fact that nemesis was nice enough to stop,1
s i resident evil 3 nemesis i players step into the,1
massive downgrade in this game nemesis felt very underwhelming as well,1
this game is pretty good nemesis still freaks me the ♥♥♥♥,1
the same happened when re3 nemesis was released back in 1999,1
character turns out to be nemesis despite relentlessly stalking jill and,1
more like a threat than nemesis since hes not an obstacle,1
to the original also the nemesis felt less frightening than i,1
only slight downside is the nemesis himself all of his chase,1
be tense nail biting moments nemesis the main baddy a super,1
that gives me the original nemesis classic look mods that give,1
remake of resident evil 3 nemesis begins with a literal bang,1
features in resident evil 3 nemesis such as the minigame are,1
why was nemesis surfing,1
more annoying then there s nemesis what a massive downgrade from,1
and unfaithful to the original nemesis was so boring compared to,1
nemesis is always ready for another,1
s not a good thing nemesis shows up in the first,1
i ♥♥♥♥♥♥♥ hate the 3rd nemesis fight otherwise all good edit,1
much better since it has nemesis,1
a kid i was worried nemesis would come and get me,1
to finish it playing slowly nemesis was more iritating than scary,1
intensity of the main antagonist nemesis nemesis is greatly updated in,1
run through downtown to escape nemesis had clock tower esque doors,1
demasiado linear y con un nemesis que parece un perrito siguiendote,1
re2 had with the tyrant nemesis mechanic phenomenal remake of one,1
ll let this game slide nemesis chases still got me shook,1
of an invulnerable monster called nemesis it s a very classic,1
area s design and aesthetic nemesis was also a really really,1
had a very positive experience nemesis is 4 times scarier than,1
for a few part s nemesis is mostly disappointing compared to,1
the sewer not sexy the nemesis was a real pain always,1
nemesis is a douche,1
company parapluie sarl appelé le nemesis pour la tuer elle tout,1
of franchise s favorite baddies nemesis who looks great in this,1
to move around also the nemesis while not being a threat,1
they copied the nemesis from dbd no originality at,1
much wrong with the game nemesis is turned from a potentially,1
the exception of probably the nemesis which honestly i didn t,1
can duck through to avoid nemesis or even other survivors literally,1
up the chase ai for nemesis is also annoying as where,1
i found disappointing is that nemesis was not as intimidating as,1
disappointing for sure especially when nemesis himself seems to only get,1
nemesis is a pain in my,1
definitly recommend it just for nemesis itself,1
be super on guard here nemesis won t appear unless u,1
worst thing for me was nemesis not because he was scary,1
not jill valentine s character nemesis looks impressive but he is,1
over powered overly fast boss nemesis was always tough but the,1
stuff when jill carlos and nemesis came on screen,1
great story too fricking powerful nemesis and time to time mini,1
never played the original re3 nemesis you might end up enjoying,1
missing and the variety that nemesis added in the original stripped,1
in constantly being chased by nemesis similar to how you are,1
of being chased everywhere by nemesis he s a thing early,1
nemesis is humongous jill s awesome,1
cutscenes and hold down w nemesis is beyond useless and laughable,1
to cut content locations enemies nemesis encounters are scripted no mercenaries,1
other complaint would be that nemesis is heavily underutilised that first,1
regret playing it they say nemesis is scripted but even so,1
it is scary when nemesis is running at you thats,1
the original resident evil 3 nemesis in it s own way,1
so yeah add that too nemesis is a joke you will,1
system the once iconic looking nemesis now an eye sore and,1
could also have mods for nemesis but all the major ones,1
played the original resident evil nemesis so i can t base,1
railroad you to the end nemesis could have been great but,1
wow i want to be nemesis,1
least when it comes to nemesis encounters i don t mind,1
tanga mods love jill vs nemesis occcult classic,1
as a remake of re3 nemesis 1999 it fails to capture,1
are great fun classic bossfights nemesis design is intricate and detailed,1
good chunk of the game nemesis is much less imposing,1
super fun love the nemesis he s so funny to,1
its good plus nemesis is hot,1
read this please release a nemesis edition for this game that,1
not scare me at all nemesis was more difficult and exciting,1
the remake from re 3 nemesis includes not all the content,1
the original resident evil 3 nemesis game do not buy this,1
of the original game additionally nemesis is very easy to know,1
little trouble with the first nemesis fight but actually grabbing the,1
remake of resident evil 3 nemesis released in 1999 like the,1
full price for that junk nemesis suck the addition to the,1
along with a more advanced nemesis making more appearances then a,1
hair don t care optional nemesis nude erect and all the,1
asset flip combat focused and nemesis is annoying not scary at,1
short and too many cutscenes nemesis sections are boring just cutscenes,1
nemesis has weird dental hygiene,1
too similar to re2 remake nemesis doesnt even chase you like,1
were no puzzles at all nemesis encounters were boring no spiders,1
of zombies were not much nemesis is great boss fight but,1
it s 2022 and nemesis is still a ♥♥♥♥ love,1
section is not included and nemesis is absolutely not that scary,1
i dont care for the nemesis ill get used to him,1
a secret bioweapon called the nemesis the player will experience being,1
just can t understand why nemesis is stupid and not as,1
jill s apartment building area nemesis rooftop bossfight warehouse before nest,1
t have this problem here nemesis yes i know and i,1
nemesis is the best,1
original 1999 resident evil 3 nemesis the remake now having dropped,1
the original re3 but ♥♥♥♥ nemesis isn t even that spooky,1
no surprise anymore but hey nemesis saves the party right i,1
through its the chases with nemesis that are the most difficult,1
to top it all off nemesis was wasted potential if you,1
that feels like a dlc nemesis while imposing at first with,1
zombies and survival themes and nemesis is an absolute beast to,1
re2 tyrant is a better nemesis than nemesis worse fewer puzzle,1
a new enemy this creature nemesis t type is a bio,1
nemesis step on me,1
who is hotter nemesis or jill don t know,1
main enemy of the game nemesis is not nearly as interesting,1
cool and gameplay is fun nemesis is honestly kinda really scary,1
than to beat it the nemesis was kind of lame compared,1
in mind i also wish nemesis was more of a stalker,1
had missing parts from 3 nemesis because in the end it,1
zombies cool nemesis 10 10,1
if you fail to dodge nemesis s first strike he can,1
are excellent i do wish nemesis was a bit more intimidating,1
for the original monsters especially nemesis gamma hunters and spoiler beta,1
get it the stalker enemy nemesis is not like mr x,1
time looking forward to fighting nemesis till i reached him beat,1
makes long time fans bitter nemesis was amazing but again he,1
people didn t like how nemesis didn t chase you around,1
pacing is very off whenever nemesis appears cutscene short run cutscene,1
to mow said enemies down nemesis which is way stronger and,1
also doesn t help that nemesis the namesake for the game,1
jill 😍😍😍 nemesis 😫😫😫 the game 🥵🥵🥵,1
i enjoyed playing against the nemesis and the story was intriguing,1
virgin nemesis vs chad mr x,1
and tactics for example when nemesis goes into his 2nd form,1
same name except they removed nemesis from the title and it,1
missing that made the original nemesis actually terrifying that being said,1
nemesis on inferno ／ﾌﾌ 　　　　　　 　,1
its standard difficulty mainly because nemesis is a tough mf i,1
development throughout the game and nemesis is more annoying than scary,1
to resident evil 2 and nemesis doesn t appear at some,1
is extremely well staged the nemesis sequences are relentlessly intense and,1
launcher good luck beating final nemesis dude can instant kill you,1
still there as you hear nemesis sprinting towards you the difficulty,1
of the game also the nemesis is very diferent and i,1
end you feel its rushed nemesis encounters are scripted not like,1
are all incredibly well designed nemesis is incredible to look at,1
the original resident evil 3 nemesis while being far to young,1
a mod the original re3 nemesis was the first game of,1
pumping like fr cause ffs nemesis,1
oriented experience ✅ the persistent nemesis boya is fun ✅ several,1
and completely unfinished models clocktower nemesis is better than mr x,1
how to survive the two nemesis fights on hard while conserving,1
h3 table tr td 1 nemesis could ve been more threatening,1
or assist coins you have nemesis is not look scary like,1
stops non stop running from nemesis tip for very new players,1
♥♥♥♥♥♥♥ nemesis,1
remake this time without the nemesis tagline as in the original,1
re still waiting for that nemesis edition that was talked about,1
are getting chased by the nemesis as jill or being a,1
all time resident evil 3 nemesis sure it s not a,1
game and even for a nemesis remake still a good time,1
nemesis was amazing i cant wait,1
i pooped my pants whenever nemesis start to chasing me and,1
had some massive complaints about nemesis in my original review however,1
than its predecessor re2 remake nemesis is a bit underwhelming there,1
shame they did make nemesis scripted i so much wanted,1
overtaken the city now the nemesis is trying to kill you,1
my favourite scene was when nemesis grabbed my leg and i,1
the original resident evil 3 nemesis will look on a modern,1
original and how it ruins nemesis by restricting his appearance to,1
unleashes their ultimate secret weapon nemesis the game also includes resident,1
the cut content and reduced nemesis encounters do hurt this game,1
reminds you of the original nemesis still as scary as ever,1
this makes nemesis look like a joke,1
pro jill hawt nemesis wants that jill booty cons,1
life jill is mommy and nemesis boss fight is fun be,1
were in the original re3 nemesis this game also feels poorly,1
down considerably from re2 and nemesis dear god nemesis what have,1
pros nemesis looks great and fights great,1
nemesis my love,1
hour mark 3 spoilers ahead nemesis is pretty limp compared to,1
the original resident evil 3 nemesis but in turn made me,1
that enemies would provide including nemesis who is just a total,1
i do prefer jill et nemesis than claire and mr x,1
they turned nemesis into a meme,1
half why who knows the nemesis chasing you around is about,1
oh yea nemesis breaking into my house,1
of a boss battle against nemesis but a wonderful close to,1
for resident evil but the nemesis that was a huge mistake,1
the originals every interaction with nemesis feels super forced and its,1
and the one portion where nemesis isn t scripted is pure,1
also didn t like how nemesis was like not scary compared,1
the slow walking discovering that nemesis can open a door and,1
times for a re game nemesis pathing is weird he s,1
changes made to the game nemesis constantly stalking you in a,1
less on exploration solving puzzles nemesis encounters were scripted and disappointing,1
good time all around and nemesis is a great villain 8,1
mods you can fix both nemesis face and jill s face,1
short but fun 3rd stage nemesis was a hard boss fight,1
are being constantly pursued by nemesis and the gameplay sort of,1
atmosphere and really liked jill nemesis and other updated characters the,1
hand lies with the titular nemesis he s what you expected,1
isn t worth 60 dollars nemesis is cool af but the,1
expecting what the original brought nemesis is scripted in locations for,1
and stand around even with nemesis in the room behind you,1
to mostly scripted events against nemesis are a welcome addition while,1
are great but they used nemesis too much and not too,1
but fun none the less nemesis is terrifying and getting chased,1
else the last phase of nemesis will combo you like a,1
not present on harder difficulties nemesis is a threat but doesn,1
hit biggest offence is the nemesis encounters being scripted as opposed,1
some amount of time defeating nemesis in the original game back,1
you want pain especially endgame nemesis fight i love the dodge,1
and allowed more time with nemesis chasing you down after beating,1
valentine looks hot and the nemesis looks threatening the game controls,1
100 this game dont inferno nemesis is the most braindead piece,1
but the rest is disappointing nemesis is a joke as he,1
story and cutscenes negative the nemesis mechanic is annoying being constantly,1
some of the really cool nemesis stuff never happened in the,1
big zombie looking bloke dubbed nemesis thus begins her adrenaline chase,1
it s really short and nemesis is annoying they prob thought,1
nemesis is a goof,1
was worth much the new nemesis looks worse somehow and only,1
a remake of re 3 nemesis,1
have to dump bullets into nemesis a recurring bullet sponge who,1
but i felt as though nemesis was only scary for a,1
nemesis hot without trash bag on,1
was a little disappointing plus nemesis didn t have as much,1
looks great and i enjoyed nemesis as the baddie overall it,1
the gameplay is fantastic the nemesis experience is really tense and,1
familiar with the old re3 nemesis this won t stand out,1
is a slight prequel cons nemesis is sadly a joke sure,1
like this game a lot nemesis is such a badass and,1
the original 1 jill meets nemesis in her apartment for some,1
european headquarters sends its new nemesis project to raccoon city its,1
this game for one reason nemesis nemesis is the most annoying,1
lazy animations eg nemesis grabs jill and she attempts,1
is fun aside from the nemesis being about an eighth as,1
back in the 90 s nemesis tho really loved the graphics,1
corridor no puzzles at all nemesis encounters are trash i know,1
the creeps but in re3 nemesis is just a boss fight,1
on that ♥♥♥♥♥♥ feature goodbye nemesis and goodbye 39 99,1
jill otherwise you may miss nemesis appearance,1
basic and i personally found nemesis to be significantly less intimidating,1
boss fight and chase against nemesis was a different mechanic that,1
playthroughs is unlock new weapons nemesis is a joke honestly a,1
normal zombies but rest meh nemesis is boring and noxious i,1
can t interact much with nemesis and by far this is,1
just playing the original re3 nemesis from 20 years ago because,1
fight against zombies and from nemesis attacks 4 great story lines,1
of me has a teen nemesis and jill s dynamic through,1
upon mr x they made nemesis nothing more than boss battles,1
i played resident evil 3 nemesis back in the day on,1
had were the boss fights nemesis was very underwhelming in this,1
mostly a run from nemesis simulator with zombies that have,1
and moaned so capcom made nemesis the third title instead of,1
one dimensional and i found nemesis to be a far less,1
massive downgrade from re2make nemesis is more annoying than terrifying,1
care for it that much nemesis is in the game but,1
it on nightmare or final nemesis will give you hemorrhoids i,1
as a remake of re3 nemesis the titular monster is barely,1
jill is running away from nemesis however after you escape nemesis,1
to re2 too little content nemesis is a joke everything is,1
good atmosphere epic encounter with nemesis,1
i will say the fact nemesis is no longer part of,1
large chunk of the game nemesis is adorable he should take,1
glaring for me is the nemesis he is soooo incompetent and,1
it s also probably why nemesis is so aggressive in this,1
put up a good fight nemesis is an absolute monster who,1
you are a resident evil nemesis purist then approach this with,1
game at a rush also nemesis is not waiting around every,1
had fun running away from nemesis how about we make every,1
really annoying real quick mixed nemesis i love his design and,1
gameplay and the fact that nemesis is the most annoying ♥♥♥♥♥♥♥♥,1
jill lining up a shot nemesis is less of an unpredictable,1
up to ruin your day nemesis has heavily scripted moments and,1
how it throws the overpowered nemesis at you the guy is,1
of environments to go through nemesis kicks ass 8 10,1
the tyrant of re2 the nemesis is far more deadly however,1
liked the city alot 4 nemesis was not around alot 5,1
feels somewhat shorter and the nemesis is anoying as it was,1
finishing 3 first highly enjoyed nemesis was crazy as a child,1
overall are pretty enjoyable tho nemesis is pretty well made although,1
yo nemesis shoots his ♥♥♥♥ out of,1
let me hold hands with nemesis,1
their looks and mannerisms and nemesis is a menacing and persistent,1
nemesis is hard af to get,1
decent graphics and models fighting nemesis was getting on my nerves,1
nemesis hide and seek,1
zombies especially gets old and nemesis will spam attacks you ll,1
subway escape i loved how nemesis made mr x look like,1
t get any choices when nemesis is after you like in,1
the new version of the nemesis is very well done and,1
also like the treatment that nemesis got he felt way more,1
they reduced these encounters with nemesis on re3 is fantastic even,1
batman while being chased by nemesis cosplaying shrek,1
the game with a naked nemesis with a giant ♥♥♥♥ lol,1
psx title resident evil 3 nemesis 1999 it uses the same,1
re also hard as balls nemesis is more of a set,1
been cool i guess b nemesis being scripted b i thought,1
got too much hate yes nemesis is annoying and yes the,1
the top barrage of the nemesis and the dumb ass unkilleble,1
all them years ago seeing nemesis fall on the original playstation,1
from the city recreation to nemesis to all the characters now,1
you spend running away from nemesis it makes sense to cut,1
lot like an actually threatening nemesis every encounter with him seems,1
of fun when resi 3 nemesis came out back in 99,1
re probably right after all nemesis rates this with five s,1
brad doesnt get killed by nemesis jill doesnt visit rpd no,1
dodge mechanic works is the nemesis scary qtes cause it and,1
nowhere to be found either nemesis is not terrifying and has,1
soft locked in the nemesis battle on the rooftop in,1
had a lot of fun nemesis is scary but the game,1
nemesis is kinda sussy,1
did not continue my run nemesis is not half as frightening,1
nemesis ain t even scary 5,1
he was a challenge however nemesis is a pain in the,1
game the beginning tension with nemesis put a pressure that mr,1
not fair that the nemesis can break into save rooms,1
by a mutated monster called nemesis from the umbrella organization that,1
difficulty on my first run nemesis is regulated to just cutscenes,1
cute fluffy hair style and nemesis can break through walls to,1
otherwise skip on it also nemesis is a joke,1
were options different scenarios for nemesis like the original re3 and,1
out and regained my attention nemesis although not the originally intended,1
nemesis is kind of a step,1
nemesis in resident evil stars nemesis,1
b ಠ ∩ ಠ b nemesis doesn t do b i,1
and an as shole killer nemesis that i personally consider it,1
jill is a badass and nemesis comes in a close 2nd,1
took their time on this nemesis looks pretty cool i like,1
discount i got it for nemesis was getting a little tiresome,1
of open space limited how nemesis could stalk the player the,1
content and design of the nemesis from 1999 jill carlos the,1
head gamma hunters and obviously nemesis but i m more forgiving,1
lastly the penultimate fight with nemesis felt a bit annoying and,1
take but i love the nemesis redesign b it s just,1
won t regret the purchase nemesis is still as terrifying as,1
they overused nemesis a little bit i remember,1
series began with re 3 nemesis and this remake captures this,1
from jill on the last nemesis fight but instead of this,1
older version of re 3 nemesis with just about everything aspect,1
as well as the remake nemesis is such an iconic monster,1
and sweet 4h to complete nemesis it s ait wait for,1
which you had choices and nemesis is quite annoying really annoying,1
is one big fight with nemesis it s not worth 60,1
bad guy but also the nemesis being your nemesis but not,1
to say h1 screw you nemesis i ain t even scared,1
5 6 hours to beat nemesis did not feel like a,1
dodge just in time the nemesis fights were hard until i,1
original re3 they really butchered nemesis transformations in this one as,1
like some scenes were the nemesis was following me and looked,1
which is what i did nemesis was a awesome villain and,1
nemesis go brrrrrrrrr,1
playthrough on standard difficulty and nemesis himself just feels like a,1
oh no mr x and nemesis had a baby i think,1
linear and the appearances from nemesis are no exception however if,1
jill carlos vs nemesis action packed excellent,1
how it feels rushed how nemesis isn t that great of,1
no fight or run from nemesis options no enhanced ammo no,1
reviews seemed to suggest that nemesis wasn t all that involved,1
and outrun him pretty easily nemesis is much more formidable and,1
t played the original re3 nemesis released in 1999 so i,1
yeah my dad can beat nemesis,1
nemesis jill still a better love,1
there is a lot fewer nemesis is one of the most,1
when driving the car into nemesis the controller for windows 10,1
had better imaginations jill and nemesis deserved better than a mixed,1
you actually manage to make nemesis the worst part of resident,1
a lack of a consistent nemesis throughout the game i wanted,1
with a very good story nemesis is an exciting villain to,1
had a dream fan play nemesis,1
tyrant by the name of nemesis that was sent by umbrella,1
nemesis made me poop,1
hours to beat without rushing nemesis is awesome and honestly my,1
that should stay gone the nemesis parasite zombies are discount plaga,1
what made resident evil 3 nemesis great is gone they really,1
find the obvious keys a nemesis that has one badass design,1
the original resident evil 3 nemesis being my favorite of all,1
compare to resident evil 3 nemesis h1 no clock tower no,1
more carlos i followed re3 nemesis on release back when but,1
higher and higher difficulties with nemesis on my ass so if,1
from the oozy textures of nemesis to the hyper realistic flames,1
what they could do with nemesis i beat the game just,1
to be desired and the nemesis was a little underwhelming in,1
explained in the game b nemesis b underused and a disappointment,1
content it should have short nemesis barley shows up disappointing altogether,1
hours on my first attempt nemesis is a complete downgrade from,1
than a remake of re3 nemesis and it is not nearly,1
whenever i encounter nemesis i oh ♥♥♥♥ here we,1
i played the game even nemesis the game felt fast paced,1
dont like how they handled nemesis though it was more in,1
i nemesis 8 5 10 i,1
however for some of the nemesis sections in particular the construction,1
nightmare not inferno since last nemesis on inferno is an rng,1
to the original resi 3 nemesis is so weak in this,1
mainly jill valentine carlos and nemesis and the fluid gameplay and,1
get into the cons of nemesis one positive note i can,1
light on difficulty and the nemesis really doesn t stalk you,1
and nerve wracking encounters with nemesis make up for it i,1
for 60 and that one nemesis fight is unbelievably stupid even,1
is still fun it has nemesis one of the coolest antagonists,1
hours to get it all nemesis on inferno at the end,1
i feel like people wanted nemesis to be the same as,1
runtime and the presence of nemesis only as a scripted scenarios,1
nemesis feels really scary and intimidating,1
it s so disappointing that nemesis is mostly just scripted encounters,1
sometimes now on to the nemesis he is nothing like mr,1
of my biggest disappointment was nemesis but i was enjoyable for,1
incredible with jill carlos and nemesis looking especially good the gameplay,1
fits confrontation between jill and nemesis i thought that he would,1
i love this game nemesis is so scary and really,1
10 would be chased by nemesis again,1
i have been chased by nemesis in a straight line while,1
is pretty great fun combat nemesis exists and the story is,1
1999 game resident evil 3 nemesis the remake features modern graphics,1
stunned for 5 seconds while nemesis has plenty of time to,1
what the hell happened to nemesis b to put it bluntly,1
develop chemistry between jill and nemesis encounters are mostly scripted and,1
but the boss fights with nemesis are awful and not explain,1
hated what they did with nemesis this game does not turn,1
find place to put key nemesis shows up somewhere in there,1
remake the boss fights with nemesis were fantastic and the game,1
never played the original ps1 nemesis game so i can t,1
t played resident evil 3 nemesis but from what i heard,1
never played the original re3 nemesis so i can t say,1
great campy story and the nemesis is just awesome p,1
comes to the usage of nemesis nemesis in this game acts,1
just to get hit by nemesis or you will dodge nemesis,1
the events of raccoon city nemesis design was really fun and,1
replaying it in the future nemesis is awesome,1
this then village any day nemesis could evolved a bit different,1
it is immensely short and nemesis is not as terrifying as,1
everything worse than 2 and nemesis is a joke who goes,1
fights like a megaman boss nemesis seems more intimidating and less,1
i don t like nemesis sprinting towards me at the,1
but still an amazing experience nemesis looks great,1
terrible as the demo the nemesis proved to be a cool,1
city was originally much larger nemesis was going to be more,1
nemesis won t leave me alone,1
fun game nemesis encounter seem a little to,1
the unstoppable monster known as nemesis that was created to hunt,1
the tyrant in re2 instead nemesis pops out now and then,1
levels raccoon city feels good nemesis is wasted carlos and jill,1
original re3 nemesis was my first game on,1
characters 6 good jumpscares cons nemesis xd sometimes the dodge feels,1
a little too short but nemesis,1
unlock doors previously inaccessible without nemesis stalking me however the majority,1
didn t get the roaming nemesis we deserved but still a,1
i have never played re3 nemesis at least not enough that,1
times in all difficulties inferno nemesis is no joke so fun,1
i will say the actual nemesis fights are a bit easy,1
solid voice acting is good nemesis is a fun villain cons,1
tyrant compared to stage 1 nemesis in the remakes yes zombies,1
in raccoon city is great nemesis is chasing you and it,1
nemesis never looked better,1
from the very beggining the nemesis in this game quickly mutates,1
jill carlos and nemesis were way too hot for,1
will from the original re3 nemesis and the re2 remake into,1
faithful to the original re3 nemesis areas having played both the,1
the original resident evil 3 nemesis although some area are cut,1
back then with all that nemesis chasing you around in a,1
and puzzles are completely removed nemesis is more scripted and linear,1
in love with the original nemesis spoiler alert i was bummed,1
final hour i also found nemesis more fun to avoid and,1
nemesis is not the same clock,1
love carols and i love nemesis and i love it all,1
old locations from re2 remake nemesis is the big baddie of,1
spectacle instead of meaningful gameplay nemesis — who should have been,1
just never cared running from nemesis should be exciting but after,1
dont feel immerse at all nemesis chases are nothing compared to,1
oh my is the tyrant nemesis a poo head he was,1
evil 3 i also wish nemesis wasn t scripted and would,1
re3make delivers and nemesis continues to terrify 9 10,1
unlike mr x in re2 nemesis in re3 does not stalk,1
nemesis likes to clap my cheeks,1
have the essence of re3 nemesis playing it at night with,1
really good nemesis is way scarier than mister,1
at least once or twice nemesis is scary af just as,1
decision making system when encountering nemesis that last one is more,1
the story is different the nemesis looks like a bdsm freak,1
i played the og re3 nemesis before this and i have,1
is very disappointing to me nemesis was more of a cool,1
complaint carlos jill and especially nemesis are beautifully recreated and given,1
but it s ok and nemesis just makes you tremble when,1
hardcore game mode jill cons nemesis not roaming freely short playtime,1
star of the show is nemesis himself he always scared the,1
my pants multiple times when nemesis was chasing me and i,1
me who wants to avoid nemesis as much as possible since,1
characters are voiced very well nemesis encounters were scripted instead of,1
dollars for this could make nemesis head explode consider this game,1
remake of resident evil 3 nemesis jill valentine attempts to escape,1
still is an enjoyable game nemesis no longer feels intimidating nor,1
gameplay is good jill and nemesis look great if you re,1
scripted chase scenes with the nemesis and a couple of mediocre,1
that s impossible all of nemesis potential is cut down 🎮,1
really fun especially when nemesis gives jill the icky slicky,1
is also pretty short and nemesis is not scary at all,1
common critcisms about the legendary nemesis being an underused part of,1
the final boss theme 7 nemesis having more weapons is just,1
of the original content missing nemesis lacks the feeling of impending,1
engine unfortunately unlike mr x nemesis just comes off more as,1
which was scripted chase by nemesis they cut about half of,1
gripe with this game is nemesis he only appears in scripted,1
jill valentine cons repetitive ai nemesis had so much potential but,1
hours what first things first nemesis anyone remember the original resident,1
resident evil 3 is ♥♥♥♥ nemesis is ♥♥♥♥ the cut scenes,1
jarring not least of all nemesis himself pretty much the opening,1
the future i will say nemesis kind of got annoying he,1
and the changes to the nemesis encounters made them feel more,1
ammo rocket launcher anyone lol nemesis who lol,1
really jarring to me that nemesis was used in scripted scenes,1
true to the original re3 nemesis no the main key elements,1
over far too quickly and nemesis is just kinda a budget,1
re3 remake were the new nemesis design which is butt ugly,1
press forward to continue while nemesis pretends to chase you it,1
into this being excited for nemesis but he was not actually,1
you enjoyed the original re3 nemesis p s press dodge at,1
no franchise like resident evil nemesis should have been terrifying but,1
lot 4 boring story 5 nemesis get s dumpster ed by,1
if you die to the nemesis in the in the beginning,1
needed a bit more of nemesis but his boss fights are,1
relogio e a porra do nemesis virou um cachorrokkkkkkk,1
only one campaign the main nemesis boss battles take way too,1
nah nemesis is too much annoying and,1
game just running away from nemesis and this system isn t,1
re3 nice shinny things like nemesis etc but the game gives,1
nemesis o,1
are either running from the nemesis or fending off against massive,1
the original resident evil 3 nemesis to see how it compares,1
to have another run with nemesis i recommend the game for,1
boss fights nemesis nemesis nemesis nemesis nemesis and,1
in terms of the story nemesis is actually quite scary once,1
more badass than ever and nemesis while not a constant threat,1
capture the same fear with nemesis as it did mr x,1
complaint about the game spoiler nemesis is annoying any re fans,1
b the bad b list nemesis sad dodging bad length short,1
nicoli is a bad villain nemesis isn t that scary either,1
up contest but this new nemesis dude come on dog no,1
story is alright i guess nemesis boss fights are cool severely,1
main enemy in this game nemesis is also known as pursuer,1
designed and that thing called nemesis it is more frustrating than,1
s not scary second the nemesis mechanic is just not fun,1
numerous boss fights against the nemesis which is imo its weakest,1
to replay sections multiple times nemesis is terrifying for the first,1
past zombies drain deimos and nemesis and is what sets apart,1
and not even because of nemesis but because of the terrible,1
long at all to finish nemesis doesn t feel at all,1
10 story 10 gameplay 9 nemesis infinite graphic 8 physics 10,1
nemesis chases me more than i,1
did pick up re 3 nemesis back in the late 90,1
with amazing bossfights with ruthless nemesis in various stages of mutation,1
then what with all that nemesis chasing you around in a,1
skin and is now called nemesis not to mention there are,1
that the original re3 made nemesis an ever present threat that,1
the same experience that re nemesis was this game is not,1
the classic resident evil 3 nemesis because it isn t it,1
the game is a joke nemesis himself is a joke nemesis,1
before qtes the clock tower nemesis original second form and a,1
addition to the game although nemesis wasn t as scary as,1
bought the original resi 3 nemesis for ps1 in 2000 when,1
could have been much better nemesis could have been a bit,1
are missing in this remake nemesis isn t nearly as terrifying,1
other resident evil games the nemesis boss fights were verry luck,1
try and survive the relentless nemesis,1
it still has its moments nemesis chasing you for the whole,1
a big game zombie called nemesis frequently poking his hideous head,1
again h1 cut content the nemesis h1 it s unsurprising “nemesis”,1
re3 too easy too short nemesis is not even close to,1
the devs in my opinion nemesis is so scripted that he,1
me not to complain with nemesis giving me plenty of jump,1
to literally feel safe when nemesis showed up because the majority,1
but with cut content and nemesis not been as impressive and,1
gone is the ever present nemesis gone are most of the,1
was short it reimagines re3 nemesis in such a great way,1
no resident evil 2 the nemesis is a super annoying mr,1
two series if you meet nemesis just shot em cos he,1
and the original resident evil nemesis i have enjoyed this series,1
out they kind of ♥♥♥♥♥♥ nemesis up he doesn t feel,1
are a hoarder like me nemesis has his moments early on,1
i never really understand why nemesis was after jill other than,1
nemesis go brr,1
specially the main villain but nemesis is pretty cool and some,1
that you feel like the nemesis to so infuriatingly hard with,1
is bare bones and nicolai nemesis flat out teleport to where,1
the game itself is great nemesis is giving me a hell,1
this one not so much nemesis sequences are on rails and,1
simple puzzles aka safes ⭐️fighting nemesis the uniques 💎brilliant cut scenes,1
hours of game play the nemesis had too many opportunities to,1
every area you will face nemesis and different opponents that pose,1
criticism but i was wrong nemesis is a lot more relentless,1
s awesome i like carlos nemesis is cool though he s,1
nemesis is gimicky and the games,1
very specific route set out nemesis isn t much of a,1
the series and boy is nemesis something staaars he makes mr,1
for example the on rail nemesis chase scenes always start at,1
that no one asked for nemesis scenes are also very scripted,1
world of possibilities to make nemesis the unescapable threat that he,1
particularly like the lack of nemesis in the game not going,1
doesn t do much like nemesis does to you but man,1
4 i never felt that nemesis was a threat like mr,1
restaurant carlos fight with us nemesis or see jill make an,1
game i run away from nemesis afther i made vaccine scene,1
isn t the shirtless one nemesis is a pain in the,1
remake of resident evil 3 nemesis some key differences and other,1
more the whole game the nemesis or jill overall im fan,1
with the last battle with nemesis in inferno mode and have,1
be ruined by an overplayed nemesis as well as scarce necessities,1
a weird samey bossfight with nemesis cosplaying a licker for all,1
help but feel like the nemesis the monster of this game,1
best classic re s remake nemesis has a nose hahahahaha ♥♥♥♥♥♥♥♥♥,1
quite a challenge to defeat nemesis in all his stages speaking,1
i surprise surprise i ★ nemesis the literal face of resident,1
one currently stuck on a nemesis fight later in the game,1
valentine may be hot but nemesis could rail me,1
its predecessor no ragdoll physics nemesis appears on cue based on,1
still the original nemesis scary than the remake because,1
4 hours of campaign with nemesis boss fights along the way,1
it s pretty short and nemesis is very underutilized recommend on,1
guess who is your nemesis now,1
banter was a delight and nemesis was a highlight of the,1
played much of the original nemesis freaked me out too much,1
other things they ♥♥♥♥♥♥ up nemesis who was the best part,1
really necessary except against scripted nemesis fights otherwise the game is,1
when desperately avoiding the unkillable nemesis who facilitates some of the,1
instantly get hit again by nemesis because he s just swinging,1
all expected the chases with nemesis are boring and all play,1
atmosphere and music the scripted nemesis encounter and short length keep,1
you are constantly chased by nemesis who compared to tyrant in,1
also like the main monster nemesis and that with every encounter,1
to more freely dodge around nemesis isn t really around much,1
remakes have been a blast nemesis scared the absolute living hell,1
is really good too bad nemesis was not scary as he,1
it as quick as possible nemesis is a joke and looks,1
this doesn t later stage nemesis reminds more of a dog,1
bad the worst part is nemesis being scripted wish i could,1
die hard resident evil 3 nemesis fans a lot has changed,1
is undeniably fun from dodging nemesis in heart pounding encounters to,1
and got too scared when nemesis showed up so to me,1
as much content and the nemesis is much less interesting as,1
the original resident evil 3 nemesis at least 65 or more,1
same day 2 the final nemesis boss fight on nightmare and,1
from previous resident evil titles nemesis sure keeps you on your,1
several hours being chased by nemesis ive decided that all of,1
compared to the original re3 nemesis having not played it but,1
of it s content there nemesis itself starts out pretty damn,1
year earlier which also meant nemesis animated and behaved in ways,1
raccoon city with the relentless nemesis monster on his back all,1
the development of this game nemesis feels less threatening this time,1
and carlos bants are good nemesis did not feel as scripted,1
it was fun dealing with nemesis throughout the story but there,1
jill not get evaporated by nemesis goo at the end i,1
way resident evil 3 rules nemesis rules raccoon city rules jill,1
compared to resident evil 2 nemesis sections felt super linear and,1
nemesis jill that s a mirror,1
to be exactly like re2r nemesis isn t as frightening as,1
easy too easy see 2 nemesis seems too difficult like it,1
lack of some areas and nemesis being much less of a,1
i played resident evil 3 nemesis on ps1 and on gamecube,1
and rushes through the story nemesis does not compare to mr,1
boss fights a somewhat lacking nemesis and some monetization in resistance,1
game just wish that the nemesis encounters were not so cinematic,1
game on top of this nemesis truly isn t scary i,1
a separate campaign or giving nemesis a bit more freedom of,1
very straightforward with action also nemesis appears mostly in scripted events,1
are stolen from resident evil nemesis still the game is fun,1
x was more of a nemesis than nemesis but i enjoyed,1
best resident evil s characters nemesis could be better but it,1
likely like this one too nemesis is a bastard cold brutal,1
short the beginning area where nemesis pursues jill is the best,1
nemesis is scary but the real,1
some extra difficulty and strategy nemesis feels more annoying than mr,1
didn t like such as nemesis only showing up for cutscenes,1
even try then there s nemesis remember how terrifying he was,1
gun play decent inventory system nemesis is scary when free roaming,1
of this remake are poor nemesis has many opportunities to kill,1
that you can t knock nemesis i can t i don,1
good game but nemesis is terrifying,1
be such a ♥♥♥♥ though nemesis dropping crates is also a,1
short also i hate the nemesis,1
going forward i barely saw nemesis i just kept walkin there,1
the original resident evil 3 nemesis but i do acknowledge that,1
with the relentless pursuit of nemesis not quite as meaningfully relentless,1
the initial downtown hub area nemesis encounters are 100 scripted which,1
hoped it would be the nemesis feels a bit too scripted,1
in its own right the nemesis wasn t very intimidating like,1
by comparison is so linear nemesis needs to teleport spawn despawn,1
pretty obvious scenario pretty undead nemesis total time 6 5 hrs,1
which is very sad honestly nemesis was nowhere near as intimidating,1
great game everyone says the nemesis scenes are scripted but i,1
eight out of ten nemesis never was more terrifying than,1
lame qte feeling events with nemesis are quite an insult to,1
cutscene of jill escaping the nemesis and occasionally pop a respawning,1
liked to see more of nemesis though,1
of re2 s remake unfortunately nemesis seems to feature less in,1
kill or those horrible scripted nemesis sequences i tried so hard,1
content from the original re3 nemesis it is a beautiful game,1
intact also another issue is nemesis he was hyped to be,1
right when attacked by the nemesis this mechanic is daunting to,1
again the main antagonist spoiler nemesis spoiler is frustrating to deal,1
were longer especially since the nemesis honestly feels more like a,1
in raccoon city yes the nemesis is pretty disappointing in comparison,1
haven t seen nemesis bust a wall yet am,1
the zombies at ease 3 nemesis is not as scary as,1
mr x was a better nemesis,1
nemesis ♥♥♥♥ n balls,1
man nemesis is kinda scary,1
most nonsensical puzzles and the nemesis is on rails pretty much,1
pros carlos hair physics cons nemesis is more annoying than scary,1
the pulse pounding footsteps of nemesis come together to elevate the,1
one falls quite short literally nemesis is purely scripted when he,1
about this game other than nemesis a scarier more violent tyrant,1
much for a survival horror nemesis is less scary than intimidating,1
from og r3 were cut nemesis is also incredibly scripted and,1
than 2 s imo the nemesis was a great monster and,1
are all great but this nemesis is ♥♥♥♥♥♥ up and does,1
a paywall costumes specifically and nemesis is a dauamm joke the,1
i liked the set pieces nemesis is a much better boss,1
a stocking mr x type nemesis gore destruction and side weapons,1
the original resident evil 3 nemesis game with the opening cut,1
who has no fear of nemesis and no real terror behind,1
and the relentless pursuit of nemesis and we all know the,1
mr x to look like nemesis,1
managed to quite nail that nemesis growl of stars since the,1
throwbacks to the original re3 nemesis easter eggs to oldschool movies,1
really managed to under utilize nemesis which is a shame now,1
usual idiotic jumping from nowhere nemesis you can t avoid ruin,1
resident evil 3 nemesis playstation 1 again although the,1
i also wanna mention the nemesis which the whole game is,1
main enemy in the game nemesis is well designed and i,1
gets into a car while nemesis slowly plods towards her and,1
in this remake is that nemesis is a complete ♥♥♥♥♥ he,1
parts from the original and nemesis only shows up in scripted,1
it s original incarnation og nemesis was scarier,1
a biochemical organic weapon called nemesis developed by umbrella she is,1
mr x like experience with nemesis in this while he does,1
nemesis is scary asf,1
to repeat over and over nemesis could have been far better,1
well to see an updated nemesis and see the new mutations,1
can be cheap stage 3 nemesis can one shot you if,1
game i stop after mr nemesis blow up my helicopter rescue,1
race such as when encountering nemesis or some new horrifying enemy,1
nemesis has a crush on me,1
your ment to be in nemesis is a joke and theres,1
the first door or confronting nemesis for the first time and,1
at the same time terrifying nemesis was bringing terror to every,1
looks polished jill is hot nemesis looks bad ass carlos is,1
city is too limited 2 nemesis is easy if you have,1
taking my time while the nemesis character model is impressive the,1
nemesis will not be ever down,1
design flaw and that s nemesis itself trying to avoid and,1
that you are pursued by nemesis all the time so i,1
many hours as re2 ratings nemesis a total f douchebag as,1
sewer levels or underground shenanigans nemesis is amazing but one awful,1
of racoon city police department nemesis takes a more aggressive approach,1
the original resident evil 3 nemesis 1999 for the first time,1
do i can take down nemesis with the utmost ease in,1
every way besides performance the nemesis is just annoying no suspense,1
first dodge irrelevant and the nemesis basically has auto aim with,1
damage have been toned down nemesis is completely scripted and nothing,1
taking place in one location nemesis boss fights mostly respects the,1
the design is pretty good nemesis isn t a particularly interesting,1
about this game combat with nemesis specifically some interactions through boss,1
matter how they make noise nemesis chase is fine even tho,1
the original resident evil 3 nemesis was my favorite of the,1
and it looks so good nemesis doesn t follow as relentlessly,1
to the original one also nemesis looks really easy to defeat,1
my biggest gripe was the nemesis boss that kept appearing constantly,1
i just took down the nemesis at the clock tower fight,1
of my head also more nemesis please he was the best,1
from his original counterpart and nemesis actually felt threatening when he,1
have become quite scared of nemesis thrilling,1
than original resident evil 3 nemesis is become clown and most,1
with the limited movement the nemesis fights are fun even if,1
who has the original re3 nemesis cd in his drawer it,1
on this one unfortunately h1 nemesis 2 5 h1 nemesis on,1
like running away from the nemesis or wasting my ammo on,1
supposed to be replacing re3 nemesis after all since you can,1
press spacebar in most cases nemesis actually kicks my ass repeatedly,1
falls into my next paragraph nemesis is supposed to be the,1
of games tend to do nemesis is a badass villain my,1
playing this one so far nemesis can be a real tool,1
one key mechanic which is nemesis who is decently awesome but,1
expected i just escaped the nemesis and have arrived at the,1
of re playability graphics new nemesis models voice acting all top,1
got around to re 3 nemesis remake in the afterglow of,1
has always been re 3 nemesis but they really screwed it,1
in the series is missing nemesis despite his incredible redesign has,1
imo and it was doa nemesis isn t really a threat,1
from the original the beginning nemesis segments are amazing but after,1
walls would be intact before nemesis breaks them down to chase,1
o primogênito resident evil 3 nemesis no ps1 e sofria sempre,1
is when you first encounter nemesis at the rpd has been,1
it dilutes the namesake in nemesis unlike mr x who shows,1
old ways they ruined the nemesis forever some of the new,1
cringy cliche dialog and characters nemesis can chop a train into,1
not just a mediocre shooter nemesis is boring there is no,1
original game resident evil 3 nemesis during my childhood and through,1
action focus hurts the titular nemesis making him one of the,1
original there are zero random nemesis encounters in the game some,1
potential for it and with nemesis cannot say more about how,1
more than e g re7 nemesis is tough mothertucker spoiler and,1
30 not scary at all nemesis appearance is annoying instead of,1
high quality graphics lighting the nemesis ai and smoothness of movement,1
and unrelenting force that is nemesis is very clear and apparent,1
re experience at all the nemesis doesn t even feel threatening,1
difficulty and most of the nemesis encounters are scripted and the,1
first and maybe second run nemesis encounters don t feel as,1
this game but i hate nemesis the core of these new,1
weren t enough encounters with nemesis and he turned into his,1
that nemesis is too annoying and repetitive,1
the game s title in nemesis is the worst thing about,1
got to play re 3 nemesis so this is my first,1
easy cut content and the nemesis never really feeling like an,1
my short review nemesis likes to flex pretty hot,1
ultra just do it the nemesis mechanics is something to consider,1
end of the level the nemesis is very weak in comparison,1
groups of normal enemies 3 nemesis is stronger than mr x,1
i got ptsd when nemesis came out of the wall,1
survival puzzling and resource management nemesis only really chases you during,1
engine despite his disappointing appearance nemesis functionality is fairly solid a,1
valentine while the biomutant superweapon nemesis thwarts your efforts of survival,1
paths only one ending less nemesis encounters he s easier to,1
on how to proceed next nemesis for all the hype and,1
game but acceptable eat this nemesis,1
t deserve this treatment and nemesis does not approve h1 is,1
its titular fan favorite villain nemesis with the popularity of open,1
was cut compared to re nemesis the game its based off,1
by hordes of zombies or nemesis an these nasty spider things,1
the og resident evil 3 nemesis will always have a special,1
original the rewards for facing nemesis throughout the game feel underwhelming,1
the high tension of encountering nemesis is the feeling i was,1
enemies because the fights with nemesis were in my opinion extremely,1
die at the hands of nemesis in the remake and other,1
upgrades that were given to nemesis and the dodge mechanic,1
experience different approach of jill nemesis rivalry and it does carried,1
x was much scarier than nemesis,1
to rub even more salt nemesis our primary stalker isn t,1
have played the original re3 nemesis you will see that miss,1
fan of original re 3 nemesis but i would recommend it,1
is decent i find that nemesis is a bit more of,1
nemesis was the first re game,1
fights when you re fighting nemesis the game decides to play,1
value as with re2 remake nemesis much less frightening now although,1
the pace of overall gameplay nemesis is not mr x and,1
choices for any of the nemesis fights the game s cutscene,1
why nemesis is wearing a trash bag,1
but still good game the nemesis is extremely annoying showing up,1
b boss fights with the nemesis are truly fantastic each time,1
this version i missed a nemesis that not disappear like the,1
and the gameplay with the nemesis is just ridiculous,1
3 hours for first timer nemesis were not the overwhelming force,1
biggest complaint has to be nemesis not once did i feel,1
nemesis is a stalker 10 10,1
resident evil 2 remake and nemesis encounters are mostly scripted as,1
a classic survival horror title nemesis feels absolutely terrifying in a,1
brief segments in which the nemesis chase you in hd,1
my most favourite games the nemesis offer real by the seat,1
a good story just that nemesis is maybe too strong,1
it s really good and nemesis is very scary when he,1
voices and character designs except nemesis some locations from classic game,1
as well jill is badass nemesis reminds me of its 2004,1
the lack of backstory for nemesis and his creators as well,1
like 30 times nice soundtrack nemesis is pretty scary and thick,1
a great recurring enemy in nemesis the length of this game,1
the enemies are horrific and nemesis in particular looks great with,1
next corner or when the nemesis will just burst out and,1
liked to see more of nemesis and have a more fleshed,1
good expectations for a remake nemesis does not feel as much,1
helpful when in tight spots nemesis is one scary and persistent,1
with re2 remake but the nemesis is annoying as hell i,1
to show you how intimidating nemesis is rather than letting you,1
you can dodge and the nemesis and the boss fights are,1
new a the same time nemesis ins more a side event,1
and i love the new nemesis design however i d suggest,1
the previous areas or that nemesis hunted more like mr x,1
shorter than the classic re3 nemesis and a bit shorter than,1
played and like re 3 nemesis from psone you re going,1
pleasant to look at i nemesis i looks ten times cooler,1
fresh graphics are gorgeous and nemesis when he s allowed to,1
tower the options when fighting nemesis have been removed but the,1
advertised as its selling point nemesis feels conveniently attached while predictably,1
modern vemap of resident evil nemesis just like with the previous,1
even puzzles at all for nemesis the new ai that it,1
remake of resident evil 3 nemesis and follows jill valentine and,1
awesome some people complain that nemesis chase scenes are scripted but,1
and mr x is more nemesis in that than nemesis is,1
as a full priced game nemesis stalks you for maybe one,1
i really enjoy the graphics nemesis is scary af,1
totally the crocodile sewer bit nemesis roams around messes with you,1
and zombie survival with the nemesis monster being epic as hell,1
and struggles because of the nemesis i was able to enjoy,1
a powerful bioweapon known as nemesis the game mixes survival horror,1
nemesis was super annoying 10 10,1
like content was removed yes nemesis isn t the same as,1
ii dam lu nemesis so suga ca lam facut,1
nemesis atibis,1
forgotten its fairly short and nemesis gets annoying after a while,1
2 i like the new nemesis and his chase through the,1
i helped jill escape nemesis tentacles but for reals though,1
fans i m happy that nemesis didn t operate like mr,1
game the scripted encounters with nemesis are pretty good and it,1
the nemesis was sadly the worst part,1
their presentation in the remake nemesis in his original and second,1
around 15€ it is worth nemesis is a better tyrant then,1
live up to the original nemesis is not scary and he,1
start cool creature design on nemesis ultimately dull action setpieces i,1
the voice cast are stellar nemesis has some awesome scripted sequences,1
where you have to escape nemesis as opposed to the countless,1
reused the same models everywhere nemesis is only a threat at,1
up and press some buttons nemesis has been severely nerfed he,1
this is amazing nemesis this time wow but i,1
story and characters so far nemesis is fecking relentless,1
honestly the original nemesis is far from my favorite,1
has one huge problem once nemesis starts chasing you towards the,1
levels and didn t make nemesis scripted as hell this game,1
hunter kind of and the nemesis in various forms to get,1
mobs and the only non nemesis boss from the original game,1
felt 60 of it was nemesis boss fighting it s inferior,1
i dreaded the encounters with nemesis in the original game 	i,1
was just killed several times nemesis would punch me into a,1
if you love old re3 nemesis don t play this crap,1
stressful skinny super action hero nemesis as weak boring cheap dude,1
5 hours of game play nemesis is only around to slow,1
enemies story is decent enough nemesis less scary but more badass,1
super short feels rushed the nemesis encounters are neither scary nor,1
is kind of odd the nemesis is more annoying than anything,1
meh too short nemesis is not chasing me others,1
nemesis looks good wrapped in garbage,1
events correlate with re2 and nemesis less scarier than mr x,1
disappointing follow up to re2 nemesis is not nearly as terrifying,1
this aint it chief nemesis does not even kill 1,1
original it added gravitas to nemesis intro by having it kill,1
b q how s spoiler nemesis spoiler b a personally i,1
by the fact that all nemesis encounters are scripted and that,1
less clear and full the nemesis is very well developed its,1
mean ♥♥♥♥ i love re3 nemesis its one of my favorite,1
fast and easy phase 1 nemesis only lasts for like 1,1
a dlc to re 2 nemesis wasn t that scary only,1
few locations from the og nemesis was also disappointing in general,1
from him being a coward nemesis has that stupid heart weakness,1
with no clear windup animation nemesis is a joke gone is,1
that is mostly action second nemesis is cool but he is,1
all time brainless zombies yeah nemesis is not the worst or,1
magnum does literally 1 of nemesis 4 s health the shotgun,1
to the t virus then nemesis broke through the wall,1
never surprises me on new nemesis final metamorphosis theme,1
the original resident evil 3 nemesis nemesis being scripted isn t,1
the police station there than nemesis here on 3 but you,1
and may you survive the nemesis,1
value horribly laggy mouse input nemesis melted candle head pros fun,1
will keep you updated edit nemesis follows me on every step,1
the original resident evil 3 nemesis i was very impressed from,1
that being said a few nemesis moments are slightly over the,1
if you wanted to fight nemesis or jump from some window,1
here and i m sure nemesis won t think differently lol,1
broken up by a jill nemesis boss fight in between and,1
game play cons too short nemesis was too easy to beat,1
content to this game 4 nemesis fights are on rails and,1
and then there s the nemesis who shows up at various,1
especially the beginning sections where nemesis is constantly after you my,1
m playing resident evil 3 nemesis review changed from positive to,1
especially as it relates to nemesis nemesis in this game could,1
the original resident evil 3 nemesis if you want to play,1
out some iconic moments like nemesis and brad at the police,1
the original resident evil 3 nemesis for all kind of aspects,1
very pretty to look at nemesis in my opinion looks fantastic,1
massive step up i felt nemesis evolution handled far better here,1
re envisioning of the re3 nemesis though is short in gameplay,1
remake of resident evil 3 nemesis you ll be disappointed,1
is useless for actually damaging nemesis seriously i tested it out,1
valentine di racoon city melawan nemesis yang penuh action dan tragedi,1
garbage bag is placed on nemesis you shoot him this garbage,1
further to appease casual players nemesis doesn t have the same,1
the new version of the nemesis this game have several performance,1
best part about this game nemesis on the other hand is,1
b nemesis not at all b this,1
you get stun locked by nemesis on hardcore even on full,1
goes only the non mutated nemesis is somewhat challenging if you,1
over re2 remake ♥♥♥♥♥♥ mf nemesis with weapons nemesis down hospital,1
only getting to know carlos nemesis shows up much earlier and,1
go on and say how nemesis was a wasted opportunity as,1
strong but intuitive to kill nemesis never outstays its wellcome not,1
great game nemesis terrifying as always,1
adding it to the game nemesis is near impossible to get,1
cheekily hinted at instead the nemesis himself is also completely messed,1
resi 4 though screw final nemesis urgh hate it haaaaate,1
re bad they ♥♥♥♥♥♥ up nemesis on appearance and his role,1
and action focused and that nemesis is less of a system,1
worse than the original re3 nemesis but when i started to,1
the remake of resident evil nemesis sadly this game was really,1
resident evil 2 and the nemesis appearances are thrilling hunts of,1
even on medium graphic quality nemesis is terrifyingly agile 6 10,1
if you knew the puzzles nemesis felt clunky to me for,1
and carlos are incredible and nemesis is threatening especially on nightmare,1
s the jill valentine and nemesis we know and love honestly,1
jill escape close calls with nemesis then it becomes almost comical,1
as jill also any time nemesis begins chasing you it goes,1
time playing it the whole nemesis thing got boring after awhile,1
as a resident evil 3 nemesis fan i really missed some,1
enjoyable experience being stuck knifing nemesis to death,1
it didn t bother me nemesis is stressful as hell,1
played the original re 3 nemesis so i cant really do,1
so far really enjoying it nemesis honestly scares me more than,1
the original resident evil 3 nemesis instead i don t particularly,1
however i heard enough about nemesis to know that it is,1
for me were seeing the nemesis actually drop cases with weapon,1
action and chase scenes with nemesis although some scenarios were rushed,1
was that most of the nemesis chase scenes are highly scripted,1
design is boring and disengaging nemesis isn t scary or intimidating,1
thats missing a lot also nemesis he isnt really a threat,1
never beat the original re3 nemesis because of the difficulty but,1
ok zombie game fight nemesis then gtfo of raccoon city,1
formula i was disappointed by nemesis though as i never felt,1
t say i hated it nemesis chasing you is fun for,1
like a horror game without nemesis constantly chasing you but re3,1
i didn t like how nemesis looked but grew to love,1
the soundtrack is a masterpiece nemesis is terrifying,1
remake didn t even do nemesis justice he is not the,1
itself the introduction of the nemesis in the original was a,1
or to get away from nemesis and moments of silence and,1
while being hunted down by nemesis then you will be let,1
frustrating to navigate a tame nemesis that s only somewhat threatening,1
never played the original re nemesis but enjoyed the re2 remake,1
sequence and half butt story nemesis is no longer a threat,1
but the story is boring nemesis is woefully unrealized the game,1
a little past the first nemesis encounter the game s short,1
a r s chased by nemesis,1
the remake of it especially nemesis recommended but not for 60,1
re3 cliffnotes version dramatic explosions nemesis chases you about 50 of,1
way too many scripted moments nemesis is a joke compared to,1
pacing and most of the nemesis encounters are terribly scripted this,1
remake of resident evil 3 nemesis and now i know i,1
i love the design of nemesis but that s about where,1
already short to start with nemesis encounters are totally scripted he,1
fist me nemesis daddy,1
to hasten production last thought nemesis kind of feels out of,1
♥♥♥♥ game cool nemesis and jill designs tho,1
and seemingly unstoppable creature the nemesis jill has but one goal,1
camera on the two dog nemesis boss fights what the hell,1
the original resident evil 3 nemesis developed and published by capcom,1
into this than the predecessor nemesis is generally just annoying compared,1
sewers which is unfortunate and nemesis has been somewhat gimped compared,1
title change resident evil 3 nemesis to resident evil 3 this,1
org wiki resident evil 3 nemesis resident evil 3 url from,1
some tense when chased by nemesis and final boss during inferno,1
spoiler looking at you final nemesis fight spoiler multiplayer mode yay,1
cutscenes can be boring secondly nemesis isn t scary at all,1
a boss fight with the nemesis and boy is it done,1
better died like spoiler when nemesis gtabs your head he should,1
still have resident evil 3 nemesis on my epsxe and every,1
different weapons in your arsenal nemesis provides amazing tension throughout the,1
good points with the intense nemesis fights and seeing view points,1
re3 nemesis from 1999 will forever be,1
with the final fight with nemesis boiling down to press and,1
really short and lacks replayability nemesis is more annoying that he,1
to go don t worry nemesis doesn t chase you down,1
levels boss fights are lame nemesis is a pushover that never,1
original game resident evil 3 nemesis released in 1999 for the,1
2 that are a joke nemesis is a joke and more,1
in the first 30 seconds nemesis is just there no secret,1
what else to say ♥♥♥♥♥♥♥ nemesis i really felt hatred towards,1
a hard as nails antagonist nemesis who scared us all with,1
clear there s stuff missing nemesis isn t as fun to,1
me the new stalker threat nemesis was way too scripted he,1
very intellegently from the original nemesis game i ve said it,1
the final encounter with the nemesis freaking epic i m happy,1
dlc for re 2 remake nemesis isn t nearly as good,1
just dumb and the final nemesis boss is absolutely and insanely,1
the issue of what role nemesis plays in this which is,1
exploration even the much anticipated nemesis antagonist is not anywhere near,1
downgrading it the game lacks nemesis combat choices like in the,1
it feels like re2remake dlc nemesis is kind of annoying if,1
inspired by resident evil 3 nemesis a playstation classic released in,1
10 10 this game nemesis to amaze me,1
thing worth noting is that nemesis is waaaay less aggressive than,1
do any of that and nemesis is a literal downgrade from,1
like jill valentine and specially nemesis an inferior story in almost,1
nemesis goes rawr,1
nice game such action nemesis is awesome but is short,1
t have to repeated myself nemesis the man in the titles,1
couldn t wait to face nemesis in the third it was,1
the reason we had a nemesis who would not back down,1
re3 remake from its original nemesis is a panzy in this,1
shooter shooting zombies and hitting nemesis in the face with a,1
easy because on normal the nemesis stun locks are atrocious very,1
you got chased around by nemesis more,1
i also dont like how nemesis just jumps out of certain,1
liked a lot the new nemesis but for any reason i,1
very nice love it nemesis is ♥♥♥♥♥♥♥ scary lol,1
relentlessly pursued by the terrifying nemesis a hulking bio engineered monster,1
stripped features broken dodge system nemesis new redesign is beyond awful,1
me h1 who is my nemesis h1 a quick jumpcut to,1
really liked it but the nemesis wont let you go and,1
many areas from the re3 nemesis are not included such as,1
realy should have died by nemesis nemesis had a 50 success,1
the more scripted nature of nemesis as opposed to mr x,1
had to beat second form nemesis fight with a knife cuz,1
zombies are bullet sponges the nemesis feels more like a cheese,1
arent in the 2nd one nemesis is challenging at first but,1
for 2 hours now with nemesis standing right outside the window,1
is carlos haircut the original nemesis gave me nightmares he was,1
remake s treatment of the nemesis the nemesis in the original,1
crazy and fun to play nemesis can get really annoying on,1
scenes and exciting battles with nemesis but the game had to,1
one complaint would be when nemesis is chasing you he is,1
nemesis becomes a dog 6 8,1
was still a fun experience nemesis is definitely not as frightening,1
this is a fun play nemesis itself is a joke though,1
and g2g now on to nemesis in the original he felt,1
happens at the same time nemesis also adds tension in a,1
barely interactive first encounter with nemesis for a game that already,1
re2 r but better characters nemesis 1st form end game bonuses,1
it s very straight 3 nemesis appear in especific scenes there,1
e tem a mesma jogabilidade nemesis da muito medo não da,1
game is too short nemesis appearance is reduced to quick,1
happens so b fast b nemesis is a little buggy but,1
main takeaways from the game nemesis was annoying but not overly,1
i m stuck on the nemesis fight cause i don t,1
history gone puzzles gone great nemesis hunting you down gone for,1
were more areas and the nemesis actually followed you more dynamically,1
been more to explore the nemesis encounters are mostly scripted kool,1
that brings us on to nemesis himself the big tank looks,1
best takes inspiration from 3 nemesis and that s it if,1
be the absent nature of nemesis a lot of his encounters,1
add mods and is interesting nemesis looks good you can even,1
has now lets get to nemesis honestly nemesis is the biggest,1
it is just mmm meh nemesis on inferno is speedhacking so,1
its a must buy for nemesis alone,1
brief jump scare moments against nemesis and disappointing plots of the,1
dual choices during tons of nemesis encounters and the overall fear,1
real bad specially they made nemesis really indestructible at some point,1
best re i ve played nemesis is a great enemy very,1
is a great game the nemesis is terrifying although he is,1
good and better desighn of nemesis this can never compensate a,1
things like a store hating nemesis but the games pretty kool,1
limited zombie decapitation and uninteresting nemesis encounters there s a good,1
most poorly handled enemy is nemesis he is under utilized throughout,1
in some cases help stun nemesis but after a few minutes,1
much content is missing and nemesis is a ♥♥♥♥♥,1
fashion i am glad that nemesis doesn t follow you all,1
get the hang of it nemesis also is a constant threat,1
retelling of resident evil 3 nemesis and jill valentine s story,1
nightmare or inferno mode and nemesis goes down with one grenade,1
as a remake of re3 nemesis it feels surprisingly limited many,1
can beat it really fast nemesis was not fun he was,1
gamepad 9 10 only criticisms nemesis sucks pp villain has the,1
same as the original re3 nemesis the game so short u,1
they dropped the ball on nemesis mr x in re2r was,1
department beyond that i think nemesis is cool and carlos is,1
the rpd police station by nemesis you go there for like,1
b nemesis hold my beer b https,1
diggers i m happy that nemesis is scary and awesome looking,1
could play resident evil 3 nemesis from 1999 on modern platforms,1
exception of the characters and nemesis this is a totally different,1
city while evading the relentless nemesis where this game excels is,1
are some enjoyable moments when nemesis comes and wrecks your sh,1
of stuff for the remake nemesis doesn t stalk you all,1
scripted events as far as nemesis but he was still menacing,1
areas live choices and haunting nemesis short length and might have,1
jill valentine be my valentine nemesis bad guy me good guy,1
of the original s content nemesis is far less of a,1
short nemesis is a joke literally 2,1
need but every 5 seconds nemesis pops up around the corner,1
unsure of is the entire nemesis changes they made on one,1
do much for your hitbox nemesis is fun but his ai,1
content that made the original nemesis great like the rpg like,1
more refined story 7 10 nemesis cool and very threatening replay,1
are some specifics gameplay the nemesis the nemesis in my opinion,1
from ps1 missed oportunities with nemesis no cool customes,1
the mansion incident umbrella sends nemesis a modified tyrant to defeat,1
they did to my boy nemesis is just downright degrading he,1
far its been mad fun nemesis is scary af i love,1
damn is the stunlock on nemesis incredibly frustrating,1
keep her old face and nemesis too the soundtrack that comes,1
nemesis needs to go see a,1
in 4 54 hours wtf nemesis did not feel like an,1
while playing a horror game nemesis is a threatening opponent and,1
s infinitely more terrifying than nemesis,1
and i kinda understand why nemesis s appearance is heavily scripted,1
2 or run away from nemesis the whole time the puzzle,1
gravely disappointed to not find nemesis stalking me throughout the game,1
character in videogame history and nemesis was scary as ♥♥♥♥ this,1
the original resident evil 3 nemesis was the first ever re,1
have set i guess also nemesis surprisingly does not feel nearly,1
re 2 remake encounters with nemesis are heavily oriented around plot,1
it so stellar and unique nemesis is a series of overscripted,1
hand in the first hour nemesis is shown in the first,1
and new all in one nemesis was one of my favorite,1
difficulty here are my takeaways nemesis is made into a joke,1
those who thinks a constant nemesis like mr x would ve,1
design of the characters especially nemesis unfortunately due to the shorter,1
resident evil 3 nemesis was 1000 better than this,1
was way too short and nemesis was a serious let down,1
out from the game and nemesis only pursues you in the,1
scripted set pieces like every nemesis encounter tons of cut content,1
short still fun to fight nemesis with a few decent parts,1
it focused way more on nemesis and his dogged pursuit of,1
true terror with mr x nemesis is not mr x nemesis,1
been longer more puzzles more nemesis you name it but this,1
but whoever expects survival and nemesis to roam freely will be,1
around in original game 3 nemesis is very scripted cant say,1
hordes ♥♥♥♥♥♥♥♥ hunters are nice nemesis design is ok not better,1
future content no truly rng nemesis just scripted sequences etc i,1
tactics from previous games work nemesis is just a pain in,1
choices of how to fight nemesis shorter game map and the,1
is a little longer and nemesis is harder to deal with,1
core gameplay and the new nemesis are freakishly amazing and cool,1
was how they hyped up nemesis to be worse than mr,1
game is challenging and fun nemesis will make you jump no,1
just as great as re2 nemesis i actually prefer the nemesis,1
i just wish nemesis was more than a couple,1
game no puzzles to solve nemesis may be more mobile then,1
remake of resident evil 3 nemesis wait for some summer sale,1
you run straight through that nemesis doesn t chase you all,1
nemesis in this game sucks especially,1
pesky pale ones spoiler spoiler nemesis will drop at least three,1
and some months ago because nemesis s encounters were scripted in,1
raccoon park cemetery dlc even nemesis the dude who s supposed,1
master particularly during the final nemesis just when on nightmare you,1
h1 spoiler i feel that nemesis is both introduced too soon,1
piss poor recreation of the nemesis the nemesis this loutish oaf,1
game very short most of nemesis scenes are mostly scripted except,1
game is fun and while nemesis could have been done better,1
croft in tr 2013 reboot nemesis is completely scripted isn t,1
more than one playthrough the nemesis no longer has unscripted random,1
i really enjoyed watching how nemesis changed between each encounter i,1
me while playing the re3 nemesis remake the developers decided to,1
s pretty nifty i saw nemesis and i turned to my,1
is how quickly they trivialise nemesis as a threat calling him,1
just feels rushed also the nemesis what a let down at,1
off was the implementation of nemesis he s very scripted which,1
mr x did was what nemesis used to do it s,1
nemesis returns covered in trash bags,1
while in nightmare 2nd phase nemesis eats 40 grenade launcher shots,1
original resident evil 3 nemesis 2 000 000 000h resident,1
in the hospital and the nemesis with the rocket launcher were,1
with the original encounters with nemesis early on lack impact as,1
it in my opinion also nemesis was too hard for me,1
with a rocket launcher by nemesis and then plot armour happens,1
original game no ragdoll effects nemesis is on complete rails unlike,1
doing something holding w the nemesis sequences are all linear hallways,1
abused the hell out of nemesis when i was going back,1
content has been cut out nemesis feels scripted the game is,1
to be fair with the nemesis breathing down your neck you,1
to play the battles with nemesis and the meetings with him,1
re2r now we ve got nemesis who is even worse because,1
a fan of original re nemesis i can say that this,1
the old resident evil 3 nemesis 1999 when you look at,1
thing to note is that nemesis is not mr x and,1
story it was amazing and nemesis was badass,1
2 or resident evil 3 nemesis my feelings on both remakes,1
game is flat out missing nemesis new design is eh jill,1
zombies look and sound disgusting nemesis definitely gets my heart rate,1
not terrible by any means nemesis was simply a nuisance not,1
was fairly disappointed with re3 nemesis is no where near as,1
recycles from re 2 remake nemesis is stupid this is the,1
story elements are missing and nemesis despite being very good he,1
have really been opened up nemesis should have been random and,1
b o w known as nemesis as this game leans more,1
and carlos is great characters nemesis is a nightmare creature but,1
it lacks plot twists beating nemesis was interesting… for the first,1
remake after the re2 remake nemesis is extremely underused in this,1
conscious and precise foes like nemesis or the hunters everything is,1
and inferno the second best nemesis is cool but too much,1
is too short and most nemesis encounters are scripted zombies physics,1
a simple open doorway additionally nemesis exhibits a more event oriented,1
was pretty whatever i wish nemesis was more like mr x,1
maneuvering around zombies and encountering nemesis i would say campaign is,1
classic moments in the game nemesis is just like mr x,1
when you fight or escape nemesis 2 the removal of a,1
game is very fun the nemesis is even easier than mr,1
to expand on it now nemesis is a fan favorite and,1
of the times when facing nemesis i wish they will add,1
great deal of replay value nemesis is less of a threat,1
same you don t encounter nemesis as a pursuer very often,1
the house during an outbreak nemesis we will expect to wander,1
survival horror with more action nemesis is a real pain when,1
boss battles are poorly constructed nemesis is dumb the dialog is,1
the frequency of the nemesis appearing and the fact that,1
not get molested especially final nemesis on nightmare inferno these difficulties,1
this garbage known as resistance nemesis was specially a huge disappointment,1
boxes and at that point nemesis showed and i couldn t,1
1999 classic resident evil 3 nemesis having only ever watched let,1
part of the game is nemesis so if he was your,1
of assistance from carlos also nemesis was a big letdown almost,1
50 of city segments cut nemesis encounters cut down to one,1
content poorly executed ideas making nemesis look like a joke which,1
good sections from the game nemesis didnt feel anywhere near as,1
that made og re3 packed nemesis feels like a downgrade compared,1
original but most of all nemesis himself i played it on,1
the nemesis sucks,1
and disservice to jill and nemesis is a kick in the,1
on the game feels underused nemesis carlos jill the streets the,1
never had any interest in nemesis and i also don t,1
2 or resident evil 3 nemesis so i wouldn t know,1
mode classic ost or interesting nemesis drops instead we get a,1
on the various encounters with nemesis but compared to the almost,1
to complain in here like nemesis being more of a pushover,1
reused asset from re2 remake nemesis is not even scary looks,1
re creating a new re3 nemesis which also applies to re2,1
environments aren t as compelling nemesis isn t as ominous or,1
talk about the titular character nemesis it s basically the culmination,1
pretty good game but nemesis in this remake is too,1
that having random encounters with nemesis would have caused real ptsd,1
maps puzzles and non scripted nemesis encounters last time i preorder,1
makes the game too easy nemesis isdnt chasing you around for,1
re3 so much was cut nemesis was made a joke the,1
is when you find it nemesis watching the trailer this guy,1
was scare and enticing suspense nemesis gets old after you kill,1
pros zombies cons nemesis good luck,1
the original resident evil 3 nemesis didn t have if timed,1
pretty areas graphics a better nemesis in terms of design and,1
yes yes o my god nemesis turning into xenomorph is the,1
but you have to expect nemesis everywhere but overall its a,1
not play the original re3 nemesis so i can t say,1
original i resident evil 3 nemesis i release full disclosure i,1
good job of presenting the nemesis hunt to a modern audience,1
scripted no more variability in nemesis paths nemesis becomes a scripted,1
and severely lacking in content nemesis is far from being as,1
the original game remake 3 nemesis boss fights 2 – 3,1
reviews does it mention that nemesis can show up at any,1
hours 9 10 would let nemesis chase me anytime however he,1
for the player to enjoy nemesis was a brilliantly made villain,1
developers could have explored the nemesis mechanics a lot and they,1
indruk te maken en de nemesis is echt een hele slappe,1
gunpowder s to even the nemesis himself and i can handle,1
on set pieces the horrifying nemesis this games mr x for,1
the horror factor is good nemesis encounters is disappointed just a,1
this game all achivements challenges nemesis is heavily scripted and only,1
off their nostalgia goggles re3 nemesis wasn t well received like,1
speed and brute force of nemesis as it is balanced out,1
stuff like re2 code veronica nemesis on the dreamcast after playing,1
simple and bad puzzles disappointment nemesis development is very bad while,1
its moments especially the later nemesis fights are well made its,1
key content from original re3 nemesis isn t dynamic like mr,1
remake that the original re3 nemesis deserved the cut content the,1
have the gameplay is fun nemesis makes you clench a lot,1
with inferno difficulty playthrough also nemesis is dissapointing most of the,1
existent mercenaries mode is missing nemesis surprise element is missing as,1
t even swim good game nemesis broke my skull anyone who,1
that made the encounters with nemesis seem more organic like it,1
t be re 3 without nemesis well he s back and,1
obviously released 1 year earlier nemesis only shows up at scripted,1
it was genuinely scary as nemesis stalked you throughout the city,1
t great having to knock nemesis down to get his weak,1
t break after two zombies nemesis makes this a far more,1
worth another playthrough and the nemesis encounters are mostly excellent except,1
like the clocktower spoiler spoiler nemesis spawn s like in the,1
length of the game and nemesis himself alot of stuff has,1
game i like the new nemesis i do feel like more,1
the story is less interesting nemesis is basically undestructable and it,1
linearity no puzzles woefully underused nemesis reduced zombie gore the list,1
remake of resident evil 3 nemesis original such a big disappointment,1
the og resident evil 3 nemesis it isn t the same,1
sale trust me also when nemesis spawns it s scripted not,1
hell people are complaining about nemesis as he is a frightening,1
more fun on later playthrus nemesis was awesome in this game,1
better job handling the way nemesis interacted inside the game all,1
nemesis says staaaars good game,1
prospect of them building on nemesis and making him even scarier,1
your seat at some points nemesis would beat mr x in,1
no puzzles or retracing steps nemesis despite looking awesome somehow has,1
had mercenaries mode and that nemesis was less scripted and more,1
random items random encounters with nemesis different dialogue depending on where,1
more dynamic and interesting than nemesis as are re2 s locations,1
the infinite assault rifle negative nemesis is a joke the entire,1
t even be limping around nemesis has a stupid looking nose,1
completely wreck the zombies and nemesis included i managed to finish,1
f ck inferno stage 3 nemesis,1
worse than remake2 s one nemesis stalking sequence may be a,1
mode that was from re3 nemesis all in all though the,1
of the city next is nemesis which was conveniently removed from,1
how short the game is nemesis is a joke he s,1
bashing this game stating that nemesis is heavily scripted and only,1
don t always need a nemesis a boss battle sometimes it,1
such as the clock tower nemesis is predictable and isn t,1
don t get that from nemesis at all game is more,1
days we have finished re3 nemesis with my cousing when we,1
could make when you encounter nemesis depending on how you chose,1
it is just to short nemesis is very dissapointing as well,1
i love re3r jill and nemesis and i think the action,1
with this remake is that nemesis is restricted to scripted encounters,1
and more importantly due to nemesis i was definitely younger when,1
nemesis down nemesis down nemesis down,1
proper re outbreak remake for nemesis sake b recommended when it,1
awesome boss fights jill valentine nemesis cons fast paced game puzzles,1
jill witnessing his death by nemesis was an iconic moment in,1
totally save your grenades for nemesis and hunters if you re,1
and even the good old nemesis is sht next time when,1
the beast with a handsome nemesis and an awesome jill they,1
from everybody s favorite monster nemesis return is fantastic he feels,1
style still worth playing though nemesis is cool also apparently it,1
through it as jill and nemesis does not chase you through,1
feels short and underdeveloped the nemesis down from 1 well placed,1
4 5 types of monsters nemesis you never have the feeling,1
mr x in re2 the nemesis chase scenes were more annoying,1
into your gameplay fighting scripted nemesis and downing him until he,1
stop action and ♥♥♥♥♥♥♥♥♥ is nemesis a bad ass highly recommend,1
i was nineteen and playing nemesis for the first time on,1
very nice game but ♥♥♥♥ nemesis,1
and the like encounters with nemesis are intense and well done,1
that is the heavily scripted nemesis sequences or even the cut,1
and very lame execution on nemesis boss fights really felt like,1
and of course the scripted nemesis chase sequences speaking of the,1
i felt that the new nemesis face kinda saddened me because,1
such as angryjoe s review nemesis he doesn t have path,1
missing from this game and nemesis was only scary in the,1
with a monster they called nemesis in it don t buy,1
graphics awesome characthers but horrible nemesis and short story,1
and lessens the replay value nemesis isnt a real threat and,1
today april 23rd 2020 the nemesis ironically does not track and,1
you feel so hunted by nemesis it creates a unique experience,1
you barely care about her nemesis is no longer that lingering,1
pretty graphics great story too nemesis s new look was fantastic,1
just go to meet your nemesis,1
♥♥♥♥♥♥♥♥ myself as that pixelly nemesis burst through the wall didn,1
zombies and perhaps even the nemesis however not as reliable against,1
hours and mr x the nemesis in this game this game,1
being the boss battles with nemesis these are reminiscent of zelda,1
disappointing part is how wasted nemesis was in the game when,1
what to do as for nemesis himself while i do agree,1
and predictable towards the end nemesis is a let down although,1
and not too slow either nemesis made for an interesting take,1
have been ironed out like nemesis stun lock killing you how,1
that could of been longer nemesis should not of been scripted,1
from original clocktower mercenaries etc nemesis is scripted as hell he,1
isn t an action game nemesis can take 200x ar rounds,1
face made the plot about nemesis being some creepy dude stalking,1
if i had to compare nemesis to mr x i would,1
the game is beautiful the nemesis is pain in the an,1
the protagonist of this story nemesis remains the imposing threat he,1
up at the end the nemesis is what gave the original,1
singleplayer campaign very short laughable nemesis a spider man and superman,1
well as making enemies especially nemesis more aggressive there is also,1
scenes are really fun and nemesis bursting through a wall or,1
as good as the original nemesis is less scary,1
an action game like this nemesis being ultra scripted sucks and,1
following sections scripted encounters with nemesis unlike mr x on re2,1
i really enjoyed this yes nemesis couldn t stand in his,1
fans of the series re3 nemesis was one of my favorites,1
going having to kill the nemesis way too many times each,1
normally a first aid spray nemesis is a throwaway character scripted,1
makes it feel overpriced also nemesis didn t feel as overwhelming,1
uh i only played re3 nemesis recently to make comparisons because,1
gameplay is on point and nemesis is still a tank im,1
especially on harder difficulties new nemesis mutations are solid 3 nightmare,1
madness horrors of raccoon city nemesis is a tank you fight,1
is boring nothing interesting the nemesis is just an annoyance he,1
in 6 hrs 50 mins nemesis transformation had some alien resurrection,1
f k you nemesis,1
who hated mr x while nemesis does stalk you for a,1
prefer what they added spider nemesis is awesome flammenwurfer nemesis might,1
imo the last form of nemesis where you send him to,1
just ruins it for me nemesis never really felt like a,1
an og resident evil 3 nemesis aka biohazard 3 the last,1
a lot to go over nemesis so here s the thing,1
play this res 3 because nemesis is bad a s s,1
give this game 4 4 nemesis boss fights,1
gud fun nemesis although underutilized is fun may,1
is a plus i guess nemesis is very intense when he,1
add the original face of nemesis and jill based on actress,1
as the original had and nemesis is as badass as ever,1
far great story great chars nemesis stalking would expect more if,1
i like the changes on nemesis look and encounter but the,1
somehow much more intimidating that nemesis which completely reversed my expectations,1
the original resident evil 3 nemesis creating a world that is,1
removed and most encounters with nemesis have become purely scripted the,1
is available as a bonus nemesis is a really cool boss,1
playthrough and started to think nemesis really sucked like really really,1
upset with the turnout of nemesis he is the on crack,1
pros 100 more nose for nemesis carlos crazy hair day cons,1
lack of noticeable puzzles and nemesis never felt like a threat,1
to do with the original nemesis game really like what they,1
cut from the original game nemesis is not as fun anymore,1
both nail their respective roles nemesis is the star of the,1
obvious where to go next nemesis looked great initially but he,1
cut off from the original nemesis game that it feels like,1
many scripted scenes not enough nemesis and no mercenaries mode this,1
felt the same to play nemesis implementation could ve been better,1
way too much cut content nemesis feels way too scripted no,1
mode the worst aspects of nemesis and the remake s dodge,1
pros controls are smooth graphics nemesis is terrifying and a great,1
as its predecessor the new nemesis looks quite fine and plays,1
combat mechanics of re3r more nemesis was wasted potential he may,1
and playing time the creature nemesis is scripted appearance no pressure,1
lickers it will work with nemesis once you get his timing,1
on hardcore and above difficulties nemesis is almost entirely scripted the,1
designs for jill carlos and nemesis although original outfits for the,1
appearance matches her character and nemesis can give you quite a,1
to the original re 3 nemesis went for a more linear,1
re3 not only that but nemesis is scripted af the only,1
once you master it and nemesis provided he ever looming dread,1
it i wanted to hate nemesis i wanted the fights to,1
explorar mais e o vilão nemesis é bem bossal recomendo o,1
want to move away from nemesis but he denies me my,1
a very hard time beating nemesis as jill without getting good,1
right off the bat with nemesis being introduced almost immediately and,1
miss having a less predictable nemesis more r and g and,1
in the jovovich movies where nemesis becomes friendly face palm this,1
remembering the old re3 facing nemesis was a pain in the,1
explore as the enemy called nemesis will be on your tail,1
of quality i do wish nemesis was around more specifically stalking,1
amazing graphics amazing voice audio nemesis is ♥♥♥♥♥♥♥ cool i closed,1
to feel a bit safe nemesis one of the few truly,1
t like b b 1 nemesis b feels like he has,1
the original resident evil 3 nemesis however i did enjoy this,1
evil 2 and call it nemesis,1
nemesis is a piece of sh,1
play with a controller fighting nemesis can be really scary highly,1
that amazing re2 remake ironically nemesis is the worst part of,1
virtually unplayable as soon as nemesis hunts you you cannot defeat,1
others i know the original nemesis wasn t exactly the most,1
non stop action horror and nemesis is very fun to fight,1
thing see re4 the main nemesis fights are varied enough throughout,1
never played the original re3 nemesis but this one was alright,1
see gun fights all over nemesis is just another tyrant with,1
this version and the new nemesis well then this game more,1
im wrong in the comments nemesis just isnt that scary in,1
i mean it gave us nemesis but at the same time,1
but removed was another disappointment nemesis is a complete push over,1
list of things i dislike nemesis can hitlock you until you,1
blowing thru zombies and dippin nemesis the only thing is its,1
if you have the skill nemesis feels a bit like a,1
original and unfortunately everything with nemesis after the first streets area,1
which is pretty jarring now nemesis the titular big bad is,1
exploding head compared to re2r nemesis looks more stupid as game,1
feel a bit too short nemesis is just like the tyrant,1
great remake of the original nemesis looks better than ever and,1
action and escape sequences from nemesis instead had a good time,1
some may not like the nemesis encounters like in the original,1
a badass everytime i beat nemesis even though nemesis didn t,1
circle and shoot in between nemesis attacks to kill him below,1
vast areas of raccoon city nemesis encounters are scripted there is,1
a merely ok game the nemesis was less of a threat,1
re3 you cant run from nemesis and have him hunt you,1
the original and underutilizes the nemesis character however at the time,1
dying like a scrub to nemesis in a particular boss fight,1
be some in this game nemesis is dang scary i can,1
the game is maybe the nemesis himself i think they could,1
the changes they did with nemesis he basically spends most of,1
controversial is a fact that nemesis in re3 is simply annoyingly,1
ammo spiders original jill design nemesis design,1
evil 2 and holy ♥♥♥♥ nemesis is terrifying do your self,1
issue with re3 is that nemesis feels really scary early on,1
content too many cut scenes nemesis fear scare factor greatly diminished,1
makes combat more enjoyable since nemesis is super fast and can,1
to play overall needs more nemesis since i never really felt,1
setting and appealing graphics and nemesis kept the tension pretty high,1
and bring it to b nemesis was entirely scripted which i,1
tedious the boss battles with nemesis are no longer about the,1
the boss fights are meh nemesis which was touted as this,1
t like the new way nemesis moans stars now either i,1
where you get chased by nemesis i would rate this 9,1
thrill of being hunted by nemesis and the climate of apocalyptic,1
very few weapons and scenarios nemesis drops are not useful at,1
on hard just under 4 nemesis started off nice but quickly,1
story despite missing those things nemesis himself is terrifying and relentless,1
franchise i only want more nemesis stage 1 encounters if that,1
expectations in a good way nemesis doesn t overstay his welcome,1
route way and you mutated nemesis that fast into animal form,1
he speaks is so cringy nemesis s new forms have nothing,1
from classic resident evil 3 nemesis was not included in this,1
a few more costumes also nemesis stun locks on the higher,1
for re2 pros fantastic graphics nemesis is terrifying in cutscenes re2,1
design that made 2 great nemesis is not as interesting as,1
out of your a tyrant nemesis when re2 hit shelves last,1
contents got cut no puzzles nemesis is a joke now that,1
do wish there was more nemesis though i think they could,1
wxf is this game 5 nemesis is a joke in this,1
real show maker is definetly nemesis he has numerous transformations and,1
properly use the dodge move nemesis in this game feels more,1
from 1999 resident evil 3 nemesis has always been one of,1
t play the original re3 nemesis but a lot of people,1
choice events mercenaries mode and nemesis being as intimidating as a,1
they captured the feel of nemesis terrifying in its own way,1
nemesis is the physical embodiment of,1
who it was made for nemesis ask capcom,1
nemesis was sent to raccoon city,1
light when in dark rooms nemesis is trying too hard to,1
the shotgun and grenade launcher nemesis is way more threatening than,1
freaked me out more than nemesis ever could 10 10 that,1
resident evil 3 nemesis remake as one of the,1
much from the original game nemesis encounters should not have been,1
the game is or how nemesis has been neutered personally i,1
length and making almost every nemesis encounter save for the very,1
disapointment that is the scripted nemesis and the lack of mercenaries,1
60 dollar price point and nemesis is not as great as,1
with same engine r2 remake nemesis is a joke teleport via,1
fun versing of with the nemesis for rewards,1
the game pretty disappointing imo nemesis is a joke the only,1
coming to the main part nemesis this in my eyes was,1
know what you re doing nemesis doesn t chase you and,1
nemesis has the same mouth as,1
which was not to be nemesis for me is a big,1
is far more scarier than nemesis nemesis has too many scripted,1
adding to the tension when nemesis invades it could ve made,1
beautiful game nemesis is terrifying graphically wonderful my,1
1998 s re3 nemesis is superior to this remake,1
in the game such as nemesis s different mutations and the,1
was that the legendary antagonist nemesis just doesn t living up,1
in the way especially with nemesis in the beginning i did,1
re3 nem was my personal nemesis i found the game extremly,1
that our good old friend nemesis is kinda scripted and it,1
built perfectly our worst nightmare nemesis pursues the heroes literally sweeping,1
faz sentido 4 escolhas no nemesis doeu pois abria opção para,1
heads that i think the nemesis put there mostly because they,1
city having to dodge the nemesis and zombies because i wasn,1
easily 8 10 h game nemesis boss battles are ok but,1
are both truly badass and nemesis is taking those re2 tyrant,1
game used to be called nemesis it s not anymore because,1
loved the scenes a lot nemesis wasn t that scary since,1
2 more difficulties above hardcore nemesis is more annoying than anything,1
the only remarkable villain is nemesis and again his bossfights are,1
to remember the original re3 nemesis began with jill jumping out,1
to two hours to beat nemesis is a let down the,1
her paypack by deep throating nemesis i cant express how little,1
it s a bummer that nemesis doesn t roam the environment,1
s not a complaint 6 nemesis looks and sounds great his,1
with some things being cheap nemesis infected zombies and the final,1
as re2 remake and that nemesis is too scripted but neither,1
original have been removed and nemesis is very annoying he is,1
nemesis put me in the dirt,1
and events are pretty cool nemesis looks awesome what was okay,1
addition of a dodge however nemesis is underwhelming compared to the,1
hehe nemesis go stars,1
is more on the action nemesis truely is a menace and,1
times you are pursued by nemesis are few and far between,1
very cool date with nemesis watched a lot of stars,1
and inferno mode that last nemesis fight wow but that being,1
are going to need when nemesis is after you nemesis is,1
overall content is really disappointing nemesis presence as a stalker is,1
arrange mode best part of nemesis is immune to fire oversized,1
nemesis s t a r s,1
i took my time re3 nemesis honesly i liked the old,1
the puzzles easy as ♥♥♥♥ nemesis not as terrifying chases you,1
with the action and now nemesis chasing you through various parts,1
that you craft after defeating nemesis on hard twice he drops,1
in the starting stages the nemesis can be a huge annoyance,1
the original all centered around nemesis and i found them all,1
more than increased health with nemesis receiving a speed boost to,1
facial animation is amazing 3 nemesis looks great cones 1 costs,1
most of iconic locations gone nemesis seems more annoying then scary,1
she is not or that nemesis has a nose or some,1
was hyped for re3 since nemesis was my favorite title on,1
design cons way too short nemesis doesn t appear enough in,1
resident evil run away from nemesis,1
as opposed to survival horror nemesis was always a bad guy,1
major problems a lack of nemesis and a lack of raccoon,1
didn t folow the storyline nemesis transformations are not the same,1
i cannot beat nemesis on nightmare and i am,1
introducing us to the relentless nemesis creature with the recent remake,1
that you will interact with nemesis in a way that best,1
just a cheap money grab nemesis only really appears in scripted,1
experience i found the original nemesis fights were really annoying due,1
it is really great and nemesis of course couldn t put,1
happening h1 the boss fights nemesis nemesis 2 0 nemesis the,1
every character was well done nemesis first form in my opinion,1
action game with no puzzles nemesis is horribly scripted with half,1
clocktower and park area the nemesis is not half as good,1
you almost seen it all nemesis while looks cool is just,1
thing in this remake the nemesis encounters while the first is,1
not entering the cop building nemesis doesnt come through a window,1
it a 6 10 because nemesis really had me changing my,1
i sure do miss shoving nemesis off that ledge the graveyard,1
graphics great writing interesting characters nemesis is scary nemesis boss fights,1
path not taken even the nemesis encounters were choices the player,1
area where jill kinda melted nemesis head off it s just,1
an insult to original re3 nemesis graphic and dialogue is good,1
literally arena of you and nemesis and carlos best sentence all,1
these about the new underwhelming nemesis spoiler his 1st form animations,1
to skip the major roaming nemesis sequence in the game if,1
and annoying over time 2 nemesis is awesome huh the concept,1
and entertaining i love how nemesis looks not a bad remake,1
realizes is that the original nemesis was supposed to be extra,1
felt as though remake 3 nemesis was window dressing for resistance,1
the game is on rails nemesis only actually chases you for,1
they did in re2 remake nemesis doesn t tail you as,1
hulking super zombie mutant named nemesis however this attack is very,1
interesting additions that the original nemesis brought to the original playstation,1
even a bit scary game nemesis looking good hospital part just,1
least i liked the new nemesis,1
acting and animation fights with nemesis are well done unless you,1
no metriodvania map design no nemesis pressure knife durability cancelled reduced,1
the original are missing also nemesis is more annoying than menacing,1
crates you get from stunning nemesis everything else is just handed,1
bell tower park as examples nemesis after beating his first boss,1
its incredible how they made nemesis look less scary than mr,1
diversity and more encounters with nemesis in a more dynamic way,1
iconic area in the game nemesis is boring and is not,1
gameplay and most of all nemesis nemesis is well done and,1
inevitable show down with your nemesis explosions fire and zombies resident,1
city segment about main enemy nemesis humanoid form is awesome unfortunately,1
hours on the first playthrough nemesis encounters are now mainly scripted,1
trash no mercenary mode all nemesis encounter scripted the whole thing,1
defeating the final form of nemesis,1
solid visuals are great and nemesis is a reputable villain fans,1
secondary weapon like the knife nemesis oh boy let me put,1
dumb 90 s outfit and nemesis chasing you speaking of nemesis,1
good boss fights were fun nemesis is a little under utilized,1
very mild spoiler below spoiler nemesis is reasonably well executed but,1
enjoyable though i find that nemesis is sorely underutilized in this,1
mr x is better than nemesis though,1
mostly as good but the nemesis and the hunters are not,1
evil a horror game 2 nemesis as cool as he is,1
these choices spiced up the nemesis encounters a bit back in,1
dialogue then shoot the lava nemesis at the hall town park,1
glaring issues i played re3 nemesis back on ps1 and i,1
remake p s at least nemesis looks hot,1
longer storyline uncut non scripted nemesis and the ♥♥♥♥♥♥♥ mercenaries mode,1
muss und natürlilch taucht regelmäßig nemesis auf dieser war im original,1
enjoyed the new look of nemesis in his base form the,1
no different ways to handle nemesis if you would play thoroughly,1
want a better experience with nemesis play on inferno,1
original while being semi new nemesis is buggy though don t,1
was being chased by the nemesis clock tower and park area,1
resident evil game 8 10 nemesis is a ♥♥♥♥♥,1
the characters look amazing and nemesis is incredibly cool not just,1
some really cringy voice lines nemesis was sadly not as much,1
feels off with encounters with nemesis lacking the intensity and fear,1
have feeling from re 3 nemesis again in different gameplay as,1
the old resident evil 3 nemesis this is trash game feels,1
linear sadly boring story telling nemesis looks great design wise but,1
uninspired or unrewarding downing the nemesis out of seqeunce 100 points,1
best part of the game nemesis himself is nowhere near as,1
cut from the original the nemesis transformations are disappointing i thought,1
will know when when the nemesis comes around and yells sars,1
also after that point the nemesis ceases to pursue you around,1
for at least another year nemesis was a baby compared to,1
staaaars of the show h1 nemesis who h1 see the original,1
review for the 99 re nemesis fans it disappointed me more,1
scares are a joke and nemesis is just annoying go watch,1
was fun but i think nemesis is quite frustrated,1
nemesis scary good times,1
but the biggest crime is nemesis is less scary than mr,1
i cannot recommend this game nemesis is barely in the game,1
this game does it worse nemesis is present for less than,1
and rushed compared to re2 nemesis never scared me or had,1
at more than one point nemesis fights i found that i,1
made re 3 unforgettable was nemesis and he still somewhat stalks,1
me jump a few times nemesis is a yes and no,1
right into the action with nemesis at the start sucks too,1
many fear memories of the nemesis in this remake though nemesis,1
beautifully updated graphics stage 1 nemesis is terrifying when you get,1
bonus weapons obtained for defeating nemesis were also cut along mine,1
for hours while re3 s nemesis is confined to scripted events,1
and on rails with the nemesis chase sequences not the freeroam,1
comparison to resident evil 3 nemesis and since i really dislike,1
mechanic which is badly implemented nemesis being to fast and jill,1
and boss fights are gone nemesis feels hugely scripted at least,1
3 and ps1 version of nemesis is my favorite and i,1
too horror elements meh will nemesis give you a run for,1
hardest difficulty there s autosaves nemesis is barely utilized outside a,1
cut content from the original nemesis heavily scripted the cut scene,1
beware the nemesis the ultimate bioweapon made by,1
i stood my ground against nemesis at rpd front door and,1
my other big issue is nemesis himself yes he is a,1
it rather than be intimidating nemesis presence is mostly cinematic with,1
racoon city police station constant nemesis chase sewers train ride hospital,1
end is really disappointing also nemesis is so scripted he only,1
version of the re2make imo nemesis is still badass also comes,1
of the experience encounters with nemesis were more annoying or frustrating,1
it during a fight with nemesis but that s it jill,1
i lost interest in also nemesis feels significantly less menacing than,1
action oriented then survival horror nemesis is a frightening enemy but,1
worth the full price 3 nemesis is a push over even,1
and outfits are drastically reduced nemesis appearance are all scripted and,1
system is nice as well nemesis is fun to fight dodge,1
the original resident evil 3 nemesis myself so i can t,1
gameplay is polished and nemesis still gives me ptsd i,1
looted but its harder too nemesis actually chases you and is,1
is and how soon does nemesis transforms into his beast form,1
moment jill is attacked by nemesis the deadly weapon of umbrella,1
only two complains are 1 nemesis changes into dog like creature,1
that are really frustrating this nemesis starts good but then it,1
will definitely get you if nemesis don t loving the game,1
a bit which is nice nemesis is intimidating as heck in,1
of city from original more nemesis ecounters yes it s not,1
no grave digger nemesis 1st form can knock down,1
better than the original re3 nemesis no is it disappointing in,1
s no build up to nemesis compared to the brilliantly executed,1
your play to get more nemesis chasing you time which is,1
crows gravedigger worm they turned nemesis into a dog no memorable,1
factor like mr x because nemesis is in 1 instance where,1
as a remake of re3 nemesis and a sequel to re2,1
it even faster one of nemesis forms was skipped which is,1
true hardcore mode feel like nemesis was too easy to knock,1
to see carlos personality plus nemesis not in blocky pixels is,1
acquire guns shoot zombies kill nemesis big fun good times,1
was disappointed with the way nemesis was handled and some of,1
feeling of being persued by nemesis like mr x but despite,1
of them then be warned nemesis is very toned down like,1
the original resident evil 3 nemesis h1 in many ways its,1
a little more action focus nemesis underutilized during his opening segment,1
too short nemesis goes downhill after halfway point,1
helpful and extremely beneficial during nemesis encounters i give this entry,1
imagine a game where nemesis randomly shows up in areas,1
station which i really loved nemesis is absolutely terrifying as he,1
also the original had the nemesis being a fear factor and,1
and locations were cut completely nemesis is terrifying but we don,1
to get combo d by nemesis while it s not meant,1
surroundings are beautiful jill and nemesis stole the show their new,1
than in the original games nemesis in my opinion is also,1
like being stun locked by nemesis or 1 shot by the,1
history in the form of nemesis nemesis quickly became known for,1
x in re2 remake or nemesis in re3 ps1 moreover i,1
to fight or run against nemesis without outside control or prompt,1
you are to die from nemesis i was expecting nemesis to,1
version of the original and nemesis which is the most iconic,1
more they wanted to see nemesis in glorious high definition and,1
original the pursuer known as nemesis is a bit of a,1
dismembered like in 2make 2 nemesis doesn t feel like an,1
lapse in judgement lies with nemesis himself it s difficult to,1
great game because of the nemesis stalking you which he does,1
all re2 did re better nemesis stalks if you can even,1
the gameplay is excellent the nemesis is terrifying the graphics are,1
survival horror like res 2 nemesis is cool but a let,1
absolutely enjoyed this first playthrough nemesis was harder than i remember,1
say like some encounters with nemesis you just run away from,1
see where the money is nemesis was scary as hell and,1
the demo it hyped up nemesis and showed him to be,1
re2 raccoon city feels small nemesis was basically mr x s,1
the racoon city streets where nemesis is stalking you also i,1
as long as jill and nemesis is in it im happy,1
to keep things fresh and nemesis is the upgrade from x,1
of submission resident evil 3 nemesis is the only mainline resident,1
is a lot scarier than nemesis just throw a grenade at,1
adequate on par i believe nemesis was done justice how they,1
same goes for creature variety nemesis is underutilized and is boring,1
thing chasing you i e nemesis nemesis is really only part,1
than carlos the big bad nemesis appears even less which is,1
the game being short and nemesis having less screen time resident,1
nemesis is a beast people complain,1
first of all nemesis is not scary or exciting,1
some other reviews who think nemesis should had been more like,1
of enemies i feel like nemesis could have been handled better,1
2 is completely gone instead nemesis in resident evil 3 is,1
i prefer the re2 remake nemesis wasn t as fun or,1
i only played the original nemesis one time waaaaay back in,1
formula from the previous remake nemesis street chase feels thrilling and,1
games nearly every encounter with nemesis is either entirely scripted or,1
of disappointing to only fight nemesis as a boss speaking of,1
frustrating boss fights encounters with nemesis are frustrating and annoying i,1
maintain the horror aspect throughout nemesis is amazing he had me,1
you actually seem capable against nemesis and you don t have,1
s a good experience although nemesis wasn t quite as terrifying,1
incomplete without the challenging puzzles nemesis is horrifying and intimidating even,1
most dissapointed in is the nemesis ask around if anybody know,1
this was a great game nemesis is easily one of the,1
the thrill of running from nemesis and seeing some of the,1
would still recommend this because nemesis make you poop in your,1
very hard to put down nemesis over all i give it,1
a blast to play the nemesis is a great villain constantly,1
are new to this franchise nemesis is way too easy to,1
game is at its best nemesis is a good antagonist for,1
looks better than ever the nemesis system is a spin on,1
more areas to explore more nemesis encounters it is way too,1
the entirety of the unscripted nemesis stalking scenario everything else is,1
capture the original essence of nemesis i had more fun playing,1
ever played the original re3 nemesis they kept most of it,1
is fun to play when nemesis keep pursuing you where ever,1
great job of showing off nemesis as the unstoppable destructive force,1
time spent actively running from nemesis wasn t too long but,1
kill you very cleverly named nemesis as you try to survive,1
good and getting chased by nemesis at different points in the,1
load 2 minutes in since nemesis shows up immediately an experience,1
intense split second decision making nemesis is cool for the first,1
here there is almost none nemesis didn t really scared me,1
quite as scary as re2 nemesis is kind of a let,1
the original game and sometimes nemesis felt cheap as he could,1
before smh while the monstruous nemesis bow mercilessly stalks and attacks,1
lots of changes to original nemesis gave me nightmares 11 10,1
later areas of the game nemesis is absolutely fantastic in this,1
actiony it makes sense for nemesis but still,1
of bullets or you knew nemesis could be around etc in,1
but the game if fun nemesis always gets a few licks,1
redesigns of the characters and nemesis are fantastic with the exception,1
awesome more action and scary nemesis nice environment and graphics new,1
when you aren t fighting nemesis probably,1
like you did with ♥♥♥♥♥♥♥ nemesis i just updated this bc,1
cater to a broader audience nemesis the once namesake of this,1
one simple dificulty change the nemesis garbage bags as a dress,1
wished was better was the nemesis interactions they feel very scripted,1
cut the price though also nemesis is just a nuisance one,1
the original resident evil 3 nemesis a classic ill preface my,1
i enjoyed it and the nemesis is even more relentless and,1
and get your stuff done nemesis on the other hand is,1
worst of all they made nemesis kinda boring instead of being,1
fun jill bae carlos simp nemesis thicc,1
and the biggest con is nemesis mr x in re2r was,1
re7 is used to hit nemesis the r p d station,1
and some places generate nostalgia nemesis is fantastic so it creates,1
the original resident evil 3 nemesis in every way except for,1
it was f cking awesome nemesis was a pain in the,1
the game is short and nemesis is a bit scripted except,1
helpful in the long run nemesis himself behaves almost similar to,1
rearranged in a strange order nemesis has also been watered down,1
had from resident evil 3 nemesis but cant forget to mention,1
no dynamic appearance of the nemesis makes this game much less,1
say wait for a sale nemesis doesn t just appear on,1
a re2 remake or re3 nemesis mentality then you ll enjoy,1
are pretty much gone and nemesis feels like a quick time,1
look fantastic rpd section cons nemesis appearances are generally the weaker,1
after unstoppable juggernaut murder machine nemesis chases you through fire and,1
no newspaper no gasoline station nemesis can be killed with 1,1
the roughly 5 hour campaign nemesis while your main pursuer never,1
has none it just shoved nemesis to your gullible 90s throat,1
you doing guys 60€ really nemesis is just a mr x,1
despite what people say boss nemesis is actually a lot of,1
90 degree turns playing against nemesis on the rooftop with flamethrower,1
change brad s demise from nemesis to something so forgettable then,1
story arch hardly any puzzles nemesis only hunts you once in,1
it that is also where nemesis gets to shine the most,1
mercenaries no extra content boring nemesis boss fights not worth 60,1
and i love it 3 nemesis is lot smarter than mr,1
is of course is the nemesis yeah sure terminator like creature,1
instead of survival horror why nemesis do stupid things like fly,1
fun and scary mostly when nemesis is chasing you through raccoon,1
hours the gameplay is alright nemesis looks good and the fights,1
game next to jill valentine nemesis he s hyped up as,1
fight a large lad named nemesis he is a rude dude,1
entire areas and the choices nemesis is a push over on,1
the bio weapon known as nemesis hunts you down and the,1
flip from re2 areas every nemesis appearance is scripted so there,1
and the gameplay less inspired nemesis himself is a huge letdown,1
s outfit in the game nemesis was pretty intimidating but there,1
brad behind or to battle nemesis right there and here with,1
i loved the original re3 nemesis yes it is a little,1
can insta kill you and nemesis sometimes does combos that doesnt,1
you wanted the original re3 nemesis feel this is not it,1
and not to mention the nemesis battles overall i would recommend,1
and terror of running fighting nemesis was amazing i felt the,1
as awesome protagonist fights with nemesis are a bit on the,1
feel of resident evil 3 nemesis for the original playstation,1
rewards for beating higher difficulties nemesis is beyond gutted when it,1
through of the original re nemesis i personally am fine with,1
of i resident evil 3 nemesis i is my favorite game,1
re2 remake and the scripted nemesis chases are solid what is,1
options how will you encounter nemesis for the first time how,1
very aggressive in nightmare and nemesis is not only relentless but,1
least on my machine 4 nemesis redesign is so bad it,1
the classic the fights against nemesis are really good i enjoyed,1
entertaining nemesis encounters feel very scripted but,1
start lots of zombies and nemesis who i will say could,1
definitely worth the money also nemesis is really well done better,1
time some people said re3 nemesis was bad i like the,1
detalhes sobre as bows sobre nemesis etc foram um grande ponto,1
of done better is made nemesis a more organic threat rather,1
sake of the game the nemesis is tied down to only,1
i would say that the nemesis stars isn t as scary,1
divine i love the tension nemesis creates sad to see some,1
carlos good nemesis bad,1
disbelief on part of the nemesis s parts in the story,1
for never got fully realized nemesis isn t very fun to,1
them i played the original nemesis but i don t think,1
zombies and encounters with the nemesis monster to make things slightly,1
60 though lots of action nemesis is a downgrade of the,1
as re2 remake s cons nemesis new design is atrociously bad,1
complaint people had is that nemesis doesn t persist in the,1
and honestly the chase from nemesis only fills a small portion,1
disappointment was the encounters with nemesis during his first form everything,1
the games the lack of nemesis and the connection to the,1
the combat didnt feel difficult nemesis also felt to on rails,1
mode and made decisions with nemesis that altered the game adding,1
reviewing this game as re3 nemesis was my favorite of the,1
more annoying than difficult bad nemesis encounters i expected more than,1
totally misrepresents what the game nemesis is actually like it treads,1
nemesis enough said,1
are done no enhanced ammo nemesis doesn t feel nowhere near,1
scary and becomes very annoying nemesis was always fun to fight,1
surprising manor they literally make nemesis more terrifying scary and more,1
running down linear paths from nemesis to enter the boss fights,1
for incredible amounts of mobility nemesis especially on nightmare feels extremely,1
speaking of the marketing point nemesis he is extremely difficult and,1
hours my biggest gripe is nemesis he is such a huge,1
look at nemesis all the time,1
fun to play overall with nemesis running after you if you,1
not the resident evil 3 nemesis hardcore fans were wanting but,1
great game love nemesis and overall love the game,1
game credit for not having nemesis be three feet from you,1
time exploring the city with nemesis lurking around every corner like,1
demo you will not see nemesis coming through doors randomly and,1
e que não tenhamos um nemesis tão legal quanto o primeiro,1
hit you in the feels nemesis is also well designed and,1
piece of rushed trash nemesis is completely on rails and,1
makes them longer games third nemesis about halfway through the game,1
is fun but the scripted nemesis encounters took away the feeling,1
shortly campaign than or version nemesis is very easy to knockdown,1
popular opinion i actually prefer nemesis to mr x i found,1
original resi 3 and the nemesis is confined mostly to scripted,1
the start been stalked by nemesis was terrifying even more so,1
like the visusal gave to nemesis however everything happens so fast,1
found myself less fearful of nemesis than i did mr x,1
amazing re imagining of re3 nemesis the first ever re game,1
carlos dodge half way through nemesis was a mumbling melting pizza,1
that let me down is nemesis the fact he s very,1
okay i enjoyed fighting the nemesis persistent villain to say the,1
would look a lot better nemesis is cool looking but it,1
was 90 of the city nemesis is a cutscene simulator no,1
is fun running form the nemesis is exhilarating it offers a,1
even spoiler the fight with nemesis in that arena where for,1
sake let him die by nemesis and lets talk nemesis boy,1
office and gas station segment nemesis really only hunts you once,1
that was a given 2 nemesis revamp ok many people will,1
everything is announced by cutscenes nemesis appears short cutscene hunter in,1
nemesis looks so spectacular you almost,1
settings the scariest thing about nemesis was the strain he put,1
the downtown area are gone nemesis in his classic black uniform,1
i have is that most nemesis encounters were entirely scripted making,1
were cut out of original nemesis is too scripted i really,1
loved that in re2 also nemesis is cool but he s,1
a numbered mainline entry also nemesis is kind of disappointing there,1
of incoming zombie teeth or nemesis punches very handy in a,1
in the boss fight where nemesis evolves to the animal thing,1
miles i also fought with nemesis for crate supply drops first,1
intro and scripted sequences featuring nemesis are very cool and he,1
impede story or game progress nemesis is a ♥♥♥♥♥ 9 10,1
in a game like this nemesis looks ridiculous in his main,1
hardcore quite intense and engaging nemesis is great both scripted and,1
i thought this nemesis ♥♥♥♥♥ can t even swim,1
area because i was scared nemesis was going to show up,1
length and relative underutilisation of nemesis himself this was still an,1
short having never play re3 nemesis before it only took my,1
between each character s visit nemesis is also a bit of,1
i like the new terrifying nemesis on higher difficulties xd the,1
in re3 unlike the original nemesis runing after you is scripted,1
are beautiful and very realistic nemesis jill carlos the characters as,1
or engaging as the original nemesis although scary is kind of,1
guess we gonna fight nemesis in mhw that aside game,1
lazy to even do that nemesis is boring i thought they,1
is short and suck my nemesis level 2 is like a,1
fire hose also second phase nemesis is trash 2022 update it,1
killing machine a k a nemesis and suffer from ptsd cause,1
hospital is really enjoyable the nemesis boss fights are good and,1
re3 you are chased by nemesis throughout the entire game but,1
a linear path away from nemesis or fighting a boss ive,1
that true re feeling d nemesis is still a royal pain,1
urgency in running away from nemesis as i did in the,1
20 i recently played re3 nemesis after i played the re3,1
longer play times than this nemesis is also trimmed down most,1
even the new spin on nemesis however i play both this,1
moving onto the topic of nemesis he was handled very well,1
actually scared because of the nemesis,1
spoiler clock tower spoiler the nemesis doesn t appear as much,1
ridiculously short considering the price nemesis is also a complete joke,1
4 hours long downgraded gore nemesis is a joke acting like,1
the game in og beating nemesis rewards you with stronger weapon,1
have the tense horror of nemesis chasing you all throughout the,1
puzzles unlike the original game nemesis that doesn t say s,1
this game is how terrible nemesis is on inferno mode especially,1
still enjoy playing the game nemesis 1999 way more scary than,1
4 5 would curse at nemesis again,1
only there was more of nemesis i made alot of jokes,1
graphics lighting and sound design nemesis to all those saying he,1
get into it terribly boring nemesis is a joke in this,1
the second big fight with nemesis overall this game is still,1
also featuring the activation of nemesis after a commercial for umbrella,1
compared to the original even nemesis looks way cooler now there,1
are back in a way nemesis is pretty intimidating as a,1
to the second installment and nemesis felt less menacing than mr,1
to see a next gen nemesis here he is,1
it fit the theme of nemesis even in the original you,1
ahead when i first encountered nemesis in this remake my first,1
about 5 hours or so nemesis was also unfortunately not quite,1
to see a reimagining of nemesis for years now and suddenly,1
remind me my childhood nightmare nemesis resident evil resistance this game,1
vania even after 20 years nemesis is still terrifying no more,1
station new mr x and nemesis have swapped rolls only og,1
theyre all on normal and nemesis is nowhere near as punishing,1
re3 ser bom e o nemesis bom nem vou falar nada,1
a lot of time that nemesis is chasing you with totaly,1
encounters like the first few nemesis fights or the power station,1
upgrades cutscenes are good too nemesis and other monsters looks stunning,1
b to turn it in nemesis wasn t nearly as much,1
and the re2 remake felt nemesis only actually does this one,1
tower barry burton and that nemesis really isnt much of a,1
miss the overwhelming dread of nemesis always being around the corner,1
character carlos was great too nemesis was great he was definitely,1
amazing the reimagination is cool nemesis is more of a jerk,1
of incredibly basic puzzles the nemesis sequences are mostly scripted and,1
first is with regards to nemesis i won t provide any,1
the mechanics of the original nemesis to the new doge with,1
lot cut from the original nemesis game just as a warning,1
were investigating the police station nemesis basically only appears in scripted,1
lovely and plays extremely well nemesis i ♥♥♥♥♥♥♥ love him personally,1
and continue playing the cutscene nemesis looks like hes wearing garbage,1
remake was on its way nemesis looked insane jill had a,1
terrible remake lame nemesis lame atmosphere do not waste,1
nemesis is terrifying i like the,1
for my life from the nemesis got very little of that,1
chiste si no tambien que nemesis que se veia imponente en,1
cat and mouse gameplay with nemesis the first hour or so,1
to heal the fight with nemesis phase 2 was also quite,1
love letter to the original nemesis is still scary as hell,1
jill is still a badass nemesis looks amazing and they kept,1
loong time lol stage 3 nemesis was a pain in the,1
area the final battle with nemesis was comically bad too but,1
itself is fine the original nemesis was the game that created,1
facilidade em lidar com o nemesis e outros desafios mesmo em,1
like h1 the good h1 nemesis ♥♥♥♥♥♥♥♥♥ when this guy s,1
terrible the worst part is nemesis barely chases you throughout the,1
in for a treat with nemesis the only negative i have,1
just move on h1 2 nemesis h1 this is the big,1
more challenging to me than nemesis game rewards was another low,1
for lickers from re2 remake nemesis is basically the weakest enemy,1
the original resident evil 3 nemesis some elements like enemies weapons,1
10 bucks each hour scripted nemesis encounter clock tower cut raccoon,1
the game is realistic the nemesis is truly terrifying and makes,1
that creepy silent atmosphere while nemesis is supposed to be even,1
oddly underwhelming and uninvolved feeling nemesis who yknow is kind of,1
rage a lot especially when nemesis pulls back his arm to,1
but it hit what made nemesis fun back in the day,1
this mechanic but without it nemesis would turn you into pulp,1
even with its hard vs nemesis 3 but after all i,1
from the original are missing nemesis is a disappointment pre order,1
way off she continuously calls nemesis a ♥♥♥♥♥ i believe 6,1
is visually stunning and engaging nemesis when nemesis appears he becomes,1
the anxiety fear factor with nemesis falls short of what mr,1
re titles in the past nemesis is scripted to show up,1
in that i only wish nemesis would have been used more,1
did was spoiler spoiler the nemesis is barely in the game,1
polished and not as satisfying nemesis is just annoying and the,1
great game as far as nemesis goes keep moving and horde,1
and they could also make nemesis a bit more scary rather,1
inducing and chase scenes with nemesis are dreadful,1
doesn t get killed by nemesis in that old epic scene,1
and fearful sometimes when the nemesis comes to visit you d,1
idiot can finish this game nemesis is a joke too much,1
because i ve also seen nemesis just seem to appear out,1
gave me more anxiety but nemesis is pretty crazy too,1
defenetely have a problem new nemesis i understand that he was,1
prepared to be chase by nemesis every time cons not worth,1
re2 had done the cons nemesis was a joke after your,1
doesn t feel to exciting nemesis chasing me around the game,1
are very weak and during nemesis chases you can take him,1
remake for 20 25 pros nemesis beautiful background environments cut scene,1
terror of been chased by nemesis,1
inferior than in the original nemesis s face and voice are,1
so in every encounter with nemesis she either disable nemesis for,1
a chain to cut etc nemesis for all the hype that,1
because its still really fun nemesis is more terrifying now than,1
gameplay downgrade gore not enough nemesis it improved on things like,1
the police station but the nemesis didn t have the same,1
by far the most open nemesis isn t as scary or,1
up for it at all nemesis was the biggest disappointment was,1
to be chased by the nemesis throughout the game however it,1
great game running away from nemesis is so intense and feels,1
weapons and mercs mode also nemesis is underutilized when compared to,1
great game love nemesis and the boss fights jill,1
of the original resident evil nemesis and like the original it,1
of stuff from the game nemesis was meh little chases and,1
the true nemesis is crapcom itself when the,1
game is super fun and nemesis is back and scarier than,1
barebones knowledge of the original nemesis is either a little ♥♥♥♥♥,1
when compared to the original nemesis could ve been used much,1
challenging gameplay happening before you nemesis jesus what a pain in,1
nemesis and whoever came up with,1
game even more so than nemesis which is just kind of,1
make any sense things like nemesis is not a succesor to,1
to get quick points the nemesis battles fall off quickly and,1
scenes places and some monsters nemesis is not scary at all,1
biggest disappointment is the new nemesis after how incredible of a,1
classic series mostly because of nemesis and the ability to explore,1
re2 boring scripted encounters with nemesis and it lacks polish i,1
you re about to face nemesis and even then it s,1
decisions no additional information about nemesis no grave digger worm no,1
leaves the game feeling bare nemesis was a iconic character gameplay,1
slowly goes downhill when the nemesis chases you in the city,1
get very few time with nemesis until it morphs to some,1
be nurse zombies but no nemesis is scripts event teleport from,1
which is somewhat infuriating whilst nemesis even in his adorable new,1
on the tyrant mechanic or nemesis he was the fear factor,1
reason being how well the nemesis was implemented vs mr x,1
are abundant throughout the game nemesis i think he s pretty,1
and carlos are great protagonists nemesis boss fights are also great,1
shouting elephant in the room nemesis the main threat the main,1
falls flat in some areas nemesis taking a backseat and the,1
out the gate this makes nemesis and certain portions of the,1
trigger the next event the nemesis chases are a shell of,1
was looking forward for it nemesis not scary enough unlike tyrant,1
chases and battles against the nemesis the most complex areas of,1
still feels like re and nemesis is scarier than ever re3,1
lot on another note tho nemesis is a simp,1
of that most of the nemesis encounters are scripted encounters you,1
re2 i was doubtful about nemesis redesign for this game but,1
mode to play through and nemesis is not as pervasive as,1
and involvement in the story nemesis has seen the biggest change,1
weapon is so limited 5 nemesis tldr he is badass it,1
really good story was amazing nemesis is outstanding game runs really,1
reviews here story too short nemesis not scary map too small,1
barley deviated for the linearity nemesis is criminally underused in comparison,1
get slapped to death by nemesis again,1
for all the characters especially nemesis phase 2 and 3 if,1
just gonna occasionally use 2 nemesis more moves more dramatic more,1
time goodbye corny 1999 carlos nemesis is a noteworthy well nemesis,1
were deleted from the original nemesis also lacks one of its,1
with iconic jill and her nemesis thankfully the locked clunky camera,1
the scenes run away from nemesis feel like a respite before,1
in comparison as for the nemesis well i feel like they,1
of all i didnt find nemesis scary in the slightest most,1
amazing to look at the nemesis has never looked more terrifying,1
got my ass whooped by nemesis on a few occasions i,1
2 remake this kills it nemesis gets boring after time since,1
sponges for better or worse nemesis third and fourth boss is,1
of what re2 was worth nemesis is a scripted wasted potential,1
and story line was meh nemesis is persistent in normal mode,1
take the great encounters with nemesis cut them out and replace,1
new nemesis sucks old style best,1
the nemesis battles are amazing jill and,1
a bad resident evil 3 nemesis remake i m not talking,1
beat the two hidden difficulties nemesis encounters are scripted pretty disappointing,1
enemies i really enjoyed the nemesis fight in front of clock,1
rpd brad getting killed by nemesis the racoon city park the,1
nemesis boss fight in this remake,1
original i was happy that nemesis wasn t as annoying as,1
a terrible boss fight with nemesis s first form nemesis encounters,1
best features of the original nemesis have been cut nemesis barely,1
and now to talk about nemesis i feel he s more,1
never played the original re3 nemesis on the ps1 i had,1
the essential parts in the nemesis the interactions between jill and,1
ซึ่งการตัดบางอย่างมันก็ทำให้เกมมันดูลื่นไหลขึ้น ภาคนี้เน้นแอคชั่นมากๆ เวอร์ชั่นเก่ามันก็แอคชั่นพอควร แต่มารีเมคนี่จัดเต็มแบบไม่หยุดเลย มันส์โคตร nemesis ก็นึกว่าจะไล่ล่าเยอะๆคล้ายๆmr x ไปๆมาๆมันก็ไล่แค่ตรงโซนร้านโดนัท demoนั่นแหละ ที่เหลือสคริป,1
i played the original re3 nemesis and i loved that game,1
i like the dodge and nemesis got combos for days i,1
it play resident evil 3 nemesis 1999,1
would lack of bosses besides nemesis i mean nemesis was great,1
difficult part was last stage nemesis as the layout was the,1
a more foreboding presence with nemesis if you re on the,1
been much better received also nemesis was scary in re3 classic,1
very specific set piece locations nemesis encounters are heavily scripted he,1
really developed or really found nemesis to be that scary or,1
involved 3 the treatment of nemesis do not get me wrong,1
the irony here is that nemesis as a character trumps mr,1
people press f for tyrell nemesis doesn t pressure you like,1
this game so bad as nemesis isn t as a prominent,1
optional choices however shallow with nemesis encounters different endings this has,1
way too short inconsistent difficulty nemesis is very scripted and not,1
of being chased down by nemesis it gave me a heart,1
of the doge skill 2 nemesis is so cool and really,1
only really feel pressured by nemesis at the start which is,1
resistance cons no puzzles all nemesis scenes are chases sequences beside,1
this is what it needed nemesis is threatening but he can,1
although the nemesis parts are scripted unlike mr,1
and more unique personality ★★★new nemesis is soooooo goood i love,1
reuses in many cases and nemesis is in less of the,1
let s start with the nemesis unlike mr x who felt,1
like the parasite status and nemesis supply drops even worse is,1
other sound effects challenging enemies nemesis is literally terrifying i started,1
it s missing this or nemesis looks weird because that i,1
have enough time for design nemesis xd,1
downtown and the final area nemesis design ai and attacks dislike,1
puzzles 2 one grenade and nemesis will drop the item like,1
is esp true for when nemesis shows up but the 1,1
thing you consistently see is nemesis and zombies that s it,1
tuned down for some reason nemesis as an antagonist is highly,1
memorable areas of the original nemesis chases don t feel that,1
remake or the original re3 nemesis on the plus side graphics,1
game with cheat codes on nemesis is a pushover predictable and,1
kid i was terrified of nemesis this game brought back a,1
still did with this game nemesis scared the heck out of,1
getting his head ventilated by nemesis in front of rpd missing,1
nemesis chases you once for less,1
it is also a shame nemesis stage 1 didn t transition,1
bad at it dying fighting nemesis many times and going very,1
to the original such as nemesis being right on jill s,1
did a great job making nemesis into the ultimate tyrant that,1
and iconic one 80 of nemesis fights are removed and the,1
in like 20 hours also nemesis was scripted i wish he,1
almost everything is underwhelming and nemesis goodness where did i even,1
his pouches very lewd indeed nemesis actually puts up a chase,1
way too linear nemesis was barely in the game,1
remake of resident evil 3 nemesis not really not compared to,1
s already finished at least nemesis looks cool for a full,1
different albeit underutilized pursuing enemy nemesis is different from the tyrant,1
disgusting detail put into them nemesis is a fun antagonist and,1
complaints i want address though nemesis isn t very scary at,1
amazing game and annoying nemesis fun times good luck on,1
alone the scripted encounters with nemesis absolutely zero need to actually,1
the main topic however is nemesis himself he looks weird but,1
jill valentine and her stalker nemesis or nemmy for short nemmy,1
just wish there was more nemesis in it,1
that gives us a jill nemesis scenario to go alongside leon,1
were way too easy and nemesis is a complete chump barely,1
original game the encounters with nemesis while still intense and are,1
you expect to have a nemesis being mr x all the,1
the spoiler toy shop spoiler nemesis does not work like mr,1
re2 remake being pursuited by nemesis can be really frustrating but,1
boss fights are all there nemesis isn t mr x and,1
you explore town and have nemesis stalking you the rest of,1
reasons to complain b 4 nemesis isn t random enough b,1
as the original the new nemesis design is bada and resident,1
the game gets harder the nemesis is an improved mr x,1
its coming from for example nemesis hits you with a rocket,1
a profound and enjoyable experience nemesis turned into a much more,1
game credit for is that nemesis is a much larger threat,1
about length being too short nemesis being weak shoulda been dlc,1
aside from one small section nemesis is only regulated to cut,1
facing a threat known as nemesis throughout the game just like,1
and ultimately get hit my nemesis or another enemy other than,1
re2 was really amazing but nemesis in this was completely ignorable,1
which will never be disclosed nemesis is kind of a disappointment,1
you re barely scraping by nemesis is terrifying and evading him,1
s no point in censorship nemesis appearances are way inferior to,1
more in the game than nemesis your wrong in leons story,1
but still pretty fun wish nemesis was in it more,1
s constantly tense and while nemesis isn t always stalking you,1
for modders to correct this nemesis the big elephant in the,1
me throughout my playthrough the nemesis was not as scary and,1
re5 and 6 is everywhere nemesis keeps mutating to enormous sizes,1
this game for 2 things nemesis and raccoon city i expected,1
enjoyable and entertaining looked amazing nemesis was pretty cool but in,1
from the game to me nemesis just like mr x is,1
have never played the original nemesis game so in wasn t,1
imagining of resident evil 3 nemesis resident evil 3 2020 is,1
oriented side of og re3 nemesis is terrifying jill looks amazing,1
killed by carlos instead of nemesis spoiler which also doesn t,1
was particularly excited to see nemesis in this after the amazing,1
in less that 2 hours nemesis while looking incredible is just,1
routing as in re 2 nemesis ain t no pushover compared,1
it s head with lead nemesis was very well done and,1
ahead the goods they made nemesis more scary and more boss,1
areas from the original re3 nemesis but it certainly is done,1
cutscene of jill running from nemesis it doesn t feels natural,1
the rear unlike mr x nemesis never really leaves you alone,1
reasons people already mentioned scripted nemesis lots of area is cut,1
5 6 hours long sadly nemesis has too much scripted events,1
every boss fight is vs nemesis and there was a lot,1
set piece to set piece nemesis has been butchered into being,1
extremely corridor straight shot experience nemesis is extremely underused baring generic,1
all time the fact that nemesis is constantly stalking you from,1
s actually got exploration the nemesis is literally chasing you in,1
around every corner even the nemesis itself doesn t quite present,1
story was geat and damn nemesis looked cool i heard a,1
linear only four hours long nemesis is underwhelming and almost no,1
brad doesn t die from nemesis dario plays a significantly lesser,1
a lot repetitively mostly against nemesis boss fights it s like,1
do doge a zombie or nemesis i m still going to,1
unpolished if you not stoped nemesis by ijected scripts whole story,1
recycled from remake 2 and nemesis was a disappointing enemy overall,1
solid feel of the changes nemesis does not scare me like,1
the new remastered version of nemesis i wish he had more,1
to bring that same vibe nemesis feels more like a annoying,1
to have ultron instead of nemesis no regrets,1
esses estilo de jogo o nemesis é um completo bosta ou,1
a clear downgrade from re2 nemesis is only actively pursuing you,1
3 this game just sucks nemesis from 1999 its much better,1
and not for the better nemesis itself also felt very anti,1
childhood by saying i kill nemesis with 1 hand granade by,1
hype as a horror game nemesis isnt scary or annoying like,1
the development of the new nemesis as he is just a,1
day pretty awesome to see nemesis again,1
my only complains is that nemesis only follow you at the,1
coming out resident evil 3 nemesis has always been my favorite,1
dodges to bypass enemies avoid nemesis and combo into attacks is,1
items while being stalked by nemesis other nemi encounters are either,1
does the atmosphere absolutely perfectly nemesis and the other large enemies,1
and don t worry about nemesis he is still very much,1
counter part from 1999 re3 nemesis 8 10 hopefully if they,1
not exist in this game nemesis is as scary as a,1
super satisfying to master the nemesis boss battles are some of,1
feel trying to escape the nemesis so take time on your,1
or less i really liked nemesis but resident evil 2 remake,1
if they were hoping that nemesis would hold up the game,1
areas the early battles with nemesis are a bit too simplistic,1
a let down this one nemesis was scripted the whole time,1
runs amazingly just wish some nemesis parts weren t cinematic i,1
this game than from the nemesis secondary characters like mikhail or,1
parts from original also change nemesis stars screaming voice and maybe,1
also you don t have nemesis constantly chasing you like mr,1
the modern resident evil games nemesis is reduced to a mostly,1
longer than resident evil 3 nemesis next time put more part,1
might include her in seeing nemesis again in disturbing detail was,1
running like in the original nemesis doesn t stay dead plain,1
ll want to repeat that nemesis is also speedier than mr,1
comes after a cutscene where nemesis chases you in which you,1
expansion to re2 remake also nemesis is barely in it,1
while avoiding a monster called nemesis chasing you through the course,1
m a little disappointed overall nemesis battles are heavily scripted i,1
you can and will kill nemesis you will defeat him because,1
it shorter and less replayable nemesis oh my god nemesis his,1
resembled their real life counterparts nemesis wasn t nearly as intimidating,1
i would have liked if nemesis in his first form would,1
at 1 hour 30 minutes nemesis is very scary after you,1
hours is just jealous and nemesis really is a big disappointment,1
é ultima batalha contra o nemesis é especialmente ridicula a jill,1
original new encounters with the nemesis while are more scripted than,1
all for research 4 rework nemesis give him more opportunities to,1
the only good thing is nemesis shown being delivered to the,1
a remake from original re nemesis they cut off everything,1
just feel like the scripted nemesis moments are akin to ustanak,1
don t like that the nemesis monster gets to massive too,1
evil series it was not nemesis is still a highlight and,1
what the hell happened to nemesis he does not turn in,1
boss battles cons very short nemesis is a huge disappointment too,1
the original resident evil 3 nemesis re3 n multiple times and,1
form sadly no second form nemesis has been changed into a,1
still ♥♥♥♥ myself because of nemesis,1
lauchers ect rewarded for fighting nemesis off early game rewards stop,1
game was paced and the nemesis interactions are terrifying as they,1
nemesis not as scary as original,1
serious great graphics and gameplay nemesis was annoying af you ve,1
other way around everything is nemesis the next corner is a,1
and getting taken out by nemesis than by a mere zombie,1
where she also first met nemesis and all tht but other,1
is worth it the bad nemesis is a let down every,1
hallways for a and fight nemesis for a bit the game,1
truncated raccoon city dumbed down nemesis etc it also falls short,1
re2 remake some things worse nemesis is scary as hell and,1
few places branching out more nemesis is no mr x he,1
disappoints me about this is nemesis when you begin the game,1
action jill is badass and nemesis is very imponent i miss,1
what japanese audiences want oh nemesis is terrible he wasn t,1
place also especially carlos segments nemesis is relegated to unchartedesque setpiece,1
every missed opportunity for a nemesis fight every missing puzzle wait,1
scripted moments and chases with nemesis ○carlos parts felt short and,1
acting soundtrack characters look amazing nemesis carlos jill 5 difficulties assisted,1
with some neat fights against nemesis dodging with jill and punching,1
lighting and the ai for nemesis certainly a downgrade from the,1
beauty about the original re3 nemesis was that you could make,1
said amount of zombies the nemesis is really thrilling as he,1
time trying to run from nemesis is a complete joke alot,1
project n also know by nemesis to eliminate all s t,1
and smart dumbing down the nemesis i liked the first encounter,1
as frightening as in re1r nemesis is not scary at all,1
i also really liked that nemesis mostly appears in bossfights or,1
hunters hunter gammas look great nemesis also spot on great nemesis,1
use just like in re2r nemesis only chases you around for,1
broken the structure from re3 nemesis and it shows the whole,1
satisfiying jill is so badass nemesis is terrifying for me this,1
to two things 1 1 nemesis of course re3 is always,1
only appears in scripted sequences nemesis has a problem in this,1
and fighting the undead and nemesis avoid the multiplayer if no,1
you can find any stuff nemesis is just mr x with,1
as i d like to nemesis he felt more like tyrant,1
it s really quite enjoyable nemesis is also a far superior,1
at the soonest also the nemesis has lost the random factor,1
in nightmare and inferno mode nemesis played like mr x if,1
remake is an re2 rehash nemesis isn t really a big,1
enemies can be a pain nemesis is not a real threat,1
1999 classic resident evil 3 nemesis is a good game but,1
by i umbrella i the nemesis t type nemesis for short,1
because i forgot to mention nemesis is a joke in the,1
fanfare and the way the nemesis interacts with jill feels very,1
than barrels no burnt tentacled nemesis no police woman costume no,1
nemesis is gonna show you whos,1
in panic telling him that nemesis is alive just to change,1
changes and the fact the nemesis is not a beefed up,1
a lazy attempt at remake nemesis looks good but come on,1
was made into the remake nemesis is scripted af only 1,1
action packed anime style adventure nemesis is both funny and tough,1
and some tense moments also nemesis is terrifying his chases are,1
practice it without being decimated nemesis he s a big ape,1
two and finally jill makes nemesis her b tch goddayum this,1
this by initially making the nemesis appear intense but even this,1
original re3 are just gone nemesis barely shows up and there,1
hear his footsteps re3 ahhh nemesis stresses me out every time,1
gives you adrenaline rush the nemesis is relentless even if super,1
more uninteresting every encounter with nemesis is scripted removing a lot,1
fast you can beat it nemesis is a bit disappointing since,1
the game is too linear nemesis lol its a joke now,1
the original version also the nemesis battles are more scripted throughout,1
was removed from the game nemesis is more scripted with the,1
is introduced with a rocket nemesis is introduced with an exploding,1
this game feels really lackluster nemesis isn t a constant in,1
enviromental design some original scenes nemesis design the spoiler gun cons,1
gameplay of it and the nemesis chasing you which was pretty,1
wanting to see the iconic nemesis in upgraded glory over and,1
fight or run from the nemesis like the ones the old,1
able to mash it with nemesis but this one involves more,1
is a welcome addition the nemesis has seen a reduction in,1
moments whether its running from nemesis as you hear him stomping,1
enjoying the game up until nemesis started chasing me around town,1
to jump into a real nemesis remake,1
fu k u nemesis,1
a little short wanted more nemesis in the earlier parts and,1
w s in the series nemesis at the same time its,1
felt uplifted and refreshing fighting nemesis was truly an experience on,1
central antagonist the hulking beast nemesis much like the one from,1
1999 title resident evil 3 nemesis taking place a mere 24,1
for resident evil fans and nemesis fansshuld buy and enjoy this,1
but i feel re3 s nemesis fights are even more set,1
fleshed out and great character nemesis was more terrifying than ever,1
the environments are pretty unmemorable nemesis feels like much too small,1
and action oriented also disappointingly nemesis does not pose much of,1
too much first of all nemesis has so little actual screentime,1
fast from the introduction of nemesis to the issues with certain,1
surprised by a visit from nemesis when she breaks out of,1
was more fun than any nemesis encounter who sucked compared to,1
a price drop oh and nemesis is an absolute joke gets,1
telling when you looks at nemesis to put in perspective mr,1
part in the demo where nemesis stalked you like an incredibly,1
where they re less cool nemesis blowing up the rescue helicopter,1
game is 10 of res2 nemesis stopped chasing me after 30,1
is great controls are smooth nemesis is a threat and you,1
scary as the 2 remake nemesis is only in the game,1
highlights of the game were nemesis in the first half of,1
missing clock tower grave digger nemesis only chases you for a,1
always kill me nemesis,1
again and again i wish nemesis was actually like mr x,1
original title resident evil 3 nemesis this short amount of thoughts,1
the main parts of the nemesis that i grew up knowing,1
of a dead factory the nemesis does get drowned in acid,1
them feels more fleshed out nemesis looks great and i m,1
fun being chased down by nemesis,1
looks great whether it be nemesis s distorted facial features or,1
replayable element either most importantly nemesis only show up in some,1
solving naturally this also means nemesis cannot hunt for you in,1
as much as the second nemesis is terrifying in the beginning,1
when nemesis broke through the wall wearing,1
copy and paste from re2 nemesis was a bit of a,1
the remake cons i wish nemesis was on my ass a,1
which u got chased by nemesis into a shop and omitting,1
it feels amazing i think nemesis is the highlight of the,1
can be crucial fighting the nemesis in the original the dodge,1
but is vey fast paced nemesis the weapon wielding mr x,1
the game has been gutted nemesis feel insanely nerfed instead of,1
because it wasn t even nemesis was not implemented well except,1
somehow arbitrary bullet sponges the nemesis encounters are scripted and yes,1
player base 2 days in nemesis is alright but fighting him,1
and – most distressingly – nemesis having the double downgrade of,1
story focused which i enjoyed nemesis is dumbed down a bit,1
good great atmosphere and the nemesis feels relentless at times level,1
alert so big issue is nemesis the big man that follows,1
a corridor no exploration allowed nemesis is now a pushover he,1
an upgrade from the original nemesis parts are amazing replayability is,1
deadlier threat than zombies enter nemesis a hulking behemoth of a,1
also they kind of ruined nemesis he isn t as unpredictable,1
than addition to the story nemesis while scary at times doesn,1
they just went straight into nemesis is beyond me no ramp,1
the remake of re 4 nemesis in nightmare and inferno mode,1
dare to even say that nemesis is a copy paste from,1
the story is still great nemesis is worse than mr x,1
5 minutes a spoiler the nemesis is the first monster you,1
so far really intense and nemesis hits really hard you will,1
t get to deal with nemesis in his initial form quite,1
wow lara croft nemesis really is a great game,1
and secrets the encounters with nemesis feel scripted and on normal,1
re3 a great experience the nemesis became a major letdown most,1
can make some encounters trivial nemesis looks great and continues to,1
enough for me personally 2 nemesis aint no mr x dont,1
content from the original and nemesis himself doesn t live up,1
shorts instead of the skirt nemesis is meh i liked the,1
cornered and stun locked by nemesis who you can t outrun,1
sin of re3r is that nemesis is just a joke somehow,1
i m a blind idiot nemesis as we know him in,1
a rushing feeling as the nemesis chases you the only way,1
i loved the into sequence nemesis being introduced as this insanely,1
as chilling as mr x nemesis seems to be a set,1
how it should be done nemesis is still a force to,1
opting to change the way nemesis looks towards the second half,1
too linear i also wanted nemesis to pop up in more,1
utilizing its most important feature nemesis because there is no back,1
course of a few runs nemesis was really well done but,1
i m overjoyed with how nemesis is handled to echo every,1
lot of good things but nemesis was negligible showed up way,1
now not so good things nemesis i m not talking about,1
run and dodge properly if nemesis was chasing me down id,1
time finish it within 5hrs nemesis was supposed to be a,1
the legendary and classic re3 nemesis highly recommended,1
very short for old re nemesis players it really bad for,1
honestly the gameplay was enjoyable nemesis was scary in nightmare and,1
guy inside container mikhail vs nemesis scene looked weird and short,1
both were ridiculously easy even nemesis is different this time in,1
visitable locations no mercenary mode nemesis is just show up like,1
is your game side note nemesis interactions are really not that,1
foi removido pra evitar spoiler nemesis do remake nem chega perto,1
it s unfinished the titular nemesis just doesn t function well,1
missing locations the fights with nemesis are few and they turned,1
one gameplay path encounters with nemesis are highly linear about the,1
will get intense and yes nemesis will get into some save,1
action elements of the series nemesis is more of a series,1
a much needed make over nemesis s new models look rad,1
new found courage and fortitude nemesis made sure i d run,1
the game and love how nemesis change and evolve the story,1
alert things i like b nemesis b every boss encounter with,1
remake of resident evil 3 nemesis the game is gorgeous to,1
present in the original re3 nemesis yes it s more action,1
handle all of that battling nemesis is honestly a bit meh,1
a nice and subtle touch nemesis design i was look warm,1
prior games she was in nemesis one of the most iconic,1
skill and practice to master nemesis is good he is terrifying,1
the next scripted encounter with nemesis which leads to 3 3,1
it seems never does change nemesis was a mixed bag when,1
its content cut out and nemesis is a joke dont pay,1
you re constantly running from nemesis i have no problem with,1
back tracking and more linear nemesis is no longer a stalking,1
stomach the poorly written ending nemesis and certain other enemies are,1
game that was fairly quiet nemesis is fast and powerful and,1
was also rumors that the nemesis would be faster and deadlier,1
re imagining of the story nemesis is great and it makes,1
and new story angles the nemesis is terrifying the story is,1
of quiet and uncertainty when nemesis was going to come out,1
in the game the new nemesis boss fights are great nemesis,1
of zombies and console limitations nemesis is not as good as,1
i recommend purchasing this as nemesis is absolutely terrifying to battle,1
locations and stuff also poor nemesis c he needs a bit,1
the rest of the experience nemesis is great some people were,1
dodging through the hordes and nemesis jill is still the asskicker,1
a ps4 then there is nemesis ok he s pretty neat,1
it s played because throughout nemesis is there or his not,1
dogger b sound design b nemesis footsteps creature audio gunfire and,1
lots of missed potential for nemesis re2 is way better than,1
t even have to fight nemesis once the park as well,1
remake of all time period nemesis is so pathetic and he,1
hoards of zombies and the nemesis unrelenting pursuit everything that was,1
the creatures are delightful and nemesis is the stuff nightmares are,1
re3 nemesis is my favourite re game,1
the original ps1 version pros nemesis x10 faster than mr x,1
who played the previous game nemesis poses little to no threat,1
would change your encounter with nemesis yeah that delightful complexity is,1
5 6 monster types including nemesis and there s no game,1
is especially handled really well nemesis when he s being handled,1
carlos an interrupting should bash nemesis the big bad of the,1
jill s apartment and with nemesis chasing you but it is,1
very long boss fight with nemesis it takes advantage of its,1
got the game for the nemesis nude mod,1
multiple endings i really love nemesis design all of his forms,1
will never be i thought nemesis was threatening and loved his,1
died 5 times twice to nemesis once to a particular zombie,1
to the boss mechanics where nemesis would stun lock you toward,1
scares along with a terrifying nemesis makeover i loved every second,1
wasn t too impressed with nemesis himself didn t care for,1
some of the decisions with nemesis were interesting great game but,1
my only real grief being nemesis s look and then once,1
the most interesting part of nemesis is incredibly limited too being,1
tower part is gone and nemesis is not really as full,1
read that right two poor nemesis despite being on the cover,1
cut features from re2 remake nemesis is a push over overall,1
in a few hours time nemesis is great but compared to,1
no puzzles really interactions with nemesis are just running away scenes,1
i vaguely remember playing re3 nemesis on the ps1 and i,1
it is so fun and nemesis makes it so difficult,1
just like the original game nemesis is back and even tougher,1
mr x felt scarier than nemesis to me it might be,1
short and frustrating nemesis at one point in time,1
nemesis edit cash grab,1
and worst of the game nemesis i dont know if i,1
the controls are tight and nemesis looks phenomenal happy to see,1
the biggest disappointment is the nemesis himself the trailers and interviews,1
x is scary nah meet nemesis b pros b world feels,1
game was very very good nemesis was ♥♥♥♥♥♥♥ awesome scared me,1
needed more bosses than just nemesis over and over some parts,1
but wtf is up with nemesis he can kill you with,1
from the original re3 and nemesis feels like more action enemy,1
short and the fight with nemesis are just boring nemsis should,1
fans of the original re3 nemesis i do not know whether,1
i remember re3 classic is nemesis chasing jill through the corridors,1
reviews cut content butchering jill nemesis shoter length insanely stupid extra,1
you have this crazy beast nemesis on your ass the whole,1
the original were cut completely nemesis is just a disappointment remember,1
no newgame nothing new fighting nemesis even got kinda dumb and,1
made re2 remake so great nemesis is pretty wasted as other,1
different it was overall awesome nemesis was a lot worse than,1
an extended chase sequence with nemesis chasing you from one scene,1
it s a resident evil nemesis remake some of the sounds,1
added to re2r as dlc nemesis was certainly suspenseful for his,1
about this being not re3 nemesis remake have validity but i,1
off the parts where the nemesis chased me through the streets,1
they focused to much on nemesis with so much original content,1
fan of the original re3 nemesis in 1999 and did see,1
nemesis run,1
felt rushed into the game nemesis is not that provoking since,1
negative backlash to project resistance nemesis is barely in it and,1
live selection choices removal 2 nemesis doesn t kill brad 3,1
goku i have to say nemesis is a huge improvement to,1
see one sorta of deal nemesis is a joke things i,1
ambitious with the use of nemesis it didn t feel as,1
but it just falls short nemesis doesn t chase you around,1
the scenes are intense and nemesis can go himself now just,1
the resident evil 2 remake nemesis feels woefully underused and all,1
unlockables nice visuals good pacing nemesis is great mr x on,1
nemesis is everything i wanted it,1
really short and feels rushed nemesis was neutered and doesn t,1
can even be considered puzzles nemesis phase 1 was very underutilized,1
it s so shocking when nemesis suddenly jumps in front of,1
and make their come back nemesis is badass and drops nice,1
and carlos have more emotion nemesis with weapons graphics are amazing,1
5 minutes of the game nemesis crashes through several walls everything,1
sound effects are very good nemesis looks perfect and very scary,1
resident evil 2 remake nemesis dlc,1
pretty linear compared to re3 nemesis it s pretty much nothing,1
taking away game from me nemesis is super fun in the,1
games tend to implement however nemesis appeared much more as an,1
t as important to re3r nemesis can t do that in,1
content is gone i anticipated nemesis to be like mr x,1
make this possible 10 10 nemesis is a bad ass,1
my 50 hours of playing nemesis i would ve preferred not,1
sometimes decent and usually horrible nemesis is 3 times as fast,1
here at the same time nemesis is more blood thirsty than,1
great game nemesis is a beaut,1
gergin bir atmosfer yok çünkü nemesis mr x gibi ortalıkta dolaşmıyor,1
been awesome like a mall nemesis gets relegated to scripted scenes,1
game s story was great nemesis was great they did remove,1
in its changes in others nemesis looks and performs spectacularly as,1
my own passing two times nemesis is a joke i remember,1
and dont try to fight nemesis it because it would be,1
fixed also after stage 2 nemesis he is limited to boss,1
re2r very well optimized new nemesis looks better than the old,1
a work especially with the nemesis fights i enjoyed every minute,1
t any and the final nemesis fight which was kind of,1
negative would be that the nemesis himself doesn t feel as,1
from original resident evil 3 nemesis edit typo,1
from start to finish and nemesis still as scary and keeps,1
uncharted they also toned down nemesis unfortunately and his role in,1
or create new areas were nemesis could roam because them felt,1
will say that the penultimate nemesis fight is likely one of,1
between the jump scares and nemesis crazyness this game is alot,1
1 3 of the length nemesis is a severe downgrade from,1
had past the first area nemesis is used effectively but only,1
just exploring etc completely removed nemesis is scripted and shows up,1
original 1999 release spoiler spoiler nemesis feels underutilised since he only,1
how to stay alive from nemesis i helped out my friend,1
a complete watering down of nemesis and a campaign that will,1
and the under utilization of nemesis makes me recommend it if,1
it was too short and nemesis to easy and his mutation,1
game till the end the nemesis encounters were greatly designed and,1
nemesis still scares the ♥♥♥♥ out,1
resident evil 3 nemesis was the first re title,1
when you realize all the nemesis takes is a single grenade,1
is a million must have nemesis is ♥♥♥♥♥♥♥ unbelievable they really,1
account the ressistance multiplayer and nemesis feels more scripted and less,1
things they got right remake nemesis is cool as hell terrifying,1
alone the combat is stiff nemesis pales in comparison to mr,1
a load of jump scares nemesis is just scripted except for,1
still evil 8 10 would nemesis again,1
way to make a remake nemesis was the protagonist of the,1
with this game is that nemesis sadly isn t as memorable,1
all jill is back with nemesis,1
game but as re 3 nemesis remake is a joke its,1
a welcome addition and the nemesis himself always knows how to,1
giant worm some version of nemesis and some mobs you will,1
the final boss fight against nemesis was pure beauty now give,1
their tension in resi 2 nemesis is a huge downgrade from,1
original as well as the nemesis remaster before this one while,1
told cons very short story nemesis feels like a threat but,1
get to visit the place nemesis is very underused and also,1
flaws with the non scripted nemesis battles,1
is kinda the point but nemesis is just so annoying with,1
like what they did to nemesis himself in this version,1
not polished bugs specially when nemesis and zombies fight you together,1
require an explanation tier moment nemesis shooting down the escape chopper,1
nemesis makes tyrant look like a,1
the entire map was interconnected nemesis is a joke mr x,1
the original game had whenever nemesis was around i thoroughly enjoyed,1
deal with carlos s hair nemesis encounters all of them dodging,1
leave while getting chased by nemesis with a few minor changes,1
because how often it happened nemesis is great but also a,1
to my childhood thinking about nemesis and the horrific nature of,1
loved about this game is nemesis yes he can make you,1
really presented all that well nemesis itself is also more disappointing,1
areas like the police station nemesis is not a threatening enemy,1
instead only having a scripted nemesis whose every attack can be,1
is a bit too short nemesis doesn t give you enough,1
and most importantly they made nemesis into a fudging cutscene monster,1
more hostile than re2 also nemesis isn t just some mr,1
i didn t like 1 nemesis is scripted to the story,1
more action focused appearance of nemesis is scripted my first standard,1
brad does not die to nemesis no clock tower level no,1
a lot of fear and nemesis seemed a lot less terrifying,1
1 remake of the og nemesis title or better than the,1
to begin with is inexcusable nemesis was great up until the,1
into an even more intimidating nemesis instead what we re left,1
why they aren t included nemesis feels so cut down he,1
2 tbh resident evil 3 nemesis was one of the weakest,1
about it is coming from nemesis puritans the game is way,1
original was looming threat of nemesis coming at your buttocks any,1
good game and worth getting nemesis don t beat mr fedora,1
glitches or bugs from them nemesis isn t like mr x,1
no puzzle no multiple option nemesis ruined in my opinion this,1
original resident evil 3 but nemesis in this game at least,1
brad didn t die to nemesis s tentacle it was so,1
opinion and that s that nemesis works more or less similar,1
once you figure them out nemesis never comes off as a,1
from gator and sherry part nemesis is just annoying than scary,1
old game is included only nemesis and that guy hiding in,1
of all things resident evil nemesis didn t feel as much,1
of the clock tower several nemesis appearances and cutting of live,1
hope like re2 remake 5 nemesis is pretty cool here despite,1
of him in the game nemesis is savage and fighting him,1
is the only part where nemesis chase you down afterward it,1
i was never afraid of nemesis while mr x has me,1
thriller where the mad arss nemesis has a crush on you,1
of bgm and even the nemesis and hey they told us,1
most of the levels from nemesis however some are cut some,1
short i feel that the nemesis due to the short play,1
nemesis ♥♥♥♥♥,1
too quiet outside oh hi nemesis d this game is the,1
that it s almost unrecognizable nemesis has been butchered and for,1
the clocktower by just having nemesis show up like he does,1
awesome all the way thru nemesis is ♥♥♥♥♥♥♥ awesome and has,1
puzzles in the entire game nemesis the focal point of the,1
in the few sections where nemesis is following you and you,1
i would say that yes nemesis is under used would have,1
flat which is disappointing fortunately nemesis is worth it the fighting,1
totally a fan of doggo nemesis i like his original 2nd,1
better especially in regards to nemesis also they removed changed a,1
hard to work out and nemesis is underwhelming if you however,1
guys puzzles are gone and nemesis is a joke you can,1
much of puzzles at all nemesis is mostly a cutscene boss,1
be with the massive hulking nemesis hunting you the entire story,1
they did justice for the nemesis its shorter then re 2,1
cut locations wrong story order nemesis the ♥♥♥♥♥♥♥ face of the,1
6 10 p s re3 nemesis was my first re game,1
are a bigger threat than nemesis nemesis hates grenades,1
is to come and then nemesis busts into jill s flat,1
and the later appearance of nemesis being turn into a chase,1
a great job putting the nemesis front and center as a,1
marcantes do jogo nem o nemesis pulando da janela na delegacia,1
of re6 than anything else nemesis design is not scary not,1
decision on top of that nemesis the major draw of the,1
tried nightmare and inferno though nemesis sucks didn t even compare,1
pros the last fight with nemesis the hospital section that was,1
good game and immortal nemesis,1
with the dodge system and nemesis breathing down your neck you,1
still good resident evil 3 nemesis was one of my favorite,1
then a micheal bay movie nemesis can be scary and thrilling,1
zombies another thing is that nemesis both as pursuer in levels,1
time limited choice when encouter nemesis etc overall it s kinda,1
misleading you would think that nemesis does a lot of ambient,1
i guess or and coronavirus nemesis is nothing to compare to,1
is decent you might consider nemesis to be less trilling than,1
and not worth retail price nemesis is fun when he shows,1
how boring the encounters with nemesis are you ve seen this,1
to play running away from nemesis is crazy if you enjoyed,1
of the monsters and new nemesis behavior the hospital is now,1
i think b cons b nemesis short chases tho actually great,1
stunning same mechanics as re2r nemesis is even more scary and,1
tighter and faster than re2r nemesis is a great antagonist throughout,1
to the original you encounter nemesis earlier than expected one important,1
replaced by a beef ugly nemesis but he doesn t seem,1
short but sweet wish that nemesis was stalking you like how,1
completely gone in re3 4 nemesis is terrifying but scripted yes,1
not a big fan of nemesis design in this version,1
re2 remake but oh boi nemesis o,1
game is littered with them nemesis is not mr x on,1
all push forward to escape nemesis that s it safehouses are,1
made him terrifying in remake2 nemesis was terrifying in re3 they,1
original and changed the way nemesis behave and transforms this 2,1
him a bit more 4 nemesis is much more dangerous than,1
and cons b intense gameplay nemesis is scary more diversity in,1
fun 4 hours of campaign nemesis is holy sh characters are,1
none existent not even with nemesis as many expected which is,1
controller the shooting feels great nemesis is threatening and scary this,1
thrill i had was when nemesis appeared and started hunting you,1
not dissapointed by the new nemesis he was still annoying as,1
nothing like the original re3 nemesis its no puzzles at all,1
nemesis steps on you alot would,1
hasn t played re3 before nemesis is not like mr x,1
what they did with re2 nemesis is very well done in,1
the original resident evil 3 nemesis was a short game though,1
for shot remake of re nemesis you re going to be,1
action the intense escaping from nemesis the gunfight it was all,1
point why there s no nemesis in remake title like resident,1
the constant battles with the nemesis i wouldnt consider this a,1
like a good movie the nemesis was truly unkillable all the,1
on the original resident evil nemesis game i dont even recognize,1
confrontations a little too easy nemesis while not being as obnoxious,1
a couple fights where the nemesis will hit you once and,1
idk about that one also nemesis is boring as ♥♥♥♥,1
mr x is more scarier nemesis is annoying at best good,1
a lot of running from nemesis and shooting and back and,1
difficulty toned down puzzles lesser nemesis encounters and some minor glitches,1
in almost immediately showing the nemesis at first jump in the,1
insert giant laser cannon here nemesis feels like a big downer,1
her same as carlos and nemesis changing everything about the 3,1
how after you finish the nemesis fight by the clock tower,1
comprehension of what made the nemesis such an intimidating setpiece by,1
2020 but then i met nemesis,1
if i get zombie grabbed nemesis punched combo one more time,1
felt stripped and nearly nonexistent nemesis is so overused that he,1
story doesn t help that nemesis is 100 scripted unlike the,1
it s 2020 i expected nemesis to be a little more,1
face and her amazing tenacity nemesis seems to be a suitor,1
but so short game ♥♥♥♥♥♥ nemesis ♥♥♥♥♥♥♥♥♥♥♥♥♥ xd,1
from the original completely redesigned nemesis in particular is nothing but,1
and then nightmare lets talk nemesis his design isnt terrible in,1
or 4th survivor from r2make nemesis doesn t go to the,1
hard mode since the beginning nemesis is weak and not dangerous,1
play through the events of nemesis all over with refined graphics,1
the game is awesome nemesis don t come to me,1
code veronica the original and nemesis is the source of many,1
the gameplay was good the nemesis was a beast to deal,1
game by completing challenges yawn nemesis is not like mr x,1
locations and the frequency of nemesis appearance were somehow removed in,1
resident evil i played was nemesis back in the day they,1
and limited interaction with the nemesis unless you take your time,1
nemesis teaches you the importance of,1
very well in this game nemesis is much more active in,1
sections that are genuinely scary nemesis isn t a constant stalking,1
disappointment if compare to re3 nemesis the story line too short,1
areas guns and ammo types nemesis is barely in this game,1
scream through your screen at nemesis to come and kill you,1
the b only b time nemesis is hounding you without the,1
s very intense especially when nemesis chasing you look fun and,1
easy action more than horror nemesis is nothing but a nuisance,1
from a resident evil game nemesis wasn t quite as terrifying,1
good also you get to nemesis again again and again again,1
nemesis comes out as furry and,1
the following choices when confronting nemesis actually include the clock tower,1
the enemy types are trash nemesis is trash the story is,1
nemesis does not like s t,1
as the original you get nemesis chasing you everywhere so it,1
you re forced into it nemesis itself was fun having him,1
first area of the game nemesis is so damn annoying he,1
hours my favorite re is nemesis but the classic one i,1
didn t meet that goal nemesis was pretty underwhelming too especially,1
feature a lot of the nemesis encounters are in cut scenes,1
me trying to collect everything nemesis while good in my opinion,1
10 seriously missing major locations nemesis is reduced to playing even,1
and fun new challenges everywhere nemesis is as advertised being relentless,1
we never got further than nemesis killing the guy outside of,1
full price campaign is short nemesis was horribly handled and the,1
i m really enjoying it nemesis is probably the most terrifying,1
i like how they handled nemesis he is much more linear,1
re2 remake the introduction to nemesis in this version make you,1
less than re 2 the nemesis is badass he is more,1
its still a enjoyable game nemesis and the environment look amazing,1
concerns before playing this was nemesis was going to be around,1
it combat is enjoyable every nemesis fight is always epic and,1
even though i should since nemesis is indeed stronger than mr,1
but around the time the nemesis appears with the flamethrower the,1
to run through them while nemesis is chasing you the game,1
the fun re3 experience with nemesis on crack,1
the titular character itself himself nemesis what others have said also,1
is not based on re3 nemesis ps1 instead this is a,1
solid visuals voice acting and nemesis is still quite a threat,1
very few moments that involve nemesis stalking you feel more like,1
with the game is spoiler nemesis isn t the badass terminator,1
aint want to stay with nemesis any longer than what i,1
smack either to carlos or nemesis it doesn t fit her,1
interesting as the re2 remake nemesis only stalks you in one,1
is really only one thing nemesis is not as intimidating this,1
enjoyed my first run through nemesis makes for some really cool,1
not really any puzzles and nemesis just sort of turns up,1
and monsters look horribly amazing nemesis feels like a unstoppable force,1
action and cut scenes 2 nemesis in re3r was a minor,1
a silly choice as pushing nemesis off a bridge resulted in,1
of the park and clocktower nemesis also isn t as imposing,1
and shooting it with ease nemesis is meh as well i,1
battle with grave digger also nemesis doesn t chase you around,1
action game than the second nemesis fights are pretty good,1
nemesis is like mr x but,1
for in the original with nemesis always pursuing the player here,1
value sure but not much nemesis encounters are less compared to,1
game they killed my beloved nemesis in it thank you capcom,1
so i beat nemesis at a point when you,1
compared to resident evil 3 nemesis and the biggest disappointment of,1
they did them pretty well nemesis was removed from the remake,1
the character design changes to nemesis i wasnt a fan but,1
immersed with the game while nemesis didn t play as big,1
all the bad stuff the nemesis enemy is totally and 100,1
re2 remake had a good nemesis but not horrible for me,1
and we enjoyed the modified nemesis fight,1
was hoping as capcom said nemesis would be mr x on,1
city zero puzzles no backtracking nemesis stalks you for 5 minutes,1
the content is seriously lacking nemesis really isn t threatening unless,1
stupid qte segments and makes nemesis a total joke worth getting,1
big mean corporate infiltrator the nemesis is by far the most,1
however a new tyrant named nemesis is hunting after the remaining,1
don t prepare yourself properly nemesis the music oh my god,1
fast paced so far also nemesis hentai,1
great game nemesis poorly done though,1
gameplay are impressive and the nemesis is deadly,1
i feel about the new nemesis design either but it wasn,1
just glorified lazy re2 dlc nemesis isn t nearly as scary,1
all the mobs cept for nemesis and go about my way,1
next part i guess spoiler nemesis was really ♥♥♥♥♥♥♥ scary like,1
into a boss fight against nemesis which pretty much made me,1
compared to the previous remake nemesis overrated imo expected more and,1
tons of cut content the nemesis doesn t really hunt you,1
s much harder than re2 nemesis is awesome,1
so thats to be expected nemesis is much more scary than,1
p d hospital and final nemesis fight a lot of parts,1
doesn t got anything on nemesis it is a little on,1
evil 3 last escape or nemesis fan dont play this game,1
the showrunner of the game nemesis nemesis is ♥♥♥♥♥♥♥ insane faster,1
mixed review nemesis is a ♥♥♥♥ the game,1
the game is so short nemesis is pretty badass but rarely,1
focusing on more complex puzzles nemesis encounters etc this game has,1
it would be incredibly fun nemesis however has been butchered encounters,1
the beginning of the game nemesis is a huge let down,1
s life such wasted potential nemesis action and quicktime events well,1
them i follow the latter nemesis this game has nemesis and,1
game still fun and good nemesis is harder to fight than,1
combat quite a lot however nemesis doesn t pursue you a,1
and already i m past nemesis s iconic first look it,1
the mediocre finale and poor nemesis he got talked up as,1
campaign boss lineup consisting of nemesis and more nemesis etc then,1
older fans 7 10 pros nemesis gameplay re2 similarity speedrun dodge,1
away now as far as nemesis goes he feels scarier than,1
i still had some fun nemesis is a lot of fun,1
game was how they reduced nemesis to mainly boss fights and,1
up every item because once nemesis locks on to you it,1
at rpd cut gravedigger cut nemesis is scripted mostly online is,1
with the hunters and the nemesis and how many they throw,1
so smooth with high quality nemesis is freaking awesome and badass,1
and the bodies become inactive nemesis is only dynamic for some,1
for the final showdown with nemesis on inferno because he s,1
put it where it goes nemesis is a huge bummer as,1
to zombie detail and the nemesis less puzzles but so much,1
and no choices to fight nemesis like in the original,1
more mini bosses and keeping nemesis well himself longer i would,1
girl boss they have ruined nemesis right from the start to,1
and re3make resident evil 3 nemesis most definitely not my favorite,1
up against the big bad nemesis also great for people who,1
good game nemesis is well done jill is,1
city bigger make us encounter nemesis more give us a extra,1
dont let nemesis scare you unlike mr x,1
of re4 just as re3 nemesis did back in 1999 unfortunately,1
sign of so many special nemesis moments that are just not,1
carlos esacaping raccoon city and nemesis really well the game has,1
content from the original re3 nemesis and the play through time,1
reused like in the original nemesis there is a lot of,1
a somewhat more action focus nemesis is not a pushover in,1
feel exciting rather than forced nemesis has a new tactic weapon,1
how you handle encounters with nemesis ranging from flight to fight,1
and running around but evading nemesis isn t even as interesting,1
ve done with my boy nemesis here nemesis has a huge,1
jill is a great protagonist nemesis is great although he could,1
action than horror and a nemesis that s not scary just,1
from some characters and the nemesis it wasn t really a,1
making you wonder whether the nemesis will be around the next,1
there too easy to solve nemesis isn t scary at all,1
b h1 cons h1 b nemesis chases b b lack of,1
had started to sum up nemesis the originals titular stalker he,1
love as the original re nemesis pls fix that crap with,1
nemesis spoopy,1
and places from game and nemesis is portrayed so bad in,1
ammo the most disappointing is nemesis there s no fear factor,1
i almost whizzed every time nemesis came hurdling onto my screen,1
pros updated characters and nemesis first form are fantastic new,1
back and better than ever nemesis is truly terrifying his chase,1
better main complaint is that nemesis should have had more opportunities,1
moments left out they advertised nemesis as a beefed up mr,1
on an rtx 2080 cons nemesis isn t nearly as present,1
of choices the garbage ai nemesis being reduced to a prop,1
this entire game is about nemesis going after you he doesn,1
a different person to me nemesis should be more like mr,1
mr x and in re3 nemesis himself was a incredible pain,1
that re2 had set up nemesis while a fearsome monster winds,1
you compare mr x with nemesis in this game i would,1
addition of the captivating villain nemesis when it comes to nemesis,1
did last 2 fights with nemesis were disappointing overall id still,1
that i enjoyed it especially nemesis s new look and the,1
are different like why can nemesis make zombies into something resembling,1
and fun boss to fight nemesis but personally i think the,1
be finished in 5 hours nemesis needed to be more unpredictable,1
but still a rush whenever nemesis is hunting you down i,1
about the item briefcase the nemesis drop after jill defeat him,1
check your blood pressure whenever nemesis spots you,1
you fight nemesis dressed in black trash bags,1
is cool jill is whatever nemesis is whatever majority of the,1
linear when it comes to nemesis there s a reason they,1
of old re references throughout nemesis does not stalk you thru,1
only goes downhill from there nemesis encounters get lame areas weren,1
the reputation of the series nemesis is wasted he is far,1
ehhh its an okay remake nemesis is way too weak and,1
spiders from clock tower crows nemesis is less threat now he,1
rpd or the clock tower nemesis isn t terrifying you don,1
the tyrant mr x the nemesis is incredibly boring and not,1
mr x passed off as nemesis 3 4 of the game,1
story was a bit lackluster nemesis when he shows up is,1
where you run away from nemesis you get to the demo,1
hunt for all the challenges nemesis when present is awesome on,1
satisfying as re2 remakes cons nemesis is to scripted and after,1
silent you cannot hear it nemesis in my opinion looks so,1
toes while while dealing with nemesis its truly nostalgia if you,1
human and thus more relatible nemesis is used just enough as,1
makes the game more speedy nemesis is menacing but fair visuals,1
to the game with classic nemesis chasing you that would have,1
used to influence on where nemesis appears the character you ll,1
the zombie shooter type games nemesis is also pretty fun to,1
play as jill she fights nemesis in a certain area that,1
second run which is cool nemesis was pretty over hyped scary,1
doubly so in boss fights nemesis encounters in the early game,1
everybody gangsta until nemesis starts running,1
no cemetery no constant stalking nemesis no fight in the train,1
the original when coming across nemesis sometimes that affected the game,1
is great jill is perfect nemesis is almost perfect if you,1
at all so far the nemesis is a daunting bad guy,1
since i start the game nemesis is a little bit a,1
resident evil 2 dlc re3 nemesis ragdoll is dead,1
to escape without biting you nemesis spawns out of nowhere and,1
tons no real threat from nemesis via windows,1
wtf fear and interest from nemesis are negligible compared to the,1
exploring with no prior spoilers nemesis has been completely gimped and,1
was far from the re3 nemesis original and unacceptable from the,1
small arena s you fight nemesis in the story feels a,1
voice acting great models except nemesis didn t really enjoy skipping,1
re2 but has issues with nemesis when he s after you,1
in 4 hours 25 minutes nemesis is more a minor annoyance,1
is nowhere near as prominent nemesis is not as frightening as,1
an experience unto its own nemesis was a random encounter but,1
in higher difficulties now about nemesis he s a major disappointment,1
remake 2 they kinda ♥♥♥♥♥♥ nemesis up which is a shame,1
absent locations from the original nemesis encounters are underwhelming overall rating,1
to get into this story nemesis is also a disappointment for,1
the outbreak is back and nemesis will kick your ass,1
combat is also atrocious the nemesis has a few attacks that,1
the original resident evil 3 nemesis this might finally do the,1
original re3 only once because nemesis scared the ♥♥♥♥ outta me,1
suckers i forgot the name nemesis doesnt kill brad marvin vanishes,1
only wish there was more nemesis tho he chasing me is,1
generic sewer section instead and nemesis is way to scripted to,1
choice for a voice actor nemesis looks horrid voice is disappointingly,1
or wanting more from them nemesis many people had complained that,1
as opposed to re2 also nemesis is actually f king insane,1
it so far whoever thinks nemesis isn t constant in following,1
how long the game is nemesis is a cunning adversary and,1
failed miserably at building up nemesis it s like the game,1
course it made sense however nemesis wasn t nearly as bad,1
dan done to the game nemesis is a crazy bad ass,1
it was more fleshed out nemesis was a let down especially,1
this game is short or nemesis battles are scripted give game,1
design graphics and of course nemesis i enjoyed it all immensely,1
nemesis looking at the night sky,1
she knows the deal even nemesis isn t completely new she,1
as original resident evil 3 nemesis but i still think they,1
i felt was the best nemesis felt like a threat and,1
puzzle and then fight of nemesis they clearly focused more on,1
only lasts for six hours nemesis is a pushover the entire,1
seat for the entire run nemesis is mr x on steroids,1
you can do to stop nemesis you can down the bugger,1
it in that big ♥♥♥♥♥ nemesis,1
remake of resident evil 3 nemesis released many years ago do,1
i absolutely love the new nemesis,1
the gut wrenching encounters with nemesis down to the fine details,1
art and attention to detail nemesis is a terrifying giant to,1
explore very linear segments where nemesis chases you doesn t feel,1
not the biggest fan of nemesis s redesign also some parts,1
problems without any spoilers are nemesis is less of a menace,1
with jill s nightmares and nemesis chasing you down but it,1
construction rubble while remaking re3 nemesis if you want a more,1
the classic resident evil 3 nemesis i had high hopes however,1
somewhere else and fight with nemesis then with carlos back to,1
puzzles zombies monsters and spoiler nemesis spoiler the componets for a,1
they didn t even give nemesis a machine gun like in,1
was amazing to fight the nemesis again after all these years,1
is amazing as a character nemesis is intense the rest is,1
decided whether to fight the nemesis or not but i didn,1
iconic scenarios or enemies or nemesis mutations pros 1 the re,1
waters the whole experience down nemesis is frightening but he is,1
coming up with something original nemesis chases you once in the,1
race it s a marathon nemesis will have you ♥♥♥♥ your,1
way let s talk about nemesis they tried to create something,1
of this version of re3 nemesis this has great atmosphere feel,1
game also i felt that nemesis didn t really live up,1
the tough boss fights ahead nemesis proves to be lethal as,1
it like at one point nemesis chases you through an ally,1
but it feels rushed and nemesis was a let down if,1
my first attempt enjoyable experience nemesis is a ♥♥♥♥♥♥♥ ♥♥♥♥,1
on rails and limited did nemesis have to be such a,1
nemesis isn t as impressive as,1
the game looks great and nemesis is truly terrifying my only,1
t stop thinking about it nemesis really had me on edge,1
the advancements in video games nemesis is just as terrifying as,1
nemesis is kinda cute,1
from the original locations enemies nemesis in not even remotely a,1
and polish in later areas nemesis is more of pest than,1
is being one shot by nemesis from full health or being,1
less puzzles so faster paced nemesis could ve been more prominent,1
great game and the nemesis is fearsome the remake offers,1
standard mode feels fairly easy nemesis isn t as present as,1
push forward to escape the nemesis the fact that nemesis spent,1
nemesis is my new daddy 3,1
the part where jill and nemesis fought on the rooftop building,1
too much scripted sequences dynamic nemesis is only at the beginning,1
followed by an acrobat called nemesis while having to dodge his,1
many steps back especially with nemesis i would rather just watch,1
rushed into one every single nemesis appearance is scripted which is,1
behind jill only to see nemesis running full speed to take,1
in this game along with nemesis dropping loot for taking him,1
feel the threat of the nemesis as he chases you but,1
smooth on many pcs cons nemesis is not really that much,1
short 2 quite easy though nemesis was hard sometimes if not,1
me the entire game the nemesis ha ha starsssssss,1
a more interesting situation with nemesis or choices for players to,1
again the dread when if nemesis shows up is incredible capcom,1
consumers also if players say nemesis appears very little it is,1
it s not particularly polished nemesis feels really uninspired and the,1
mechanics is a bit strict nemesis and some zombies were so,1
left out from the original nemesis spawns are set pieces and,1
past the first interaction with nemesis i think it has something,1
what situation you re in nemesis also feels like the biggest,1
nemesis may haunt my sleep,1
shooting the infected is satisfying nemesis isn t a copy paste,1
was more than epic with nemesis and all but after that,1
happened the boss fights with nemesis were kinda fun to be,1
in the series was re3 nemesis on the ps1 so i,1
it in 4 hour and nemesis is a joke they didn,1
i get to kill nemesis with what gun now,1
are nice like the dodge nemesis feels like a sidegrade the,1
remake even though it was nemesis weakness fov may look claustrophobic,1
a situation i also find nemesis to look a little goofy,1
was very easy to avoid nemesis was really hoping there would,1
have to return from anyway nemesis was disappointing he appeared a,1
were at the beginning when nemesis is going after you i,1
when every engage with the nemesis started with a cut scene,1
runs like a dream but nemesis is not what i expected,1
great the soundtrack is good nemesis is nothing more than a,1
nemesis hunting you from the start,1
and it is really good nemesis is very scary i really,1
a lot of fun dodging nemesis navigating raccoon city and using,1
like in the original spoiler nemesis feels a bit more scripted,1
jill nemesis its all good,1
is a solid game and nemesis is like mr x on,1
was fantastic running away from nemesis as he destroys jills apartment,1
ohko enemies dodgy dodging and nemesis itself an option to turn,1
less recycled from 2 and nemesis second and third boss fights,1
who gets faced rape by nemesis in the original re3 and,1
timing make it too easy nemesis encounters are piece of cake,1
hospital section is pretty good nemesis first form is much scarier,1
imagining of the original re3 nemesis,1
the original the design of nemesis is very odd and he,1
fix this on 2nd playthrough nemesis doesn t stalk you as,1
game how can you do nemesis like this don t buy,1
and the perfect amount of nemesis,1
and have crazy dodge mechanics nemesis is weak and easy to,1
the original game was cut nemesis stage 2 fights are the,1
last year the redesign of nemesis is modernized and can really,1
the clock tower are gone nemesis eventually turns into a william,1
a lot the better games nemesis is still terrifying regardless of,1
were taken out as well nemesis barely has a presence at,1
resident evil 3 nemesis was one of my favourite,1
1 4 of the original nemesis chases u around 2 times,1
stage 1 nemesis best nemesis 9 10 would,1
nemesis cant swim nice trigger jill,1
bandled with resident evil resistance nemesis really suck here resident evil,1
sweet ish but hard hitting nemesis is as intrusive to jill,1
tight jeans blouse so beautiful nemesis is annoying make me take,1
that nobody asked for and nemesis was a b l a,1
this game should have been nemesis and i would excuse some,1
perfect example can be the nemesis i bet most of players,1
t mention to avoid spoilers nemesis is still as much of,1
to the original game and nemesis is really boring dodging system,1
actual exploring problem solving etc nemesis is part of almost 50,1
are as characters not enough nemesis encounters he doesn t feel,1
jill survives being chased by nemesis through crazy action movie feats,1
game isn t how re3 nemesis did it 2 brad dies,1
not a scary game and nemesis does not feel threatening at,1
impossible difficulty that comes with nemesis existing you shouldn t you,1
casual gamers and speedrunners alike nemesis is also a core part,1
the gameplay really good the nemesis really make u shock when,1
be satisfied with this game nemesis isn t as stalkerish as,1
nemesis is on steroids 10 10,1
ve never played the original nemesis a lot of the hype,1
city feels too small the nemesis is kinda lame you have,1
and worst of all the nemesis encounters are even more scripted,1
nemesis oh you 8,1
the original resident evil 3 nemesis the more you re going,1
as the original 1999 re3 nemesis unfortunately but it makes sense,1
s finally i kill the nemesis after 5 times,1
this long awaited remake and nemesis could have been utilized better,1
mother of tits nemesis is scary,1
are almost non existent • nemesis is a pushover even on,1
limb dismemberment bodies just disappear nemesis isn t scary and only,1
haha nemesis goes woosh,1
have mixed opinions on how nemesis was treated throughout the game,1
that just from me though nemesis shows up at scripted events,1
real you wanna play actual nemesis go dl off a damn,1
rpd and clock tower cut nemesis cut the main menu that,1
remember that time where nemesis was chasing jill through the,1
carlos s badass punch mechanic nemesis is superior to mr x,1
like flame round impacts on nemesis its lit,1
useful this time around when nemesis is chasing you he is,1
great cutscenes and set pieces nemesis is so well done every,1
and i was greeted with nemesis clicked on new game and,1
a few hours the new nemesis design is monsterous and down,1
buy that one hahah 4 nemesis why won t u just,1
melted off all encounters with nemesis are good but he s,1
stays there an annoying echo nemesis is a ♥♥♥♥♥ plus with,1
element not worth like re2r nemesis is good but mr x,1
system from re2 is gone nemesis is a joke in comparison,1
price for some weird reason nemesis doesn t even chase you,1
jill is immediately pursued by nemesis in a tense if not,1
some cheap deaths in the nemesis fights and if you dont,1
metacritic no tension at all nemesis was way scarier in the,1
3 people and we have nemesis back what else do we,1
version of the game and nemesis doesn t feel that menacing,1
path selections alternate endings even nemesis is scripted and feels no,1
the constant fearful presence of nemesis was intense and exciting within,1
nemesis is a mad lad,1
what i m getting at nemesis is what he supposed to,1
the original re3 nemesis is my favorite game i,1
isn t nearby and when nemesis shows up it can be,1
satisfied with what i got nemesis was terrific carlos was amazing,1
nemesis is absolutely oppressive i understand,1
re the way that the nemesis harassed you during the early,1
jill gets infected by the nemesis and just lays bleeding and,1
the ever looming presence of nemesis hunting you with unrelenting zeal,1
for the singel player mostly nemesis is amazing as expected but,1
linear after the first area nemesis boss fights are too easy,1
and of course encounters with nemesis outside of the pure boss,1
times anyway the big bad nemesis was fun you dont see,1
horror raccoon city looks amazing nemesis is harder nostalgia is on,1
it s cool to see nemesis again,1
too short 3 5 hour nemesis is boring as hell when,1
but was made into re3 nemesis sadly they didn t really,1
nemesis aint no joke,1
main selling point of re3 nemesis is neutered he doesn t,1
i m so geared up nemesis is boring really boring partially,1
excited to face off against nemesis don t get me wrong,1
find the same enjoyment here nemesis is back baby,1
left in original re3 5 nemesis is just birkin on drugs,1
i love re3 nemesis it s my favorite resident,1
all feared back in 1999 nemesis provides a far more brooding,1
nemesis does enter your safehouse nowhere,1
theres no nemesis in my nemesis game,1
jill got into sandwich with nemesis,1
of large set pieces and nemesis battles to the earlier parts,1
them perfect dodges feels amazing nemesis has a few new moves,1
the game closes automatically b nemesis is clearly just the mr,1
i hold resident evil 3 nemesis very dearly and it s,1
jill valentines final escape from nemesis and the destruction of raccoon,1
nemesis scares me,1
you have to fight with nemesis it s a bug or,1
like a battle royale shoot nemesis to get loot,1
nemesis is the only dude that,1
get more out of the nemesis about re resistance feels more,1
game was cut and finally nemesis was a bit easy to,1
leon as she should and nemesis is far more menacing than,1
preferred that still on gameplay nemesis is trash he is bad,1
wasn t any and for nemesis the first boss fight is,1
re2 but its not there nemesis the main monster of the,1
the original just gone and nemesis just mostly exists now to,1
dlc or xtra something the nemesis drop was still here on,1
wanted to see more of nemesis in this remake it also,1
you constantly dodge barely works nemesis can hit you 90 of,1
flee or fight when encountering nemesis making players what to do,1
up the gameplay running from nemesis is scary as hell i,1
if you avoided mr x nemesis is a different story i,1
between leon and claire also nemesis is one annoying sob playing,1
although i would like if nemesis dropped the weapon parts for,1
needed immersion especially when facing nemesis an other thing i don,1
very fun game especially nemesis chasing you definitely must get,1
for pro and cons pro nemesis is a bad boy thanks,1
game is such an abomination nemesis is fully scripted and hardly,1
being a completely different thing nemesis was terrifying and was also,1
60 fps to like 10 nemesis seemingly teleports around not really,1
potential of the game and nemesis the games world feels very,1
is generally cringe worthy and nemesis itself is only there for,1
2 alone took 10 hours nemesis as well has been downgraded,1
it over and over yes nemesis hardly feels like a threat,1
the core mechanic of re3 nemesis the actual nemesis encounters there,1
doesn t expand on the nemesis actually in comparison to the,1
dodge the new big boss nemesis and i hate how they,1
raccoon city disaster hence the nemesis gave me a hard time,1
polished feel compared to re2 nemesis was great but apart from,1
run past everything even the nemesis more than a few times,1
based and in all honesty nemesis stops feeling at all frightening,1
like feel game with corridors nemesis is a joke there is,1
t with the formerly titular nemesis posing a more involved threat,1
forget to shoot down of nemesis head to get some random,1
the umbrella man made monstrosity nemesis all the while escaping raccoon,1
play around with the new nemesis this is your stop if,1
easier to compensate for this nemesis is a lot more challenging,1
nemesis with its tentacles and non,1
while reaching the first stage nemesis bossfight can t wait to,1
comes out also pretty upset nemesis doesn t say stars as,1
plays like a linear shooter nemesis doesn t stand out nearly,1
short but sweet and nemesis is as awesome and intense,1
but sweet very suspenseful campaign nemesis makes you on edge the,1
in this game especially when nemesis and you have to press,1
game the roof fight whit nemesis 4 10,1
panic is beyond horror perfection nemesis is the terminator from the,1
is to it and considering nemesis is the subtitle of the,1
of games i knew since nemesis hadn t appeared in awhile,1
a proper resident evil 3 nemesis,1
backtracking ammo everywhere health everywhere nemesis fights very easy,1
get to explore raccoon city nemesis is so incompetent that its,1
alert and ready for action nemesis is a f beast game,1
it so far and wow nemesis so much more intense and,1
harsh also at this point nemesis is no longer in the,1
great cutscene cool boss fights nemesis is a beach xd scripted,1
the main star is still nemesis after these few minutes i,1
nemesis already cause one change of,1
starting the game and the nemesis i honestly liked the new,1
head shot is so satisfying nemesis is not scary as mr,1
seen people complaining about how nemesis was way too annoying but,1
is a very good game nemesis shows up a lot within,1
gameplay some unfair combat with nemesis charging you in tight spots,1
100 but this that thing nemesis damn 11 10,1
it s damn close also nemesis is very scripted the game,1
like a copy paste spoiler nemesis doesn t hunt you down,1
as compared to re2 remake nemesis is more terrifying than ever,1
s t a r s nemesis is back and he is,1
to get jump scared by nemesis and have him use his,1
worth getting pros jill carlos nemesis dodge button knife is an,1
enjoying the thrills and chills nemesis provides along with blasting zombies,1
video game until i meet nemesis other monsters are terrifying as,1
game good jill looks great nemesis made me poop my pants,1
is too short and the nemesis is too weak in standard,1
wasn t great nemesis looked terrible should of kept,1
literally nobody can dodgeable that nemesis jill valentine i can,1
valentine trying to speedrun a nemesis nope,1
announced a resident evil 3 nemesis remake and than they said,1
terrible remake if the original nemesis was like the terminator aka,1
in 6 words oh ♥♥♥♥ nemesis oh ♥♥♥♥♥♥♥ ruuuuuun,1
too short with a scripted nemesis i hardly want to play,1
finally my boy nemesis is back,1
much like re7 and re2 nemesis should said stars more nemesis,1
not forget to criticize the nemesis too saying that there is,1
lot more scenarios 3 somehow nemesis doesn t scare me as,1
when you see nemesis press f for lift coffin,1
for those that could down nemesis providing you with unique gear,1
